{"type": "FeatureCollection", "fuente": "https://srvags.sgc.gov.co/arcgis/rest/services/SIMMA/CapasTematicasXEscalas/MapServer/15", "consultado": "2026-09-26T00:16:10", "ventana_grados": [-75.228, 4.332, -75.164, 4.396], "features": [{"type": "Feature", "properties": {"CATAME": "Alta", "PLANCHA": "244"}, "geometry": {"type": "MultiPolygon", "coordinates": [[[[-75.166397, 4.349214], [-75.166396, 4.348935], [-75.166118, 4.348936], [-75.166118, 4.348657], [-75.16584, 4.348657], [-75.165839, 4.34782], [-75.165561, 4.34782], [-75.16556, 4.347541], [-75.165838, 4.347541], [-75.165838, 4.347262], [-75.165282, 4.347263], [-75.165282, 4.346983], [-75.16417, 4.346985], [-75.164169, 4.346706], [-75.164, 4.34670620263789], [-75.164, 4.346148], [-75.164168, 4.346148], [-75.164169, 4.346427], [-75.165281, 4.346425], [-75.16528, 4.346146], [-75.165836, 4.346145], [-75.165837, 4.346425], [-75.166115, 4.346424], [-75.166115, 4.346703], [-75.166671, 4.346702], [-75.166672, 4.346981], [-75.16695, 4.346981], [-75.16695, 4.347539], [-75.166394, 4.34754], [-75.166395, 4.347819], [-75.166117, 4.347819], [-75.166117, 4.348099], [-75.166395, 4.348098], [-75.166396, 4.348377], [-75.166952, 4.348376], [-75.166951, 4.348097], [-75.167229, 4.348097], [-75.167231, 4.349213], [-75.166397, 4.349214]], [[-75.166394, 4.346982], [-75.166116, 4.346982], [-75.166116, 4.347261], [-75.166394, 4.347261], [-75.166394, 4.346982]]], [[[-75.165568, 4.353122], [-75.16529, 4.353123], [-75.16529, 4.352844], [-75.165568, 4.352843], [-75.165568, 4.353122]]], [[[-75.165568, 4.352564], [-75.16529, 4.352565], [-75.165289, 4.352286], [-75.164733, 4.352286], [-75.164733, 4.352007], [-75.164455, 4.352008], [-75.164454, 4.351729], [-75.16501, 4.351728], [-75.165011, 4.352007], [-75.165567, 4.352006], [-75.165567, 4.352285], [-75.166123, 4.352284], [-75.166124, 4.352564], [-75.166402, 4.352563], [-75.166402, 4.352842], [-75.166958, 4.352841], [-75.166958, 4.35312], [-75.167236, 4.35312], [-75.167237, 4.353678], [-75.167515, 4.353678], [-75.167515, 4.353399], [-75.167793, 4.353398], [-75.167793, 4.353677], [-75.168071, 4.353677], [-75.168072, 4.353956], [-75.167794, 4.353956], [-75.167794, 4.354235], [-75.16696, 4.354237], [-75.16696, 4.353958], [-75.166682, 4.353958], [-75.166681, 4.353679], [-75.166125, 4.35368], [-75.166125, 4.353401], [-75.165569, 4.353402], [-75.165568, 4.353122], [-75.165846, 4.353122], [-75.165846, 4.352843], [-75.165568, 4.352843], [-75.165568, 4.352564]]], [[[-75.166953, 4.349493], [-75.167231, 4.349492], [-75.167232, 4.349771], [-75.166954, 4.349772], [-75.166953, 4.349493]]], [[[-75.167512, 4.351166], [-75.16779, 4.351166], [-75.16779, 4.351445], [-75.167512, 4.351445], [-75.167512, 4.351166]]], [[[-75.169187, 4.356187], [-75.169465, 4.356187], [-75.169465, 4.356466], [-75.169187, 4.356466], [-75.169187, 4.356187]]], [[[-75.169738, 4.352558], [-75.170016, 4.352558], [-75.170017, 4.353395], [-75.169739, 4.353395], [-75.169738, 4.352558]]], [[[-75.16946, 4.352559], [-75.169459, 4.351722], [-75.169737, 4.351721], [-75.169737, 4.352], [-75.170015, 4.352], [-75.170015, 4.352279], [-75.169737, 4.352279], [-75.169738, 4.352558], [-75.16946, 4.352559]]], [[[-75.169466, 4.356745], [-75.169744, 4.356744], [-75.169744, 4.357023], [-75.169466, 4.357024], [-75.169466, 4.356745]]], [[[-75.169745, 4.357302], [-75.170023, 4.357302], [-75.170023, 4.357581], [-75.169745, 4.357581], [-75.169745, 4.357302]]], [[[-75.171139, 4.360649], [-75.17114, 4.360928], [-75.170862, 4.360929], [-75.170861, 4.360649], [-75.170583, 4.36065], [-75.170582, 4.359813], [-75.170304, 4.359813], [-75.170303, 4.358697], [-75.170581, 4.358696], [-75.170582, 4.359534], [-75.17086, 4.359533], [-75.170859, 4.359254], [-75.171137, 4.359254], [-75.171139, 4.360091], [-75.171417, 4.360091], [-75.171417, 4.360649], [-75.171139, 4.360649]], [[-75.170861, 4.360091], [-75.170861, 4.36037], [-75.171139, 4.36037], [-75.171139, 4.360091], [-75.170861, 4.360091]]], [[[-75.171696, 4.361206], [-75.171974, 4.361206], [-75.171975, 4.361485], [-75.171697, 4.361485], [-75.171696, 4.361206]]], [[[-75.171418, 4.361207], [-75.171419, 4.361486], [-75.171141, 4.361486], [-75.17114, 4.360928], [-75.171418, 4.360928], [-75.171417, 4.360649], [-75.171695, 4.360648], [-75.171696, 4.361206], [-75.171418, 4.361207]]], [[[-75.170025, 4.358697], [-75.170024, 4.358418], [-75.170302, 4.358418], [-75.170303, 4.358697], [-75.170025, 4.358697]]], [[[-75.170851, 4.353673], [-75.170849, 4.352278], [-75.171127, 4.352277], [-75.171128, 4.352556], [-75.171406, 4.352556], [-75.171407, 4.353114], [-75.171129, 4.353114], [-75.171129, 4.353673], [-75.170851, 4.353673]]], [[[-75.170855, 4.355905], [-75.171133, 4.355905], [-75.171133, 4.356184], [-75.170855, 4.356184], [-75.170855, 4.355905]]], [[[-75.17169, 4.356741], [-75.171689, 4.356462], [-75.171411, 4.356463], [-75.171411, 4.356184], [-75.172245, 4.356182], [-75.172246, 4.356741], [-75.17169, 4.356741]]], [[[-75.171419, 4.361765], [-75.171697, 4.361765], [-75.171698, 4.362044], [-75.17142, 4.362044], [-75.171419, 4.361765]]], [[[-75.171969, 4.357857], [-75.171969, 4.357578], [-75.171691, 4.357579], [-75.17169, 4.35702], [-75.172524, 4.357019], [-75.172525, 4.357577], [-75.172247, 4.357578], [-75.172247, 4.357857], [-75.171969, 4.357857]]], [[[-75.17197, 4.358415], [-75.172248, 4.358415], [-75.172249, 4.358694], [-75.171971, 4.358694], [-75.17197, 4.358415]]], [[[-75.172536, 4.365391], [-75.172814, 4.365391], [-75.172817, 4.367344], [-75.172261, 4.367345], [-75.172259, 4.365671], [-75.172537, 4.36567], [-75.172536, 4.365391]]], [[[-75.17477, 4.371806], [-75.175048, 4.371806], [-75.175049, 4.372364], [-75.174771, 4.372364], [-75.17477, 4.371806]]], [[[-75.174492, 4.371807], [-75.174492, 4.372086], [-75.174214, 4.372086], [-75.174214, 4.371807], [-75.173936, 4.371808], [-75.173935, 4.371528], [-75.173657, 4.371529], [-75.173657, 4.370971], [-75.173379, 4.370971], [-75.173378, 4.370692], [-75.173934, 4.370691], [-75.173935, 4.37097], [-75.174213, 4.37097], [-75.174213, 4.371249], [-75.174491, 4.371249], [-75.174491, 4.371528], [-75.174769, 4.371527], [-75.17477, 4.371806], [-75.174492, 4.371807]]], [[[-75.1731, 4.370692], [-75.1731, 4.370413], [-75.173378, 4.370413], [-75.173378, 4.370692], [-75.1731, 4.370692]]], [[[-75.173377, 4.370134], [-75.173655, 4.370134], [-75.173656, 4.370413], [-75.173378, 4.370413], [-75.173377, 4.370134]]], [[[-75.172822, 4.370414], [-75.172821, 4.370135], [-75.173099, 4.370134], [-75.1731, 4.370413], [-75.172822, 4.370414]]], [[[-75.17336, 4.358134], [-75.173638, 4.358134], [-75.173639, 4.358971], [-75.173361, 4.358971], [-75.17336, 4.358134]]], [[[-75.173082, 4.358135], [-75.173082, 4.357856], [-75.17336, 4.357855], [-75.17336, 4.358134], [-75.173082, 4.358135]]], [[[-75.174198, 4.360924], [-75.174198, 4.360645], [-75.173642, 4.360645], [-75.173641, 4.360366], [-75.173363, 4.360367], [-75.173363, 4.360088], [-75.174197, 4.360086], [-75.174197, 4.360366], [-75.174753, 4.360365], [-75.174754, 4.360923], [-75.174198, 4.360924]]], [[[-75.175032, 4.360922], [-75.175032, 4.361202], [-75.174754, 4.361202], [-75.174754, 4.360923], [-75.175032, 4.360922]]], [[[-75.173368, 4.363716], [-75.173924, 4.363715], [-75.173924, 4.363994], [-75.173368, 4.363995], [-75.173368, 4.363716]]], [[[-75.173933, 4.370133], [-75.174211, 4.370133], [-75.174212, 4.370412], [-75.173934, 4.370412], [-75.173933, 4.370133]]], [[[-75.17449, 4.370411], [-75.174768, 4.370411], [-75.174768, 4.37069], [-75.17449, 4.37069], [-75.17449, 4.370411]]], [[[-75.175598, 4.367619], [-75.175876, 4.367619], [-75.175875, 4.36734], [-75.176153, 4.367339], [-75.176153, 4.366781], [-75.176431, 4.366781], [-75.176432, 4.367897], [-75.176154, 4.367897], [-75.176155, 4.368176], [-75.176433, 4.368176], [-75.176433, 4.368455], [-75.176155, 4.368456], [-75.176155, 4.368735], [-75.175321, 4.368736], [-75.175321, 4.368178], [-75.175599, 4.368177], [-75.175598, 4.367619]]], [[[-75.175335, 4.377945], [-75.175613, 4.377944], [-75.175614, 4.378503], [-75.175336, 4.378503], [-75.175335, 4.377945]]], [[[-75.175614, 4.378782], [-75.175892, 4.378781], [-75.175893, 4.379339], [-75.175337, 4.37934], [-75.175336, 4.379061], [-75.175614, 4.379061], [-75.175614, 4.378782]]], [[[-75.175616, 4.380456], [-75.175894, 4.380456], [-75.175895, 4.380735], [-75.176173, 4.380734], [-75.176175, 4.38185], [-75.17534, 4.381852], [-75.17534, 4.381573], [-75.175618, 4.381572], [-75.175616, 4.380456]]], [[[-75.175589, 4.361759], [-75.175867, 4.361758], [-75.175868, 4.362037], [-75.17559, 4.362038], [-75.175589, 4.361759]]], [[[-75.176458, 4.385757], [-75.176736, 4.385757], [-75.176737, 4.386315], [-75.177015, 4.386314], [-75.177016, 4.387151], [-75.176738, 4.387152], [-75.176738, 4.386873], [-75.17646, 4.386873], [-75.176458, 4.385757]]], [[[-75.17618, 4.385757], [-75.17618, 4.385478], [-75.175902, 4.385479], [-75.175901, 4.3852], [-75.175623, 4.3852], [-75.175623, 4.384642], [-75.175901, 4.384642], [-75.1759, 4.384083], [-75.175622, 4.384084], [-75.175619, 4.382409], [-75.175897, 4.382409], [-75.175898, 4.382967], [-75.176176, 4.382967], [-75.176178, 4.384083], [-75.176456, 4.384083], [-75.176457, 4.384641], [-75.176735, 4.38464], [-75.176735, 4.385198], [-75.176457, 4.385199], [-75.176458, 4.385757], [-75.17618, 4.385757]]], [[[-75.176164, 4.374874], [-75.176442, 4.374874], [-75.176443, 4.375432], [-75.175887, 4.375432], [-75.175887, 4.375153], [-75.176165, 4.375153], [-75.176164, 4.374874]]], [[[-75.176167, 4.376548], [-75.176166, 4.376269], [-75.175888, 4.37627], [-75.175888, 4.375991], [-75.176444, 4.37599], [-75.176445, 4.376548], [-75.176167, 4.376548]]], [[[-75.176713, 4.36985], [-75.176713, 4.369571], [-75.177269, 4.36957], [-75.177269, 4.369849], [-75.177825, 4.369848], [-75.177826, 4.370127], [-75.178104, 4.370127], [-75.178104, 4.370685], [-75.178382, 4.370685], [-75.178383, 4.370964], [-75.178661, 4.370963], [-75.178662, 4.371522], [-75.178384, 4.371522], [-75.178383, 4.371243], [-75.178105, 4.371243], [-75.178105, 4.370964], [-75.177549, 4.370965], [-75.177548, 4.370686], [-75.17727, 4.370686], [-75.17727, 4.370407], [-75.176992, 4.370408], [-75.176991, 4.36985], [-75.176713, 4.36985]]], [[[-75.176713, 4.370129], [-75.176435, 4.370129], [-75.176435, 4.36985], [-75.176713, 4.36985], [-75.176713, 4.370129]]], [[[-75.177578, 4.390778], [-75.177856, 4.390778], [-75.177856, 4.391057], [-75.177578, 4.391057], [-75.177578, 4.390778]]], [[[-75.178331, 4.335244], [-75.178609, 4.335243], [-75.17861, 4.335802], [-75.178332, 4.335802], [-75.178331, 4.335244]]], [[[-75.178053, 4.335244], [-75.178052, 4.334407], [-75.177774, 4.334408], [-75.177772, 4.33357], [-75.17805, 4.33357], [-75.17805, 4.333012], [-75.178328, 4.333011], [-75.178328, 4.33329], [-75.178606, 4.33329], [-75.178607, 4.333848], [-75.178329, 4.333849], [-75.178331, 4.335244], [-75.178053, 4.335244]]], [[[-75.177857, 4.391336], [-75.178135, 4.391336], [-75.178135, 4.391615], [-75.177857, 4.391615], [-75.177857, 4.391336]]], [[[-75.178691, 4.391893], [-75.178691, 4.391614], [-75.178413, 4.391614], [-75.178413, 4.391335], [-75.179803, 4.391333], [-75.179803, 4.391612], [-75.179525, 4.391613], [-75.179525, 4.391892], [-75.178691, 4.391893]]], [[[-75.178611, 4.336918], [-75.178889, 4.336917], [-75.17889, 4.337476], [-75.178612, 4.337476], [-75.178611, 4.336918]]], [[[-75.178941, 4.372358], [-75.179219, 4.372358], [-75.17922, 4.372916], [-75.178942, 4.372916], [-75.178941, 4.372358]]], [[[-75.178944, 4.374312], [-75.179222, 4.374311], [-75.179222, 4.37459], [-75.178944, 4.374591], [-75.178944, 4.374312]]], [[[-75.178947, 4.376544], [-75.179225, 4.376544], [-75.179225, 4.376823], [-75.178947, 4.376823], [-75.178947, 4.376544]]], [[[-75.17922, 4.373195], [-75.179498, 4.373195], [-75.179498, 4.373474], [-75.17922, 4.373474], [-75.17922, 4.373195]]], [[[-75.179447, 4.338033], [-75.179725, 4.338032], [-75.179725, 4.338312], [-75.179447, 4.338312], [-75.179447, 4.338033]]], [[[-75.179727, 4.339149], [-75.179726, 4.33887], [-75.179448, 4.33887], [-75.179448, 4.338591], [-75.180004, 4.33859], [-75.180005, 4.339148], [-75.179727, 4.339149]]], [[[-75.180283, 4.339148], [-75.180283, 4.339427], [-75.180005, 4.339427], [-75.180005, 4.339148], [-75.180283, 4.339148]]], [[[-75.179523, 4.390496], [-75.179801, 4.390496], [-75.179802, 4.391054], [-75.179524, 4.391055], [-75.179523, 4.390496]]], [[[-75.18175, 4.392168], [-75.182028, 4.392167], [-75.182028, 4.392446], [-75.182306, 4.392446], [-75.182307, 4.392725], [-75.182585, 4.392724], [-75.182585, 4.393004], [-75.183141, 4.393003], [-75.183142, 4.393282], [-75.18342, 4.393281], [-75.183421, 4.393839], [-75.182309, 4.393841], [-75.182308, 4.393562], [-75.18203, 4.393562], [-75.182029, 4.393004], [-75.181473, 4.393005], [-75.181473, 4.392726], [-75.181751, 4.392726], [-75.18175, 4.392168]]], [[[-75.180916, 4.392169], [-75.180916, 4.39189], [-75.180638, 4.39189], [-75.180637, 4.391611], [-75.181193, 4.39161], [-75.181194, 4.391889], [-75.18175, 4.391888], [-75.18175, 4.392168], [-75.180916, 4.392169]]], [[[-75.180081, 4.391612], [-75.180081, 4.391333], [-75.180637, 4.391332], [-75.180637, 4.391611], [-75.180081, 4.391612]]], [[[-75.180284, 4.340264], [-75.180562, 4.340264], [-75.180563, 4.340543], [-75.180285, 4.340543], [-75.180284, 4.340264]]], [[[-75.181468, 4.389098], [-75.181467, 4.388819], [-75.181745, 4.388819], [-75.181746, 4.389098], [-75.181468, 4.389098]]], [[[-75.182024, 4.389097], [-75.182024, 4.389377], [-75.181746, 4.389377], [-75.181746, 4.389098], [-75.182024, 4.389097]]], [[[-75.181189, 4.38882], [-75.181189, 4.388541], [-75.181467, 4.38854], [-75.181467, 4.388819], [-75.181189, 4.38882]]], [[[-75.181667, 4.335239], [-75.182223, 4.335238], [-75.182223, 4.335517], [-75.181945, 4.335518], [-75.181946, 4.335797], [-75.181668, 4.335797], [-75.181668, 4.336355], [-75.18139, 4.336356], [-75.181389, 4.335518], [-75.181667, 4.335518], [-75.181667, 4.335239]]], [[[-75.18168, 4.344448], [-75.181958, 4.344448], [-75.181959, 4.344727], [-75.181681, 4.344727], [-75.18168, 4.344448]]], [[[-75.181951, 4.339145], [-75.182229, 4.339145], [-75.182229, 4.339424], [-75.181951, 4.339425], [-75.181951, 4.339145]]], [[[-75.181951, 4.339704], [-75.182229, 4.339703], [-75.18223, 4.340261], [-75.181952, 4.340262], [-75.181951, 4.339704]]], [[[-75.183334, 4.334399], [-75.183612, 4.334399], [-75.183612, 4.334678], [-75.183334, 4.334678], [-75.183334, 4.334399]]], [[[-75.184448, 4.335793], [-75.184447, 4.335235], [-75.184725, 4.335235], [-75.184726, 4.335793], [-75.184448, 4.335793]]], [[[-75.185004, 4.335792], [-75.185004, 4.336071], [-75.184726, 4.336072], [-75.184726, 4.335793], [-75.185004, 4.335792]]], [[[-75.183891, 4.335236], [-75.18389, 4.334678], [-75.184168, 4.334677], [-75.184168, 4.334956], [-75.184446, 4.334956], [-75.184447, 4.335235], [-75.183891, 4.335236]]], [[[-75.186202, 4.394952], [-75.186481, 4.394951], [-75.18648, 4.394672], [-75.186758, 4.394672], [-75.186759, 4.394951], [-75.187037, 4.39495], [-75.187037, 4.395229], [-75.186759, 4.39523], [-75.18676037992832, 4.396], [-75.18620425376344, 4.396], [-75.186202, 4.394952]]], [[[-75.185308, 4.353652], [-75.185586, 4.353651], [-75.185586, 4.35393], [-75.185308, 4.353931], [-75.185308, 4.353652]]], [[[-75.186479, 4.393835], [-75.186757, 4.393834], [-75.186758, 4.394393], [-75.18648, 4.394393], [-75.186479, 4.393835]]], [[[-75.187789, 4.339695], [-75.188067, 4.339695], [-75.188068, 4.340253], [-75.18779, 4.340253], [-75.187789, 4.339695]]], [[[-75.187233, 4.339696], [-75.187233, 4.339417], [-75.186955, 4.339417], [-75.186955, 4.339138], [-75.186677, 4.339139], [-75.186676, 4.33858], [-75.186954, 4.33858], [-75.186954, 4.338859], [-75.187232, 4.338859], [-75.187233, 4.339138], [-75.187789, 4.339137], [-75.187789, 4.339695], [-75.187233, 4.339696]]], [[[-75.187788, 4.338858], [-75.188066, 4.338857], [-75.188067, 4.339136], [-75.187789, 4.339137], [-75.187788, 4.338858]]], [[[-75.18751, 4.338858], [-75.18751, 4.338579], [-75.187788, 4.338579], [-75.187788, 4.338858], [-75.18751, 4.338858]]], [[[-75.188897, 4.336624], [-75.188896, 4.336066], [-75.189174, 4.336065], [-75.189175, 4.336623], [-75.188897, 4.336624]]], [[[-75.189731, 4.336622], [-75.189731, 4.336902], [-75.190009, 4.336901], [-75.19001, 4.33718], [-75.189454, 4.337181], [-75.189453, 4.336902], [-75.189175, 4.336902], [-75.189175, 4.336623], [-75.189731, 4.336622]]], [[[-75.188618, 4.336066], [-75.188618, 4.335787], [-75.18834, 4.335787], [-75.188339, 4.335508], [-75.188895, 4.335507], [-75.188896, 4.336066], [-75.188618, 4.336066]]], [[[-75.188907, 4.3436], [-75.189185, 4.3436], [-75.189185, 4.343879], [-75.188907, 4.343879], [-75.188907, 4.3436]]], [[[-75.189462, 4.343041], [-75.18974, 4.343041], [-75.189741, 4.343599], [-75.189463, 4.343599], [-75.189462, 4.343041]]], [[[-75.190022, 4.345273], [-75.189744, 4.345273], [-75.189743, 4.344715], [-75.190021, 4.344715], [-75.190022, 4.345273]]], [[[-75.19002, 4.344436], [-75.189742, 4.344436], [-75.189742, 4.343878], [-75.19002, 4.343878], [-75.19002, 4.344157], [-75.190576, 4.344156], [-75.190577, 4.344714], [-75.190021, 4.344715], [-75.19002, 4.344436]]], [[[-75.189743, 4.344715], [-75.189465, 4.344716], [-75.189464, 4.344437], [-75.189742, 4.344436], [-75.189743, 4.344715]]], [[[-75.189751, 4.350576], [-75.190029, 4.350575], [-75.19003, 4.350854], [-75.189752, 4.350855], [-75.189751, 4.350576]]], [[[-75.190017, 4.342203], [-75.190295, 4.342203], [-75.190295, 4.342482], [-75.190017, 4.342482], [-75.190017, 4.342203]]], [[[-75.190289, 4.338017], [-75.190567, 4.338017], [-75.190567, 4.338296], [-75.190289, 4.338296], [-75.190289, 4.338017]]], [[[-75.190561, 4.33411], [-75.191117, 4.334109], [-75.191118, 4.334388], [-75.19084, 4.334388], [-75.19084, 4.334667], [-75.190562, 4.334668], [-75.190561, 4.33411]]], [[[-75.190579, 4.346109], [-75.190857, 4.346109], [-75.190858, 4.346946], [-75.19058, 4.346947], [-75.190579, 4.346109]]], [[[-75.191188, 4.382386], [-75.191466, 4.382386], [-75.191467, 4.382665], [-75.191189, 4.382665], [-75.191188, 4.382386]]], [[[-75.1912, 4.3902], [-75.191478, 4.3902], [-75.191478, 4.390479], [-75.1912, 4.390479], [-75.1912, 4.3902]]], [[[-75.191476, 4.389083], [-75.191754, 4.389083], [-75.191755, 4.389362], [-75.191477, 4.389362], [-75.191476, 4.389083]]], [[[-75.191755, 4.38992], [-75.192033, 4.38992], [-75.192034, 4.390199], [-75.191756, 4.390199], [-75.191755, 4.38992]]], [[[-75.191477, 4.389921], [-75.191477, 4.389642], [-75.191755, 4.389641], [-75.191755, 4.38992], [-75.191477, 4.389921]]], [[[-75.192515, 4.33913], [-75.192514, 4.338851], [-75.192792, 4.33885], [-75.192793, 4.33913], [-75.192515, 4.33913]]], [[[-75.192515, 4.339409], [-75.192237, 4.339409], [-75.192237, 4.33913], [-75.192515, 4.33913], [-75.192515, 4.339409]]], [[[-75.192304, 4.384896], [-75.192582, 4.384896], [-75.192582, 4.385175], [-75.192304, 4.385175], [-75.192304, 4.384896]]], [[[-75.19231, 4.388803], [-75.192588, 4.388803], [-75.192588, 4.389082], [-75.19231, 4.389082], [-75.19231, 4.388803]]], [[[-75.193421, 4.388522], [-75.193421, 4.388243], [-75.193977, 4.388242], [-75.193978, 4.388522], [-75.193421, 4.388522]]], [[[-75.193422, 4.388801], [-75.193144, 4.388802], [-75.193143, 4.388523], [-75.193421, 4.388522], [-75.193422, 4.388801]]], [[[-75.192865, 4.388523], [-75.192865, 4.388244], [-75.193143, 4.388244], [-75.193143, 4.388523], [-75.192865, 4.388523]]], [[[-75.193134, 4.381825], [-75.193412, 4.381825], [-75.193412, 4.382104], [-75.193134, 4.382104], [-75.193134, 4.381825]]], [[[-75.1939, 4.336337], [-75.1939, 4.336058], [-75.193622, 4.336059], [-75.193621, 4.3355], [-75.193343, 4.335501], [-75.193343, 4.335222], [-75.194177, 4.335221], [-75.194177, 4.3355], [-75.194455, 4.335499], [-75.194456, 4.336057], [-75.194178, 4.336058], [-75.194178, 4.336337], [-75.1939, 4.336337]]], [[[-75.193697, 4.387127], [-75.193975, 4.387126], [-75.193976, 4.387405], [-75.193698, 4.387406], [-75.193697, 4.387127]]], [[[-75.193974, 4.38601], [-75.194252, 4.38601], [-75.194252, 4.386289], [-75.193974, 4.386289], [-75.193974, 4.38601]]], [[[-75.194254, 4.387684], [-75.194253, 4.386568], [-75.194531, 4.386567], [-75.194531, 4.386846], [-75.194809, 4.386846], [-75.19481, 4.387125], [-75.195922, 4.387123], [-75.195922, 4.387402], [-75.195644, 4.387403], [-75.195644, 4.387682], [-75.194254, 4.387684]]], [[[-75.195622, 4.372613], [-75.195622, 4.372334], [-75.196456, 4.372332], [-75.196456, 4.37289], [-75.196178, 4.372891], [-75.196178, 4.372612], [-75.195622, 4.372613]]], [[[-75.195622, 4.372892], [-75.195344, 4.372892], [-75.195344, 4.372613], [-75.195622, 4.372613], [-75.195622, 4.372892]]], [[[-75.1959, 4.372891], [-75.195901, 4.37317], [-75.195623, 4.373171], [-75.195622, 4.372892], [-75.1959, 4.372891]]], [[[-75.196179, 4.37317], [-75.196179, 4.373449], [-75.195901, 4.373449], [-75.195901, 4.37317], [-75.196179, 4.37317]]], [[[-75.195376, 4.39438], [-75.195375, 4.393543], [-75.195653, 4.393542], [-75.195654, 4.393821], [-75.195932, 4.393821], [-75.195932, 4.3941], [-75.195654, 4.3941], [-75.195654, 4.394379], [-75.195376, 4.39438]]], [[[-75.195627, 4.37624], [-75.195905, 4.37624], [-75.195906, 4.376519], [-75.195628, 4.376519], [-75.195627, 4.37624]]], [[[-75.196171, 4.367589], [-75.19617, 4.36731], [-75.196448, 4.367309], [-75.196449, 4.367588], [-75.196171, 4.367589]]], [[[-75.196727, 4.367588], [-75.196727, 4.367867], [-75.196449, 4.367867], [-75.196449, 4.367588], [-75.196727, 4.367588]]], [[[-75.196759, 4.389634], [-75.197037, 4.389633], [-75.197038, 4.390191], [-75.19676, 4.390192], [-75.196761, 4.390471], [-75.196205, 4.390472], [-75.196204, 4.390193], [-75.196482, 4.390192], [-75.196482, 4.389913], [-75.19676, 4.389913], [-75.196759, 4.389634]]], [[[-75.19674, 4.376797], [-75.197018, 4.376796], [-75.197019, 4.377355], [-75.196741, 4.377355], [-75.19674, 4.376797]]], [[[-75.196462, 4.376797], [-75.196462, 4.376518], [-75.19674, 4.376518], [-75.19674, 4.376797], [-75.196462, 4.376797]]], [[[-75.197031, 4.385168], [-75.197309, 4.385168], [-75.197309, 4.385447], [-75.197031, 4.385447], [-75.197031, 4.385168]]], [[[-75.197565, 4.370656], [-75.197843, 4.370656], [-75.197844, 4.370935], [-75.197566, 4.370935], [-75.197565, 4.370656]]], [[[-75.199246, 4.379305], [-75.199802, 4.379304], [-75.199803, 4.379583], [-75.200081, 4.379582], [-75.200081, 4.379862], [-75.199525, 4.379862], [-75.199525, 4.379583], [-75.199247, 4.379584], [-75.199246, 4.379305]]], [[[-75.198968, 4.379305], [-75.198968, 4.379026], [-75.199246, 4.379026], [-75.199246, 4.379305], [-75.198968, 4.379305]]], [[[-75.19869, 4.379026], [-75.198689, 4.378747], [-75.198967, 4.378747], [-75.198968, 4.379026], [-75.19869, 4.379026]]], [[[-75.198411, 4.378748], [-75.198411, 4.378469], [-75.198689, 4.378468], [-75.198689, 4.378747], [-75.198411, 4.378748]]], [[[-75.198133, 4.378469], [-75.198132, 4.37819], [-75.197854, 4.37819], [-75.197854, 4.377911], [-75.19841, 4.377911], [-75.198411, 4.378469], [-75.198133, 4.378469]]], [[[-75.197576, 4.377912], [-75.197576, 4.377633], [-75.197854, 4.377632], [-75.197854, 4.377911], [-75.197576, 4.377912]]], [[[-75.197869, 4.388237], [-75.197869, 4.387958], [-75.198147, 4.387957], [-75.198147, 4.388236], [-75.197869, 4.388237]]], [[[-75.19787, 4.388795], [-75.197592, 4.388795], [-75.197591, 4.388237], [-75.197869, 4.388237], [-75.19787, 4.388795]]], [[[-75.197595, 4.39047], [-75.197873, 4.390469], [-75.197873, 4.390748], [-75.197595, 4.390749], [-75.197595, 4.39047]]], [[[-75.197597, 4.392144], [-75.197875, 4.392143], [-75.197876, 4.392423], [-75.197598, 4.392423], [-75.197597, 4.392144]]], [[[-75.197862, 4.383214], [-75.19814, 4.383213], [-75.198141, 4.38405], [-75.197863, 4.384051], [-75.197862, 4.383214]]], [[[-75.1984, 4.371213], [-75.19979, 4.371211], [-75.199791, 4.37149], [-75.199235, 4.371491], [-75.199236, 4.372328], [-75.198402, 4.372329], [-75.1984, 4.371213]]], [[[-75.198122, 4.371214], [-75.198122, 4.370935], [-75.1984, 4.370934], [-75.1984, 4.371213], [-75.198122, 4.371214]]], [[[-75.20063, 4.375117], [-75.20063, 4.374838], [-75.200074, 4.374838], [-75.200073, 4.37428], [-75.199795, 4.374281], [-75.199794, 4.373723], [-75.199516, 4.373723], [-75.199516, 4.374002], [-75.199238, 4.374003], [-75.199238, 4.373723], [-75.198682, 4.373724], [-75.198682, 4.374003], [-75.19896, 4.374003], [-75.198961, 4.374282], [-75.198405, 4.374283], [-75.198405, 4.374562], [-75.198127, 4.374562], [-75.198126, 4.374004], [-75.198404, 4.374004], [-75.198403, 4.373446], [-75.198681, 4.373445], [-75.198681, 4.373166], [-75.199793, 4.373165], [-75.199793, 4.373444], [-75.200905, 4.373442], [-75.200906, 4.373721], [-75.200628, 4.373721], [-75.200628, 4.374], [-75.201184, 4.374], [-75.201185, 4.374279], [-75.200629, 4.374279], [-75.200629, 4.374559], [-75.200907, 4.374558], [-75.200908, 4.375116], [-75.20063, 4.375117]], [[-75.200072, 4.373722], [-75.200072, 4.374001], [-75.20035, 4.374001], [-75.20035, 4.373722], [-75.200072, 4.373722]]], [[[-75.201186, 4.375116], [-75.201186, 4.375395], [-75.200908, 4.375395], [-75.200908, 4.375116], [-75.201186, 4.375116]]], [[[-75.199517, 4.374281], [-75.199517, 4.37456], [-75.198961, 4.374561], [-75.198961, 4.374282], [-75.199517, 4.374281]]], [[[-75.19922, 4.361445], [-75.199219, 4.361166], [-75.200331, 4.361164], [-75.200332, 4.361443], [-75.200054, 4.361444], [-75.200054, 4.361723], [-75.200332, 4.361722], [-75.200332, 4.362001], [-75.199776, 4.362002], [-75.199776, 4.361444], [-75.19922, 4.361445]]], [[[-75.199221, 4.362561], [-75.198943, 4.362561], [-75.198942, 4.362003], [-75.198386, 4.362004], [-75.198386, 4.361725], [-75.198942, 4.361724], [-75.198942, 4.361445], [-75.19922, 4.361445], [-75.199221, 4.362561]]], [[[-75.199499, 4.362561], [-75.1995, 4.36284], [-75.199222, 4.36284], [-75.199221, 4.362561], [-75.199499, 4.362561]]], [[[-75.2023, 4.376509], [-75.202578, 4.376509], [-75.202579, 4.376788], [-75.202301, 4.376789], [-75.2023, 4.376509]]], [[[-75.202022, 4.37651], [-75.202022, 4.376231], [-75.2023, 4.37623], [-75.2023, 4.376509], [-75.202022, 4.37651]]], [[[-75.201466, 4.376232], [-75.201465, 4.375674], [-75.201743, 4.375673], [-75.201743, 4.375952], [-75.202021, 4.375952], [-75.202022, 4.376231], [-75.201466, 4.376232]]], [[[-75.201466, 4.376511], [-75.201188, 4.376511], [-75.201188, 4.37679], [-75.200076, 4.376792], [-75.200076, 4.376513], [-75.200632, 4.376512], [-75.200632, 4.376233], [-75.200354, 4.376233], [-75.200353, 4.375954], [-75.200075, 4.375955], [-75.200075, 4.375676], [-75.199797, 4.375676], [-75.199796, 4.375397], [-75.198406, 4.375399], [-75.198405, 4.374841], [-75.198683, 4.374841], [-75.198684, 4.37512], [-75.200074, 4.375118], [-75.200074, 4.375397], [-75.200352, 4.375396], [-75.200353, 4.375675], [-75.200631, 4.375675], [-75.200631, 4.375954], [-75.200909, 4.375953], [-75.20091, 4.376232], [-75.201466, 4.376232], [-75.201466, 4.376511]]], [[[-75.201744, 4.37651], [-75.201745, 4.377068], [-75.201467, 4.377069], [-75.201468, 4.377627], [-75.20119, 4.377627], [-75.201188, 4.37679], [-75.201466, 4.37679], [-75.201466, 4.376511], [-75.201744, 4.37651]]], [[[-75.202301, 4.377068], [-75.202301, 4.377347], [-75.201745, 4.377347], [-75.201745, 4.377068], [-75.202301, 4.377068]]], [[[-75.199807, 4.382373], [-75.199806, 4.382094], [-75.200084, 4.382094], [-75.200085, 4.382373], [-75.199807, 4.382373]]], [[[-75.200363, 4.382373], [-75.200363, 4.382652], [-75.200085, 4.382652], [-75.200085, 4.382373], [-75.200363, 4.382373]]], [[[-75.199528, 4.382095], [-75.19953, 4.382932], [-75.199252, 4.382932], [-75.199252, 4.383211], [-75.198696, 4.383212], [-75.198696, 4.382933], [-75.198974, 4.382933], [-75.198972, 4.381817], [-75.199806, 4.381815], [-75.199806, 4.382094], [-75.199528, 4.382095]]], [[[-75.198697, 4.38377], [-75.198419, 4.383771], [-75.198418, 4.383213], [-75.198696, 4.383212], [-75.198697, 4.38377]]], [[[-75.198422, 4.385724], [-75.1987, 4.385724], [-75.1987, 4.386003], [-75.198422, 4.386003], [-75.198422, 4.385724]]], [[[-75.198982, 4.388514], [-75.19926, 4.388514], [-75.199261, 4.389072], [-75.198983, 4.389072], [-75.198982, 4.388514]]], [[[-75.198426, 4.388515], [-75.198425, 4.388236], [-75.198981, 4.388235], [-75.198982, 4.388514], [-75.198426, 4.388515]]], [[[-75.198686, 4.376236], [-75.198685, 4.375957], [-75.198963, 4.375956], [-75.198964, 4.376235], [-75.198686, 4.376236]]], [[[-75.19952, 4.376235], [-75.19952, 4.376514], [-75.198964, 4.376514], [-75.198964, 4.376235], [-75.19952, 4.376235]]], [[[-75.199508, 4.3687], [-75.199508, 4.368421], [-75.198952, 4.368422], [-75.198952, 4.368143], [-75.199786, 4.368141], [-75.199786, 4.3687], [-75.199508, 4.3687]]], [[[-75.198986, 4.391305], [-75.19982, 4.391303], [-75.19982, 4.391582], [-75.198986, 4.391584], [-75.198986, 4.391305]]], [[[-75.199261, 4.389351], [-75.199539, 4.38935], [-75.19954, 4.389629], [-75.199262, 4.38963], [-75.199261, 4.389351]]], [[[-75.199791, 4.372048], [-75.199791, 4.371769], [-75.200069, 4.371769], [-75.200069, 4.372048], [-75.199791, 4.372048]]], [[[-75.199792, 4.372327], [-75.199514, 4.372328], [-75.199513, 4.372049], [-75.199791, 4.372048], [-75.199792, 4.372327]]], [[[-75.199537, 4.388234], [-75.199815, 4.388234], [-75.199816, 4.388513], [-75.199538, 4.388513], [-75.199537, 4.388234]]], [[[-75.200902, 4.37093], [-75.200624, 4.370931], [-75.200623, 4.370652], [-75.200901, 4.370651], [-75.200902, 4.37093]]], [[[-75.200901, 4.370372], [-75.200623, 4.370373], [-75.200622, 4.370094], [-75.201179, 4.370093], [-75.201179, 4.370372], [-75.201457, 4.370371], [-75.201457, 4.37065], [-75.200901, 4.370651], [-75.200901, 4.370372]]], [[[-75.200623, 4.370652], [-75.200345, 4.370652], [-75.200346, 4.370931], [-75.200624, 4.370931], [-75.200624, 4.37121], [-75.200068, 4.371211], [-75.200067, 4.370373], [-75.200623, 4.370373], [-75.200623, 4.370652]]], [[[-75.200359, 4.379861], [-75.200637, 4.379861], [-75.200637, 4.38014], [-75.200359, 4.38014], [-75.200359, 4.379861]]], [[[-75.201766, 4.3913], [-75.202044, 4.3913], [-75.202045, 4.391858], [-75.201767, 4.391859], [-75.201766, 4.3913]]], [[[-75.201488, 4.391301], [-75.201488, 4.391022], [-75.201766, 4.391021], [-75.201766, 4.3913], [-75.201488, 4.391301]]], [[[-75.20121, 4.391022], [-75.201209, 4.390743], [-75.201487, 4.390743], [-75.201488, 4.391022], [-75.20121, 4.391022]]], [[[-75.200931, 4.390744], [-75.200931, 4.390465], [-75.201209, 4.390464], [-75.201209, 4.390743], [-75.200931, 4.390744]]], [[[-75.200653, 4.390465], [-75.200652, 4.390186], [-75.20093, 4.390185], [-75.200931, 4.390465], [-75.200653, 4.390465]]], [[[-75.200653, 4.390744], [-75.200375, 4.390744], [-75.200375, 4.390465], [-75.200653, 4.390465], [-75.200653, 4.390744]]], [[[-75.201721, 4.361162], [-75.201721, 4.360883], [-75.201999, 4.360883], [-75.201999, 4.361162], [-75.201721, 4.361162]]], [[[-75.201722, 4.361441], [-75.201444, 4.361441], [-75.201443, 4.361162], [-75.201721, 4.361162], [-75.201722, 4.361441]]], [[[-75.201165, 4.361163], [-75.201166, 4.361442], [-75.20061, 4.361443], [-75.200609, 4.361164], [-75.200887, 4.361163], [-75.200887, 4.360884], [-75.201443, 4.360883], [-75.201443, 4.361162], [-75.201165, 4.361163]]], [[[-75.200651, 4.38907], [-75.200929, 4.389069], [-75.200929, 4.389348], [-75.200651, 4.389349], [-75.200651, 4.38907]]], [[[-75.200889, 4.36228], [-75.201167, 4.362279], [-75.201167, 4.362558], [-75.200889, 4.362559], [-75.200889, 4.36228]]], [[[-75.200915, 4.380139], [-75.201193, 4.380139], [-75.201194, 4.380418], [-75.200916, 4.380418], [-75.200915, 4.380139]]], [[[-75.202604, 4.393811], [-75.202882, 4.39381], [-75.202882, 4.394089], [-75.202604, 4.39409], [-75.202605, 4.394369], [-75.201493, 4.394371], [-75.201492, 4.394091], [-75.201214, 4.394092], [-75.201214, 4.393813], [-75.20177, 4.393812], [-75.20177, 4.393533], [-75.202604, 4.393532], [-75.202604, 4.393811]], [[-75.20177, 4.394091], [-75.202048, 4.394091], [-75.202048, 4.393812], [-75.20177, 4.393812], [-75.20177, 4.394091]]], [[[-75.202604, 4.393532], [-75.202603, 4.393253], [-75.202325, 4.393253], [-75.202325, 4.392974], [-75.202881, 4.392973], [-75.202882, 4.393531], [-75.202604, 4.393532]]], [[[-75.201493, 4.39465], [-75.200937, 4.39465], [-75.200937, 4.394371], [-75.201493, 4.394371], [-75.201493, 4.39465]]], [[[-75.201154, 4.353349], [-75.201432, 4.353349], [-75.201432, 4.353628], [-75.201154, 4.353628], [-75.201154, 4.353349]]], [[[-75.202024, 4.377626], [-75.202302, 4.377626], [-75.202303, 4.378463], [-75.201469, 4.378464], [-75.201469, 4.378743], [-75.201191, 4.378744], [-75.20119, 4.377906], [-75.202024, 4.377905], [-75.202024, 4.377626]]], [[[-75.201464, 4.374836], [-75.201463, 4.374557], [-75.201741, 4.374557], [-75.201742, 4.374836], [-75.201464, 4.374836]]], [[[-75.20202, 4.374836], [-75.20202, 4.375115], [-75.201742, 4.375115], [-75.201742, 4.374836], [-75.20202, 4.374836]]], [[[-75.201471, 4.379859], [-75.20147, 4.379301], [-75.201748, 4.379301], [-75.201749, 4.37958], [-75.202305, 4.379579], [-75.202305, 4.379858], [-75.201471, 4.379859]]], [[[-75.201495, 4.395766], [-75.201773, 4.395765], [-75.201773, 4.396], [-75.201495, 4.396], [-75.201495, 4.395766]]], [[[-75.201771, 4.394649], [-75.202049, 4.394649], [-75.20205, 4.394928], [-75.201772, 4.394928], [-75.201771, 4.394649]]], [[[-75.202, 4.36172], [-75.202556, 4.361719], [-75.202556, 4.361998], [-75.202, 4.361999], [-75.202, 4.36172]]], [[[-75.202017, 4.372882], [-75.202295, 4.372882], [-75.202295, 4.373161], [-75.202017, 4.373161], [-75.202017, 4.372882]]], [[[-75.20203, 4.382091], [-75.202308, 4.382091], [-75.202309, 4.38237], [-75.202031, 4.38237], [-75.20203, 4.382091]]], [[[-75.202032, 4.382928], [-75.202031, 4.382649], [-75.202587, 4.382648], [-75.202588, 4.382927], [-75.202032, 4.382928]]], [[[-75.203144, 4.382927], [-75.203144, 4.383206], [-75.202866, 4.383206], [-75.202867, 4.383485], [-75.202311, 4.383486], [-75.20231, 4.383207], [-75.202588, 4.383206], [-75.202588, 4.382927], [-75.203144, 4.382927]]], [[[-75.202043, 4.390742], [-75.202321, 4.390741], [-75.202322, 4.391021], [-75.202044, 4.391021], [-75.202043, 4.390742]]], [[[-75.203943, 4.359763], [-75.203943, 4.359484], [-75.205055, 4.359483], [-75.205055, 4.359762], [-75.203943, 4.359763]]], [[[-75.203944, 4.360042], [-75.203666, 4.360043], [-75.203666, 4.360322], [-75.20311, 4.360323], [-75.20311, 4.360044], [-75.203388, 4.360043], [-75.203387, 4.359764], [-75.203943, 4.359763], [-75.203944, 4.360042]]], [[[-75.20311, 4.360602], [-75.202832, 4.360602], [-75.202833, 4.360881], [-75.202555, 4.360882], [-75.202554, 4.360603], [-75.202276, 4.360603], [-75.202276, 4.360324], [-75.20311, 4.360323], [-75.20311, 4.360602]]], [[[-75.202329, 4.395765], [-75.202607, 4.395764], [-75.202606, 4.395206], [-75.202884, 4.395206], [-75.20288494862604, 4.396], [-75.20232942114696, 4.396], [-75.202329, 4.395765]]], [[[-75.202854, 4.374834], [-75.202853, 4.374555], [-75.202575, 4.374556], [-75.202575, 4.374277], [-75.203131, 4.374276], [-75.203132, 4.374834], [-75.202854, 4.374834]]], [[[-75.203688, 4.374833], [-75.203688, 4.375112], [-75.203132, 4.375113], [-75.203132, 4.374834], [-75.203688, 4.374833]]], [[[-75.202576, 4.375114], [-75.202854, 4.375113], [-75.202854, 4.375392], [-75.202576, 4.375393], [-75.202576, 4.375114]]], [[[-75.202586, 4.381532], [-75.202864, 4.381532], [-75.202864, 4.381811], [-75.202586, 4.381811], [-75.202586, 4.381532]]], [[[-75.202878, 4.391299], [-75.203156, 4.391298], [-75.203157, 4.391577], [-75.203435, 4.391577], [-75.203435, 4.391856], [-75.203157, 4.391856], [-75.203158, 4.392136], [-75.20288, 4.392136], [-75.202878, 4.391299]]], [[[-75.2026, 4.391299], [-75.2026, 4.39102], [-75.202878, 4.39102], [-75.202878, 4.391299], [-75.2026, 4.391299]]], [[[-75.203134, 4.376229], [-75.203133, 4.37595], [-75.203411, 4.37595], [-75.203412, 4.376229], [-75.203134, 4.376229]]], [[[-75.20369, 4.376228], [-75.20369, 4.376507], [-75.203412, 4.376508], [-75.203412, 4.376229], [-75.20369, 4.376228]]], [[[-75.202855, 4.375951], [-75.202855, 4.375671], [-75.203133, 4.375671], [-75.203133, 4.37595], [-75.202855, 4.375951]]], [[[-75.203415, 4.378182], [-75.203693, 4.378182], [-75.203694, 4.379298], [-75.20286, 4.379299], [-75.202859, 4.378741], [-75.203416, 4.37874], [-75.203415, 4.378182]]], [[[-75.202859, 4.378183], [-75.202858, 4.377904], [-75.203414, 4.377903], [-75.203415, 4.378182], [-75.202859, 4.378183]]], [[[-75.203413, 4.377345], [-75.203691, 4.377345], [-75.203692, 4.377903], [-75.203414, 4.377903], [-75.203413, 4.377345]]], [[[-75.203135, 4.377345], [-75.203135, 4.377066], [-75.203413, 4.377066], [-75.203413, 4.377345], [-75.203135, 4.377345]]], [[[-75.202857, 4.377067], [-75.202857, 4.376788], [-75.203135, 4.376787], [-75.203135, 4.377066], [-75.202857, 4.377067]]], [[[-75.202865, 4.382369], [-75.203421, 4.382368], [-75.203421, 4.382647], [-75.202865, 4.382648], [-75.202865, 4.382369]]], [[[-75.203114, 4.363113], [-75.203392, 4.363113], [-75.203393, 4.363392], [-75.203115, 4.363392], [-75.203114, 4.363113]]], [[[-75.203127, 4.371764], [-75.203683, 4.371763], [-75.203684, 4.372042], [-75.203127, 4.372043], [-75.203127, 4.371764]]], [[[-75.203417, 4.379857], [-75.203973, 4.379856], [-75.203974, 4.380135], [-75.203418, 4.380136], [-75.203417, 4.379857]]], [[[-75.203139, 4.379857], [-75.203139, 4.379578], [-75.203417, 4.379577], [-75.203417, 4.379857], [-75.203139, 4.379857]]], [[[-75.203388, 4.360601], [-75.203666, 4.360601], [-75.203667, 4.361159], [-75.203389, 4.36116], [-75.203388, 4.360601]]], [[[-75.203391, 4.362555], [-75.203669, 4.362554], [-75.20367, 4.362833], [-75.203392, 4.362834], [-75.203391, 4.362555]]], [[[-75.203714, 4.392414], [-75.203712, 4.391298], [-75.20399, 4.391297], [-75.203992, 4.392413], [-75.203714, 4.392414]]], [[[-75.20427, 4.392413], [-75.20427, 4.392692], [-75.203992, 4.392692], [-75.203992, 4.392413], [-75.20427, 4.392413]]], [[[-75.203932, 4.352508], [-75.20421, 4.352507], [-75.204211, 4.352786], [-75.203933, 4.352787], [-75.203932, 4.352508]]], [[[-75.203949, 4.36367], [-75.203947, 4.362275], [-75.204225, 4.362275], [-75.204226, 4.363112], [-75.204504, 4.363111], [-75.204503, 4.362553], [-75.204781, 4.362553], [-75.204781, 4.362274], [-75.205337, 4.362273], [-75.205338, 4.362831], [-75.20506, 4.362831], [-75.20506, 4.36311], [-75.204782, 4.363111], [-75.204783, 4.36339], [-75.204227, 4.363391], [-75.204227, 4.36367], [-75.203949, 4.36367]]], [[[-75.204811, 4.382366], [-75.204811, 4.382087], [-75.205089, 4.382086], [-75.205089, 4.382366], [-75.204811, 4.382366]]], [[[-75.204811, 4.382645], [-75.204533, 4.382645], [-75.204533, 4.382366], [-75.204811, 4.382366], [-75.204811, 4.382645]]], [[[-75.203977, 4.382367], [-75.203977, 4.382088], [-75.204533, 4.382087], [-75.204533, 4.382366], [-75.203977, 4.382367]]], [[[-75.204273, 4.394645], [-75.205107, 4.394644], [-75.205108, 4.395202], [-75.20483, 4.395203], [-75.204831, 4.395482], [-75.203997, 4.395483], [-75.203996, 4.395204], [-75.204274, 4.395203], [-75.204273, 4.394645]]], [[[-75.204498, 4.358646], [-75.204497, 4.358367], [-75.204775, 4.358367], [-75.204776, 4.358646], [-75.204498, 4.358646]]], [[[-75.204498, 4.358925], [-75.20422, 4.358926], [-75.20422, 4.358647], [-75.204498, 4.358646], [-75.204498, 4.358925]]], [[[-75.205051, 4.35725], [-75.205051, 4.356692], [-75.204495, 4.356693], [-75.204494, 4.356135], [-75.20505, 4.356134], [-75.20505, 4.356413], [-75.205328, 4.356413], [-75.205329, 4.356971], [-75.206163, 4.356969], [-75.206164, 4.357249], [-75.205051, 4.35725]]], [[[-75.207276, 4.357247], [-75.207276, 4.357526], [-75.20672, 4.357527], [-75.20672, 4.357806], [-75.206164, 4.357807], [-75.206164, 4.357249], [-75.207276, 4.357247]]], [[[-75.205052, 4.357808], [-75.204496, 4.357809], [-75.204496, 4.35753], [-75.204774, 4.35753], [-75.204773, 4.357251], [-75.205051, 4.35725], [-75.205052, 4.357808]]], [[[-75.205104, 4.392412], [-75.205104, 4.392133], [-75.204826, 4.392133], [-75.204825, 4.391854], [-75.204547, 4.391854], [-75.204546, 4.391296], [-75.204824, 4.391296], [-75.204825, 4.391575], [-75.205103, 4.391574], [-75.205103, 4.391854], [-75.205381, 4.391853], [-75.205382, 4.392411], [-75.205104, 4.392412]]], [[[-75.205105, 4.392691], [-75.205383, 4.39269], [-75.205383, 4.393248], [-75.204827, 4.393249], [-75.204826, 4.392412], [-75.205104, 4.392412], [-75.205105, 4.392691]]], [[[-75.204778, 4.36032], [-75.205056, 4.36032], [-75.205056, 4.360599], [-75.204778, 4.360599], [-75.204778, 4.36032]]], [[[-75.204797, 4.373157], [-75.205075, 4.373157], [-75.205076, 4.373436], [-75.204798, 4.373436], [-75.204797, 4.373157]]], [[[-75.204808, 4.380133], [-75.205086, 4.380133], [-75.205086, 4.380412], [-75.204808, 4.380413], [-75.204808, 4.380133]]], [[[-75.205046, 4.353343], [-75.205324, 4.353343], [-75.205324, 4.353622], [-75.205046, 4.353622], [-75.205046, 4.353343]]], [[[-75.205078, 4.37511], [-75.20619, 4.375108], [-75.206191, 4.375387], [-75.205357, 4.375389], [-75.205357, 4.375668], [-75.205079, 4.375668], [-75.205078, 4.37511]]], [[[-75.20508, 4.376505], [-75.205358, 4.376505], [-75.205359, 4.376784], [-75.205081, 4.376784], [-75.20508, 4.376505]]], [[[-75.205109, 4.395481], [-75.205387, 4.395481], [-75.205387, 4.39576], [-75.205109, 4.39576], [-75.205109, 4.395481]]], [[[-75.20564, 4.379016], [-75.20564, 4.378737], [-75.205362, 4.378737], [-75.205361, 4.378458], [-75.205639, 4.378458], [-75.205639, 4.378179], [-75.205917, 4.378178], [-75.205918, 4.379016], [-75.20564, 4.379016]]], [[[-75.206777, 4.395758], [-75.206221, 4.395759], [-75.206221, 4.39548], [-75.205943, 4.39548], [-75.205942, 4.395201], [-75.205386, 4.395202], [-75.205386, 4.394923], [-75.20622, 4.394921], [-75.20622, 4.395201], [-75.206498, 4.3952], [-75.206499, 4.395479], [-75.207055, 4.395478], [-75.207054, 4.395199], [-75.207332, 4.395199], [-75.207331, 4.394362], [-75.207609, 4.394361], [-75.20761, 4.395198], [-75.208166, 4.395198], [-75.208167, 4.395756], [-75.207333, 4.395757], [-75.20733343548387, 4.396], [-75.20677786738351, 4.396], [-75.206777, 4.395758]]], [[[-75.205599, 4.351389], [-75.205598, 4.35111], [-75.205876, 4.35111], [-75.205877, 4.351389], [-75.205599, 4.351389]]], [[[-75.206155, 4.351388], [-75.206155, 4.351667], [-75.205877, 4.351668], [-75.205877, 4.351389], [-75.206155, 4.351388]]], [[[-75.206715, 4.354178], [-75.206715, 4.353899], [-75.206437, 4.353899], [-75.206436, 4.353341], [-75.206714, 4.353341], [-75.206714, 4.35362], [-75.206992, 4.353619], [-75.206993, 4.353899], [-75.207271, 4.353898], [-75.207271, 4.354177], [-75.206715, 4.354178]]], [[[-75.207549, 4.354177], [-75.207549, 4.354456], [-75.207271, 4.354456], [-75.207271, 4.354177], [-75.207549, 4.354177]]], [[[-75.206158, 4.353342], [-75.206157, 4.353063], [-75.206435, 4.353062], [-75.206436, 4.353341], [-75.206158, 4.353342]]], [[[-75.205879, 4.353063], [-75.205879, 4.352784], [-75.205601, 4.352784], [-75.2056, 4.352505], [-75.206712, 4.352504], [-75.206713, 4.352783], [-75.206157, 4.352784], [-75.206157, 4.353063], [-75.205879, 4.353063]]], [[[-75.206991, 4.352782], [-75.206991, 4.353061], [-75.206713, 4.353062], [-75.206713, 4.352783], [-75.206991, 4.352782]]], [[[-75.207269, 4.353061], [-75.20727, 4.35334], [-75.206992, 4.35334], [-75.206991, 4.353061], [-75.207269, 4.353061]]], [[[-75.207548, 4.35334], [-75.207548, 4.353619], [-75.20727, 4.353619], [-75.20727, 4.35334], [-75.207548, 4.35334]]], [[[-75.206437, 4.354178], [-75.206159, 4.354179], [-75.206159, 4.3539], [-75.206437, 4.353899], [-75.206437, 4.354178]]], [[[-75.205602, 4.353343], [-75.20588, 4.353342], [-75.205881, 4.3539], [-75.205603, 4.353901], [-75.205602, 4.353343]]], [[[-75.205606, 4.356412], [-75.205884, 4.356412], [-75.205885, 4.356691], [-75.205607, 4.356691], [-75.205606, 4.356412]]], [[[-75.205891, 4.360877], [-75.205891, 4.360598], [-75.205612, 4.360598], [-75.205612, 4.360319], [-75.20589, 4.360319], [-75.20589, 4.36004], [-75.206168, 4.360039], [-75.206169, 4.360876], [-75.205891, 4.360877]]], [[[-75.205633, 4.374272], [-75.205633, 4.373993], [-75.205911, 4.373992], [-75.205911, 4.374272], [-75.205633, 4.374272]]], [[[-75.206189, 4.374271], [-75.206189, 4.37455], [-75.205911, 4.374551], [-75.205911, 4.374272], [-75.206189, 4.374271]]], [[[-75.206217, 4.392689], [-75.206216, 4.39241], [-75.20566, 4.392411], [-75.205659, 4.391853], [-75.206215, 4.391852], [-75.206216, 4.392131], [-75.206494, 4.39213], [-75.206495, 4.392689], [-75.206217, 4.392689]]], [[[-75.205665, 4.39576], [-75.205943, 4.395759], [-75.20594386379929, 4.396], [-75.20566586021505, 4.396], [-75.205665, 4.39576]]], [[[-75.206219, 4.394084], [-75.20622, 4.394642], [-75.205941, 4.394643], [-75.20594, 4.393806], [-75.206774, 4.393804], [-75.206775, 4.394083], [-75.206219, 4.394084]]], [[[-75.207053, 4.394083], [-75.207053, 4.394362], [-75.206775, 4.394363], [-75.206775, 4.394083], [-75.207053, 4.394083]]], [[[-75.206725, 4.360875], [-75.206724, 4.360317], [-75.206446, 4.360318], [-75.206445, 4.35976], [-75.206723, 4.359759], [-75.206724, 4.360038], [-75.207002, 4.360038], [-75.207002, 4.360317], [-75.207558, 4.360316], [-75.207559, 4.360595], [-75.207281, 4.360596], [-75.207281, 4.360875], [-75.206725, 4.360875]]], [[[-75.206451, 4.363666], [-75.206729, 4.363666], [-75.20673, 4.363945], [-75.206452, 4.363946], [-75.206451, 4.363666]]], [[[-75.206711, 4.351387], [-75.20671, 4.351108], [-75.206988, 4.351108], [-75.206989, 4.351387], [-75.206711, 4.351387]]], [[[-75.207545, 4.351386], [-75.207545, 4.351665], [-75.206989, 4.351666], [-75.206989, 4.351387], [-75.207545, 4.351386]]], [[[-75.207305, 4.376781], [-75.207304, 4.376502], [-75.206748, 4.376503], [-75.206748, 4.376224], [-75.207304, 4.376223], [-75.207304, 4.375944], [-75.208138, 4.375943], [-75.208138, 4.376222], [-75.20786, 4.376222], [-75.20786, 4.376501], [-75.207582, 4.376502], [-75.207583, 4.376781], [-75.207305, 4.376781]]], [[[-75.207008, 4.363945], [-75.207286, 4.363944], [-75.207286, 4.364223], [-75.207008, 4.364224], [-75.207008, 4.363945]]], [[[-75.210899, 4.363381], [-75.2109, 4.363939], [-75.210066, 4.36394], [-75.210065, 4.363382], [-75.209787, 4.363382], [-75.209788, 4.36394], [-75.20951, 4.363941], [-75.20951, 4.364499], [-75.208954, 4.3645], [-75.208954, 4.364221], [-75.208676, 4.364221], [-75.208676, 4.363942], [-75.209232, 4.363941], [-75.209231, 4.363383], [-75.207285, 4.363386], [-75.207284, 4.363107], [-75.20784, 4.363106], [-75.20784, 4.362827], [-75.208396, 4.362826], [-75.208396, 4.363105], [-75.208952, 4.363105], [-75.208952, 4.362826], [-75.20923, 4.362825], [-75.20923, 4.362546], [-75.209508, 4.362546], [-75.209507, 4.362267], [-75.209785, 4.362266], [-75.209785, 4.361987], [-75.210063, 4.361987], [-75.210064, 4.362545], [-75.209786, 4.362545], [-75.209786, 4.362824], [-75.210342, 4.362823], [-75.210342, 4.362544], [-75.211176, 4.362543], [-75.211177, 4.36338], [-75.210899, 4.363381]], [[-75.210343, 4.363382], [-75.210342, 4.363102], [-75.210064, 4.363103], [-75.210065, 4.363382], [-75.210343, 4.363382]]], [[[-75.211731, 4.361984], [-75.21173, 4.361705], [-75.212564, 4.361704], [-75.212565, 4.361983], [-75.211731, 4.361984]]], [[[-75.211731, 4.362263], [-75.212843, 4.362262], [-75.212844, 4.362541], [-75.21201, 4.362542], [-75.212011, 4.363379], [-75.211733, 4.363379], [-75.211734, 4.364217], [-75.211456, 4.364217], [-75.211456, 4.363938], [-75.211178, 4.363938], [-75.211177, 4.36338], [-75.211455, 4.36338], [-75.211454, 4.362822], [-75.211732, 4.362821], [-75.211732, 4.362542], [-75.211176, 4.362543], [-75.211175, 4.362264], [-75.210341, 4.362265], [-75.210341, 4.361986], [-75.211731, 4.361984], [-75.211731, 4.362263]]], [[[-75.208398, 4.363943], [-75.208397, 4.363664], [-75.208675, 4.363663], [-75.208676, 4.363942], [-75.208398, 4.363943]]], [[[-75.207554, 4.357525], [-75.207832, 4.357525], [-75.207832, 4.357804], [-75.207554, 4.357805], [-75.207554, 4.357525]]], [[[-75.210059, 4.359475], [-75.210337, 4.359475], [-75.210337, 4.359754], [-75.211171, 4.359753], [-75.211172, 4.360032], [-75.21006, 4.360033], [-75.210059, 4.359475]]], [[[-75.209503, 4.359476], [-75.209503, 4.359755], [-75.208669, 4.359756], [-75.208668, 4.359198], [-75.20839, 4.359199], [-75.208391, 4.359478], [-75.208113, 4.359478], [-75.208113, 4.359757], [-75.207557, 4.359758], [-75.207556, 4.358642], [-75.207834, 4.358641], [-75.207834, 4.35892], [-75.209224, 4.358918], [-75.209224, 4.359197], [-75.210059, 4.359196], [-75.210059, 4.359475], [-75.209503, 4.359476]]], [[[-75.208391, 4.359757], [-75.208392, 4.360036], [-75.208114, 4.360036], [-75.208113, 4.359757], [-75.208391, 4.359757]]], [[[-75.207818, 4.348037], [-75.207817, 4.347758], [-75.208095, 4.347758], [-75.208096, 4.348037], [-75.207818, 4.348037]]], [[[-75.208374, 4.348036], [-75.208374, 4.348315], [-75.208096, 4.348316], [-75.208096, 4.348037], [-75.208374, 4.348036]]], [[[-75.207823, 4.351665], [-75.208101, 4.351664], [-75.208102, 4.352223], [-75.207824, 4.352223], [-75.207823, 4.351665]]], [[[-75.208097, 4.349153], [-75.208375, 4.349152], [-75.208376, 4.349432], [-75.208098, 4.349432], [-75.208097, 4.349153]]], [[[-75.208112, 4.358641], [-75.208111, 4.358083], [-75.208389, 4.358082], [-75.208389, 4.358361], [-75.209501, 4.35836], [-75.209502, 4.358639], [-75.208112, 4.358641]]], [[[-75.208647, 4.344687], [-75.208646, 4.344408], [-75.208924, 4.344408], [-75.208925, 4.344687], [-75.208647, 4.344687]]], [[[-75.208648, 4.345803], [-75.20837, 4.345804], [-75.208369, 4.344688], [-75.208647, 4.344687], [-75.208648, 4.345803]]], [[[-75.208372, 4.346641], [-75.20865, 4.346641], [-75.20865, 4.34692], [-75.208372, 4.34692], [-75.208372, 4.346641]]], [[[-75.208381, 4.353059], [-75.208659, 4.353059], [-75.20866, 4.353338], [-75.208382, 4.353338], [-75.208381, 4.353059]]], [[[-75.209218, 4.354732], [-75.209217, 4.354453], [-75.209495, 4.354453], [-75.209496, 4.354732], [-75.209218, 4.354732]]], [[[-75.209774, 4.354732], [-75.209774, 4.355011], [-75.209496, 4.355011], [-75.209496, 4.354732], [-75.209774, 4.354732]]], [[[-75.208661, 4.354454], [-75.208661, 4.354175], [-75.209217, 4.354174], [-75.209217, 4.354453], [-75.208661, 4.354454]]], [[[-75.208383, 4.354176], [-75.208383, 4.353896], [-75.208661, 4.353896], [-75.208661, 4.354175], [-75.208383, 4.354176]]], [[[-75.208663, 4.35557], [-75.208663, 4.355291], [-75.208385, 4.355292], [-75.208384, 4.355013], [-75.209218, 4.355011], [-75.209219, 4.35557], [-75.208663, 4.35557]]], [[[-75.208673, 4.361989], [-75.208951, 4.361988], [-75.208951, 4.362546], [-75.208395, 4.362547], [-75.208395, 4.362268], [-75.208673, 4.362268], [-75.208673, 4.361989]]], [[[-75.208652, 4.348315], [-75.20893, 4.348314], [-75.208931, 4.348594], [-75.208653, 4.348594], [-75.208652, 4.348315]]], [[[-75.209216, 4.353616], [-75.209216, 4.353337], [-75.209494, 4.353337], [-75.209494, 4.353616], [-75.209216, 4.353616]]], [[[-75.209217, 4.353895], [-75.208939, 4.353896], [-75.208938, 4.353617], [-75.209216, 4.353616], [-75.209217, 4.353895]]], [[[-75.209202, 4.344128], [-75.20948, 4.344128], [-75.20948, 4.344407], [-75.209202, 4.344407], [-75.209202, 4.344128]]], [[[-75.209207, 4.347477], [-75.210041, 4.347476], [-75.210041, 4.347755], [-75.209207, 4.347756], [-75.209207, 4.347477]]], [[[-75.209228, 4.361709], [-75.209506, 4.361708], [-75.209507, 4.361987], [-75.209229, 4.361988], [-75.209228, 4.361709]]], [[[-75.209772, 4.353615], [-75.21005, 4.353615], [-75.210051, 4.353894], [-75.209773, 4.353894], [-75.209772, 4.353615]]], [[[-75.20978, 4.358638], [-75.210058, 4.358638], [-75.210058, 4.358917], [-75.20978, 4.358917], [-75.20978, 4.358638]]], [[[-75.213949, 4.358074], [-75.212559, 4.358076], [-75.212559, 4.358355], [-75.212281, 4.358356], [-75.21228, 4.357797], [-75.212002, 4.357798], [-75.212002, 4.357519], [-75.211168, 4.35752], [-75.211168, 4.357799], [-75.21089, 4.3578], [-75.21089, 4.357241], [-75.210612, 4.357242], [-75.210611, 4.356963], [-75.210889, 4.356962], [-75.210888, 4.356125], [-75.211166, 4.356125], [-75.211166, 4.355846], [-75.211722, 4.355845], [-75.211723, 4.356682], [-75.211445, 4.356682], [-75.211445, 4.356962], [-75.212001, 4.356961], [-75.212001, 4.356682], [-75.212279, 4.356681], [-75.21228, 4.357518], [-75.212558, 4.357518], [-75.212558, 4.357797], [-75.21367, 4.357795], [-75.21367, 4.357516], [-75.215338, 4.357514], [-75.215339, 4.357793], [-75.214226, 4.357794], [-75.214227, 4.358074], [-75.215061, 4.358072], [-75.215061, 4.358351], [-75.213949, 4.358353], [-75.213949, 4.358074]], [[-75.211166, 4.356404], [-75.211444, 4.356403], [-75.211444, 4.356124], [-75.211166, 4.356125], [-75.211166, 4.356404]]], [[[-75.21395, 4.358632], [-75.213672, 4.358632], [-75.213671, 4.358353], [-75.213949, 4.358353], [-75.21395, 4.358632]]], [[[-75.21061, 4.356126], [-75.210609, 4.355567], [-75.210887, 4.355567], [-75.210888, 4.356125], [-75.21061, 4.356126]]], [[[-75.210331, 4.355568], [-75.210331, 4.355289], [-75.210609, 4.355288], [-75.210609, 4.355567], [-75.210331, 4.355568]]], [[[-75.210053, 4.355289], [-75.210052, 4.35501], [-75.21033, 4.35501], [-75.210331, 4.355289], [-75.210053, 4.355289]]], [[[-75.210069, 4.366452], [-75.210625, 4.366451], [-75.210626, 4.36673], [-75.21007, 4.366731], [-75.210069, 4.366452]]], [[[-75.21117, 4.358636], [-75.211169, 4.358357], [-75.211725, 4.358356], [-75.211726, 4.358635], [-75.21117, 4.358636]]], [[[-75.211171, 4.359194], [-75.210337, 4.359196], [-75.210336, 4.358917], [-75.210892, 4.358916], [-75.210892, 4.358637], [-75.21117, 4.358636], [-75.211171, 4.359194]]], [[[-75.210895, 4.361148], [-75.211729, 4.361147], [-75.21173, 4.361426], [-75.211174, 4.361427], [-75.211174, 4.361706], [-75.21034, 4.361707], [-75.21034, 4.361428], [-75.210896, 4.361427], [-75.210895, 4.361148]]], [[[-75.210346, 4.365614], [-75.210902, 4.365613], [-75.210903, 4.365892], [-75.210347, 4.365893], [-75.210346, 4.365614]]], [[[-75.210389, 4.394357], [-75.210667, 4.394357], [-75.210668, 4.394636], [-75.21039, 4.394636], [-75.210389, 4.394357]]], [[[-75.210391, 4.395473], [-75.210669, 4.395473], [-75.21066994444443, 4.396], [-75.21039194444444, 4.396], [-75.210391, 4.395473]]], [[[-75.210616, 4.360311], [-75.210894, 4.360311], [-75.210895, 4.36059], [-75.210617, 4.360591], [-75.210616, 4.360311]]], [[[-75.210665, 4.392961], [-75.210943, 4.392961], [-75.210944, 4.39324], [-75.210666, 4.39324], [-75.210665, 4.392961]]], [[[-75.210668, 4.394915], [-75.210946, 4.394914], [-75.210947, 4.395193], [-75.210669, 4.395194], [-75.210668, 4.394915]]], [[[-75.210859, 4.33687], [-75.211415, 4.336869], [-75.211416, 4.337148], [-75.211138, 4.337149], [-75.211138, 4.337428], [-75.21086, 4.337428], [-75.210859, 4.33687]]], [[[-75.210904, 4.366729], [-75.212294, 4.366727], [-75.212294, 4.367006], [-75.210904, 4.367008], [-75.210904, 4.366729]]], [[[-75.211136, 4.336033], [-75.211692, 4.336032], [-75.211692, 4.336311], [-75.211136, 4.336312], [-75.211136, 4.336033]]], [[[-75.212057, 4.394355], [-75.212057, 4.394075], [-75.213169, 4.394074], [-75.21317, 4.394353], [-75.212057, 4.394355]]], [[[-75.213448, 4.394352], [-75.213448, 4.394631], [-75.21317, 4.394632], [-75.21317, 4.394353], [-75.213448, 4.394352]]], [[[-75.211501, 4.394076], [-75.2115, 4.393518], [-75.211778, 4.393518], [-75.211779, 4.393797], [-75.212057, 4.393796], [-75.212057, 4.394075], [-75.211501, 4.394076]]], [[[-75.211222, 4.393519], [-75.211222, 4.39324], [-75.2115, 4.393239], [-75.2115, 4.393518], [-75.211222, 4.393519]]], [[[-75.211501, 4.394355], [-75.211223, 4.394356], [-75.211223, 4.394077], [-75.211501, 4.394076], [-75.211501, 4.394355]]], [[[-75.211424, 4.343009], [-75.212536, 4.343007], [-75.212537, 4.343286], [-75.211425, 4.343288], [-75.211424, 4.343009]]], [[[-75.211449, 4.359473], [-75.212005, 4.359472], [-75.212005, 4.359751], [-75.211449, 4.359752], [-75.211449, 4.359473]]], [[[-75.211458, 4.365612], [-75.212014, 4.365611], [-75.212015, 4.365891], [-75.211459, 4.365891], [-75.211458, 4.365612]]], [[[-75.211777, 4.39296], [-75.212333, 4.392959], [-75.212334, 4.393238], [-75.211778, 4.393239], [-75.211777, 4.39296]]], [[[-75.21178, 4.394913], [-75.212336, 4.394912], [-75.212337, 4.395191], [-75.211781, 4.395192], [-75.21178, 4.394913]]], [[[-75.211979, 4.34245], [-75.212535, 4.342449], [-75.212536, 4.342728], [-75.21198, 4.342729], [-75.211979, 4.34245]]], [[[-75.212004, 4.358635], [-75.212282, 4.358635], [-75.212282, 4.358914], [-75.212004, 4.358914], [-75.212004, 4.358635]]], [[[-75.212249, 4.336589], [-75.212527, 4.336589], [-75.212527, 4.336868], [-75.212249, 4.336868], [-75.212249, 4.336589]]], [[[-75.21256, 4.358913], [-75.212838, 4.358913], [-75.212839, 4.359471], [-75.212283, 4.359472], [-75.212283, 4.359193], [-75.212561, 4.359192], [-75.21256, 4.358913]]], [[[-75.213408, 4.3684], [-75.213407, 4.367563], [-75.212851, 4.367564], [-75.212851, 4.367285], [-75.212573, 4.367285], [-75.212572, 4.366727], [-75.213406, 4.366726], [-75.213406, 4.367005], [-75.213128, 4.367005], [-75.213129, 4.367284], [-75.214241, 4.367282], [-75.214243, 4.368678], [-75.213965, 4.368678], [-75.213966, 4.369236], [-75.21341, 4.369237], [-75.213409, 4.368958], [-75.213687, 4.368958], [-75.213686, 4.3684], [-75.213408, 4.3684]], [[-75.213964, 4.368399], [-75.213963, 4.367562], [-75.213685, 4.367562], [-75.213686, 4.3684], [-75.213964, 4.368399]]], [[[-75.213405, 4.366447], [-75.213683, 4.366446], [-75.213684, 4.366725], [-75.213406, 4.366726], [-75.213405, 4.366447]]], [[[-75.212573, 4.367564], [-75.212295, 4.367564], [-75.212295, 4.367285], [-75.212573, 4.367285], [-75.212573, 4.367564]]], [[[-75.213409, 4.368679], [-75.213131, 4.368679], [-75.21313, 4.3684], [-75.213408, 4.3684], [-75.213409, 4.368679]]], [[[-75.21255, 4.352216], [-75.213384, 4.352215], [-75.213385, 4.352494], [-75.212551, 4.352495], [-75.21255, 4.352216]]], [[[-75.21336, 4.336308], [-75.21336, 4.336029], [-75.213638, 4.336029], [-75.213638, 4.336308], [-75.21336, 4.336308]]], [[[-75.213361, 4.336587], [-75.212805, 4.336588], [-75.212804, 4.336309], [-75.21336, 4.336308], [-75.213361, 4.336587]]], [[[-75.212809, 4.339379], [-75.213365, 4.339378], [-75.213365, 4.339657], [-75.212809, 4.339658], [-75.212809, 4.339379]]], [[[-75.212845, 4.363657], [-75.213123, 4.363656], [-75.213124, 4.364215], [-75.212846, 4.364215], [-75.212845, 4.363657]]], [[[-75.212849, 4.365889], [-75.212848, 4.365331], [-75.213682, 4.36533], [-75.213682, 4.365609], [-75.21396, 4.365609], [-75.213961, 4.365888], [-75.213405, 4.365888], [-75.213404, 4.365609], [-75.213126, 4.36561], [-75.213127, 4.365889], [-75.212849, 4.365889]]], [[[-75.213092, 4.342727], [-75.21337, 4.342727], [-75.21337, 4.343006], [-75.213092, 4.343006], [-75.213092, 4.342727]]], [[[-75.213093, 4.343285], [-75.213649, 4.343284], [-75.213649, 4.343563], [-75.213093, 4.343564], [-75.213093, 4.343285]]], [[[-75.213112, 4.356122], [-75.21339, 4.356121], [-75.21339, 4.3564], [-75.213112, 4.356401], [-75.213112, 4.356122]]], [[[-75.213632, 4.332122], [-75.213354, 4.332122], [-75.213353781362, 4.332], [-75.213632, 4.332], [-75.213632, 4.332122]]], [[[-75.214188, 4.332121], [-75.21391, 4.332122], [-75.21391, 4.332], [-75.214188, 4.332], [-75.214188, 4.332121]]], [[[-75.214791, 4.363375], [-75.21479, 4.363096], [-75.2134, 4.363098], [-75.2134, 4.36254], [-75.215624, 4.362536], [-75.215624, 4.362815], [-75.215346, 4.362816], [-75.215346, 4.363095], [-75.216459, 4.363093], [-75.216459, 4.363372], [-75.214791, 4.363375]]], [[[-75.213446, 4.393515], [-75.214002, 4.393514], [-75.214003, 4.393793], [-75.213725, 4.393794], [-75.213725, 4.394073], [-75.213447, 4.394073], [-75.213446, 4.393515]]], [[[-75.213633, 4.33268], [-75.213632, 4.332401], [-75.21391, 4.332401], [-75.213911, 4.33268], [-75.213633, 4.33268]]], [[[-75.214189, 4.332679], [-75.214189, 4.332958], [-75.213911, 4.332959], [-75.213911, 4.33268], [-75.214189, 4.332679]]], [[[-75.213637, 4.335192], [-75.213915, 4.335191], [-75.213915, 4.33547], [-75.213637, 4.335471], [-75.213637, 4.335192]]], [[[-75.213669, 4.356958], [-75.213947, 4.356958], [-75.213948, 4.357237], [-75.21367, 4.357237], [-75.213669, 4.356958]]], [[[-75.213913, 4.333796], [-75.214191, 4.333795], [-75.214191, 4.334075], [-75.213913, 4.334075], [-75.213913, 4.333796]]], [[[-75.213915, 4.335749], [-75.214193, 4.335749], [-75.214194, 4.336028], [-75.213916, 4.336028], [-75.213915, 4.335749]]], [[[-75.213921, 4.339377], [-75.21392, 4.338819], [-75.214198, 4.338819], [-75.214198, 4.339098], [-75.214754, 4.339097], [-75.214755, 4.339376], [-75.213921, 4.339377]]], [[[-75.214197, 4.337981], [-75.214475, 4.337981], [-75.214475, 4.33826], [-75.214197, 4.33826], [-75.214197, 4.337981]]], [[[-75.214471, 4.33519], [-75.21447, 4.334911], [-75.215026, 4.33491], [-75.215027, 4.335189], [-75.214471, 4.33519]]], [[[-75.215305, 4.335189], [-75.215305, 4.335468], [-75.215027, 4.335469], [-75.215027, 4.335189], [-75.215305, 4.335189]]], [[[-75.214476, 4.338539], [-75.214754, 4.338539], [-75.214754, 4.338818], [-75.214476, 4.338818], [-75.214476, 4.338539]]], [[[-75.214482, 4.343004], [-75.215038, 4.343003], [-75.215039, 4.343282], [-75.214483, 4.343283], [-75.214482, 4.343004]]], [[[-75.214487, 4.346353], [-75.214765, 4.346352], [-75.214766, 4.34691], [-75.214488, 4.346911], [-75.214487, 4.346353]]], [[[-75.214788, 4.3617], [-75.215622, 4.361699], [-75.215623, 4.362257], [-75.214511, 4.362259], [-75.214511, 4.36198], [-75.214789, 4.36198], [-75.214788, 4.3617]]], [[[-75.214518, 4.366724], [-75.215074, 4.366723], [-75.215074, 4.367002], [-75.214518, 4.367003], [-75.214518, 4.366724]]], [[[-75.214799, 4.368677], [-75.215077, 4.368676], [-75.215077, 4.368956], [-75.214799, 4.368956], [-75.214799, 4.368677]]], [[[-75.21503, 4.337422], [-75.215308, 4.337422], [-75.215308, 4.337701], [-75.21503, 4.337701], [-75.21503, 4.337422]]], [[[-75.215032, 4.338817], [-75.215588, 4.338816], [-75.215588, 4.339095], [-75.215032, 4.339096], [-75.215032, 4.338817]]], [[[-75.215065, 4.360584], [-75.215621, 4.360583], [-75.215621, 4.360862], [-75.215343, 4.360862], [-75.215344, 4.361141], [-75.215066, 4.361142], [-75.215065, 4.360584]]], [[[-75.215069, 4.363653], [-75.215347, 4.363653], [-75.215348, 4.363932], [-75.21507, 4.363932], [-75.215069, 4.363653]]], [[[-75.215076, 4.368118], [-75.215354, 4.368118], [-75.215354, 4.368397], [-75.215076, 4.368397], [-75.215076, 4.368118]]], [[[-75.223139, 4.368664], [-75.224251, 4.368663], [-75.224252, 4.368942], [-75.223418, 4.368943], [-75.223418, 4.369501], [-75.222028, 4.369503], [-75.222029, 4.369782], [-75.221473, 4.369783], [-75.221472, 4.369504], [-75.22175, 4.369504], [-75.22175, 4.369224], [-75.221194, 4.369225], [-75.221193, 4.368946], [-75.222306, 4.368945], [-75.222304, 4.368107], [-75.222026, 4.368108], [-75.222027, 4.368387], [-75.221749, 4.368387], [-75.221748, 4.368108], [-75.221192, 4.368109], [-75.221193, 4.368388], [-75.220915, 4.368389], [-75.220915, 4.368668], [-75.220081, 4.368669], [-75.220081, 4.368948], [-75.219525, 4.368949], [-75.219526, 4.369507], [-75.218692, 4.369508], [-75.218693, 4.369787], [-75.218415, 4.369788], [-75.218415, 4.370067], [-75.218137, 4.370067], [-75.218138, 4.370346], [-75.21786, 4.370347], [-75.21786, 4.370626], [-75.217582, 4.370626], [-75.217582, 4.370905], [-75.217026, 4.370906], [-75.217026, 4.370627], [-75.217304, 4.370627], [-75.217303, 4.370347], [-75.217581, 4.370347], [-75.217581, 4.370068], [-75.217859, 4.370068], [-75.217859, 4.369788], [-75.217581, 4.369789], [-75.21758, 4.369231], [-75.218136, 4.36923], [-75.218135, 4.368951], [-75.218413, 4.36895], [-75.218413, 4.368392], [-75.218691, 4.368392], [-75.21869, 4.368113], [-75.218968, 4.368112], [-75.218969, 4.368392], [-75.219247, 4.368391], [-75.219247, 4.36867], [-75.219803, 4.368669], [-75.219803, 4.36839], [-75.220637, 4.368389], [-75.220636, 4.36811], [-75.220914, 4.368109], [-75.220913, 4.367551], [-75.221191, 4.367551], [-75.221192, 4.36783], [-75.222026, 4.367829], [-75.222025, 4.36755], [-75.222581, 4.367549], [-75.222582, 4.367828], [-75.22286, 4.367827], [-75.22286, 4.368107], [-75.222582, 4.368107], [-75.222583, 4.368665], [-75.222861, 4.368665], [-75.222861, 4.368386], [-75.223139, 4.368385], [-75.223139, 4.368664]], [[-75.218137, 4.369788], [-75.218136, 4.369509], [-75.217858, 4.369509], [-75.217859, 4.369788], [-75.218137, 4.369788]]], [[[-75.223139, 4.368385], [-75.223138, 4.368106], [-75.223694, 4.368105], [-75.223695, 4.368384], [-75.223139, 4.368385]]], [[[-75.221473, 4.370062], [-75.221195, 4.370062], [-75.221196, 4.370342], [-75.22064, 4.370342], [-75.220639, 4.370063], [-75.219527, 4.370065], [-75.219528, 4.370344], [-75.21925, 4.370344], [-75.21925, 4.370624], [-75.218416, 4.370625], [-75.218416, 4.370346], [-75.218694, 4.370345], [-75.218693, 4.370066], [-75.219249, 4.370065], [-75.219249, 4.369786], [-75.219527, 4.369786], [-75.219526, 4.369507], [-75.220082, 4.369506], [-75.220082, 4.369227], [-75.220916, 4.369226], [-75.220916, 4.369505], [-75.221194, 4.369504], [-75.221195, 4.369783], [-75.221473, 4.369783], [-75.221473, 4.370062]]], [[[-75.217027, 4.371185], [-75.216749, 4.371185], [-75.216749, 4.371465], [-75.215915, 4.371466], [-75.215916, 4.371745], [-75.215082, 4.371746], [-75.21508, 4.370909], [-75.215636, 4.370908], [-75.215636, 4.370629], [-75.21647, 4.370628], [-75.21647, 4.370907], [-75.217026, 4.370906], [-75.217027, 4.371185]]], [[[-75.216748, 4.370627], [-75.216747, 4.370348], [-75.217025, 4.370348], [-75.217026, 4.370627], [-75.216748, 4.370627]]], [[[-75.217025, 4.370069], [-75.217303, 4.370068], [-75.217303, 4.370347], [-75.217025, 4.370348], [-75.217025, 4.370069]]], [[[-75.217303, 4.369789], [-75.217581, 4.369789], [-75.217581, 4.370068], [-75.217303, 4.370068], [-75.217303, 4.369789]]], [[[-75.218968, 4.367833], [-75.219524, 4.367833], [-75.219524, 4.368112], [-75.218968, 4.368112], [-75.218968, 4.367833]]], [[[-75.221191, 4.367272], [-75.221469, 4.367271], [-75.221469, 4.367551], [-75.221191, 4.367551], [-75.221191, 4.367272]]], [[[-75.217028, 4.371743], [-75.217027, 4.371464], [-75.217305, 4.371464], [-75.217306, 4.372022], [-75.215916, 4.372024], [-75.215916, 4.371745], [-75.217028, 4.371743]]], [[[-75.217305, 4.371185], [-75.217583, 4.371184], [-75.217583, 4.371463], [-75.217305, 4.371464], [-75.217305, 4.371185]]], [[[-75.217861, 4.371463], [-75.217862, 4.371742], [-75.217584, 4.371742], [-75.217583, 4.371463], [-75.217861, 4.371463]]], [[[-75.215309, 4.338259], [-75.215587, 4.338258], [-75.215588, 4.338537], [-75.21531, 4.338538], [-75.215309, 4.338259]]], [[[-75.215318, 4.34384], [-75.215596, 4.343839], [-75.215596, 4.344119], [-75.215318, 4.344119], [-75.215318, 4.34384]]], [[[-75.215336, 4.356118], [-75.215614, 4.356118], [-75.215614, 4.356397], [-75.215336, 4.356398], [-75.215336, 4.356118]]], [[[-75.215896, 4.358629], [-75.215895, 4.35835], [-75.215617, 4.35835], [-75.215617, 4.358071], [-75.216729, 4.35807], [-75.216729, 4.358349], [-75.216173, 4.35835], [-75.216174, 4.358629], [-75.215896, 4.358629]]], [[[-75.21563, 4.366443], [-75.216464, 4.366442], [-75.216464, 4.366721], [-75.21563, 4.366722], [-75.21563, 4.366443]]], [[[-75.215911, 4.368675], [-75.215911, 4.368954], [-75.215633, 4.368955], [-75.215631, 4.367559], [-75.215909, 4.367559], [-75.215908, 4.367001], [-75.216186, 4.367], [-75.216187, 4.367559], [-75.216743, 4.367558], [-75.216743, 4.367279], [-75.217021, 4.367278], [-75.21702, 4.366999], [-75.217854, 4.366998], [-75.217854, 4.366719], [-75.219244, 4.366717], [-75.219244, 4.366996], [-75.218688, 4.366997], [-75.218689, 4.367276], [-75.218133, 4.367277], [-75.218133, 4.367556], [-75.217855, 4.367556], [-75.217857, 4.368393], [-75.217301, 4.368394], [-75.217301, 4.368952], [-75.216745, 4.368953], [-75.216745, 4.368674], [-75.215911, 4.368675]], [[-75.217023, 4.368674], [-75.217023, 4.368394], [-75.216745, 4.368395], [-75.216745, 4.368674], [-75.217023, 4.368674]], [[-75.216744, 4.368116], [-75.216466, 4.368116], [-75.216467, 4.368395], [-75.216745, 4.368395], [-75.216744, 4.368116]]], [[[-75.215861, 4.335467], [-75.216139, 4.335467], [-75.216139, 4.335746], [-75.215861, 4.335746], [-75.215861, 4.335467]]], [[[-75.215866, 4.338537], [-75.216144, 4.338537], [-75.216144, 4.338816], [-75.215866, 4.338816], [-75.215866, 4.338537]]], [[[-75.215873, 4.34356], [-75.216151, 4.34356], [-75.216152, 4.343839], [-75.215874, 4.343839], [-75.215873, 4.34356]]], [[[-75.216154, 4.345234], [-75.216153, 4.344955], [-75.216709, 4.344954], [-75.21671, 4.345233], [-75.216154, 4.345234]]], [[[-75.216988, 4.345233], [-75.216988, 4.345512], [-75.21671, 4.345512], [-75.21671, 4.345233], [-75.216988, 4.345233]]], [[[-75.216157, 4.347466], [-75.216713, 4.347466], [-75.216713, 4.347745], [-75.216157, 4.347745], [-75.216157, 4.347466]]], [[[-75.216185, 4.365884], [-75.216741, 4.365883], [-75.216741, 4.366162], [-75.216185, 4.366163], [-75.216185, 4.365884]]], [[[-75.217809, 4.336581], [-75.217808, 4.336302], [-75.218364, 4.336301], [-75.218365, 4.33658], [-75.217809, 4.336581]]], [[[-75.217809, 4.33686], [-75.217531, 4.33686], [-75.217531, 4.336581], [-75.217809, 4.336581], [-75.217809, 4.33686]]], [[[-75.217532, 4.337139], [-75.217254, 4.33714], [-75.217254, 4.337419], [-75.216976, 4.337419], [-75.216977, 4.337977], [-75.216699, 4.337978], [-75.216698, 4.337419], [-75.21642, 4.33742], [-75.21642, 4.337141], [-75.216698, 4.33714], [-75.216697, 4.336861], [-75.216975, 4.336861], [-75.216975, 4.336582], [-75.217253, 4.336581], [-75.217253, 4.33686], [-75.217531, 4.33686], [-75.217532, 4.337139]]], [[[-75.217255, 4.337977], [-75.217255, 4.338256], [-75.216977, 4.338256], [-75.216977, 4.337977], [-75.217255, 4.337977]]], [[[-75.21643, 4.344117], [-75.217264, 4.344116], [-75.217264, 4.344395], [-75.21643, 4.344396], [-75.21643, 4.344117]]], [[[-75.216695, 4.335745], [-75.216973, 4.335745], [-75.216974, 4.336024], [-75.216696, 4.336024], [-75.216695, 4.335745]]], [[[-75.216728, 4.357512], [-75.217562, 4.35751], [-75.217563, 4.357789], [-75.216729, 4.357791], [-75.216728, 4.357512]]], [[[-75.216733, 4.36086], [-75.217011, 4.36086], [-75.217012, 4.361139], [-75.216734, 4.361139], [-75.216733, 4.36086]]], [[[-75.217293, 4.363371], [-75.217293, 4.363092], [-75.217571, 4.363092], [-75.217571, 4.363371], [-75.217293, 4.363371]]], [[[-75.217293, 4.36365], [-75.217015, 4.36365], [-75.217015, 4.363371], [-75.217293, 4.363371], [-75.217293, 4.36365]]], [[[-75.216737, 4.363372], [-75.216737, 4.363093], [-75.217015, 4.363092], [-75.217015, 4.363371], [-75.216737, 4.363372]]], [[[-75.21698, 4.339931], [-75.217258, 4.33993], [-75.217258, 4.340209], [-75.21698, 4.34021], [-75.21698, 4.339931]]], [[[-75.216985, 4.343279], [-75.217263, 4.343279], [-75.217263, 4.343558], [-75.216985, 4.343558], [-75.216985, 4.343279]]], [[[-75.217019, 4.365883], [-75.217575, 4.365882], [-75.217575, 4.366161], [-75.217019, 4.366162], [-75.217019, 4.365883]]], [[[-75.217265, 4.344953], [-75.217543, 4.344953], [-75.217544, 4.345232], [-75.217266, 4.345232], [-75.217265, 4.344953]]], [[[-75.217524, 4.332], [-75.217802, 4.332], [-75.217802, 4.332116], [-75.217524, 4.332116], [-75.217524, 4.332]]], [[[-75.217541, 4.343557], [-75.218097, 4.343557], [-75.218098, 4.343836], [-75.217542, 4.343837], [-75.217541, 4.343557]]], [[[-75.218085, 4.335743], [-75.218085, 4.335464], [-75.218641, 4.335463], [-75.218641, 4.335742], [-75.218085, 4.335743]]], [[[-75.218086, 4.336022], [-75.217808, 4.336022], [-75.217807, 4.335743], [-75.218085, 4.335743], [-75.218086, 4.336022]]], [[[-75.220595, 4.340762], [-75.220873, 4.340762], [-75.220873, 4.340483], [-75.221151, 4.340482], [-75.221151, 4.340761], [-75.221429, 4.340761], [-75.221429, 4.34104], [-75.221707, 4.34104], [-75.221708, 4.341319], [-75.221986, 4.341318], [-75.221986, 4.341597], [-75.221152, 4.341599], [-75.221152, 4.34132], [-75.220596, 4.34132], [-75.220595, 4.340762]]], [[[-75.220317, 4.340763], [-75.220317, 4.340484], [-75.220595, 4.340483], [-75.220595, 4.340762], [-75.220317, 4.340763]]], [[[-75.220039, 4.340484], [-75.220039, 4.340763], [-75.219483, 4.340764], [-75.219483, 4.340485], [-75.218927, 4.340486], [-75.218927, 4.340765], [-75.217815, 4.340766], [-75.217815, 4.340487], [-75.218649, 4.340486], [-75.218648, 4.340207], [-75.220316, 4.340205], [-75.220317, 4.340484], [-75.220039, 4.340484]]], [[[-75.220317, 4.340763], [-75.220317, 4.341042], [-75.220039, 4.341042], [-75.220039, 4.340763], [-75.220317, 4.340763]]], [[[-75.217821, 4.344673], [-75.218377, 4.344672], [-75.218377, 4.344951], [-75.217821, 4.344952], [-75.217821, 4.344673]]], [[[-75.21784, 4.357231], [-75.217839, 4.356673], [-75.218117, 4.356672], [-75.218117, 4.356951], [-75.218673, 4.356951], [-75.218674, 4.35723], [-75.21784, 4.357231]]], [[[-75.218636, 4.332393], [-75.218914, 4.332393], [-75.218915, 4.332672], [-75.219193, 4.332672], [-75.219193, 4.332951], [-75.218637, 4.332952], [-75.218636, 4.332393]]], [[[-75.21808, 4.332394], [-75.21808, 4.332115], [-75.218636, 4.332114], [-75.218636, 4.332393], [-75.21808, 4.332394]]], [[[-75.218662, 4.349695], [-75.21894, 4.349695], [-75.218941, 4.349974], [-75.218663, 4.349974], [-75.218662, 4.349695]]], [[[-75.218384, 4.349695], [-75.218384, 4.349137], [-75.218106, 4.349138], [-75.218105, 4.348859], [-75.218383, 4.348858], [-75.218383, 4.348579], [-75.218661, 4.348579], [-75.218662, 4.349695], [-75.218384, 4.349695]]], [[[-75.218119, 4.357789], [-75.218397, 4.357788], [-75.218397, 4.358067], [-75.218119, 4.358068], [-75.218119, 4.357789]]], [[[-75.218124, 4.361137], [-75.218402, 4.361137], [-75.218402, 4.361695], [-75.218124, 4.361695], [-75.218124, 4.361137]]], [[[-75.218417, 4.371183], [-75.218416, 4.370904], [-75.218694, 4.370903], [-75.218695, 4.371183], [-75.218417, 4.371183]]], [[[-75.218417, 4.371462], [-75.218139, 4.371462], [-75.218139, 4.371183], [-75.218417, 4.371183], [-75.218417, 4.371462]]], [[[-75.218361, 4.334068], [-75.218639, 4.334068], [-75.218639, 4.334347], [-75.218361, 4.334347], [-75.218361, 4.334068]]], [[[-75.21843, 4.380113], [-75.218708, 4.380112], [-75.218709, 4.380391], [-75.218431, 4.380392], [-75.21843, 4.380113]]], [[[-75.21921, 4.343834], [-75.219209, 4.343555], [-75.218653, 4.343556], [-75.218653, 4.343277], [-75.219209, 4.343276], [-75.219208, 4.342997], [-75.219486, 4.342996], [-75.219487, 4.343555], [-75.220599, 4.343553], [-75.2206, 4.343832], [-75.21921, 4.343834]]], [[[-75.21921, 4.344113], [-75.218932, 4.344113], [-75.218932, 4.343834], [-75.21921, 4.343834], [-75.21921, 4.344113]]], [[[-75.218919, 4.335463], [-75.219197, 4.335462], [-75.219197, 4.335741], [-75.218919, 4.335742], [-75.218919, 4.335463]]], [[[-75.219252, 4.37174], [-75.219251, 4.371461], [-75.218973, 4.371461], [-75.218972, 4.370903], [-75.21925, 4.370903], [-75.219251, 4.371182], [-75.219529, 4.371181], [-75.21953, 4.371739], [-75.219252, 4.37174]]], [[[-75.219474, 4.334904], [-75.219752, 4.334903], [-75.219753, 4.335182], [-75.219475, 4.335183], [-75.219474, 4.334904]]], [[[-75.219196, 4.334904], [-75.219196, 4.334625], [-75.219474, 4.334625], [-75.219474, 4.334904], [-75.219196, 4.334904]]], [[[-75.219216, 4.348299], [-75.219772, 4.348298], [-75.219773, 4.348577], [-75.219495, 4.348578], [-75.219495, 4.348857], [-75.219217, 4.348857], [-75.219216, 4.348299]]], [[[-75.219229, 4.35695], [-75.219507, 4.356949], [-75.219508, 4.357228], [-75.21923, 4.357229], [-75.219229, 4.35695]]], [[[-75.219239, 4.363647], [-75.219517, 4.363647], [-75.219518, 4.363926], [-75.21924, 4.363926], [-75.219239, 4.363647]]], [[[-75.21975, 4.333229], [-75.220862, 4.333227], [-75.220862, 4.333506], [-75.220028, 4.333508], [-75.220028, 4.333787], [-75.219472, 4.333787], [-75.219472, 4.333508], [-75.21975, 4.333508], [-75.21975, 4.333229]]], [[[-75.21953, 4.372018], [-75.219808, 4.372018], [-75.219809, 4.372297], [-75.219531, 4.372297], [-75.21953, 4.372018]]], [[[-75.219547, 4.383181], [-75.219825, 4.38318], [-75.219825, 4.383459], [-75.219547, 4.38346], [-75.219547, 4.383181]]], [[[-75.221189, 4.365877], [-75.221188, 4.365598], [-75.221466, 4.365597], [-75.221467, 4.365876], [-75.221189, 4.365877]]], [[[-75.221189, 4.366156], [-75.220911, 4.366156], [-75.220912, 4.366714], [-75.2198, 4.366716], [-75.219799, 4.366158], [-75.220355, 4.366157], [-75.220355, 4.365878], [-75.221189, 4.365877], [-75.221189, 4.366156]]], [[[-75.221199, 4.372295], [-75.221198, 4.372016], [-75.221476, 4.372015], [-75.221477, 4.372295], [-75.221199, 4.372295]]], [[[-75.221755, 4.372294], [-75.221755, 4.372852], [-75.221199, 4.372853], [-75.221199, 4.372574], [-75.221477, 4.372574], [-75.221477, 4.372295], [-75.221755, 4.372294]]], [[[-75.221476, 4.371736], [-75.220642, 4.371738], [-75.220641, 4.371459], [-75.220363, 4.371459], [-75.220362, 4.370901], [-75.22064, 4.3709], [-75.22064, 4.370621], [-75.220918, 4.370621], [-75.220918, 4.3709], [-75.221474, 4.370899], [-75.221475, 4.371457], [-75.222031, 4.371456], [-75.222032, 4.372015], [-75.221476, 4.372015], [-75.221476, 4.371736]]], [[[-75.220643, 4.372296], [-75.220921, 4.372295], [-75.220922, 4.373133], [-75.220366, 4.373133], [-75.220365, 4.372296], [-75.220087, 4.372297], [-75.220086, 4.372018], [-75.220364, 4.372017], [-75.220364, 4.371738], [-75.220642, 4.371738], [-75.220643, 4.372296]]], [[[-75.220364, 4.371738], [-75.220086, 4.371739], [-75.220085, 4.371459], [-75.220363, 4.371459], [-75.220364, 4.371738]]], [[[-75.219807, 4.37146], [-75.219807, 4.371181], [-75.220085, 4.37118], [-75.220085, 4.371459], [-75.219807, 4.37146]]], [[[-75.219811, 4.373692], [-75.220089, 4.373692], [-75.220089, 4.373971], [-75.219811, 4.373971], [-75.219811, 4.373692]]], [[[-75.221159, 4.346064], [-75.221158, 4.345226], [-75.221436, 4.345226], [-75.221437, 4.346063], [-75.221159, 4.346064]]], [[[-75.221715, 4.346063], [-75.221715, 4.346342], [-75.221437, 4.346342], [-75.221437, 4.346063], [-75.221715, 4.346063]]], [[[-75.221435, 4.344668], [-75.221713, 4.344667], [-75.221713, 4.344946], [-75.222269, 4.344946], [-75.22227, 4.345225], [-75.221436, 4.345226], [-75.221435, 4.344668]]], [[[-75.220879, 4.344669], [-75.220878, 4.34439], [-75.2206, 4.34439], [-75.2206, 4.344111], [-75.220878, 4.344111], [-75.220878, 4.343831], [-75.221156, 4.343831], [-75.221155, 4.343552], [-75.221711, 4.343551], [-75.221712, 4.34383], [-75.22199, 4.34383], [-75.22199, 4.344109], [-75.222268, 4.344108], [-75.222268, 4.344387], [-75.221434, 4.344389], [-75.221435, 4.344668], [-75.220879, 4.344669]]], [[[-75.220601, 4.344669], [-75.220045, 4.34467], [-75.220044, 4.344391], [-75.2206, 4.34439], [-75.220601, 4.344669]]], [[[-75.221148, 4.339087], [-75.221426, 4.339087], [-75.221427, 4.339366], [-75.221705, 4.339365], [-75.221706, 4.339923], [-75.221428, 4.339924], [-75.221427, 4.339645], [-75.221149, 4.339645], [-75.221148, 4.339087]]], [[[-75.220314, 4.339088], [-75.220314, 4.338809], [-75.221148, 4.338808], [-75.221148, 4.339087], [-75.220314, 4.339088]]], [[[-75.220342, 4.357227], [-75.220898, 4.357226], [-75.220898, 4.357505], [-75.220342, 4.357506], [-75.220342, 4.357227]]], [[[-75.220588, 4.336297], [-75.221144, 4.336296], [-75.221145, 4.336576], [-75.220589, 4.336576], [-75.220588, 4.336297]]], [[[-75.220645, 4.373691], [-75.221479, 4.37369], [-75.221479, 4.373969], [-75.220645, 4.37397], [-75.220645, 4.373691]]], [[[-75.220875, 4.342436], [-75.220875, 4.341878], [-75.221431, 4.341877], [-75.221431, 4.342156], [-75.221709, 4.342156], [-75.221709, 4.342435], [-75.220875, 4.342436]]], [[[-75.220876, 4.342994], [-75.221154, 4.342994], [-75.221155, 4.343273], [-75.220877, 4.343273], [-75.220876, 4.342994]]], [[[-75.221186, 4.364202], [-75.221742, 4.364201], [-75.221743, 4.36476], [-75.221187, 4.36476], [-75.221186, 4.364202]]], [[[-75.221451, 4.355551], [-75.221729, 4.355551], [-75.22173, 4.35583], [-75.221452, 4.35583], [-75.221451, 4.355551]]], [[[-75.221461, 4.362248], [-75.221739, 4.362248], [-75.22174, 4.362527], [-75.221462, 4.362527], [-75.221461, 4.362248]]], [[[-75.221466, 4.365039], [-75.221744, 4.365039], [-75.221744, 4.365318], [-75.221466, 4.365318], [-75.221466, 4.365039]]], [[[-75.221777, 4.387084], [-75.221777, 4.386805], [-75.222333, 4.386804], [-75.222333, 4.387083], [-75.221777, 4.387084]]], [[[-75.221777, 4.387363], [-75.221499, 4.387364], [-75.221499, 4.387085], [-75.221777, 4.387084], [-75.221777, 4.387363]]], [[[-75.221699, 4.335458], [-75.222255, 4.335458], [-75.222255, 4.335737], [-75.221699, 4.335738], [-75.221699, 4.335458]]], [[[-75.222813, 4.336573], [-75.222812, 4.336294], [-75.223368, 4.336293], [-75.223369, 4.336572], [-75.222813, 4.336573]]], [[[-75.222813, 4.336852], [-75.221979, 4.336853], [-75.221979, 4.336574], [-75.221701, 4.336575], [-75.2217, 4.336296], [-75.222256, 4.336295], [-75.222257, 4.336574], [-75.222813, 4.336573], [-75.222813, 4.336852]]], [[[-75.221738, 4.361411], [-75.222016, 4.36141], [-75.222017, 4.361689], [-75.221739, 4.36169], [-75.221738, 4.361411]]], [[[-75.22253, 4.333225], [-75.222529, 4.332946], [-75.222807, 4.332945], [-75.222808, 4.333224], [-75.22253, 4.333225]]], [[[-75.22253, 4.333504], [-75.222252, 4.333504], [-75.222252, 4.333225], [-75.22253, 4.333225], [-75.22253, 4.333504]]], [[[-75.222808, 4.333503], [-75.222808, 4.333782], [-75.22253, 4.333783], [-75.22253, 4.333504], [-75.222808, 4.333503]]], [[[-75.222253, 4.334062], [-75.221975, 4.334063], [-75.221974, 4.333505], [-75.222252, 4.333504], [-75.222253, 4.334062]]], [[[-75.222528, 4.332109], [-75.22252780483437, 4.332], [-75.22280580645162, 4.332], [-75.222806, 4.332108], [-75.222528, 4.332109]]], [[[-75.222528, 4.332388], [-75.22225, 4.332388], [-75.22225, 4.332109], [-75.222528, 4.332109], [-75.222528, 4.332388]]], [[[-75.2223, 4.365038], [-75.222578, 4.365037], [-75.222578, 4.365316], [-75.2223, 4.365317], [-75.2223, 4.365038]]], [[[-75.223136, 4.366711], [-75.222302, 4.366712], [-75.222302, 4.366433], [-75.223414, 4.366431], [-75.223414, 4.36671], [-75.22397, 4.36671], [-75.22397, 4.36643], [-75.224248, 4.36643], [-75.224248, 4.366709], [-75.225082, 4.366708], [-75.225083, 4.366987], [-75.224249, 4.366988], [-75.224249, 4.367267], [-75.222859, 4.367269], [-75.222859, 4.36699], [-75.223137, 4.36699], [-75.223136, 4.366711]]], [[[-75.222538, 4.338527], [-75.22365, 4.338525], [-75.22365, 4.338804], [-75.222538, 4.338806], [-75.222538, 4.338527]]], [[[-75.222543, 4.341876], [-75.223099, 4.341875], [-75.223099, 4.342154], [-75.222543, 4.342155], [-75.222543, 4.341876]]], [[[-75.222585, 4.369781], [-75.223141, 4.36978], [-75.223142, 4.370339], [-75.222864, 4.370339], [-75.222864, 4.370618], [-75.222586, 4.370618], [-75.222585, 4.369781]]], [[[-75.22261, 4.386525], [-75.223166, 4.386524], [-75.223167, 4.386803], [-75.222611, 4.386804], [-75.22261, 4.386525]]], [[[-75.224201, 4.335455], [-75.2242, 4.335176], [-75.224478, 4.335175], [-75.224479, 4.335454], [-75.224201, 4.335455]]], [[[-75.224757, 4.335454], [-75.224757, 4.335733], [-75.224479, 4.335733], [-75.224479, 4.335454], [-75.224757, 4.335454]]], [[[-75.223922, 4.335176], [-75.223922, 4.334897], [-75.2242, 4.334897], [-75.2242, 4.335176], [-75.223922, 4.335176]]], [[[-75.223644, 4.334897], [-75.223643, 4.33406], [-75.223921, 4.33406], [-75.223922, 4.334897], [-75.223644, 4.334897]]], [[[-75.223645, 4.335735], [-75.223367, 4.335735], [-75.223366, 4.334898], [-75.223644, 4.334897], [-75.223645, 4.335735]]], [[[-75.223088, 4.334898], [-75.223088, 4.334619], [-75.223366, 4.334619], [-75.223366, 4.334898], [-75.223088, 4.334898]]], [[[-75.223089, 4.335177], [-75.222811, 4.335178], [-75.22281, 4.334899], [-75.223088, 4.334898], [-75.223089, 4.335177]]], [[[-75.22338, 4.343828], [-75.223658, 4.343827], [-75.223658, 4.344106], [-75.22338, 4.344107], [-75.22338, 4.343828]]], [[[-75.223677, 4.356385], [-75.223955, 4.356384], [-75.223955, 4.356943], [-75.223677, 4.356943], [-75.223677, 4.356385]]], [[[-75.223678, 4.357501], [-75.223956, 4.357501], [-75.223957, 4.35778], [-75.223679, 4.35778], [-75.223678, 4.357501]]], [[[-75.224253, 4.370058], [-75.224252, 4.3695], [-75.22453, 4.369499], [-75.224531, 4.370057], [-75.224253, 4.370058]]], [[[-75.224254, 4.370337], [-75.223698, 4.370338], [-75.223697, 4.370059], [-75.224253, 4.370058], [-75.224254, 4.370337]]], [[[-75.224481, 4.33685], [-75.224481, 4.33657], [-75.224759, 4.33657], [-75.224759, 4.336849], [-75.224481, 4.33685]]], [[[-75.225037, 4.336849], [-75.225037, 4.337128], [-75.224759, 4.337128], [-75.224759, 4.336849], [-75.225037, 4.336849]]], [[[-75.224203, 4.336571], [-75.224202, 4.336292], [-75.22448, 4.336291], [-75.224481, 4.33657], [-75.224203, 4.336571]]], [[[-75.224233, 4.356384], [-75.224511, 4.356384], [-75.224511, 4.356663], [-75.224233, 4.356663], [-75.224233, 4.356384]]], [[[-75.224516, 4.360011], [-75.22535, 4.36001], [-75.22535, 4.360289], [-75.224516, 4.36029], [-75.224516, 4.360011]]], [[[-75.224528, 4.367825], [-75.224806, 4.367824], [-75.224806, 4.368104], [-75.224528, 4.368104], [-75.224528, 4.367825]]], [[[-75.224769, 4.343267], [-75.225047, 4.343267], [-75.225047, 4.343546], [-75.224769, 4.343546], [-75.224769, 4.343267]]], [[[-75.224793, 4.359453], [-75.224792, 4.358895], [-75.22507, 4.358894], [-75.225071, 4.359173], [-75.225349, 4.359173], [-75.225349, 4.359452], [-75.224793, 4.359453]]], [[[-75.224797, 4.361685], [-75.225075, 4.361685], [-75.225075, 4.361964], [-75.224797, 4.361964], [-75.224797, 4.361685]]], [[[-75.226986, 4.338799], [-75.226986, 4.33852], [-75.227263, 4.33852], [-75.227264, 4.338799], [-75.226986, 4.338799]]], [[[-75.227542, 4.338798], [-75.227542, 4.339077], [-75.227264, 4.339078], [-75.227264, 4.338799], [-75.227542, 4.338798]]], [[[-75.226986, 4.339078], [-75.226708, 4.339079], [-75.226708, 4.3388], [-75.226986, 4.338799], [-75.226986, 4.339078]]], [[[-75.22643, 4.3388], [-75.22643, 4.338521], [-75.226708, 4.33852], [-75.226708, 4.3388], [-75.22643, 4.3388]]], [[[-75.226152, 4.338521], [-75.226151, 4.338242], [-75.226429, 4.338242], [-75.22643, 4.338521], [-75.226152, 4.338521]]], [[[-75.225873, 4.338243], [-75.225873, 4.337964], [-75.226151, 4.337963], [-75.226151, 4.338242], [-75.225873, 4.338243]]], [[[-75.225317, 4.337964], [-75.225316, 4.337685], [-75.225872, 4.337685], [-75.225873, 4.337964], [-75.225317, 4.337964]]], [[[-75.225038, 4.337686], [-75.225038, 4.337407], [-75.225316, 4.337406], [-75.225316, 4.337685], [-75.225038, 4.337686]]], [[[-75.226152, 4.3388], [-75.22504, 4.338802], [-75.22504, 4.338523], [-75.226152, 4.338521], [-75.226152, 4.3388]]], [[[-75.225046, 4.342709], [-75.225324, 4.342708], [-75.225324, 4.342988], [-75.225046, 4.342988], [-75.225046, 4.342709]]], [[[-75.225348, 4.358336], [-75.225904, 4.358335], [-75.225904, 4.358614], [-75.225348, 4.358615], [-75.225348, 4.358336]]], [[[-75.227033, 4.369495], [-75.227589, 4.369495], [-75.227589, 4.369774], [-75.228, 4.369773260791367], [-75.228, 4.370052260791367], [-75.227589, 4.370053], [-75.22759, 4.370332], [-75.227312, 4.370332], [-75.227312, 4.370611], [-75.227034, 4.370612], [-75.227034, 4.370333], [-75.226756, 4.370333], [-75.226754, 4.369217], [-75.226476, 4.369217], [-75.226476, 4.368938], [-75.226198, 4.368939], [-75.226197, 4.36866], [-75.226753, 4.368659], [-75.226752, 4.368101], [-75.22703, 4.3681], [-75.227033, 4.369495]]], [[[-75.22703, 4.367821], [-75.226752, 4.367821], [-75.226751, 4.367263], [-75.226473, 4.367264], [-75.226474, 4.367543], [-75.225918, 4.367544], [-75.225918, 4.367823], [-75.22564, 4.367823], [-75.225638, 4.366707], [-75.22536, 4.366707], [-75.22536, 4.366428], [-75.226472, 4.366427], [-75.226471, 4.366148], [-75.227027, 4.366147], [-75.227027, 4.365868], [-75.227583, 4.365867], [-75.227583, 4.366146], [-75.227305, 4.366146], [-75.227307, 4.366983], [-75.228, 4.366982169064748], [-75.228, 4.367261507194245], [-75.227863, 4.367262], [-75.227864, 4.36782], [-75.227586, 4.36782], [-75.227585, 4.367262], [-75.227307, 4.367263], [-75.227308, 4.3681], [-75.22703, 4.3681], [-75.22703, 4.367821]], [[-75.22675, 4.366705], [-75.225916, 4.366707], [-75.225917, 4.366986], [-75.226751, 4.366984], [-75.22675, 4.366705]]], [[[-75.226752, 4.368101], [-75.226474, 4.368101], [-75.226474, 4.367822], [-75.226752, 4.367821], [-75.226752, 4.368101]]], [[[-75.225919, 4.36866], [-75.225918, 4.368102], [-75.226474, 4.368101], [-75.226475, 4.36838], [-75.226197, 4.36838], [-75.226197, 4.36866], [-75.225919, 4.36866]]], [[[-75.225921, 4.370055], [-75.225921, 4.369776], [-75.225643, 4.369777], [-75.225642, 4.369498], [-75.225364, 4.369498], [-75.225363, 4.368661], [-75.225641, 4.36866], [-75.225642, 4.368939], [-75.22592, 4.368939], [-75.22592, 4.369218], [-75.226198, 4.369218], [-75.226199, 4.370055], [-75.225921, 4.370055]]], [[[-75.225369, 4.372289], [-75.225647, 4.372288], [-75.225647, 4.372567], [-75.225369, 4.372568], [-75.225369, 4.372289]]], [[[-75.226428, 4.337684], [-75.226706, 4.337683], [-75.226707, 4.337962], [-75.226429, 4.337963], [-75.226428, 4.337684]]], [[[-75.22615, 4.337684], [-75.22615, 4.337405], [-75.226428, 4.337405], [-75.226428, 4.337684], [-75.22615, 4.337684]]], [[[-75.225872, 4.337406], [-75.225871, 4.337126], [-75.226149, 4.337126], [-75.22615, 4.337405], [-75.225872, 4.337406]]], [[[-75.225593, 4.337127], [-75.225593, 4.336848], [-75.225871, 4.336847], [-75.225871, 4.337126], [-75.225593, 4.337127]]], [[[-75.225603, 4.343266], [-75.225881, 4.343266], [-75.225881, 4.343545], [-75.225603, 4.343545], [-75.225603, 4.343266]]], [[[-75.225623, 4.35694], [-75.225901, 4.35694], [-75.225902, 4.357219], [-75.225624, 4.357219], [-75.225623, 4.35694]]], [[[-75.225633, 4.363358], [-75.225911, 4.363358], [-75.225912, 4.363637], [-75.225634, 4.363637], [-75.225633, 4.363358]]], [[[-75.225924, 4.37173], [-75.225923, 4.371451], [-75.226479, 4.37145], [-75.22648, 4.371729], [-75.225924, 4.37173]]], [[[-75.225924, 4.372009], [-75.225646, 4.372009], [-75.225646, 4.37173], [-75.225924, 4.37173], [-75.225924, 4.372009]]], [[[-75.226157, 4.342428], [-75.226713, 4.342427], [-75.226714, 4.342706], [-75.226436, 4.342707], [-75.226436, 4.342986], [-75.22588, 4.342987], [-75.22588, 4.342708], [-75.226158, 4.342707], [-75.226157, 4.342428]]], [[[-75.225879, 4.342429], [-75.225879, 4.34187], [-75.226157, 4.34187], [-75.226157, 4.342428], [-75.225879, 4.342429]]], [[[-75.226182, 4.358613], [-75.226182, 4.358334], [-75.226738, 4.358334], [-75.226738, 4.358613], [-75.226182, 4.358613]]], [[[-75.227016, 4.358612], [-75.227016, 4.358891], [-75.226738, 4.358892], [-75.226738, 4.358613], [-75.227016, 4.358612]]], [[[-75.226184, 4.360009], [-75.226184, 4.35973], [-75.226462, 4.359729], [-75.226462, 4.360008], [-75.226184, 4.360009]]], [[[-75.22674, 4.360008], [-75.22674, 4.360287], [-75.226462, 4.360287], [-75.226462, 4.360008], [-75.22674, 4.360008]]], [[[-75.226457, 4.356381], [-75.226735, 4.35638], [-75.226735, 4.356659], [-75.226457, 4.35666], [-75.226457, 4.356381]]], [[[-75.226739, 4.359171], [-75.227017, 4.35917], [-75.227017, 4.359449], [-75.226739, 4.35945], [-75.226739, 4.359171]]], [[[-75.226746, 4.364194], [-75.227024, 4.364193], [-75.227025, 4.364472], [-75.226747, 4.364473], [-75.226746, 4.364194]]], [[[-75.227035, 4.37117], [-75.227035, 4.370891], [-75.228, 4.370889611510791], [-75.228, 4.371168611510791], [-75.227035, 4.37117]]], [[[-75.227035, 4.371449], [-75.226757, 4.371449], [-75.226757, 4.37117], [-75.227035, 4.37117], [-75.227035, 4.371449]]], [[[-75.227021, 4.361961], [-75.227299, 4.36196], [-75.227299, 4.36224], [-75.227021, 4.36224], [-75.227021, 4.361961]]], [[[-75.227255, 4.333218], [-75.227533, 4.333217], [-75.227534, 4.333496], [-75.227256, 4.333497], [-75.227255, 4.333218]]], [[[-75.227297, 4.360286], [-75.227575, 4.360286], [-75.227575, 4.360565], [-75.227297, 4.360565], [-75.227297, 4.360286]]], [[[-75.227302, 4.364193], [-75.227858, 4.364192], [-75.227859, 4.364471], [-75.227303, 4.364472], [-75.227302, 4.364193]]], [[[-75.227313, 4.371448], [-75.227592, 4.371448], [-75.227592, 4.371727], [-75.227314, 4.371727], [-75.227313, 4.371448]]], [[[-75.227584, 4.366704], [-75.227584, 4.366425], [-75.227862, 4.366425], [-75.227861, 4.365866], [-75.228, 4.365866], [-75.228, 4.366703251798562], [-75.227584, 4.366704]]], [[[-75.227814, 4.334612], [-75.228, 4.334612], [-75.228, 4.334891], [-75.227814, 4.334891], [-75.227814, 4.334612]]], [[[-75.227819, 4.33824], [-75.228, 4.3382393489208635], [-75.228, 4.338518348920863], [-75.227819, 4.338519], [-75.227819, 4.33824]]], [[[-75.22787, 4.371727], [-75.228, 4.371726532374101], [-75.228, 4.372284535971223], [-75.227871, 4.372285], [-75.22787, 4.371727]]]]}}, {"type": "Feature", "properties": {"CATAME": "Media", "PLANCHA": "244"}, "geometry": {"type": "MultiPolygon", "coordinates": [[[[-75.167229, 4.348097], [-75.166951, 4.348097], [-75.166952, 4.348376], [-75.166396, 4.348377], [-75.166395, 4.348098], [-75.166117, 4.348099], [-75.166117, 4.347819], [-75.166395, 4.347819], [-75.166394, 4.34754], [-75.16695, 4.347539], [-75.16695, 4.346981], [-75.166672, 4.346981], [-75.166671, 4.346702], [-75.166115, 4.346703], [-75.166115, 4.346424], [-75.165837, 4.346425], [-75.165836, 4.346145], [-75.16528, 4.346146], [-75.165281, 4.346425], [-75.164169, 4.346427], [-75.164168, 4.346148], [-75.164, 4.346148], [-75.164, 4.332], [-75.213353781362, 4.332], [-75.213354, 4.332122], [-75.213632, 4.332122], [-75.213632, 4.332], [-75.21391, 4.332], [-75.21391, 4.332122], [-75.214188, 4.332121], [-75.214188, 4.332], [-75.217524, 4.332], [-75.217524, 4.332116], [-75.217802, 4.332116], [-75.217802, 4.332], [-75.22252780483437, 4.332], [-75.222528, 4.332109], [-75.222806, 4.332108], [-75.22280580645162, 4.332], [-75.228, 4.332], [-75.228, 4.334612], [-75.227814, 4.334612], [-75.227814, 4.334891], [-75.228, 4.334891], [-75.228, 4.3382393489208635], [-75.227819, 4.33824], [-75.227819, 4.338519], [-75.228, 4.338518348920863], [-75.228, 4.365866], [-75.227861, 4.365866], [-75.227862, 4.366425], [-75.227584, 4.366425], [-75.227584, 4.366704], [-75.228, 4.366703251798562], [-75.228, 4.366982169064748], [-75.227307, 4.366983], [-75.227305, 4.366146], [-75.227583, 4.366146], [-75.227583, 4.365867], [-75.227027, 4.365868], [-75.227027, 4.366147], [-75.226471, 4.366148], [-75.226472, 4.366427], [-75.22536, 4.366428], [-75.22536, 4.366707], [-75.225638, 4.366707], [-75.22564, 4.367823], [-75.225918, 4.367823], [-75.225918, 4.367544], [-75.226474, 4.367543], [-75.226473, 4.367264], [-75.226751, 4.367263], [-75.226752, 4.367821], [-75.226474, 4.367822], [-75.226474, 4.368101], [-75.225918, 4.368102], [-75.225919, 4.36866], [-75.226197, 4.36866], [-75.226198, 4.368939], [-75.226476, 4.368938], [-75.226476, 4.369217], [-75.226754, 4.369217], [-75.226756, 4.370333], [-75.227034, 4.370333], [-75.227034, 4.370612], [-75.227312, 4.370611], [-75.227312, 4.370332], [-75.22759, 4.370332], [-75.227589, 4.370053], [-75.228, 4.370052260791367], [-75.228, 4.370889611510791], [-75.227035, 4.370891], [-75.227035, 4.37117], [-75.228, 4.371168611510791], [-75.228, 4.371726532374101], [-75.22787, 4.371727], [-75.227871, 4.372285], [-75.228, 4.372284535971223], [-75.228, 4.396], [-75.21066994444443, 4.396], [-75.210669, 4.395473], [-75.210391, 4.395473], [-75.21039194444444, 4.396], [-75.20733343548387, 4.396], [-75.207333, 4.395757], [-75.208167, 4.395756], [-75.208166, 4.395198], [-75.20761, 4.395198], [-75.207609, 4.394361], [-75.207331, 4.394362], [-75.207332, 4.395199], [-75.207054, 4.395199], [-75.207055, 4.395478], [-75.206499, 4.395479], [-75.206498, 4.3952], [-75.20622, 4.395201], [-75.20622, 4.394921], [-75.205386, 4.394923], [-75.205386, 4.395202], [-75.205942, 4.395201], [-75.205943, 4.39548], [-75.206221, 4.39548], [-75.206221, 4.395759], [-75.206777, 4.395758], [-75.20677786738351, 4.396], [-75.20594386379929, 4.396], [-75.205943, 4.395759], [-75.205665, 4.39576], [-75.20566586021505, 4.396], [-75.20288494862604, 4.396], [-75.202884, 4.395206], [-75.202606, 4.395206], [-75.202607, 4.395764], [-75.202329, 4.395765], [-75.20232942114696, 4.396], [-75.201773, 4.396], [-75.201773, 4.395765], [-75.201495, 4.395766], [-75.201495, 4.396], [-75.18676037992832, 4.396], [-75.186759, 4.39523], [-75.187037, 4.395229], [-75.187037, 4.39495], [-75.186759, 4.394951], [-75.186758, 4.394672], [-75.18648, 4.394672], [-75.186481, 4.394951], [-75.186202, 4.394952], [-75.18620425376344, 4.396], [-75.164, 4.396], [-75.164, 4.34670620263789], [-75.164169, 4.346706], [-75.16417, 4.346985], [-75.165282, 4.346983], [-75.165282, 4.347263], [-75.165838, 4.347262], [-75.165838, 4.347541], [-75.16556, 4.347541], [-75.165561, 4.34782], [-75.165839, 4.34782], [-75.16584, 4.348657], [-75.166118, 4.348657], [-75.166118, 4.348936], [-75.166396, 4.348935], [-75.166397, 4.349214], [-75.167231, 4.349213], [-75.167229, 4.348097]], [[-75.22225, 4.332109], [-75.22225, 4.332388], [-75.222528, 4.332388], [-75.222528, 4.332109], [-75.22225, 4.332109]], [[-75.226757, 4.37117], [-75.226757, 4.371449], [-75.227035, 4.371449], [-75.227035, 4.37117], [-75.226757, 4.37117]], [[-75.16529, 4.352844], [-75.16529, 4.353123], [-75.165568, 4.353122], [-75.165569, 4.353402], [-75.166125, 4.353401], [-75.166125, 4.35368], [-75.166681, 4.353679], [-75.166682, 4.353958], [-75.16696, 4.353958], [-75.16696, 4.354237], [-75.167794, 4.354235], [-75.167794, 4.353956], [-75.168072, 4.353956], [-75.168071, 4.353677], [-75.167793, 4.353677], [-75.167793, 4.353398], [-75.167515, 4.353399], [-75.167515, 4.353678], [-75.167237, 4.353678], [-75.167236, 4.35312], [-75.166958, 4.35312], [-75.166958, 4.352841], [-75.166402, 4.352842], [-75.166402, 4.352563], [-75.166124, 4.352564], [-75.166123, 4.352284], [-75.165567, 4.352285], [-75.165567, 4.352006], [-75.165011, 4.352007], [-75.16501, 4.351728], [-75.164454, 4.351729], [-75.164455, 4.352008], [-75.164733, 4.352007], [-75.164733, 4.352286], [-75.165289, 4.352286], [-75.16529, 4.352565], [-75.165568, 4.352564], [-75.165568, 4.352843], [-75.16529, 4.352844]], [[-75.167231, 4.349492], [-75.166953, 4.349493], [-75.166954, 4.349772], [-75.167232, 4.349771], [-75.167231, 4.349492]], [[-75.167512, 4.351166], [-75.167512, 4.351445], [-75.16779, 4.351445], [-75.16779, 4.351166], [-75.167512, 4.351166]], [[-75.169465, 4.356187], [-75.169187, 4.356187], [-75.169187, 4.356466], [-75.169465, 4.356466], [-75.169465, 4.356187]], [[-75.169738, 4.352558], [-75.169739, 4.353395], [-75.170017, 4.353395], [-75.170016, 4.352558], [-75.169738, 4.352558]], [[-75.169737, 4.352279], [-75.170015, 4.352279], [-75.170015, 4.352], [-75.169737, 4.352], [-75.169737, 4.351721], [-75.169459, 4.351722], [-75.16946, 4.352559], [-75.169738, 4.352558], [-75.169737, 4.352279]], [[-75.169744, 4.356744], [-75.169466, 4.356745], [-75.169466, 4.357024], [-75.169744, 4.357023], [-75.169744, 4.356744]], [[-75.170023, 4.357302], [-75.169745, 4.357302], [-75.169745, 4.357581], [-75.170023, 4.357581], [-75.170023, 4.357302]], [[-75.171696, 4.361206], [-75.171697, 4.361485], [-75.171975, 4.361485], [-75.171974, 4.361206], [-75.171696, 4.361206]], [[-75.171695, 4.360648], [-75.171417, 4.360649], [-75.171417, 4.360091], [-75.171139, 4.360091], [-75.171137, 4.359254], [-75.170859, 4.359254], [-75.17086, 4.359533], [-75.170582, 4.359534], [-75.170581, 4.358696], [-75.170303, 4.358697], [-75.170304, 4.359813], [-75.170582, 4.359813], [-75.170583, 4.36065], [-75.170861, 4.360649], [-75.170862, 4.360929], [-75.17114, 4.360928], [-75.171141, 4.361486], [-75.171419, 4.361486], [-75.171418, 4.361207], [-75.171696, 4.361206], [-75.171695, 4.360648]], [[-75.170302, 4.358418], [-75.170024, 4.358418], [-75.170025, 4.358697], [-75.170303, 4.358697], [-75.170302, 4.358418]], [[-75.171128, 4.352556], [-75.171127, 4.352277], [-75.170849, 4.352278], [-75.170851, 4.353673], [-75.171129, 4.353673], [-75.171129, 4.353114], [-75.171407, 4.353114], [-75.171406, 4.352556], [-75.171128, 4.352556]], [[-75.171133, 4.355905], [-75.170855, 4.355905], [-75.170855, 4.356184], [-75.171133, 4.356184], [-75.171133, 4.355905]], [[-75.172245, 4.356182], [-75.171411, 4.356184], [-75.171411, 4.356463], [-75.171689, 4.356462], [-75.17169, 4.356741], [-75.172246, 4.356741], [-75.172245, 4.356182]], [[-75.171697, 4.361765], [-75.171419, 4.361765], [-75.17142, 4.362044], [-75.171698, 4.362044], [-75.171697, 4.361765]], [[-75.172247, 4.357578], [-75.172525, 4.357577], [-75.172524, 4.357019], [-75.17169, 4.35702], [-75.171691, 4.357579], [-75.171969, 4.357578], [-75.171969, 4.357857], [-75.172247, 4.357857], [-75.172247, 4.357578]], [[-75.17197, 4.358415], [-75.171971, 4.358694], [-75.172249, 4.358694], [-75.172248, 4.358415], [-75.17197, 4.358415]], [[-75.172814, 4.365391], [-75.172536, 4.365391], [-75.172537, 4.36567], [-75.172259, 4.365671], [-75.172261, 4.367345], [-75.172817, 4.367344], [-75.172814, 4.365391]], [[-75.17477, 4.371806], [-75.174771, 4.372364], [-75.175049, 4.372364], [-75.175048, 4.371806], [-75.17477, 4.371806]], [[-75.174769, 4.371527], [-75.174491, 4.371528], [-75.174491, 4.371249], [-75.174213, 4.371249], [-75.174213, 4.37097], [-75.173935, 4.37097], [-75.173934, 4.370691], [-75.173378, 4.370692], [-75.173379, 4.370971], [-75.173657, 4.370971], [-75.173657, 4.371529], [-75.173935, 4.371528], [-75.173936, 4.371808], [-75.174214, 4.371807], [-75.174214, 4.372086], [-75.174492, 4.372086], [-75.174492, 4.371807], [-75.17477, 4.371806], [-75.174769, 4.371527]], [[-75.173378, 4.370413], [-75.1731, 4.370413], [-75.1731, 4.370692], [-75.173378, 4.370692], [-75.173378, 4.370413]], [[-75.173656, 4.370413], [-75.173655, 4.370134], [-75.173377, 4.370134], [-75.173378, 4.370413], [-75.173656, 4.370413]], [[-75.173099, 4.370134], [-75.172821, 4.370135], [-75.172822, 4.370414], [-75.1731, 4.370413], [-75.173099, 4.370134]], [[-75.17336, 4.358134], [-75.173361, 4.358971], [-75.173639, 4.358971], [-75.173638, 4.358134], [-75.17336, 4.358134]], [[-75.17336, 4.357855], [-75.173082, 4.357856], [-75.173082, 4.358135], [-75.17336, 4.358134], [-75.17336, 4.357855]], [[-75.174754, 4.360923], [-75.174754, 4.361202], [-75.175032, 4.361202], [-75.175032, 4.360922], [-75.174754, 4.360923]], [[-75.174753, 4.360365], [-75.174197, 4.360366], [-75.174197, 4.360086], [-75.173363, 4.360088], [-75.173363, 4.360367], [-75.173641, 4.360366], [-75.173642, 4.360645], [-75.174198, 4.360645], [-75.174198, 4.360924], [-75.174754, 4.360923], [-75.174753, 4.360365]], [[-75.173924, 4.363715], [-75.173368, 4.363716], [-75.173368, 4.363995], [-75.173924, 4.363994], [-75.173924, 4.363715]], [[-75.174211, 4.370133], [-75.173933, 4.370133], [-75.173934, 4.370412], [-75.174212, 4.370412], [-75.174211, 4.370133]], [[-75.174768, 4.370411], [-75.17449, 4.370411], [-75.17449, 4.37069], [-75.174768, 4.37069], [-75.174768, 4.370411]], [[-75.176431, 4.366781], [-75.176153, 4.366781], [-75.176153, 4.367339], [-75.175875, 4.36734], [-75.175876, 4.367619], [-75.175598, 4.367619], [-75.175599, 4.368177], [-75.175321, 4.368178], [-75.175321, 4.368736], [-75.176155, 4.368735], [-75.176155, 4.368456], [-75.176433, 4.368455], [-75.176433, 4.368176], [-75.176155, 4.368176], [-75.176154, 4.367897], [-75.176432, 4.367897], [-75.176431, 4.366781]], [[-75.175613, 4.377944], [-75.175335, 4.377945], [-75.175336, 4.378503], [-75.175614, 4.378503], [-75.175613, 4.377944]], [[-75.175892, 4.378781], [-75.175614, 4.378782], [-75.175614, 4.379061], [-75.175336, 4.379061], [-75.175337, 4.37934], [-75.175893, 4.379339], [-75.175892, 4.378781]], [[-75.176173, 4.380734], [-75.175895, 4.380735], [-75.175894, 4.380456], [-75.175616, 4.380456], [-75.175618, 4.381572], [-75.17534, 4.381573], [-75.17534, 4.381852], [-75.176175, 4.38185], [-75.176173, 4.380734]], [[-75.175589, 4.361759], [-75.17559, 4.362038], [-75.175868, 4.362037], [-75.175867, 4.361758], [-75.175589, 4.361759]], [[-75.176458, 4.385757], [-75.17646, 4.386873], [-75.176738, 4.386873], [-75.176738, 4.387152], [-75.177016, 4.387151], [-75.177015, 4.386314], [-75.176737, 4.386315], [-75.176736, 4.385757], [-75.176458, 4.385757]], [[-75.176457, 4.385199], [-75.176735, 4.385198], [-75.176735, 4.38464], [-75.176457, 4.384641], [-75.176456, 4.384083], [-75.176178, 4.384083], [-75.176176, 4.382967], [-75.175898, 4.382967], [-75.175897, 4.382409], [-75.175619, 4.382409], [-75.175622, 4.384084], [-75.1759, 4.384083], [-75.175901, 4.384642], [-75.175623, 4.384642], [-75.175623, 4.3852], [-75.175901, 4.3852], [-75.175902, 4.385479], [-75.17618, 4.385478], [-75.17618, 4.385757], [-75.176458, 4.385757], [-75.176457, 4.385199]], [[-75.176442, 4.374874], [-75.176164, 4.374874], [-75.176165, 4.375153], [-75.175887, 4.375153], [-75.175887, 4.375432], [-75.176443, 4.375432], [-75.176442, 4.374874]], [[-75.176444, 4.37599], [-75.175888, 4.375991], [-75.175888, 4.37627], [-75.176166, 4.376269], [-75.176167, 4.376548], [-75.176445, 4.376548], [-75.176444, 4.37599]], [[-75.176435, 4.36985], [-75.176435, 4.370129], [-75.176713, 4.370129], [-75.176713, 4.36985], [-75.176435, 4.36985]], [[-75.176991, 4.36985], [-75.176992, 4.370408], [-75.17727, 4.370407], [-75.17727, 4.370686], [-75.177548, 4.370686], [-75.177549, 4.370965], [-75.178105, 4.370964], [-75.178105, 4.371243], [-75.178383, 4.371243], [-75.178384, 4.371522], [-75.178662, 4.371522], [-75.178661, 4.370963], [-75.178383, 4.370964], [-75.178382, 4.370685], [-75.178104, 4.370685], [-75.178104, 4.370127], [-75.177826, 4.370127], [-75.177825, 4.369848], [-75.177269, 4.369849], [-75.177269, 4.36957], [-75.176713, 4.369571], [-75.176713, 4.36985], [-75.176991, 4.36985]], [[-75.177856, 4.390778], [-75.177578, 4.390778], [-75.177578, 4.391057], [-75.177856, 4.391057], [-75.177856, 4.390778]], [[-75.178331, 4.335244], [-75.178332, 4.335802], [-75.17861, 4.335802], [-75.178609, 4.335243], [-75.178331, 4.335244]], [[-75.178329, 4.333849], [-75.178607, 4.333848], [-75.178606, 4.33329], [-75.178328, 4.33329], [-75.178328, 4.333011], [-75.17805, 4.333012], [-75.17805, 4.33357], [-75.177772, 4.33357], [-75.177774, 4.334408], [-75.178052, 4.334407], [-75.178053, 4.335244], [-75.178331, 4.335244], [-75.178329, 4.333849]], [[-75.178135, 4.391336], [-75.177857, 4.391336], [-75.177857, 4.391615], [-75.178135, 4.391615], [-75.178135, 4.391336]], [[-75.179525, 4.391613], [-75.179803, 4.391612], [-75.179803, 4.391333], [-75.178413, 4.391335], [-75.178413, 4.391614], [-75.178691, 4.391614], [-75.178691, 4.391893], [-75.179525, 4.391892], [-75.179525, 4.391613]], [[-75.178889, 4.336917], [-75.178611, 4.336918], [-75.178612, 4.337476], [-75.17889, 4.337476], [-75.178889, 4.336917]], [[-75.179219, 4.372358], [-75.178941, 4.372358], [-75.178942, 4.372916], [-75.17922, 4.372916], [-75.179219, 4.372358]], [[-75.179222, 4.374311], [-75.178944, 4.374312], [-75.178944, 4.374591], [-75.179222, 4.37459], [-75.179222, 4.374311]], [[-75.179225, 4.376544], [-75.178947, 4.376544], [-75.178947, 4.376823], [-75.179225, 4.376823], [-75.179225, 4.376544]], [[-75.179498, 4.373195], [-75.17922, 4.373195], [-75.17922, 4.373474], [-75.179498, 4.373474], [-75.179498, 4.373195]], [[-75.179725, 4.338032], [-75.179447, 4.338033], [-75.179447, 4.338312], [-75.179725, 4.338312], [-75.179725, 4.338032]], [[-75.180005, 4.339148], [-75.180005, 4.339427], [-75.180283, 4.339427], [-75.180283, 4.339148], [-75.180005, 4.339148]], [[-75.180004, 4.33859], [-75.179448, 4.338591], [-75.179448, 4.33887], [-75.179726, 4.33887], [-75.179727, 4.339149], [-75.180005, 4.339148], [-75.180004, 4.33859]], [[-75.179523, 4.390496], [-75.179524, 4.391055], [-75.179802, 4.391054], [-75.179801, 4.390496], [-75.179523, 4.390496]], [[-75.18175, 4.392168], [-75.181751, 4.392726], [-75.181473, 4.392726], [-75.181473, 4.393005], [-75.182029, 4.393004], [-75.18203, 4.393562], [-75.182308, 4.393562], [-75.182309, 4.393841], [-75.183421, 4.393839], [-75.18342, 4.393281], [-75.183142, 4.393282], [-75.183141, 4.393003], [-75.182585, 4.393004], [-75.182585, 4.392724], [-75.182307, 4.392725], [-75.182306, 4.392446], [-75.182028, 4.392446], [-75.182028, 4.392167], [-75.18175, 4.392168]], [[-75.18175, 4.391888], [-75.181194, 4.391889], [-75.181193, 4.39161], [-75.180637, 4.391611], [-75.180638, 4.39189], [-75.180916, 4.39189], [-75.180916, 4.392169], [-75.18175, 4.392168], [-75.18175, 4.391888]], [[-75.180637, 4.391332], [-75.180081, 4.391333], [-75.180081, 4.391612], [-75.180637, 4.391611], [-75.180637, 4.391332]], [[-75.180562, 4.340264], [-75.180284, 4.340264], [-75.180285, 4.340543], [-75.180563, 4.340543], [-75.180562, 4.340264]], [[-75.181746, 4.389098], [-75.181746, 4.389377], [-75.182024, 4.389377], [-75.182024, 4.389097], [-75.181746, 4.389098]], [[-75.181745, 4.388819], [-75.181467, 4.388819], [-75.181468, 4.389098], [-75.181746, 4.389098], [-75.181745, 4.388819]], [[-75.181467, 4.38854], [-75.181189, 4.388541], [-75.181189, 4.38882], [-75.181467, 4.388819], [-75.181467, 4.38854]], [[-75.181389, 4.335518], [-75.18139, 4.336356], [-75.181668, 4.336355], [-75.181668, 4.335797], [-75.181946, 4.335797], [-75.181945, 4.335518], [-75.182223, 4.335517], [-75.182223, 4.335238], [-75.181667, 4.335239], [-75.181667, 4.335518], [-75.181389, 4.335518]], [[-75.181958, 4.344448], [-75.18168, 4.344448], [-75.181681, 4.344727], [-75.181959, 4.344727], [-75.181958, 4.344448]], [[-75.181951, 4.339145], [-75.181951, 4.339425], [-75.182229, 4.339424], [-75.182229, 4.339145], [-75.181951, 4.339145]], [[-75.181951, 4.339704], [-75.181952, 4.340262], [-75.18223, 4.340261], [-75.182229, 4.339703], [-75.181951, 4.339704]], [[-75.183612, 4.334399], [-75.183334, 4.334399], [-75.183334, 4.334678], [-75.183612, 4.334678], [-75.183612, 4.334399]], [[-75.184726, 4.335793], [-75.184726, 4.336072], [-75.185004, 4.336071], [-75.185004, 4.335792], [-75.184726, 4.335793]], [[-75.184725, 4.335235], [-75.184447, 4.335235], [-75.184448, 4.335793], [-75.184726, 4.335793], [-75.184725, 4.335235]], [[-75.184446, 4.334956], [-75.184168, 4.334956], [-75.184168, 4.334677], [-75.18389, 4.334678], [-75.183891, 4.335236], [-75.184447, 4.335235], [-75.184446, 4.334956]], [[-75.185586, 4.353651], [-75.185308, 4.353652], [-75.185308, 4.353931], [-75.185586, 4.35393], [-75.185586, 4.353651]], [[-75.186757, 4.393834], [-75.186479, 4.393835], [-75.18648, 4.394393], [-75.186758, 4.394393], [-75.186757, 4.393834]], [[-75.187789, 4.339695], [-75.18779, 4.340253], [-75.188068, 4.340253], [-75.188067, 4.339695], [-75.187789, 4.339695]], [[-75.187789, 4.339137], [-75.187233, 4.339138], [-75.187232, 4.338859], [-75.186954, 4.338859], [-75.186954, 4.33858], [-75.186676, 4.33858], [-75.186677, 4.339139], [-75.186955, 4.339138], [-75.186955, 4.339417], [-75.187233, 4.339417], [-75.187233, 4.339696], [-75.187789, 4.339695], [-75.187789, 4.339137]], [[-75.188067, 4.339136], [-75.188066, 4.338857], [-75.187788, 4.338858], [-75.187789, 4.339137], [-75.188067, 4.339136]], [[-75.187788, 4.338579], [-75.18751, 4.338579], [-75.18751, 4.338858], [-75.187788, 4.338858], [-75.187788, 4.338579]], [[-75.189175, 4.336623], [-75.189175, 4.336902], [-75.189453, 4.336902], [-75.189454, 4.337181], [-75.19001, 4.33718], [-75.190009, 4.336901], [-75.189731, 4.336902], [-75.189731, 4.336622], [-75.189175, 4.336623]], [[-75.189174, 4.336065], [-75.188896, 4.336066], [-75.188897, 4.336624], [-75.189175, 4.336623], [-75.189174, 4.336065]], [[-75.188895, 4.335507], [-75.188339, 4.335508], [-75.18834, 4.335787], [-75.188618, 4.335787], [-75.188618, 4.336066], [-75.188896, 4.336066], [-75.188895, 4.335507]], [[-75.189185, 4.3436], [-75.188907, 4.3436], [-75.188907, 4.343879], [-75.189185, 4.343879], [-75.189185, 4.3436]], [[-75.18974, 4.343041], [-75.189462, 4.343041], [-75.189463, 4.343599], [-75.189741, 4.343599], [-75.18974, 4.343041]], [[-75.190577, 4.344714], [-75.190576, 4.344156], [-75.19002, 4.344157], [-75.19002, 4.343878], [-75.189742, 4.343878], [-75.189742, 4.344436], [-75.189464, 4.344437], [-75.189465, 4.344716], [-75.189743, 4.344715], [-75.189744, 4.345273], [-75.190022, 4.345273], [-75.190021, 4.344715], [-75.190577, 4.344714]], [[-75.190029, 4.350575], [-75.189751, 4.350576], [-75.189752, 4.350855], [-75.19003, 4.350854], [-75.190029, 4.350575]], [[-75.190017, 4.342203], [-75.190017, 4.342482], [-75.190295, 4.342482], [-75.190295, 4.342203], [-75.190017, 4.342203]], [[-75.190567, 4.338017], [-75.190289, 4.338017], [-75.190289, 4.338296], [-75.190567, 4.338296], [-75.190567, 4.338017]], [[-75.190561, 4.33411], [-75.190562, 4.334668], [-75.19084, 4.334667], [-75.19084, 4.334388], [-75.191118, 4.334388], [-75.191117, 4.334109], [-75.190561, 4.33411]], [[-75.190857, 4.346109], [-75.190579, 4.346109], [-75.19058, 4.346947], [-75.190858, 4.346946], [-75.190857, 4.346109]], [[-75.191466, 4.382386], [-75.191188, 4.382386], [-75.191189, 4.382665], [-75.191467, 4.382665], [-75.191466, 4.382386]], [[-75.191478, 4.3902], [-75.1912, 4.3902], [-75.1912, 4.390479], [-75.191478, 4.390479], [-75.191478, 4.3902]], [[-75.191476, 4.389083], [-75.191477, 4.389362], [-75.191755, 4.389362], [-75.191754, 4.389083], [-75.191476, 4.389083]], [[-75.191755, 4.38992], [-75.191756, 4.390199], [-75.192034, 4.390199], [-75.192033, 4.38992], [-75.191755, 4.38992]], [[-75.191755, 4.389641], [-75.191477, 4.389642], [-75.191477, 4.389921], [-75.191755, 4.38992], [-75.191755, 4.389641]], [[-75.192237, 4.33913], [-75.192237, 4.339409], [-75.192515, 4.339409], [-75.192515, 4.33913], [-75.192237, 4.33913]], [[-75.192793, 4.33913], [-75.192792, 4.33885], [-75.192514, 4.338851], [-75.192515, 4.33913], [-75.192793, 4.33913]], [[-75.192582, 4.384896], [-75.192304, 4.384896], [-75.192304, 4.385175], [-75.192582, 4.385175], [-75.192582, 4.384896]], [[-75.192588, 4.388803], [-75.19231, 4.388803], [-75.19231, 4.389082], [-75.192588, 4.389082], [-75.192588, 4.388803]], [[-75.193143, 4.388523], [-75.193144, 4.388802], [-75.193422, 4.388801], [-75.193421, 4.388522], [-75.193143, 4.388523]], [[-75.193143, 4.388244], [-75.192865, 4.388244], [-75.192865, 4.388523], [-75.193143, 4.388523], [-75.193143, 4.388244]], [[-75.193978, 4.388522], [-75.193977, 4.388242], [-75.193421, 4.388243], [-75.193421, 4.388522], [-75.193978, 4.388522]], [[-75.193412, 4.381825], [-75.193134, 4.381825], [-75.193134, 4.382104], [-75.193412, 4.382104], [-75.193412, 4.381825]], [[-75.194455, 4.335499], [-75.194177, 4.3355], [-75.194177, 4.335221], [-75.193343, 4.335222], [-75.193343, 4.335501], [-75.193621, 4.3355], [-75.193622, 4.336059], [-75.1939, 4.336058], [-75.1939, 4.336337], [-75.194178, 4.336337], [-75.194178, 4.336058], [-75.194456, 4.336057], [-75.194455, 4.335499]], [[-75.193975, 4.387126], [-75.193697, 4.387127], [-75.193698, 4.387406], [-75.193976, 4.387405], [-75.193975, 4.387126]], [[-75.194252, 4.38601], [-75.193974, 4.38601], [-75.193974, 4.386289], [-75.194252, 4.386289], [-75.194252, 4.38601]], [[-75.195644, 4.387403], [-75.195922, 4.387402], [-75.195922, 4.387123], [-75.19481, 4.387125], [-75.194809, 4.386846], [-75.194531, 4.386846], [-75.194531, 4.386567], [-75.194253, 4.386568], [-75.194254, 4.387684], [-75.195644, 4.387682], [-75.195644, 4.387403]], [[-75.195901, 4.37317], [-75.195901, 4.373449], [-75.196179, 4.373449], [-75.196179, 4.37317], [-75.195901, 4.37317]], [[-75.1959, 4.372891], [-75.195622, 4.372892], [-75.195623, 4.373171], [-75.195901, 4.37317], [-75.1959, 4.372891]], [[-75.195622, 4.372613], [-75.195344, 4.372613], [-75.195344, 4.372892], [-75.195622, 4.372892], [-75.195622, 4.372613]], [[-75.196178, 4.372612], [-75.196178, 4.372891], [-75.196456, 4.37289], [-75.196456, 4.372332], [-75.195622, 4.372334], [-75.195622, 4.372613], [-75.196178, 4.372612]], [[-75.195375, 4.393543], [-75.195376, 4.39438], [-75.195654, 4.394379], [-75.195654, 4.3941], [-75.195932, 4.3941], [-75.195932, 4.393821], [-75.195654, 4.393821], [-75.195653, 4.393542], [-75.195375, 4.393543]], [[-75.195905, 4.37624], [-75.195627, 4.37624], [-75.195628, 4.376519], [-75.195906, 4.376519], [-75.195905, 4.37624]], [[-75.196449, 4.367588], [-75.196449, 4.367867], [-75.196727, 4.367867], [-75.196727, 4.367588], [-75.196449, 4.367588]], [[-75.196448, 4.367309], [-75.19617, 4.36731], [-75.196171, 4.367589], [-75.196449, 4.367588], [-75.196448, 4.367309]], [[-75.196204, 4.390193], [-75.196205, 4.390472], [-75.196761, 4.390471], [-75.19676, 4.390192], [-75.197038, 4.390191], [-75.197037, 4.389633], [-75.196759, 4.389634], [-75.19676, 4.389913], [-75.196482, 4.389913], [-75.196482, 4.390192], [-75.196204, 4.390193]], [[-75.19674, 4.376797], [-75.196741, 4.377355], [-75.197019, 4.377355], [-75.197018, 4.376796], [-75.19674, 4.376797]], [[-75.19674, 4.376518], [-75.196462, 4.376518], [-75.196462, 4.376797], [-75.19674, 4.376797], [-75.19674, 4.376518]], [[-75.197309, 4.385168], [-75.197031, 4.385168], [-75.197031, 4.385447], [-75.197309, 4.385447], [-75.197309, 4.385168]], [[-75.197843, 4.370656], [-75.197565, 4.370656], [-75.197566, 4.370935], [-75.197844, 4.370935], [-75.197843, 4.370656]], [[-75.199246, 4.379305], [-75.199247, 4.379584], [-75.199525, 4.379583], [-75.199525, 4.379862], [-75.200081, 4.379862], [-75.200081, 4.379582], [-75.199803, 4.379583], [-75.199802, 4.379304], [-75.199246, 4.379305]], [[-75.199246, 4.379026], [-75.198968, 4.379026], [-75.198968, 4.379305], [-75.199246, 4.379305], [-75.199246, 4.379026]], [[-75.198967, 4.378747], [-75.198689, 4.378747], [-75.19869, 4.379026], [-75.198968, 4.379026], [-75.198967, 4.378747]], [[-75.198689, 4.378468], [-75.198411, 4.378469], [-75.198411, 4.378748], [-75.198689, 4.378747], [-75.198689, 4.378468]], [[-75.19841, 4.377911], [-75.197854, 4.377911], [-75.197854, 4.37819], [-75.198132, 4.37819], [-75.198133, 4.378469], [-75.198411, 4.378469], [-75.19841, 4.377911]], [[-75.197854, 4.377632], [-75.197576, 4.377633], [-75.197576, 4.377912], [-75.197854, 4.377911], [-75.197854, 4.377632]], [[-75.197869, 4.388237], [-75.197591, 4.388237], [-75.197592, 4.388795], [-75.19787, 4.388795], [-75.197869, 4.388237]], [[-75.198147, 4.388236], [-75.198147, 4.387957], [-75.197869, 4.387958], [-75.197869, 4.388237], [-75.198147, 4.388236]], [[-75.197595, 4.39047], [-75.197595, 4.390749], [-75.197873, 4.390748], [-75.197873, 4.390469], [-75.197595, 4.39047]], [[-75.197597, 4.392144], [-75.197598, 4.392423], [-75.197876, 4.392423], [-75.197875, 4.392143], [-75.197597, 4.392144]], [[-75.19814, 4.383213], [-75.197862, 4.383214], [-75.197863, 4.384051], [-75.198141, 4.38405], [-75.19814, 4.383213]], [[-75.1984, 4.371213], [-75.198402, 4.372329], [-75.199236, 4.372328], [-75.199235, 4.371491], [-75.199791, 4.37149], [-75.19979, 4.371211], [-75.1984, 4.371213]], [[-75.1984, 4.370934], [-75.198122, 4.370935], [-75.198122, 4.371214], [-75.1984, 4.371213], [-75.1984, 4.370934]], [[-75.200908, 4.375116], [-75.200908, 4.375395], [-75.201186, 4.375395], [-75.201186, 4.375116], [-75.200908, 4.375116]], [[-75.200907, 4.374558], [-75.200629, 4.374559], [-75.200629, 4.374279], [-75.201185, 4.374279], [-75.201184, 4.374], [-75.200628, 4.374], [-75.200628, 4.373721], [-75.200906, 4.373721], [-75.200905, 4.373442], [-75.199793, 4.373444], [-75.199793, 4.373165], [-75.198681, 4.373166], [-75.198681, 4.373445], [-75.198403, 4.373446], [-75.198404, 4.374004], [-75.198126, 4.374004], [-75.198127, 4.374562], [-75.198405, 4.374562], [-75.198405, 4.374283], [-75.198961, 4.374282], [-75.19896, 4.374003], [-75.198682, 4.374003], [-75.198682, 4.373724], [-75.199238, 4.373723], [-75.199238, 4.374003], [-75.199516, 4.374002], [-75.199516, 4.373723], [-75.199794, 4.373723], [-75.199795, 4.374281], [-75.200073, 4.37428], [-75.200074, 4.374838], [-75.20063, 4.374838], [-75.20063, 4.375117], [-75.200908, 4.375116], [-75.200907, 4.374558]], [[-75.198961, 4.374561], [-75.199517, 4.37456], [-75.199517, 4.374281], [-75.198961, 4.374282], [-75.198961, 4.374561]], [[-75.199221, 4.362561], [-75.199222, 4.36284], [-75.1995, 4.36284], [-75.199499, 4.362561], [-75.199221, 4.362561]], [[-75.19922, 4.361445], [-75.198942, 4.361445], [-75.198942, 4.361724], [-75.198386, 4.361725], [-75.198386, 4.362004], [-75.198942, 4.362003], [-75.198943, 4.362561], [-75.199221, 4.362561], [-75.19922, 4.361445]], [[-75.199776, 4.361444], [-75.199776, 4.362002], [-75.200332, 4.362001], [-75.200332, 4.361722], [-75.200054, 4.361723], [-75.200054, 4.361444], [-75.200332, 4.361443], [-75.200331, 4.361164], [-75.199219, 4.361166], [-75.19922, 4.361445], [-75.199776, 4.361444]], [[-75.2023, 4.376509], [-75.202301, 4.376789], [-75.202579, 4.376788], [-75.202578, 4.376509], [-75.2023, 4.376509]], [[-75.2023, 4.37623], [-75.202022, 4.376231], [-75.202022, 4.37651], [-75.2023, 4.376509], [-75.2023, 4.37623]], [[-75.202021, 4.375952], [-75.201743, 4.375952], [-75.201743, 4.375673], [-75.201465, 4.375674], [-75.201466, 4.376232], [-75.202022, 4.376231], [-75.202021, 4.375952]], [[-75.20091, 4.376232], [-75.200909, 4.375953], [-75.200631, 4.375954], [-75.200631, 4.375675], [-75.200353, 4.375675], [-75.200352, 4.375396], [-75.200074, 4.375397], [-75.200074, 4.375118], [-75.198684, 4.37512], [-75.198683, 4.374841], [-75.198405, 4.374841], [-75.198406, 4.375399], [-75.199796, 4.375397], [-75.199797, 4.375676], [-75.200075, 4.375676], [-75.200075, 4.375955], [-75.200353, 4.375954], [-75.200354, 4.376233], [-75.200632, 4.376233], [-75.200632, 4.376512], [-75.200076, 4.376513], [-75.200076, 4.376792], [-75.201188, 4.37679], [-75.20119, 4.377627], [-75.201468, 4.377627], [-75.201467, 4.377069], [-75.201745, 4.377068], [-75.201744, 4.37651], [-75.201466, 4.376511], [-75.201466, 4.376232], [-75.20091, 4.376232]], [[-75.201745, 4.377347], [-75.202301, 4.377347], [-75.202301, 4.377068], [-75.201745, 4.377068], [-75.201745, 4.377347]], [[-75.200085, 4.382373], [-75.200085, 4.382652], [-75.200363, 4.382652], [-75.200363, 4.382373], [-75.200085, 4.382373]], [[-75.200084, 4.382094], [-75.199806, 4.382094], [-75.199807, 4.382373], [-75.200085, 4.382373], [-75.200084, 4.382094]], [[-75.199806, 4.381815], [-75.198972, 4.381817], [-75.198974, 4.382933], [-75.198696, 4.382933], [-75.198696, 4.383212], [-75.199252, 4.383211], [-75.199252, 4.382932], [-75.19953, 4.382932], [-75.199528, 4.382095], [-75.199806, 4.382094], [-75.199806, 4.381815]], [[-75.198418, 4.383213], [-75.198419, 4.383771], [-75.198697, 4.38377], [-75.198696, 4.383212], [-75.198418, 4.383213]], [[-75.198422, 4.385724], [-75.198422, 4.386003], [-75.1987, 4.386003], [-75.1987, 4.385724], [-75.198422, 4.385724]], [[-75.198982, 4.388514], [-75.198983, 4.389072], [-75.199261, 4.389072], [-75.19926, 4.388514], [-75.198982, 4.388514]], [[-75.198981, 4.388235], [-75.198425, 4.388236], [-75.198426, 4.388515], [-75.198982, 4.388514], [-75.198981, 4.388235]], [[-75.198964, 4.376235], [-75.198964, 4.376514], [-75.19952, 4.376514], [-75.19952, 4.376235], [-75.198964, 4.376235]], [[-75.198963, 4.375956], [-75.198685, 4.375957], [-75.198686, 4.376236], [-75.198964, 4.376235], [-75.198963, 4.375956]], [[-75.198952, 4.368143], [-75.198952, 4.368422], [-75.199508, 4.368421], [-75.199508, 4.3687], [-75.199786, 4.3687], [-75.199786, 4.368141], [-75.198952, 4.368143]], [[-75.19982, 4.391303], [-75.198986, 4.391305], [-75.198986, 4.391584], [-75.19982, 4.391582], [-75.19982, 4.391303]], [[-75.199539, 4.38935], [-75.199261, 4.389351], [-75.199262, 4.38963], [-75.19954, 4.389629], [-75.199539, 4.38935]], [[-75.199791, 4.372048], [-75.199513, 4.372049], [-75.199514, 4.372328], [-75.199792, 4.372327], [-75.199791, 4.372048]], [[-75.200069, 4.372048], [-75.200069, 4.371769], [-75.199791, 4.371769], [-75.199791, 4.372048], [-75.200069, 4.372048]], [[-75.199815, 4.388234], [-75.199537, 4.388234], [-75.199538, 4.388513], [-75.199816, 4.388513], [-75.199815, 4.388234]], [[-75.201457, 4.37065], [-75.201457, 4.370371], [-75.201179, 4.370372], [-75.201179, 4.370093], [-75.200622, 4.370094], [-75.200623, 4.370373], [-75.200067, 4.370373], [-75.200068, 4.371211], [-75.200624, 4.37121], [-75.200624, 4.370931], [-75.200902, 4.37093], [-75.200901, 4.370651], [-75.201457, 4.37065]], [[-75.200637, 4.379861], [-75.200359, 4.379861], [-75.200359, 4.38014], [-75.200637, 4.38014], [-75.200637, 4.379861]], [[-75.201766, 4.3913], [-75.201767, 4.391859], [-75.202045, 4.391858], [-75.202044, 4.3913], [-75.201766, 4.3913]], [[-75.201766, 4.391021], [-75.201488, 4.391022], [-75.201488, 4.391301], [-75.201766, 4.3913], [-75.201766, 4.391021]], [[-75.201487, 4.390743], [-75.201209, 4.390743], [-75.20121, 4.391022], [-75.201488, 4.391022], [-75.201487, 4.390743]], [[-75.201209, 4.390464], [-75.200931, 4.390465], [-75.200931, 4.390744], [-75.201209, 4.390743], [-75.201209, 4.390464]], [[-75.20093, 4.390185], [-75.200652, 4.390186], [-75.200653, 4.390465], [-75.200931, 4.390465], [-75.20093, 4.390185]], [[-75.200375, 4.390465], [-75.200375, 4.390744], [-75.200653, 4.390744], [-75.200653, 4.390465], [-75.200375, 4.390465]], [[-75.201443, 4.361162], [-75.201444, 4.361441], [-75.201722, 4.361441], [-75.201721, 4.361162], [-75.201443, 4.361162]], [[-75.201443, 4.360883], [-75.200887, 4.360884], [-75.200887, 4.361163], [-75.200609, 4.361164], [-75.20061, 4.361443], [-75.201166, 4.361442], [-75.201165, 4.361163], [-75.201443, 4.361162], [-75.201443, 4.360883]], [[-75.201999, 4.361162], [-75.201999, 4.360883], [-75.201721, 4.360883], [-75.201721, 4.361162], [-75.201999, 4.361162]], [[-75.200651, 4.38907], [-75.200651, 4.389349], [-75.200929, 4.389348], [-75.200929, 4.389069], [-75.200651, 4.38907]], [[-75.201167, 4.362279], [-75.200889, 4.36228], [-75.200889, 4.362559], [-75.201167, 4.362558], [-75.201167, 4.362279]], [[-75.201193, 4.380139], [-75.200915, 4.380139], [-75.200916, 4.380418], [-75.201194, 4.380418], [-75.201193, 4.380139]], [[-75.20177, 4.393533], [-75.20177, 4.393812], [-75.201214, 4.393813], [-75.201214, 4.394092], [-75.201492, 4.394091], [-75.201493, 4.394371], [-75.202605, 4.394369], [-75.202604, 4.39409], [-75.202882, 4.394089], [-75.202882, 4.39381], [-75.202604, 4.393811], [-75.202604, 4.393532], [-75.20177, 4.393533]], [[-75.200937, 4.394371], [-75.200937, 4.39465], [-75.201493, 4.39465], [-75.201493, 4.394371], [-75.200937, 4.394371]], [[-75.202882, 4.393531], [-75.202881, 4.392973], [-75.202325, 4.392974], [-75.202325, 4.393253], [-75.202603, 4.393253], [-75.202604, 4.393532], [-75.202882, 4.393531]], [[-75.201432, 4.353349], [-75.201154, 4.353349], [-75.201154, 4.353628], [-75.201432, 4.353628], [-75.201432, 4.353349]], [[-75.202024, 4.377626], [-75.202024, 4.377905], [-75.20119, 4.377906], [-75.201191, 4.378744], [-75.201469, 4.378743], [-75.201469, 4.378464], [-75.202303, 4.378463], [-75.202302, 4.377626], [-75.202024, 4.377626]], [[-75.201742, 4.374836], [-75.201742, 4.375115], [-75.20202, 4.375115], [-75.20202, 4.374836], [-75.201742, 4.374836]], [[-75.201741, 4.374557], [-75.201463, 4.374557], [-75.201464, 4.374836], [-75.201742, 4.374836], [-75.201741, 4.374557]], [[-75.202305, 4.379579], [-75.201749, 4.37958], [-75.201748, 4.379301], [-75.20147, 4.379301], [-75.201471, 4.379859], [-75.202305, 4.379858], [-75.202305, 4.379579]], [[-75.202049, 4.394649], [-75.201771, 4.394649], [-75.201772, 4.394928], [-75.20205, 4.394928], [-75.202049, 4.394649]], [[-75.202556, 4.361719], [-75.202, 4.36172], [-75.202, 4.361999], [-75.202556, 4.361998], [-75.202556, 4.361719]], [[-75.202295, 4.372882], [-75.202017, 4.372882], [-75.202017, 4.373161], [-75.202295, 4.373161], [-75.202295, 4.372882]], [[-75.202308, 4.382091], [-75.20203, 4.382091], [-75.202031, 4.38237], [-75.202309, 4.38237], [-75.202308, 4.382091]], [[-75.202588, 4.382927], [-75.202588, 4.383206], [-75.20231, 4.383207], [-75.202311, 4.383486], [-75.202867, 4.383485], [-75.202866, 4.383206], [-75.203144, 4.383206], [-75.203144, 4.382927], [-75.202588, 4.382927]], [[-75.202587, 4.382648], [-75.202031, 4.382649], [-75.202032, 4.382928], [-75.202588, 4.382927], [-75.202587, 4.382648]], [[-75.202321, 4.390741], [-75.202043, 4.390742], [-75.202044, 4.391021], [-75.202322, 4.391021], [-75.202321, 4.390741]], [[-75.203387, 4.359764], [-75.203388, 4.360043], [-75.20311, 4.360044], [-75.20311, 4.360323], [-75.203666, 4.360322], [-75.203666, 4.360043], [-75.203944, 4.360042], [-75.203943, 4.359763], [-75.203387, 4.359764]], [[-75.202276, 4.360324], [-75.202276, 4.360603], [-75.202554, 4.360603], [-75.202555, 4.360882], [-75.202833, 4.360881], [-75.202832, 4.360602], [-75.20311, 4.360602], [-75.20311, 4.360323], [-75.202276, 4.360324]], [[-75.205055, 4.359762], [-75.205055, 4.359483], [-75.203943, 4.359484], [-75.203943, 4.359763], [-75.205055, 4.359762]], [[-75.203132, 4.374834], [-75.203132, 4.375113], [-75.203688, 4.375112], [-75.203688, 4.374833], [-75.203132, 4.374834]], [[-75.203131, 4.374276], [-75.202575, 4.374277], [-75.202575, 4.374556], [-75.202853, 4.374555], [-75.202854, 4.374834], [-75.203132, 4.374834], [-75.203131, 4.374276]], [[-75.202854, 4.375113], [-75.202576, 4.375114], [-75.202576, 4.375393], [-75.202854, 4.375392], [-75.202854, 4.375113]], [[-75.202586, 4.381532], [-75.202586, 4.381811], [-75.202864, 4.381811], [-75.202864, 4.381532], [-75.202586, 4.381532]], [[-75.202878, 4.391299], [-75.20288, 4.392136], [-75.203158, 4.392136], [-75.203157, 4.391856], [-75.203435, 4.391856], [-75.203435, 4.391577], [-75.203157, 4.391577], [-75.203156, 4.391298], [-75.202878, 4.391299]], [[-75.202878, 4.39102], [-75.2026, 4.39102], [-75.2026, 4.391299], [-75.202878, 4.391299], [-75.202878, 4.39102]], [[-75.203412, 4.376229], [-75.203412, 4.376508], [-75.20369, 4.376507], [-75.20369, 4.376228], [-75.203412, 4.376229]], [[-75.203411, 4.37595], [-75.203133, 4.37595], [-75.203134, 4.376229], [-75.203412, 4.376229], [-75.203411, 4.37595]], [[-75.203133, 4.375671], [-75.202855, 4.375671], [-75.202855, 4.375951], [-75.203133, 4.37595], [-75.203133, 4.375671]], [[-75.203415, 4.378182], [-75.203416, 4.37874], [-75.202859, 4.378741], [-75.20286, 4.379299], [-75.203694, 4.379298], [-75.203693, 4.378182], [-75.203415, 4.378182]], [[-75.203414, 4.377903], [-75.202858, 4.377904], [-75.202859, 4.378183], [-75.203415, 4.378182], [-75.203414, 4.377903]], [[-75.203692, 4.377903], [-75.203691, 4.377345], [-75.203413, 4.377345], [-75.203414, 4.377903], [-75.203692, 4.377903]], [[-75.203413, 4.377066], [-75.203135, 4.377066], [-75.203135, 4.377345], [-75.203413, 4.377345], [-75.203413, 4.377066]], [[-75.203135, 4.376787], [-75.202857, 4.376788], [-75.202857, 4.377067], [-75.203135, 4.377066], [-75.203135, 4.376787]], [[-75.203421, 4.382368], [-75.202865, 4.382369], [-75.202865, 4.382648], [-75.203421, 4.382647], [-75.203421, 4.382368]], [[-75.203392, 4.363113], [-75.203114, 4.363113], [-75.203115, 4.363392], [-75.203393, 4.363392], [-75.203392, 4.363113]], [[-75.203127, 4.371764], [-75.203127, 4.372043], [-75.203684, 4.372042], [-75.203683, 4.371763], [-75.203127, 4.371764]], [[-75.203417, 4.379857], [-75.203418, 4.380136], [-75.203974, 4.380135], [-75.203973, 4.379856], [-75.203417, 4.379857]], [[-75.203417, 4.379577], [-75.203139, 4.379578], [-75.203139, 4.379857], [-75.203417, 4.379857], [-75.203417, 4.379577]], [[-75.203388, 4.360601], [-75.203389, 4.36116], [-75.203667, 4.361159], [-75.203666, 4.360601], [-75.203388, 4.360601]], [[-75.203391, 4.362555], [-75.203392, 4.362834], [-75.20367, 4.362833], [-75.203669, 4.362554], [-75.203391, 4.362555]], [[-75.203992, 4.392413], [-75.203992, 4.392692], [-75.20427, 4.392692], [-75.20427, 4.392413], [-75.203992, 4.392413]], [[-75.20399, 4.391297], [-75.203712, 4.391298], [-75.203714, 4.392414], [-75.203992, 4.392413], [-75.20399, 4.391297]], [[-75.203932, 4.352508], [-75.203933, 4.352787], [-75.204211, 4.352786], [-75.20421, 4.352507], [-75.203932, 4.352508]], [[-75.204227, 4.363391], [-75.204783, 4.36339], [-75.204782, 4.363111], [-75.20506, 4.36311], [-75.20506, 4.362831], [-75.205338, 4.362831], [-75.205337, 4.362273], [-75.204781, 4.362274], [-75.204781, 4.362553], [-75.204503, 4.362553], [-75.204504, 4.363111], [-75.204226, 4.363112], [-75.204225, 4.362275], [-75.203947, 4.362275], [-75.203949, 4.36367], [-75.204227, 4.36367], [-75.204227, 4.363391]], [[-75.204533, 4.382366], [-75.204533, 4.382645], [-75.204811, 4.382645], [-75.204811, 4.382366], [-75.204533, 4.382366]], [[-75.204533, 4.382087], [-75.203977, 4.382088], [-75.203977, 4.382367], [-75.204533, 4.382366], [-75.204533, 4.382087]], [[-75.205089, 4.382366], [-75.205089, 4.382086], [-75.204811, 4.382087], [-75.204811, 4.382366], [-75.205089, 4.382366]], [[-75.203996, 4.395204], [-75.203997, 4.395483], [-75.204831, 4.395482], [-75.20483, 4.395203], [-75.205108, 4.395202], [-75.205107, 4.394644], [-75.204273, 4.394645], [-75.204274, 4.395203], [-75.203996, 4.395204]], [[-75.20422, 4.358647], [-75.20422, 4.358926], [-75.204498, 4.358925], [-75.204498, 4.358646], [-75.20422, 4.358647]], [[-75.204776, 4.358646], [-75.204775, 4.358367], [-75.204497, 4.358367], [-75.204498, 4.358646], [-75.204776, 4.358646]], [[-75.206164, 4.357249], [-75.206164, 4.357807], [-75.20672, 4.357806], [-75.20672, 4.357527], [-75.207276, 4.357526], [-75.207276, 4.357247], [-75.206164, 4.357249]], [[-75.206163, 4.356969], [-75.205329, 4.356971], [-75.205328, 4.356413], [-75.20505, 4.356413], [-75.20505, 4.356134], [-75.204494, 4.356135], [-75.204495, 4.356693], [-75.205051, 4.356692], [-75.205051, 4.35725], [-75.206164, 4.357249], [-75.206163, 4.356969]], [[-75.204773, 4.357251], [-75.204774, 4.35753], [-75.204496, 4.35753], [-75.204496, 4.357809], [-75.205052, 4.357808], [-75.205051, 4.35725], [-75.204773, 4.357251]], [[-75.205104, 4.392412], [-75.204826, 4.392412], [-75.204827, 4.393249], [-75.205383, 4.393248], [-75.205383, 4.39269], [-75.205105, 4.392691], [-75.205104, 4.392412]], [[-75.205382, 4.392411], [-75.205381, 4.391853], [-75.205103, 4.391854], [-75.205103, 4.391574], [-75.204825, 4.391575], [-75.204824, 4.391296], [-75.204546, 4.391296], [-75.204547, 4.391854], [-75.204825, 4.391854], [-75.204826, 4.392133], [-75.205104, 4.392133], [-75.205104, 4.392412], [-75.205382, 4.392411]], [[-75.205056, 4.36032], [-75.204778, 4.36032], [-75.204778, 4.360599], [-75.205056, 4.360599], [-75.205056, 4.36032]], [[-75.205075, 4.373157], [-75.204797, 4.373157], [-75.204798, 4.373436], [-75.205076, 4.373436], [-75.205075, 4.373157]], [[-75.205086, 4.380133], [-75.204808, 4.380133], [-75.204808, 4.380413], [-75.205086, 4.380412], [-75.205086, 4.380133]], [[-75.205046, 4.353343], [-75.205046, 4.353622], [-75.205324, 4.353622], [-75.205324, 4.353343], [-75.205046, 4.353343]], [[-75.205357, 4.375389], [-75.206191, 4.375387], [-75.20619, 4.375108], [-75.205078, 4.37511], [-75.205079, 4.375668], [-75.205357, 4.375668], [-75.205357, 4.375389]], [[-75.205358, 4.376505], [-75.20508, 4.376505], [-75.205081, 4.376784], [-75.205359, 4.376784], [-75.205358, 4.376505]], [[-75.205109, 4.395481], [-75.205109, 4.39576], [-75.205387, 4.39576], [-75.205387, 4.395481], [-75.205109, 4.395481]], [[-75.205917, 4.378178], [-75.205639, 4.378179], [-75.205639, 4.378458], [-75.205361, 4.378458], [-75.205362, 4.378737], [-75.20564, 4.378737], [-75.20564, 4.379016], [-75.205918, 4.379016], [-75.205917, 4.378178]], [[-75.205877, 4.351389], [-75.205877, 4.351668], [-75.206155, 4.351667], [-75.206155, 4.351388], [-75.205877, 4.351389]], [[-75.205876, 4.35111], [-75.205598, 4.35111], [-75.205599, 4.351389], [-75.205877, 4.351389], [-75.205876, 4.35111]], [[-75.207271, 4.354177], [-75.207271, 4.354456], [-75.207549, 4.354456], [-75.207549, 4.354177], [-75.207271, 4.354177]], [[-75.207271, 4.353898], [-75.206993, 4.353899], [-75.206992, 4.353619], [-75.206714, 4.35362], [-75.206714, 4.353341], [-75.206436, 4.353341], [-75.206437, 4.353899], [-75.206715, 4.353899], [-75.206715, 4.354178], [-75.207271, 4.354177], [-75.207271, 4.353898]], [[-75.206435, 4.353062], [-75.206157, 4.353063], [-75.206158, 4.353342], [-75.206436, 4.353341], [-75.206435, 4.353062]], [[-75.206157, 4.352784], [-75.206713, 4.352783], [-75.206712, 4.352504], [-75.2056, 4.352505], [-75.205601, 4.352784], [-75.205879, 4.352784], [-75.205879, 4.353063], [-75.206157, 4.353063], [-75.206157, 4.352784]], [[-75.206713, 4.353062], [-75.206991, 4.353061], [-75.206991, 4.352782], [-75.206713, 4.352783], [-75.206713, 4.353062]], [[-75.206992, 4.35334], [-75.20727, 4.35334], [-75.207269, 4.353061], [-75.206991, 4.353061], [-75.206992, 4.35334]], [[-75.20727, 4.353619], [-75.207548, 4.353619], [-75.207548, 4.35334], [-75.20727, 4.35334], [-75.20727, 4.353619]], [[-75.206159, 4.3539], [-75.206159, 4.354179], [-75.206437, 4.354178], [-75.206437, 4.353899], [-75.206159, 4.3539]], [[-75.205602, 4.353343], [-75.205603, 4.353901], [-75.205881, 4.3539], [-75.20588, 4.353342], [-75.205602, 4.353343]], [[-75.205606, 4.356412], [-75.205607, 4.356691], [-75.205885, 4.356691], [-75.205884, 4.356412], [-75.205606, 4.356412]], [[-75.205891, 4.360877], [-75.206169, 4.360876], [-75.206168, 4.360039], [-75.20589, 4.36004], [-75.20589, 4.360319], [-75.205612, 4.360319], [-75.205612, 4.360598], [-75.205891, 4.360598], [-75.205891, 4.360877]], [[-75.205911, 4.374272], [-75.205911, 4.374551], [-75.206189, 4.37455], [-75.206189, 4.374271], [-75.205911, 4.374272]], [[-75.205911, 4.373992], [-75.205633, 4.373993], [-75.205633, 4.374272], [-75.205911, 4.374272], [-75.205911, 4.373992]], [[-75.205659, 4.391853], [-75.20566, 4.392411], [-75.206216, 4.39241], [-75.206217, 4.392689], [-75.206495, 4.392689], [-75.206494, 4.39213], [-75.206216, 4.392131], [-75.206215, 4.391852], [-75.205659, 4.391853]], [[-75.206775, 4.394083], [-75.206775, 4.394363], [-75.207053, 4.394362], [-75.207053, 4.394083], [-75.206775, 4.394083]], [[-75.206774, 4.393804], [-75.20594, 4.393806], [-75.205941, 4.394643], [-75.20622, 4.394642], [-75.206219, 4.394084], [-75.206775, 4.394083], [-75.206774, 4.393804]], [[-75.206445, 4.35976], [-75.206446, 4.360318], [-75.206724, 4.360317], [-75.206725, 4.360875], [-75.207281, 4.360875], [-75.207281, 4.360596], [-75.207559, 4.360595], [-75.207558, 4.360316], [-75.207002, 4.360317], [-75.207002, 4.360038], [-75.206724, 4.360038], [-75.206723, 4.359759], [-75.206445, 4.35976]], [[-75.206451, 4.363666], [-75.206452, 4.363946], [-75.20673, 4.363945], [-75.206729, 4.363666], [-75.206451, 4.363666]], [[-75.206989, 4.351387], [-75.206989, 4.351666], [-75.207545, 4.351665], [-75.207545, 4.351386], [-75.206989, 4.351387]], [[-75.206988, 4.351108], [-75.20671, 4.351108], [-75.206711, 4.351387], [-75.206989, 4.351387], [-75.206988, 4.351108]], [[-75.208138, 4.375943], [-75.207304, 4.375944], [-75.207304, 4.376223], [-75.206748, 4.376224], [-75.206748, 4.376503], [-75.207304, 4.376502], [-75.207305, 4.376781], [-75.207583, 4.376781], [-75.207582, 4.376502], [-75.20786, 4.376501], [-75.20786, 4.376222], [-75.208138, 4.376222], [-75.208138, 4.375943]], [[-75.207286, 4.363944], [-75.207008, 4.363945], [-75.207008, 4.364224], [-75.207286, 4.364223], [-75.207286, 4.363944]], [[-75.210341, 4.361986], [-75.210341, 4.362265], [-75.211175, 4.362264], [-75.211176, 4.362543], [-75.210342, 4.362544], [-75.210342, 4.362823], [-75.209786, 4.362824], [-75.209786, 4.362545], [-75.210064, 4.362545], [-75.210063, 4.361987], [-75.209785, 4.361987], [-75.209785, 4.362266], [-75.209507, 4.362267], [-75.209508, 4.362546], [-75.20923, 4.362546], [-75.20923, 4.362825], [-75.208952, 4.362826], [-75.208952, 4.363105], [-75.208396, 4.363105], [-75.208396, 4.362826], [-75.20784, 4.362827], [-75.20784, 4.363106], [-75.207284, 4.363107], [-75.207285, 4.363386], [-75.209231, 4.363383], [-75.209232, 4.363941], [-75.208676, 4.363942], [-75.208676, 4.364221], [-75.208954, 4.364221], [-75.208954, 4.3645], [-75.20951, 4.364499], [-75.20951, 4.363941], [-75.209788, 4.36394], [-75.209787, 4.363382], [-75.210065, 4.363382], [-75.210066, 4.36394], [-75.2109, 4.363939], [-75.210899, 4.363381], [-75.211177, 4.36338], [-75.211178, 4.363938], [-75.211456, 4.363938], [-75.211456, 4.364217], [-75.211734, 4.364217], [-75.211733, 4.363379], [-75.212011, 4.363379], [-75.21201, 4.362542], [-75.212844, 4.362541], [-75.212843, 4.362262], [-75.211731, 4.362263], [-75.211731, 4.361984], [-75.210341, 4.361986]], [[-75.208675, 4.363663], [-75.208397, 4.363664], [-75.208398, 4.363943], [-75.208676, 4.363942], [-75.208675, 4.363663]], [[-75.212565, 4.361983], [-75.212564, 4.361704], [-75.21173, 4.361705], [-75.211731, 4.361984], [-75.212565, 4.361983]], [[-75.207554, 4.357525], [-75.207554, 4.357805], [-75.207832, 4.357804], [-75.207832, 4.357525], [-75.207554, 4.357525]], [[-75.210059, 4.359475], [-75.21006, 4.360033], [-75.211172, 4.360032], [-75.211171, 4.359753], [-75.210337, 4.359754], [-75.210337, 4.359475], [-75.210059, 4.359475]], [[-75.210059, 4.359196], [-75.209224, 4.359197], [-75.209224, 4.358918], [-75.207834, 4.35892], [-75.207834, 4.358641], [-75.207556, 4.358642], [-75.207557, 4.359758], [-75.208113, 4.359757], [-75.208113, 4.359478], [-75.208391, 4.359478], [-75.20839, 4.359199], [-75.208668, 4.359198], [-75.208669, 4.359756], [-75.209503, 4.359755], [-75.209503, 4.359476], [-75.210059, 4.359475], [-75.210059, 4.359196]], [[-75.208114, 4.360036], [-75.208392, 4.360036], [-75.208391, 4.359757], [-75.208113, 4.359757], [-75.208114, 4.360036]], [[-75.208096, 4.348037], [-75.208096, 4.348316], [-75.208374, 4.348315], [-75.208374, 4.348036], [-75.208096, 4.348037]], [[-75.208095, 4.347758], [-75.207817, 4.347758], [-75.207818, 4.348037], [-75.208096, 4.348037], [-75.208095, 4.347758]], [[-75.207823, 4.351665], [-75.207824, 4.352223], [-75.208102, 4.352223], [-75.208101, 4.351664], [-75.207823, 4.351665]], [[-75.208375, 4.349152], [-75.208097, 4.349153], [-75.208098, 4.349432], [-75.208376, 4.349432], [-75.208375, 4.349152]], [[-75.208111, 4.358083], [-75.208112, 4.358641], [-75.209502, 4.358639], [-75.209501, 4.35836], [-75.208389, 4.358361], [-75.208389, 4.358082], [-75.208111, 4.358083]], [[-75.208647, 4.344687], [-75.208369, 4.344688], [-75.20837, 4.345804], [-75.208648, 4.345803], [-75.208647, 4.344687]], [[-75.208925, 4.344687], [-75.208924, 4.344408], [-75.208646, 4.344408], [-75.208647, 4.344687], [-75.208925, 4.344687]], [[-75.20865, 4.346641], [-75.208372, 4.346641], [-75.208372, 4.34692], [-75.20865, 4.34692], [-75.20865, 4.346641]], [[-75.208659, 4.353059], [-75.208381, 4.353059], [-75.208382, 4.353338], [-75.20866, 4.353338], [-75.208659, 4.353059]], [[-75.209496, 4.354732], [-75.209496, 4.355011], [-75.209774, 4.355011], [-75.209774, 4.354732], [-75.209496, 4.354732]], [[-75.209495, 4.354453], [-75.209217, 4.354453], [-75.209218, 4.354732], [-75.209496, 4.354732], [-75.209495, 4.354453]], [[-75.209217, 4.354174], [-75.208661, 4.354175], [-75.208661, 4.354454], [-75.209217, 4.354453], [-75.209217, 4.354174]], [[-75.208661, 4.353896], [-75.208383, 4.353896], [-75.208383, 4.354176], [-75.208661, 4.354175], [-75.208661, 4.353896]], [[-75.209218, 4.355011], [-75.208384, 4.355013], [-75.208385, 4.355292], [-75.208663, 4.355291], [-75.208663, 4.35557], [-75.209219, 4.35557], [-75.209218, 4.355011]], [[-75.208673, 4.361989], [-75.208673, 4.362268], [-75.208395, 4.362268], [-75.208395, 4.362547], [-75.208951, 4.362546], [-75.208951, 4.361988], [-75.208673, 4.361989]], [[-75.20893, 4.348314], [-75.208652, 4.348315], [-75.208653, 4.348594], [-75.208931, 4.348594], [-75.20893, 4.348314]], [[-75.209216, 4.353616], [-75.208938, 4.353617], [-75.208939, 4.353896], [-75.209217, 4.353895], [-75.209216, 4.353616]], [[-75.209494, 4.353616], [-75.209494, 4.353337], [-75.209216, 4.353337], [-75.209216, 4.353616], [-75.209494, 4.353616]], [[-75.20948, 4.344128], [-75.209202, 4.344128], [-75.209202, 4.344407], [-75.20948, 4.344407], [-75.20948, 4.344128]], [[-75.210041, 4.347476], [-75.209207, 4.347477], [-75.209207, 4.347756], [-75.210041, 4.347755], [-75.210041, 4.347476]], [[-75.209228, 4.361709], [-75.209229, 4.361988], [-75.209507, 4.361987], [-75.209506, 4.361708], [-75.209228, 4.361709]], [[-75.21005, 4.353615], [-75.209772, 4.353615], [-75.209773, 4.353894], [-75.210051, 4.353894], [-75.21005, 4.353615]], [[-75.20978, 4.358638], [-75.20978, 4.358917], [-75.210058, 4.358917], [-75.210058, 4.358638], [-75.20978, 4.358638]], [[-75.213949, 4.358353], [-75.213671, 4.358353], [-75.213672, 4.358632], [-75.21395, 4.358632], [-75.213949, 4.358353]], [[-75.215061, 4.358351], [-75.215061, 4.358072], [-75.214227, 4.358074], [-75.214226, 4.357794], [-75.215339, 4.357793], [-75.215338, 4.357514], [-75.21367, 4.357516], [-75.21367, 4.357795], [-75.212558, 4.357797], [-75.212558, 4.357518], [-75.21228, 4.357518], [-75.212279, 4.356681], [-75.212001, 4.356682], [-75.212001, 4.356961], [-75.211445, 4.356962], [-75.211445, 4.356682], [-75.211723, 4.356682], [-75.211722, 4.355845], [-75.211166, 4.355846], [-75.211166, 4.356125], [-75.210888, 4.356125], [-75.210889, 4.356962], [-75.210611, 4.356963], [-75.210612, 4.357242], [-75.21089, 4.357241], [-75.21089, 4.3578], [-75.211168, 4.357799], [-75.211168, 4.35752], [-75.212002, 4.357519], [-75.212002, 4.357798], [-75.21228, 4.357797], [-75.212281, 4.358356], [-75.212559, 4.358355], [-75.212559, 4.358076], [-75.213949, 4.358074], [-75.213949, 4.358353], [-75.215061, 4.358351]], [[-75.210887, 4.355567], [-75.210609, 4.355567], [-75.21061, 4.356126], [-75.210888, 4.356125], [-75.210887, 4.355567]], [[-75.210609, 4.355288], [-75.210331, 4.355289], [-75.210331, 4.355568], [-75.210609, 4.355567], [-75.210609, 4.355288]], [[-75.21033, 4.35501], [-75.210052, 4.35501], [-75.210053, 4.355289], [-75.210331, 4.355289], [-75.21033, 4.35501]], [[-75.210069, 4.366452], [-75.21007, 4.366731], [-75.210626, 4.36673], [-75.210625, 4.366451], [-75.210069, 4.366452]], [[-75.21117, 4.358636], [-75.210892, 4.358637], [-75.210892, 4.358916], [-75.210336, 4.358917], [-75.210337, 4.359196], [-75.211171, 4.359194], [-75.21117, 4.358636]], [[-75.211726, 4.358635], [-75.211725, 4.358356], [-75.211169, 4.358357], [-75.21117, 4.358636], [-75.211726, 4.358635]], [[-75.211174, 4.361427], [-75.21173, 4.361426], [-75.211729, 4.361147], [-75.210895, 4.361148], [-75.210896, 4.361427], [-75.21034, 4.361428], [-75.21034, 4.361707], [-75.211174, 4.361706], [-75.211174, 4.361427]], [[-75.210902, 4.365613], [-75.210346, 4.365614], [-75.210347, 4.365893], [-75.210903, 4.365892], [-75.210902, 4.365613]], [[-75.210667, 4.394357], [-75.210389, 4.394357], [-75.21039, 4.394636], [-75.210668, 4.394636], [-75.210667, 4.394357]], [[-75.210894, 4.360311], [-75.210616, 4.360311], [-75.210617, 4.360591], [-75.210895, 4.36059], [-75.210894, 4.360311]], [[-75.210943, 4.392961], [-75.210665, 4.392961], [-75.210666, 4.39324], [-75.210944, 4.39324], [-75.210943, 4.392961]], [[-75.210946, 4.394914], [-75.210668, 4.394915], [-75.210669, 4.395194], [-75.210947, 4.395193], [-75.210946, 4.394914]], [[-75.210859, 4.33687], [-75.21086, 4.337428], [-75.211138, 4.337428], [-75.211138, 4.337149], [-75.211416, 4.337148], [-75.211415, 4.336869], [-75.210859, 4.33687]], [[-75.210904, 4.366729], [-75.210904, 4.367008], [-75.212294, 4.367006], [-75.212294, 4.366727], [-75.210904, 4.366729]], [[-75.211136, 4.336033], [-75.211136, 4.336312], [-75.211692, 4.336311], [-75.211692, 4.336032], [-75.211136, 4.336033]], [[-75.21317, 4.394353], [-75.21317, 4.394632], [-75.213448, 4.394631], [-75.213448, 4.394352], [-75.21317, 4.394353]], [[-75.213169, 4.394074], [-75.212057, 4.394075], [-75.212057, 4.394355], [-75.21317, 4.394353], [-75.213169, 4.394074]], [[-75.212057, 4.393796], [-75.211779, 4.393797], [-75.211778, 4.393518], [-75.2115, 4.393518], [-75.211501, 4.394076], [-75.212057, 4.394075], [-75.212057, 4.393796]], [[-75.2115, 4.393239], [-75.211222, 4.39324], [-75.211222, 4.393519], [-75.2115, 4.393518], [-75.2115, 4.393239]], [[-75.211223, 4.394077], [-75.211223, 4.394356], [-75.211501, 4.394355], [-75.211501, 4.394076], [-75.211223, 4.394077]], [[-75.211424, 4.343009], [-75.211425, 4.343288], [-75.212537, 4.343286], [-75.212536, 4.343007], [-75.211424, 4.343009]], [[-75.212005, 4.359472], [-75.211449, 4.359473], [-75.211449, 4.359752], [-75.212005, 4.359751], [-75.212005, 4.359472]], [[-75.211458, 4.365612], [-75.211459, 4.365891], [-75.212015, 4.365891], [-75.212014, 4.365611], [-75.211458, 4.365612]], [[-75.211777, 4.39296], [-75.211778, 4.393239], [-75.212334, 4.393238], [-75.212333, 4.392959], [-75.211777, 4.39296]], [[-75.21178, 4.394913], [-75.211781, 4.395192], [-75.212337, 4.395191], [-75.212336, 4.394912], [-75.21178, 4.394913]], [[-75.212535, 4.342449], [-75.211979, 4.34245], [-75.21198, 4.342729], [-75.212536, 4.342728], [-75.212535, 4.342449]], [[-75.212282, 4.358635], [-75.212004, 4.358635], [-75.212004, 4.358914], [-75.212282, 4.358914], [-75.212282, 4.358635]], [[-75.212527, 4.336589], [-75.212249, 4.336589], [-75.212249, 4.336868], [-75.212527, 4.336868], [-75.212527, 4.336589]], [[-75.212283, 4.359193], [-75.212283, 4.359472], [-75.212839, 4.359471], [-75.212838, 4.358913], [-75.21256, 4.358913], [-75.212561, 4.359192], [-75.212283, 4.359193]], [[-75.213687, 4.368958], [-75.213409, 4.368958], [-75.21341, 4.369237], [-75.213966, 4.369236], [-75.213965, 4.368678], [-75.214243, 4.368678], [-75.214241, 4.367282], [-75.213129, 4.367284], [-75.213128, 4.367005], [-75.213406, 4.367005], [-75.213406, 4.366726], [-75.212572, 4.366727], [-75.212573, 4.367285], [-75.212851, 4.367285], [-75.212851, 4.367564], [-75.213407, 4.367563], [-75.213408, 4.3684], [-75.213686, 4.3684], [-75.213687, 4.368958]], [[-75.213684, 4.366725], [-75.213683, 4.366446], [-75.213405, 4.366447], [-75.213406, 4.366726], [-75.213684, 4.366725]], [[-75.212295, 4.367285], [-75.212295, 4.367564], [-75.212573, 4.367564], [-75.212573, 4.367285], [-75.212295, 4.367285]], [[-75.21313, 4.3684], [-75.213131, 4.368679], [-75.213409, 4.368679], [-75.213408, 4.3684], [-75.21313, 4.3684]], [[-75.21255, 4.352216], [-75.212551, 4.352495], [-75.213385, 4.352494], [-75.213384, 4.352215], [-75.21255, 4.352216]], [[-75.21336, 4.336308], [-75.212804, 4.336309], [-75.212805, 4.336588], [-75.213361, 4.336587], [-75.21336, 4.336308]], [[-75.213638, 4.336308], [-75.213638, 4.336029], [-75.21336, 4.336029], [-75.21336, 4.336308], [-75.213638, 4.336308]], [[-75.212809, 4.339379], [-75.212809, 4.339658], [-75.213365, 4.339657], [-75.213365, 4.339378], [-75.212809, 4.339379]], [[-75.213123, 4.363656], [-75.212845, 4.363657], [-75.212846, 4.364215], [-75.213124, 4.364215], [-75.213123, 4.363656]], [[-75.212848, 4.365331], [-75.212849, 4.365889], [-75.213127, 4.365889], [-75.213126, 4.36561], [-75.213404, 4.365609], [-75.213405, 4.365888], [-75.213961, 4.365888], [-75.21396, 4.365609], [-75.213682, 4.365609], [-75.213682, 4.36533], [-75.212848, 4.365331]], [[-75.21337, 4.342727], [-75.213092, 4.342727], [-75.213092, 4.343006], [-75.21337, 4.343006], [-75.21337, 4.342727]], [[-75.213649, 4.343284], [-75.213093, 4.343285], [-75.213093, 4.343564], [-75.213649, 4.343563], [-75.213649, 4.343284]], [[-75.21339, 4.356121], [-75.213112, 4.356122], [-75.213112, 4.356401], [-75.21339, 4.3564], [-75.21339, 4.356121]], [[-75.2134, 4.36254], [-75.2134, 4.363098], [-75.21479, 4.363096], [-75.214791, 4.363375], [-75.216459, 4.363372], [-75.216459, 4.363093], [-75.215346, 4.363095], [-75.215346, 4.362816], [-75.215624, 4.362815], [-75.215624, 4.362536], [-75.2134, 4.36254]], [[-75.213446, 4.393515], [-75.213447, 4.394073], [-75.213725, 4.394073], [-75.213725, 4.393794], [-75.214003, 4.393793], [-75.214002, 4.393514], [-75.213446, 4.393515]], [[-75.213911, 4.33268], [-75.213911, 4.332959], [-75.214189, 4.332958], [-75.214189, 4.332679], [-75.213911, 4.33268]], [[-75.21391, 4.332401], [-75.213632, 4.332401], [-75.213633, 4.33268], [-75.213911, 4.33268], [-75.21391, 4.332401]], [[-75.213637, 4.335192], [-75.213637, 4.335471], [-75.213915, 4.33547], [-75.213915, 4.335191], [-75.213637, 4.335192]], [[-75.213947, 4.356958], [-75.213669, 4.356958], [-75.21367, 4.357237], [-75.213948, 4.357237], [-75.213947, 4.356958]], [[-75.214191, 4.333795], [-75.213913, 4.333796], [-75.213913, 4.334075], [-75.214191, 4.334075], [-75.214191, 4.333795]], [[-75.213915, 4.335749], [-75.213916, 4.336028], [-75.214194, 4.336028], [-75.214193, 4.335749], [-75.213915, 4.335749]], [[-75.214198, 4.339098], [-75.214198, 4.338819], [-75.21392, 4.338819], [-75.213921, 4.339377], [-75.214755, 4.339376], [-75.214754, 4.339097], [-75.214198, 4.339098]], [[-75.214475, 4.337981], [-75.214197, 4.337981], [-75.214197, 4.33826], [-75.214475, 4.33826], [-75.214475, 4.337981]], [[-75.215027, 4.335189], [-75.215027, 4.335469], [-75.215305, 4.335468], [-75.215305, 4.335189], [-75.215027, 4.335189]], [[-75.215026, 4.33491], [-75.21447, 4.334911], [-75.214471, 4.33519], [-75.215027, 4.335189], [-75.215026, 4.33491]], [[-75.214754, 4.338539], [-75.214476, 4.338539], [-75.214476, 4.338818], [-75.214754, 4.338818], [-75.214754, 4.338539]], [[-75.214482, 4.343004], [-75.214483, 4.343283], [-75.215039, 4.343282], [-75.215038, 4.343003], [-75.214482, 4.343004]], [[-75.214487, 4.346353], [-75.214488, 4.346911], [-75.214766, 4.34691], [-75.214765, 4.346352], [-75.214487, 4.346353]], [[-75.215622, 4.361699], [-75.214788, 4.3617], [-75.214789, 4.36198], [-75.214511, 4.36198], [-75.214511, 4.362259], [-75.215623, 4.362257], [-75.215622, 4.361699]], [[-75.215074, 4.366723], [-75.214518, 4.366724], [-75.214518, 4.367003], [-75.215074, 4.367002], [-75.215074, 4.366723]], [[-75.215077, 4.368676], [-75.214799, 4.368677], [-75.214799, 4.368956], [-75.215077, 4.368956], [-75.215077, 4.368676]], [[-75.215308, 4.337422], [-75.21503, 4.337422], [-75.21503, 4.337701], [-75.215308, 4.337701], [-75.215308, 4.337422]], [[-75.215032, 4.338817], [-75.215032, 4.339096], [-75.215588, 4.339095], [-75.215588, 4.338816], [-75.215032, 4.338817]], [[-75.215065, 4.360584], [-75.215066, 4.361142], [-75.215344, 4.361141], [-75.215343, 4.360862], [-75.215621, 4.360862], [-75.215621, 4.360583], [-75.215065, 4.360584]], [[-75.215069, 4.363653], [-75.21507, 4.363932], [-75.215348, 4.363932], [-75.215347, 4.363653], [-75.215069, 4.363653]], [[-75.215354, 4.368118], [-75.215076, 4.368118], [-75.215076, 4.368397], [-75.215354, 4.368397], [-75.215354, 4.368118]], [[-75.222861, 4.368386], [-75.222861, 4.368665], [-75.222583, 4.368665], [-75.222582, 4.368107], [-75.22286, 4.368107], [-75.22286, 4.367827], [-75.222582, 4.367828], [-75.222581, 4.367549], [-75.222025, 4.36755], [-75.222026, 4.367829], [-75.221192, 4.36783], [-75.221191, 4.367551], [-75.220913, 4.367551], [-75.220914, 4.368109], [-75.220636, 4.36811], [-75.220637, 4.368389], [-75.219803, 4.36839], [-75.219803, 4.368669], [-75.219247, 4.36867], [-75.219247, 4.368391], [-75.218969, 4.368392], [-75.218968, 4.368112], [-75.21869, 4.368113], [-75.218691, 4.368392], [-75.218413, 4.368392], [-75.218413, 4.36895], [-75.218135, 4.368951], [-75.218136, 4.36923], [-75.21758, 4.369231], [-75.217581, 4.369789], [-75.217303, 4.369789], [-75.217303, 4.370068], [-75.217025, 4.370069], [-75.217025, 4.370348], [-75.216747, 4.370348], [-75.216748, 4.370627], [-75.217026, 4.370627], [-75.217026, 4.370906], [-75.217582, 4.370905], [-75.217582, 4.370626], [-75.21786, 4.370626], [-75.21786, 4.370347], [-75.218138, 4.370346], [-75.218137, 4.370067], [-75.218415, 4.370067], [-75.218415, 4.369788], [-75.218693, 4.369787], [-75.218692, 4.369508], [-75.219526, 4.369507], [-75.219527, 4.369786], [-75.219249, 4.369786], [-75.219249, 4.370065], [-75.218693, 4.370066], [-75.218694, 4.370345], [-75.218416, 4.370346], [-75.218416, 4.370625], [-75.21925, 4.370624], [-75.21925, 4.370344], [-75.219528, 4.370344], [-75.219527, 4.370065], [-75.220639, 4.370063], [-75.22064, 4.370342], [-75.221196, 4.370342], [-75.221195, 4.370062], [-75.221473, 4.370062], [-75.221473, 4.369783], [-75.222029, 4.369782], [-75.222028, 4.369503], [-75.223418, 4.369501], [-75.223418, 4.368943], [-75.224252, 4.368942], [-75.224251, 4.368663], [-75.223139, 4.368664], [-75.223139, 4.368385], [-75.222861, 4.368386]], [[-75.221469, 4.367551], [-75.221469, 4.367271], [-75.221191, 4.367272], [-75.221191, 4.367551], [-75.221469, 4.367551]], [[-75.219524, 4.368112], [-75.219524, 4.367833], [-75.218968, 4.367833], [-75.218968, 4.368112], [-75.219524, 4.368112]], [[-75.21647, 4.370907], [-75.21647, 4.370628], [-75.215636, 4.370629], [-75.215636, 4.370908], [-75.21508, 4.370909], [-75.215082, 4.371746], [-75.215916, 4.371745], [-75.215915, 4.371466], [-75.216749, 4.371465], [-75.216749, 4.371185], [-75.217027, 4.371185], [-75.217026, 4.370906], [-75.21647, 4.370907]], [[-75.215916, 4.372024], [-75.217306, 4.372022], [-75.217305, 4.371464], [-75.217027, 4.371464], [-75.217028, 4.371743], [-75.215916, 4.371745], [-75.215916, 4.372024]], [[-75.217583, 4.371463], [-75.217583, 4.371184], [-75.217305, 4.371185], [-75.217305, 4.371464], [-75.217583, 4.371463]], [[-75.217584, 4.371742], [-75.217862, 4.371742], [-75.217861, 4.371463], [-75.217583, 4.371463], [-75.217584, 4.371742]], [[-75.223695, 4.368384], [-75.223694, 4.368105], [-75.223138, 4.368106], [-75.223139, 4.368385], [-75.223695, 4.368384]], [[-75.215309, 4.338259], [-75.21531, 4.338538], [-75.215588, 4.338537], [-75.215587, 4.338258], [-75.215309, 4.338259]], [[-75.215318, 4.34384], [-75.215318, 4.344119], [-75.215596, 4.344119], [-75.215596, 4.343839], [-75.215318, 4.34384]], [[-75.215336, 4.356118], [-75.215336, 4.356398], [-75.215614, 4.356397], [-75.215614, 4.356118], [-75.215336, 4.356118]], [[-75.216729, 4.35807], [-75.215617, 4.358071], [-75.215617, 4.35835], [-75.215895, 4.35835], [-75.215896, 4.358629], [-75.216174, 4.358629], [-75.216173, 4.35835], [-75.216729, 4.358349], [-75.216729, 4.35807]], [[-75.216464, 4.366442], [-75.21563, 4.366443], [-75.21563, 4.366722], [-75.216464, 4.366721], [-75.216464, 4.366442]], [[-75.216745, 4.368953], [-75.217301, 4.368952], [-75.217301, 4.368394], [-75.217857, 4.368393], [-75.217855, 4.367556], [-75.218133, 4.367556], [-75.218133, 4.367277], [-75.218689, 4.367276], [-75.218688, 4.366997], [-75.219244, 4.366996], [-75.219244, 4.366717], [-75.217854, 4.366719], [-75.217854, 4.366998], [-75.21702, 4.366999], [-75.217021, 4.367278], [-75.216743, 4.367279], [-75.216743, 4.367558], [-75.216187, 4.367559], [-75.216186, 4.367], [-75.215908, 4.367001], [-75.215909, 4.367559], [-75.215631, 4.367559], [-75.215633, 4.368955], [-75.215911, 4.368954], [-75.215911, 4.368675], [-75.216745, 4.368674], [-75.216745, 4.368953]], [[-75.215861, 4.335467], [-75.215861, 4.335746], [-75.216139, 4.335746], [-75.216139, 4.335467], [-75.215861, 4.335467]], [[-75.216144, 4.338537], [-75.215866, 4.338537], [-75.215866, 4.338816], [-75.216144, 4.338816], [-75.216144, 4.338537]], [[-75.215873, 4.34356], [-75.215874, 4.343839], [-75.216152, 4.343839], [-75.216151, 4.34356], [-75.215873, 4.34356]], [[-75.21671, 4.345233], [-75.21671, 4.345512], [-75.216988, 4.345512], [-75.216988, 4.345233], [-75.21671, 4.345233]], [[-75.216709, 4.344954], [-75.216153, 4.344955], [-75.216154, 4.345234], [-75.21671, 4.345233], [-75.216709, 4.344954]], [[-75.216157, 4.347466], [-75.216157, 4.347745], [-75.216713, 4.347745], [-75.216713, 4.347466], [-75.216157, 4.347466]], [[-75.216741, 4.365883], [-75.216185, 4.365884], [-75.216185, 4.366163], [-75.216741, 4.366162], [-75.216741, 4.365883]], [[-75.217531, 4.336581], [-75.217531, 4.33686], [-75.217809, 4.33686], [-75.217809, 4.336581], [-75.217531, 4.336581]], [[-75.217253, 4.33686], [-75.217253, 4.336581], [-75.216975, 4.336582], [-75.216975, 4.336861], [-75.216697, 4.336861], [-75.216698, 4.33714], [-75.21642, 4.337141], [-75.21642, 4.33742], [-75.216698, 4.337419], [-75.216699, 4.337978], [-75.216977, 4.337977], [-75.216976, 4.337419], [-75.217254, 4.337419], [-75.217254, 4.33714], [-75.217532, 4.337139], [-75.217531, 4.33686], [-75.217253, 4.33686]], [[-75.216977, 4.338256], [-75.217255, 4.338256], [-75.217255, 4.337977], [-75.216977, 4.337977], [-75.216977, 4.338256]], [[-75.218365, 4.33658], [-75.218364, 4.336301], [-75.217808, 4.336302], [-75.217809, 4.336581], [-75.218365, 4.33658]], [[-75.21643, 4.344117], [-75.21643, 4.344396], [-75.217264, 4.344395], [-75.217264, 4.344116], [-75.21643, 4.344117]], [[-75.216695, 4.335745], [-75.216696, 4.336024], [-75.216974, 4.336024], [-75.216973, 4.335745], [-75.216695, 4.335745]], [[-75.217562, 4.35751], [-75.216728, 4.357512], [-75.216729, 4.357791], [-75.217563, 4.357789], [-75.217562, 4.35751]], [[-75.216733, 4.36086], [-75.216734, 4.361139], [-75.217012, 4.361139], [-75.217011, 4.36086], [-75.216733, 4.36086]], [[-75.217015, 4.363371], [-75.217015, 4.36365], [-75.217293, 4.36365], [-75.217293, 4.363371], [-75.217015, 4.363371]], [[-75.217015, 4.363092], [-75.216737, 4.363093], [-75.216737, 4.363372], [-75.217015, 4.363371], [-75.217015, 4.363092]], [[-75.217571, 4.363371], [-75.217571, 4.363092], [-75.217293, 4.363092], [-75.217293, 4.363371], [-75.217571, 4.363371]], [[-75.21698, 4.339931], [-75.21698, 4.34021], [-75.217258, 4.340209], [-75.217258, 4.33993], [-75.21698, 4.339931]], [[-75.217263, 4.343279], [-75.216985, 4.343279], [-75.216985, 4.343558], [-75.217263, 4.343558], [-75.217263, 4.343279]], [[-75.217019, 4.365883], [-75.217019, 4.366162], [-75.217575, 4.366161], [-75.217575, 4.365882], [-75.217019, 4.365883]], [[-75.217265, 4.344953], [-75.217266, 4.345232], [-75.217544, 4.345232], [-75.217543, 4.344953], [-75.217265, 4.344953]], [[-75.217541, 4.343557], [-75.217542, 4.343837], [-75.218098, 4.343836], [-75.218097, 4.343557], [-75.217541, 4.343557]], [[-75.218085, 4.335743], [-75.217807, 4.335743], [-75.217808, 4.336022], [-75.218086, 4.336022], [-75.218085, 4.335743]], [[-75.218641, 4.335742], [-75.218641, 4.335463], [-75.218085, 4.335464], [-75.218085, 4.335743], [-75.218641, 4.335742]], [[-75.220595, 4.340762], [-75.220596, 4.34132], [-75.221152, 4.34132], [-75.221152, 4.341599], [-75.221986, 4.341597], [-75.221986, 4.341318], [-75.221708, 4.341319], [-75.221707, 4.34104], [-75.221429, 4.34104], [-75.221429, 4.340761], [-75.221151, 4.340761], [-75.221151, 4.340482], [-75.220873, 4.340483], [-75.220873, 4.340762], [-75.220595, 4.340762]], [[-75.220595, 4.340483], [-75.220317, 4.340484], [-75.220316, 4.340205], [-75.218648, 4.340207], [-75.218649, 4.340486], [-75.217815, 4.340487], [-75.217815, 4.340766], [-75.218927, 4.340765], [-75.218927, 4.340486], [-75.219483, 4.340485], [-75.219483, 4.340764], [-75.220039, 4.340763], [-75.220039, 4.341042], [-75.220317, 4.341042], [-75.220317, 4.340763], [-75.220595, 4.340762], [-75.220595, 4.340483]], [[-75.217821, 4.344673], [-75.217821, 4.344952], [-75.218377, 4.344951], [-75.218377, 4.344672], [-75.217821, 4.344673]], [[-75.218117, 4.356951], [-75.218117, 4.356672], [-75.217839, 4.356673], [-75.21784, 4.357231], [-75.218674, 4.35723], [-75.218673, 4.356951], [-75.218117, 4.356951]], [[-75.218636, 4.332393], [-75.218637, 4.332952], [-75.219193, 4.332951], [-75.219193, 4.332672], [-75.218915, 4.332672], [-75.218914, 4.332393], [-75.218636, 4.332393]], [[-75.218636, 4.332114], [-75.21808, 4.332115], [-75.21808, 4.332394], [-75.218636, 4.332393], [-75.218636, 4.332114]], [[-75.218662, 4.349695], [-75.218663, 4.349974], [-75.218941, 4.349974], [-75.21894, 4.349695], [-75.218662, 4.349695]], [[-75.218661, 4.348579], [-75.218383, 4.348579], [-75.218383, 4.348858], [-75.218105, 4.348859], [-75.218106, 4.349138], [-75.218384, 4.349137], [-75.218384, 4.349695], [-75.218662, 4.349695], [-75.218661, 4.348579]], [[-75.218119, 4.357789], [-75.218119, 4.358068], [-75.218397, 4.358067], [-75.218397, 4.357788], [-75.218119, 4.357789]], [[-75.218124, 4.361137], [-75.218124, 4.361695], [-75.218402, 4.361695], [-75.218402, 4.361137], [-75.218124, 4.361137]], [[-75.218139, 4.371183], [-75.218139, 4.371462], [-75.218417, 4.371462], [-75.218417, 4.371183], [-75.218139, 4.371183]], [[-75.218695, 4.371183], [-75.218694, 4.370903], [-75.218416, 4.370904], [-75.218417, 4.371183], [-75.218695, 4.371183]], [[-75.218361, 4.334068], [-75.218361, 4.334347], [-75.218639, 4.334347], [-75.218639, 4.334068], [-75.218361, 4.334068]], [[-75.21843, 4.380113], [-75.218431, 4.380392], [-75.218709, 4.380391], [-75.218708, 4.380112], [-75.21843, 4.380113]], [[-75.218932, 4.343834], [-75.218932, 4.344113], [-75.21921, 4.344113], [-75.21921, 4.343834], [-75.218932, 4.343834]], [[-75.2206, 4.343832], [-75.220599, 4.343553], [-75.219487, 4.343555], [-75.219486, 4.342996], [-75.219208, 4.342997], [-75.219209, 4.343276], [-75.218653, 4.343277], [-75.218653, 4.343556], [-75.219209, 4.343555], [-75.21921, 4.343834], [-75.2206, 4.343832]], [[-75.219197, 4.335462], [-75.218919, 4.335463], [-75.218919, 4.335742], [-75.219197, 4.335741], [-75.219197, 4.335462]], [[-75.219529, 4.371181], [-75.219251, 4.371182], [-75.21925, 4.370903], [-75.218972, 4.370903], [-75.218973, 4.371461], [-75.219251, 4.371461], [-75.219252, 4.37174], [-75.21953, 4.371739], [-75.219529, 4.371181]], [[-75.219474, 4.334904], [-75.219475, 4.335183], [-75.219753, 4.335182], [-75.219752, 4.334903], [-75.219474, 4.334904]], [[-75.219474, 4.334625], [-75.219196, 4.334625], [-75.219196, 4.334904], [-75.219474, 4.334904], [-75.219474, 4.334625]], [[-75.219216, 4.348299], [-75.219217, 4.348857], [-75.219495, 4.348857], [-75.219495, 4.348578], [-75.219773, 4.348577], [-75.219772, 4.348298], [-75.219216, 4.348299]], [[-75.219229, 4.35695], [-75.21923, 4.357229], [-75.219508, 4.357228], [-75.219507, 4.356949], [-75.219229, 4.35695]], [[-75.219239, 4.363647], [-75.21924, 4.363926], [-75.219518, 4.363926], [-75.219517, 4.363647], [-75.219239, 4.363647]], [[-75.220862, 4.333227], [-75.21975, 4.333229], [-75.21975, 4.333508], [-75.219472, 4.333508], [-75.219472, 4.333787], [-75.220028, 4.333787], [-75.220028, 4.333508], [-75.220862, 4.333506], [-75.220862, 4.333227]], [[-75.21953, 4.372018], [-75.219531, 4.372297], [-75.219809, 4.372297], [-75.219808, 4.372018], [-75.21953, 4.372018]], [[-75.219547, 4.383181], [-75.219547, 4.38346], [-75.219825, 4.383459], [-75.219825, 4.38318], [-75.219547, 4.383181]], [[-75.220355, 4.365878], [-75.220355, 4.366157], [-75.219799, 4.366158], [-75.2198, 4.366716], [-75.220912, 4.366714], [-75.220911, 4.366156], [-75.221189, 4.366156], [-75.221189, 4.365877], [-75.220355, 4.365878]], [[-75.221467, 4.365876], [-75.221466, 4.365597], [-75.221188, 4.365598], [-75.221189, 4.365877], [-75.221467, 4.365876]], [[-75.221477, 4.372295], [-75.221477, 4.372574], [-75.221199, 4.372574], [-75.221199, 4.372853], [-75.221755, 4.372852], [-75.221755, 4.372294], [-75.221477, 4.372295]], [[-75.221476, 4.372015], [-75.221198, 4.372016], [-75.221199, 4.372295], [-75.221477, 4.372295], [-75.221476, 4.372015]], [[-75.222032, 4.372015], [-75.222031, 4.371456], [-75.221475, 4.371457], [-75.221474, 4.370899], [-75.220918, 4.3709], [-75.220918, 4.370621], [-75.22064, 4.370621], [-75.22064, 4.3709], [-75.220362, 4.370901], [-75.220363, 4.371459], [-75.220085, 4.371459], [-75.220086, 4.371739], [-75.220364, 4.371738], [-75.220364, 4.372017], [-75.220086, 4.372018], [-75.220087, 4.372297], [-75.220365, 4.372296], [-75.220366, 4.373133], [-75.220922, 4.373133], [-75.220921, 4.372295], [-75.220643, 4.372296], [-75.220642, 4.371738], [-75.221476, 4.371736], [-75.221476, 4.372015], [-75.222032, 4.372015]], [[-75.220085, 4.37118], [-75.219807, 4.371181], [-75.219807, 4.37146], [-75.220085, 4.371459], [-75.220085, 4.37118]], [[-75.220089, 4.373692], [-75.219811, 4.373692], [-75.219811, 4.373971], [-75.220089, 4.373971], [-75.220089, 4.373692]], [[-75.221437, 4.346063], [-75.221437, 4.346342], [-75.221715, 4.346342], [-75.221715, 4.346063], [-75.221437, 4.346063]], [[-75.221436, 4.345226], [-75.221158, 4.345226], [-75.221159, 4.346064], [-75.221437, 4.346063], [-75.221436, 4.345226]], [[-75.22227, 4.345225], [-75.222269, 4.344946], [-75.221713, 4.344946], [-75.221713, 4.344667], [-75.221435, 4.344668], [-75.221436, 4.345226], [-75.22227, 4.345225]], [[-75.221434, 4.344389], [-75.222268, 4.344387], [-75.222268, 4.344108], [-75.22199, 4.344109], [-75.22199, 4.34383], [-75.221712, 4.34383], [-75.221711, 4.343551], [-75.221155, 4.343552], [-75.221156, 4.343831], [-75.220878, 4.343831], [-75.220878, 4.344111], [-75.2206, 4.344111], [-75.2206, 4.34439], [-75.220878, 4.34439], [-75.220879, 4.344669], [-75.221435, 4.344668], [-75.221434, 4.344389]], [[-75.220044, 4.344391], [-75.220045, 4.34467], [-75.220601, 4.344669], [-75.2206, 4.34439], [-75.220044, 4.344391]], [[-75.221148, 4.339087], [-75.221149, 4.339645], [-75.221427, 4.339645], [-75.221428, 4.339924], [-75.221706, 4.339923], [-75.221705, 4.339365], [-75.221427, 4.339366], [-75.221426, 4.339087], [-75.221148, 4.339087]], [[-75.221148, 4.338808], [-75.220314, 4.338809], [-75.220314, 4.339088], [-75.221148, 4.339087], [-75.221148, 4.338808]], [[-75.220898, 4.357226], [-75.220342, 4.357227], [-75.220342, 4.357506], [-75.220898, 4.357505], [-75.220898, 4.357226]], [[-75.220588, 4.336297], [-75.220589, 4.336576], [-75.221145, 4.336576], [-75.221144, 4.336296], [-75.220588, 4.336297]], [[-75.220645, 4.373691], [-75.220645, 4.37397], [-75.221479, 4.373969], [-75.221479, 4.37369], [-75.220645, 4.373691]], [[-75.220875, 4.341878], [-75.220875, 4.342436], [-75.221709, 4.342435], [-75.221709, 4.342156], [-75.221431, 4.342156], [-75.221431, 4.341877], [-75.220875, 4.341878]], [[-75.220876, 4.342994], [-75.220877, 4.343273], [-75.221155, 4.343273], [-75.221154, 4.342994], [-75.220876, 4.342994]], [[-75.221742, 4.364201], [-75.221186, 4.364202], [-75.221187, 4.36476], [-75.221743, 4.36476], [-75.221742, 4.364201]], [[-75.221729, 4.355551], [-75.221451, 4.355551], [-75.221452, 4.35583], [-75.22173, 4.35583], [-75.221729, 4.355551]], [[-75.221739, 4.362248], [-75.221461, 4.362248], [-75.221462, 4.362527], [-75.22174, 4.362527], [-75.221739, 4.362248]], [[-75.221744, 4.365039], [-75.221466, 4.365039], [-75.221466, 4.365318], [-75.221744, 4.365318], [-75.221744, 4.365039]], [[-75.221499, 4.387085], [-75.221499, 4.387364], [-75.221777, 4.387363], [-75.221777, 4.387084], [-75.221499, 4.387085]], [[-75.222333, 4.387083], [-75.222333, 4.386804], [-75.221777, 4.386805], [-75.221777, 4.387084], [-75.222333, 4.387083]], [[-75.222255, 4.335458], [-75.221699, 4.335458], [-75.221699, 4.335738], [-75.222255, 4.335737], [-75.222255, 4.335458]], [[-75.222257, 4.336574], [-75.222256, 4.336295], [-75.2217, 4.336296], [-75.221701, 4.336575], [-75.221979, 4.336574], [-75.221979, 4.336853], [-75.222813, 4.336852], [-75.222813, 4.336573], [-75.222257, 4.336574]], [[-75.223369, 4.336572], [-75.223368, 4.336293], [-75.222812, 4.336294], [-75.222813, 4.336573], [-75.223369, 4.336572]], [[-75.221738, 4.361411], [-75.221739, 4.36169], [-75.222017, 4.361689], [-75.222016, 4.36141], [-75.221738, 4.361411]], [[-75.22253, 4.333504], [-75.22253, 4.333783], [-75.222808, 4.333782], [-75.222808, 4.333503], [-75.22253, 4.333504]], [[-75.22253, 4.333225], [-75.222252, 4.333225], [-75.222252, 4.333504], [-75.22253, 4.333504], [-75.22253, 4.333225]], [[-75.222808, 4.333224], [-75.222807, 4.332945], [-75.222529, 4.332946], [-75.22253, 4.333225], [-75.222808, 4.333224]], [[-75.221974, 4.333505], [-75.221975, 4.334063], [-75.222253, 4.334062], [-75.222252, 4.333504], [-75.221974, 4.333505]], [[-75.2223, 4.365038], [-75.2223, 4.365317], [-75.222578, 4.365316], [-75.222578, 4.365037], [-75.2223, 4.365038]], [[-75.225082, 4.366708], [-75.224248, 4.366709], [-75.224248, 4.36643], [-75.22397, 4.36643], [-75.22397, 4.36671], [-75.223414, 4.36671], [-75.223414, 4.366431], [-75.222302, 4.366433], [-75.222302, 4.366712], [-75.223136, 4.366711], [-75.223137, 4.36699], [-75.222859, 4.36699], [-75.222859, 4.367269], [-75.224249, 4.367267], [-75.224249, 4.366988], [-75.225083, 4.366987], [-75.225082, 4.366708]], [[-75.222538, 4.338527], [-75.222538, 4.338806], [-75.22365, 4.338804], [-75.22365, 4.338525], [-75.222538, 4.338527]], [[-75.222543, 4.341876], [-75.222543, 4.342155], [-75.223099, 4.342154], [-75.223099, 4.341875], [-75.222543, 4.341876]], [[-75.222864, 4.370339], [-75.223142, 4.370339], [-75.223141, 4.36978], [-75.222585, 4.369781], [-75.222586, 4.370618], [-75.222864, 4.370618], [-75.222864, 4.370339]], [[-75.223166, 4.386524], [-75.22261, 4.386525], [-75.222611, 4.386804], [-75.223167, 4.386803], [-75.223166, 4.386524]], [[-75.224479, 4.335454], [-75.224479, 4.335733], [-75.224757, 4.335733], [-75.224757, 4.335454], [-75.224479, 4.335454]], [[-75.224478, 4.335175], [-75.2242, 4.335176], [-75.224201, 4.335455], [-75.224479, 4.335454], [-75.224478, 4.335175]], [[-75.2242, 4.334897], [-75.223922, 4.334897], [-75.223922, 4.335176], [-75.2242, 4.335176], [-75.2242, 4.334897]], [[-75.223921, 4.33406], [-75.223643, 4.33406], [-75.223644, 4.334897], [-75.223922, 4.334897], [-75.223921, 4.33406]], [[-75.223366, 4.334898], [-75.223367, 4.335735], [-75.223645, 4.335735], [-75.223644, 4.334897], [-75.223366, 4.334898]], [[-75.223366, 4.334619], [-75.223088, 4.334619], [-75.223088, 4.334898], [-75.223366, 4.334898], [-75.223366, 4.334619]], [[-75.22281, 4.334899], [-75.222811, 4.335178], [-75.223089, 4.335177], [-75.223088, 4.334898], [-75.22281, 4.334899]], [[-75.223658, 4.343827], [-75.22338, 4.343828], [-75.22338, 4.344107], [-75.223658, 4.344106], [-75.223658, 4.343827]], [[-75.223955, 4.356384], [-75.223677, 4.356385], [-75.223677, 4.356943], [-75.223955, 4.356943], [-75.223955, 4.356384]], [[-75.223956, 4.357501], [-75.223678, 4.357501], [-75.223679, 4.35778], [-75.223957, 4.35778], [-75.223956, 4.357501]], [[-75.224253, 4.370058], [-75.223697, 4.370059], [-75.223698, 4.370338], [-75.224254, 4.370337], [-75.224253, 4.370058]], [[-75.224531, 4.370057], [-75.22453, 4.369499], [-75.224252, 4.3695], [-75.224253, 4.370058], [-75.224531, 4.370057]], [[-75.224759, 4.336849], [-75.224759, 4.337128], [-75.225037, 4.337128], [-75.225037, 4.336849], [-75.224759, 4.336849]], [[-75.224759, 4.33657], [-75.224481, 4.33657], [-75.224481, 4.33685], [-75.224759, 4.336849], [-75.224759, 4.33657]], [[-75.22448, 4.336291], [-75.224202, 4.336292], [-75.224203, 4.336571], [-75.224481, 4.33657], [-75.22448, 4.336291]], [[-75.224511, 4.356384], [-75.224233, 4.356384], [-75.224233, 4.356663], [-75.224511, 4.356663], [-75.224511, 4.356384]], [[-75.224516, 4.360011], [-75.224516, 4.36029], [-75.22535, 4.360289], [-75.22535, 4.36001], [-75.224516, 4.360011]], [[-75.224806, 4.367824], [-75.224528, 4.367825], [-75.224528, 4.368104], [-75.224806, 4.368104], [-75.224806, 4.367824]], [[-75.225047, 4.343267], [-75.224769, 4.343267], [-75.224769, 4.343546], [-75.225047, 4.343546], [-75.225047, 4.343267]], [[-75.224792, 4.358895], [-75.224793, 4.359453], [-75.225349, 4.359452], [-75.225349, 4.359173], [-75.225071, 4.359173], [-75.22507, 4.358894], [-75.224792, 4.358895]], [[-75.224797, 4.361685], [-75.224797, 4.361964], [-75.225075, 4.361964], [-75.225075, 4.361685], [-75.224797, 4.361685]], [[-75.227264, 4.338799], [-75.227264, 4.339078], [-75.227542, 4.339077], [-75.227542, 4.338798], [-75.227264, 4.338799]], [[-75.227263, 4.33852], [-75.226986, 4.33852], [-75.226986, 4.338799], [-75.227264, 4.338799], [-75.227263, 4.33852]], [[-75.226708, 4.3388], [-75.226708, 4.339079], [-75.226986, 4.339078], [-75.226986, 4.338799], [-75.226708, 4.3388]], [[-75.226708, 4.33852], [-75.22643, 4.338521], [-75.22643, 4.3388], [-75.226708, 4.3388], [-75.226708, 4.33852]], [[-75.226429, 4.338242], [-75.226151, 4.338242], [-75.226152, 4.338521], [-75.22643, 4.338521], [-75.226429, 4.338242]], [[-75.226151, 4.337963], [-75.225873, 4.337964], [-75.225873, 4.338243], [-75.226151, 4.338242], [-75.226151, 4.337963]], [[-75.225872, 4.337685], [-75.225316, 4.337685], [-75.225317, 4.337964], [-75.225873, 4.337964], [-75.225872, 4.337685]], [[-75.225316, 4.337406], [-75.225038, 4.337407], [-75.225038, 4.337686], [-75.225316, 4.337685], [-75.225316, 4.337406]], [[-75.22504, 4.338523], [-75.22504, 4.338802], [-75.226152, 4.3388], [-75.226152, 4.338521], [-75.22504, 4.338523]], [[-75.225046, 4.342709], [-75.225046, 4.342988], [-75.225324, 4.342988], [-75.225324, 4.342708], [-75.225046, 4.342709]], [[-75.225904, 4.358335], [-75.225348, 4.358336], [-75.225348, 4.358615], [-75.225904, 4.358614], [-75.225904, 4.358335]], [[-75.225643, 4.369777], [-75.225921, 4.369776], [-75.225921, 4.370055], [-75.226199, 4.370055], [-75.226198, 4.369218], [-75.22592, 4.369218], [-75.22592, 4.368939], [-75.225642, 4.368939], [-75.225641, 4.36866], [-75.225363, 4.368661], [-75.225364, 4.369498], [-75.225642, 4.369498], [-75.225643, 4.369777]], [[-75.225369, 4.372289], [-75.225369, 4.372568], [-75.225647, 4.372567], [-75.225647, 4.372288], [-75.225369, 4.372289]], [[-75.226428, 4.337684], [-75.226429, 4.337963], [-75.226707, 4.337962], [-75.226706, 4.337683], [-75.226428, 4.337684]], [[-75.226428, 4.337405], [-75.22615, 4.337405], [-75.22615, 4.337684], [-75.226428, 4.337684], [-75.226428, 4.337405]], [[-75.226149, 4.337126], [-75.225871, 4.337126], [-75.225872, 4.337406], [-75.22615, 4.337405], [-75.226149, 4.337126]], [[-75.225871, 4.336847], [-75.225593, 4.336848], [-75.225593, 4.337127], [-75.225871, 4.337126], [-75.225871, 4.336847]], [[-75.225603, 4.343266], [-75.225603, 4.343545], [-75.225881, 4.343545], [-75.225881, 4.343266], [-75.225603, 4.343266]], [[-75.225623, 4.35694], [-75.225624, 4.357219], [-75.225902, 4.357219], [-75.225901, 4.35694], [-75.225623, 4.35694]], [[-75.225633, 4.363358], [-75.225634, 4.363637], [-75.225912, 4.363637], [-75.225911, 4.363358], [-75.225633, 4.363358]], [[-75.225646, 4.37173], [-75.225646, 4.372009], [-75.225924, 4.372009], [-75.225924, 4.37173], [-75.225646, 4.37173]], [[-75.22648, 4.371729], [-75.226479, 4.37145], [-75.225923, 4.371451], [-75.225924, 4.37173], [-75.22648, 4.371729]], [[-75.226157, 4.342428], [-75.226158, 4.342707], [-75.22588, 4.342708], [-75.22588, 4.342987], [-75.226436, 4.342986], [-75.226436, 4.342707], [-75.226714, 4.342706], [-75.226713, 4.342427], [-75.226157, 4.342428]], [[-75.226157, 4.34187], [-75.225879, 4.34187], [-75.225879, 4.342429], [-75.226157, 4.342428], [-75.226157, 4.34187]], [[-75.226738, 4.358613], [-75.226738, 4.358892], [-75.227016, 4.358891], [-75.227016, 4.358612], [-75.226738, 4.358613]], [[-75.226738, 4.358334], [-75.226182, 4.358334], [-75.226182, 4.358613], [-75.226738, 4.358613], [-75.226738, 4.358334]], [[-75.226462, 4.360008], [-75.226462, 4.360287], [-75.22674, 4.360287], [-75.22674, 4.360008], [-75.226462, 4.360008]], [[-75.226462, 4.359729], [-75.226184, 4.35973], [-75.226184, 4.360009], [-75.226462, 4.360008], [-75.226462, 4.359729]], [[-75.226457, 4.356381], [-75.226457, 4.35666], [-75.226735, 4.356659], [-75.226735, 4.35638], [-75.226457, 4.356381]], [[-75.227017, 4.35917], [-75.226739, 4.359171], [-75.226739, 4.35945], [-75.227017, 4.359449], [-75.227017, 4.35917]], [[-75.227024, 4.364193], [-75.226746, 4.364194], [-75.226747, 4.364473], [-75.227025, 4.364472], [-75.227024, 4.364193]], [[-75.227021, 4.361961], [-75.227021, 4.36224], [-75.227299, 4.36224], [-75.227299, 4.36196], [-75.227021, 4.361961]], [[-75.227533, 4.333217], [-75.227255, 4.333218], [-75.227256, 4.333497], [-75.227534, 4.333496], [-75.227533, 4.333217]], [[-75.227575, 4.360286], [-75.227297, 4.360286], [-75.227297, 4.360565], [-75.227575, 4.360565], [-75.227575, 4.360286]], [[-75.227858, 4.364192], [-75.227302, 4.364193], [-75.227303, 4.364472], [-75.227859, 4.364471], [-75.227858, 4.364192]], [[-75.227592, 4.371448], [-75.227313, 4.371448], [-75.227314, 4.371727], [-75.227592, 4.371727], [-75.227592, 4.371448]]], [[[-75.227308, 4.3681], [-75.227307, 4.367263], [-75.227585, 4.367262], [-75.227586, 4.36782], [-75.227864, 4.36782], [-75.227863, 4.367262], [-75.228, 4.367261507194245], [-75.228, 4.369773260791367], [-75.227589, 4.369774], [-75.227589, 4.369495], [-75.227033, 4.369495], [-75.22703, 4.3681], [-75.227308, 4.3681]]], [[[-75.165846, 4.352843], [-75.165846, 4.353122], [-75.165568, 4.353122], [-75.165568, 4.352843], [-75.165846, 4.352843]]], [[[-75.166116, 4.346982], [-75.166394, 4.346982], [-75.166394, 4.347261], [-75.166116, 4.347261], [-75.166116, 4.346982]]], [[[-75.171418, 4.360928], [-75.17114, 4.360928], [-75.171139, 4.360649], [-75.171417, 4.360649], [-75.171418, 4.360928]]], [[[-75.171139, 4.36037], [-75.170861, 4.36037], [-75.170861, 4.360091], [-75.171139, 4.360091], [-75.171139, 4.36037]]], [[[-75.189743, 4.344715], [-75.189742, 4.344436], [-75.19002, 4.344436], [-75.190021, 4.344715], [-75.189743, 4.344715]]], [[[-75.201466, 4.37679], [-75.201188, 4.37679], [-75.201188, 4.376511], [-75.201466, 4.376511], [-75.201466, 4.37679]]], [[[-75.200623, 4.370652], [-75.200623, 4.370373], [-75.200901, 4.370372], [-75.200901, 4.370651], [-75.200623, 4.370652]]], [[[-75.200624, 4.370931], [-75.200346, 4.370931], [-75.200345, 4.370652], [-75.200623, 4.370652], [-75.200624, 4.370931]]], [[[-75.200072, 4.373722], [-75.20035, 4.373722], [-75.20035, 4.374001], [-75.200072, 4.374001], [-75.200072, 4.373722]]], [[[-75.202048, 4.393812], [-75.202048, 4.394091], [-75.20177, 4.394091], [-75.20177, 4.393812], [-75.202048, 4.393812]]], [[[-75.211176, 4.362543], [-75.211732, 4.362542], [-75.211732, 4.362821], [-75.211454, 4.362822], [-75.211455, 4.36338], [-75.211177, 4.36338], [-75.211176, 4.362543]]], [[[-75.210064, 4.363103], [-75.210342, 4.363102], [-75.210343, 4.363382], [-75.210065, 4.363382], [-75.210064, 4.363103]]], [[[-75.211444, 4.356124], [-75.211444, 4.356403], [-75.211166, 4.356404], [-75.211166, 4.356125], [-75.211444, 4.356124]]], [[[-75.213686, 4.3684], [-75.213685, 4.367562], [-75.213963, 4.367562], [-75.213964, 4.368399], [-75.213686, 4.3684]]], [[[-75.221195, 4.369783], [-75.221194, 4.369504], [-75.220916, 4.369505], [-75.220916, 4.369226], [-75.220082, 4.369227], [-75.220082, 4.369506], [-75.219526, 4.369507], [-75.219525, 4.368949], [-75.220081, 4.368948], [-75.220081, 4.368669], [-75.220915, 4.368668], [-75.220915, 4.368389], [-75.221193, 4.368388], [-75.221192, 4.368109], [-75.221748, 4.368108], [-75.221749, 4.368387], [-75.222027, 4.368387], [-75.222026, 4.368108], [-75.222304, 4.368107], [-75.222306, 4.368945], [-75.221193, 4.368946], [-75.221194, 4.369225], [-75.22175, 4.369224], [-75.22175, 4.369504], [-75.221472, 4.369504], [-75.221473, 4.369783], [-75.221195, 4.369783]]], [[[-75.217025, 4.370348], [-75.217303, 4.370347], [-75.217304, 4.370627], [-75.217026, 4.370627], [-75.217025, 4.370348]]], [[[-75.217581, 4.370068], [-75.217581, 4.370347], [-75.217303, 4.370347], [-75.217303, 4.370068], [-75.217581, 4.370068]]], [[[-75.217859, 4.369788], [-75.217859, 4.370068], [-75.217581, 4.370068], [-75.217581, 4.369789], [-75.217859, 4.369788]]], [[[-75.217858, 4.369509], [-75.218136, 4.369509], [-75.218137, 4.369788], [-75.217859, 4.369788], [-75.217858, 4.369509]]], [[[-75.216467, 4.368395], [-75.216466, 4.368116], [-75.216744, 4.368116], [-75.216745, 4.368395], [-75.216467, 4.368395]]], [[[-75.217023, 4.368394], [-75.217023, 4.368674], [-75.216745, 4.368674], [-75.216745, 4.368395], [-75.217023, 4.368394]]], [[[-75.220317, 4.340763], [-75.220039, 4.340763], [-75.220039, 4.340484], [-75.220317, 4.340484], [-75.220317, 4.340763]]], [[[-75.220364, 4.371738], [-75.220363, 4.371459], [-75.220641, 4.371459], [-75.220642, 4.371738], [-75.220364, 4.371738]]], [[[-75.226752, 4.368101], [-75.226752, 4.367821], [-75.22703, 4.367821], [-75.22703, 4.3681], [-75.226752, 4.368101]]], [[[-75.226753, 4.368659], [-75.226197, 4.36866], [-75.226197, 4.36838], [-75.226475, 4.36838], [-75.226474, 4.368101], [-75.226752, 4.368101], [-75.226753, 4.368659]]], [[[-75.225916, 4.366707], [-75.22675, 4.366705], [-75.226751, 4.366984], [-75.225917, 4.366986], [-75.225916, 4.366707]]]]}}]}