{"type": "FeatureCollection", "fuente": "https://srvags.sgc.gov.co/arcgis/rest/services/SIMMA/CapasTematicasXEscalas/MapServer/15", "consultado": "2026-09-26T00:20:21", "ventana_grados": [-75.684, 4.448, -75.62, 4.5120000000000005], "features": [{"type": "Feature", "properties": {"CATAME": "Alta", "PLANCHA": "243"}, "geometry": {"type": "MultiPolygon", "coordinates": [[[[-75.62012, 4.448081], [-75.620676, 4.448082], [-75.620676, 4.448361], [-75.62, 4.448359784172662], [-75.62, 4.448], [-75.62012021774194, 4.448], [-75.62012, 4.448081]]], [[[-75.621231, 4.448641], [-75.621228, 4.450315], [-75.621506, 4.450316], [-75.621507, 4.449758], [-75.621785, 4.449758], [-75.621786, 4.4492], [-75.622064, 4.449201], [-75.622064, 4.44948], [-75.622898, 4.449482], [-75.622898, 4.449203], [-75.623454, 4.449204], [-75.623455, 4.448925], [-75.624289, 4.448926], [-75.624288, 4.449484], [-75.623732, 4.449483], [-75.62373, 4.450599], [-75.624286, 4.4506], [-75.624285, 4.450879], [-75.623729, 4.450878], [-75.623728, 4.451157], [-75.62345, 4.451157], [-75.62345, 4.451436], [-75.622894, 4.451435], [-75.622895, 4.450877], [-75.622339, 4.450876], [-75.62234, 4.450597], [-75.622062, 4.450596], [-75.622061, 4.450875], [-75.621783, 4.450874], [-75.621782, 4.451153], [-75.620948, 4.451152], [-75.620948, 4.451431], [-75.62206, 4.451433], [-75.622058, 4.45227], [-75.62178, 4.45227], [-75.62178, 4.452549], [-75.621502, 4.452548], [-75.6215, 4.453385], [-75.620666, 4.453383], [-75.620667, 4.453104], [-75.620945, 4.453105], [-75.620945, 4.452826], [-75.620389, 4.452825], [-75.620391, 4.451709], [-75.620113, 4.451708], [-75.620113, 4.451987], [-75.62, 4.451987], [-75.62, 4.451428863309353], [-75.620114, 4.451429], [-75.620116, 4.450313], [-75.620672, 4.450314], [-75.620672, 4.450593], [-75.62095, 4.450594], [-75.620952, 4.449199], [-75.620118, 4.449197], [-75.620119, 4.448918], [-75.620397, 4.448919], [-75.620397, 4.44864], [-75.620675, 4.44864], [-75.620675, 4.448919], [-75.620953, 4.44892], [-75.620953, 4.448641], [-75.621231, 4.448641]], [[-75.622896, 4.450598], [-75.622897, 4.449761], [-75.622619, 4.44976], [-75.622619, 4.450039], [-75.622341, 4.450038], [-75.62234, 4.450597], [-75.622896, 4.450598]], [[-75.622341, 4.449759], [-75.622063, 4.449759], [-75.622063, 4.450038], [-75.622341, 4.450038], [-75.622341, 4.449759]], [[-75.621785, 4.450037], [-75.621784, 4.450316], [-75.622062, 4.450317], [-75.622063, 4.450038], [-75.621785, 4.450037]]], [[[-75.620954, 4.448362], [-75.620953, 4.448641], [-75.620675, 4.44864], [-75.620676, 4.448361], [-75.620954, 4.448362]]], [[[-75.620118, 4.449476], [-75.62, 4.449475575539568], [-75.62, 4.449196575539568], [-75.620118, 4.449197], [-75.620118, 4.449476]]], [[[-75.622065, 4.448643], [-75.622343, 4.448643], [-75.622342, 4.449201], [-75.622064, 4.449201], [-75.622065, 4.448643]]], [[[-75.622344, 4.448364], [-75.622622, 4.448365], [-75.622622, 4.448086], [-75.622344, 4.448085], [-75.62234430465949, 4.448], [-75.62429031899642, 4.448], [-75.62429, 4.448089], [-75.624012, 4.448089], [-75.624012, 4.448368], [-75.62429, 4.448368], [-75.624289, 4.448647], [-75.622343, 4.448643], [-75.622344, 4.448364]]], [[[-75.64140203584229, 4.5120000000000005], [-75.64001203046595, 4.5120000000000005], [-75.640014, 4.510901], [-75.640292, 4.510901], [-75.640293, 4.510622], [-75.640571, 4.510623], [-75.64057, 4.511181], [-75.640292, 4.51118], [-75.640291, 4.511738], [-75.640847, 4.51174], [-75.640848, 4.511181], [-75.641126, 4.511182], [-75.641125, 4.511461], [-75.641403, 4.511462], [-75.64140203584229, 4.5120000000000005]]], [[[-75.620551, 4.51142], [-75.620551, 4.511699], [-75.620273, 4.511698], [-75.6202719194991, 4.5120000000000005], [-75.62, 4.5120000000000005], [-75.62, 4.511419008992806], [-75.620551, 4.51142]]], [[[-75.621107, 4.5117], [-75.621107, 4.511421], [-75.621385, 4.511422], [-75.621384, 4.51198], [-75.622496, 4.511982], [-75.622496, 4.5120000000000005], [-75.62054992114696, 4.5120000000000005], [-75.620551, 4.511699], [-75.621107, 4.5117]]], [[[-75.63473, 4.511727], [-75.634452, 4.511727], [-75.634452, 4.511448], [-75.634174, 4.511447], [-75.634175, 4.511168], [-75.633897, 4.511168], [-75.633898, 4.510889], [-75.634176, 4.510889], [-75.634176, 4.51061], [-75.634454, 4.510611], [-75.634455, 4.510332], [-75.635567, 4.510334], [-75.635568, 4.509776], [-75.636124, 4.509777], [-75.636123, 4.510056], [-75.635845, 4.510055], [-75.635845, 4.510334], [-75.636401, 4.510336], [-75.636401, 4.510057], [-75.636957, 4.510058], [-75.636956, 4.510616], [-75.636678, 4.510615], [-75.636677, 4.511173], [-75.636399, 4.511173], [-75.636399, 4.511452], [-75.635843, 4.511451], [-75.635842, 4.51173], [-75.635564, 4.511729], [-75.63556302867384, 4.5120000000000005], [-75.63472951075269, 4.5120000000000005], [-75.63473, 4.511727]], [[-75.635565, 4.511171], [-75.635287, 4.51117], [-75.635287, 4.511449], [-75.635565, 4.51145], [-75.635565, 4.511171]]], [[[-75.637232, 4.511732], [-75.63751, 4.511733], [-75.637511, 4.511454], [-75.638067, 4.511455], [-75.638067, 4.511176], [-75.638345, 4.511177], [-75.638346, 4.510897], [-75.638902, 4.510899], [-75.638901, 4.511178], [-75.639458, 4.511179], [-75.639457, 4.511458], [-75.639179, 4.511457], [-75.63917802688172, 4.5120000000000005], [-75.638344, 4.5120000000000005], [-75.638344, 4.511735], [-75.637788, 4.511733], [-75.637788, 4.5120000000000005], [-75.637232, 4.5120000000000005], [-75.637232, 4.511732]]], [[[-75.626389, 4.51199], [-75.625276, 4.511988], [-75.625276, 4.5120000000000005], [-75.6244424749104, 4.5120000000000005], [-75.624443, 4.511707], [-75.624165, 4.511706], [-75.62416447311828, 4.5120000000000005], [-75.62360847132616, 4.5120000000000005], [-75.623609, 4.511705], [-75.622775, 4.511704], [-75.622776, 4.511145], [-75.623054, 4.511146], [-75.623053, 4.511425], [-75.623609, 4.511426], [-75.623611, 4.510589], [-75.624167, 4.51059], [-75.624167, 4.510869], [-75.624445, 4.51087], [-75.624445, 4.510591], [-75.624723, 4.510591], [-75.624723, 4.51087], [-75.625557, 4.510872], [-75.625557, 4.510593], [-75.625835, 4.510594], [-75.625836, 4.510315], [-75.62667, 4.510316], [-75.62667, 4.510037], [-75.626948, 4.510038], [-75.626948, 4.510317], [-75.627226, 4.510317], [-75.627224, 4.511433], [-75.62778, 4.511435], [-75.62778, 4.511155], [-75.627502, 4.511155], [-75.627503, 4.510876], [-75.627781, 4.510876], [-75.627782, 4.510318], [-75.628894, 4.510321], [-75.628895, 4.510042], [-75.629729, 4.510043], [-75.629728, 4.510322], [-75.630006, 4.510323], [-75.630006, 4.510602], [-75.629172, 4.5106], [-75.629171, 4.510879], [-75.628337, 4.510878], [-75.628335, 4.511715], [-75.629169, 4.511716], [-75.629169, 4.511995], [-75.628613, 4.511994], [-75.62861297849463, 4.5120000000000005], [-75.62833497849464, 4.5120000000000005], [-75.628335, 4.511994], [-75.628057, 4.511993], [-75.6280569749104, 4.5120000000000005], [-75.62638896415771, 4.5120000000000005], [-75.626389, 4.51199]], [[-75.625556, 4.51143], [-75.625834, 4.511431], [-75.625835, 4.510873], [-75.625557, 4.510872], [-75.625556, 4.51143]], [[-75.625278, 4.511429], [-75.625277, 4.511709], [-75.625555, 4.511709], [-75.625556, 4.51143], [-75.625278, 4.511429]], [[-75.626946, 4.511433], [-75.626945, 4.511991], [-75.627223, 4.511991], [-75.627224, 4.511433], [-75.626946, 4.511433]]], [[[-75.62695, 4.50948], [-75.626672, 4.509479], [-75.626672, 4.5092], [-75.627228, 4.509201], [-75.627229, 4.508922], [-75.626951, 4.508922], [-75.626952, 4.508085], [-75.626674, 4.508084], [-75.626675, 4.507526], [-75.626397, 4.507525], [-75.626398, 4.507246], [-75.62612, 4.507246], [-75.626119, 4.507525], [-75.625285, 4.507523], [-75.625285, 4.507802], [-75.625563, 4.507803], [-75.625562, 4.508361], [-75.625006, 4.50836], [-75.625005, 4.508639], [-75.623337, 4.508635], [-75.623337, 4.508356], [-75.623615, 4.508357], [-75.623616, 4.508078], [-75.623894, 4.508078], [-75.623895, 4.507799], [-75.624729, 4.507801], [-75.62473, 4.507243], [-75.625008, 4.507244], [-75.625009, 4.506407], [-75.625288, 4.506407], [-75.625288, 4.506128], [-75.625566, 4.506129], [-75.625567, 4.50585], [-75.625845, 4.50585], [-75.625846, 4.505013], [-75.625568, 4.505013], [-75.625568, 4.505292], [-75.624734, 4.50529], [-75.624734, 4.505011], [-75.625012, 4.505011], [-75.625013, 4.504732], [-75.625291, 4.504733], [-75.625291, 4.504454], [-75.625569, 4.504454], [-75.62557, 4.504175], [-75.626126, 4.504177], [-75.626127, 4.503619], [-75.626683, 4.50362], [-75.626684, 4.503341], [-75.626962, 4.503341], [-75.626961, 4.50362], [-75.627239, 4.503621], [-75.627241, 4.502505], [-75.627519, 4.502505], [-75.627521, 4.501947], [-75.627799, 4.501948], [-75.6278, 4.50139], [-75.628078, 4.50139], [-75.628079, 4.500832], [-75.628357, 4.500833], [-75.628358, 4.500275], [-75.628636, 4.500275], [-75.628637, 4.499996], [-75.629193, 4.499997], [-75.629192, 4.500276], [-75.629748, 4.500277], [-75.62975, 4.499161], [-75.629472, 4.499161], [-75.629472, 4.49944], [-75.629194, 4.499439], [-75.629196, 4.498323], [-75.628918, 4.498323], [-75.62892, 4.497207], [-75.629198, 4.497207], [-75.6292, 4.49637], [-75.629478, 4.496371], [-75.629477, 4.496929], [-75.629755, 4.496929], [-75.629752, 4.498045], [-75.629474, 4.498045], [-75.629474, 4.498324], [-75.629752, 4.498324], [-75.629751, 4.498882], [-75.630029, 4.498883], [-75.630029, 4.498604], [-75.630585, 4.498605], [-75.630586, 4.498326], [-75.630864, 4.498327], [-75.630865, 4.498048], [-75.631143, 4.498048], [-75.631143, 4.497769], [-75.631699, 4.49777], [-75.6317, 4.497491], [-75.632256, 4.497492], [-75.632251, 4.499724], [-75.632807, 4.499726], [-75.632807, 4.500005], [-75.631973, 4.500003], [-75.631972, 4.500282], [-75.63225, 4.500282], [-75.632249, 4.50084], [-75.632527, 4.500841], [-75.632526, 4.501399], [-75.633082, 4.5014], [-75.633083, 4.501121], [-75.633639, 4.501122], [-75.63364, 4.500564], [-75.633918, 4.500565], [-75.63392, 4.499728], [-75.634198, 4.499728], [-75.634198, 4.499449], [-75.63392, 4.499449], [-75.633921, 4.49917], [-75.633643, 4.499169], [-75.633643, 4.49889], [-75.633921, 4.498891], [-75.633922, 4.498612], [-75.634756, 4.498613], [-75.634755, 4.498892], [-75.634199, 4.498891], [-75.634199, 4.49917], [-75.634477, 4.499171], [-75.634476, 4.499729], [-75.634754, 4.499729], [-75.634752, 4.500566], [-75.634474, 4.500566], [-75.634473, 4.500845], [-75.635029, 4.500846], [-75.635029, 4.501125], [-75.635307, 4.501126], [-75.635306, 4.501405], [-75.635584, 4.501405], [-75.635584, 4.501684], [-75.635306, 4.501684], [-75.635305, 4.501963], [-75.635861, 4.501964], [-75.635862, 4.501685], [-75.63614, 4.501685], [-75.636143, 4.50029], [-75.636421, 4.500291], [-75.63642, 4.50057], [-75.636976, 4.500571], [-75.636976, 4.50085], [-75.637254, 4.50085], [-75.637253, 4.501129], [-75.636975, 4.501129], [-75.636974, 4.501687], [-75.637252, 4.501687], [-75.637251, 4.502246], [-75.637529, 4.502246], [-75.637528, 4.502804], [-75.63725, 4.502804], [-75.637249, 4.503083], [-75.636971, 4.503082], [-75.636971, 4.503361], [-75.636693, 4.503361], [-75.636695, 4.501965], [-75.636417, 4.501965], [-75.636416, 4.502523], [-75.636138, 4.502522], [-75.636137, 4.50308], [-75.635859, 4.50308], [-75.635858, 4.503638], [-75.63558, 4.503637], [-75.635579, 4.503916], [-75.636135, 4.503917], [-75.636136, 4.503638], [-75.636414, 4.503639], [-75.636412, 4.504476], [-75.63669, 4.504477], [-75.636689, 4.505035], [-75.636411, 4.505034], [-75.636411, 4.505313], [-75.636133, 4.505313], [-75.636132, 4.505592], [-75.635854, 4.505591], [-75.635854, 4.50587], [-75.635298, 4.505869], [-75.635297, 4.506148], [-75.635019, 4.506147], [-75.635018, 4.506426], [-75.63474, 4.506426], [-75.634742, 4.505868], [-75.634185, 4.505867], [-75.634185, 4.506146], [-75.633351, 4.506144], [-75.633349, 4.506981], [-75.633071, 4.506981], [-75.633071, 4.50726], [-75.633349, 4.50726], [-75.633347, 4.508097], [-75.633069, 4.508097], [-75.633068, 4.508376], [-75.63279, 4.508375], [-75.632788, 4.509491], [-75.633066, 4.509492], [-75.633067, 4.509213], [-75.633345, 4.509213], [-75.633346, 4.508376], [-75.633624, 4.508377], [-75.633626, 4.507819], [-75.634182, 4.50782], [-75.634178, 4.509494], [-75.6339, 4.509494], [-75.633899, 4.510052], [-75.633621, 4.510051], [-75.633621, 4.51033], [-75.633343, 4.510329], [-75.633342, 4.510609], [-75.633064, 4.510608], [-75.633063, 4.510887], [-75.632785, 4.510886], [-75.632786, 4.510607], [-75.632508, 4.510607], [-75.632507, 4.510886], [-75.631951, 4.510885], [-75.63195, 4.511443], [-75.630838, 4.511441], [-75.630839, 4.511162], [-75.631395, 4.511163], [-75.631395, 4.510884], [-75.630839, 4.510883], [-75.63084, 4.510604], [-75.631118, 4.510604], [-75.631118, 4.510325], [-75.631396, 4.510326], [-75.631397, 4.510047], [-75.631675, 4.510047], [-75.631675, 4.509768], [-75.631397, 4.509768], [-75.631399, 4.50921], [-75.632233, 4.509211], [-75.632234, 4.508653], [-75.631956, 4.508653], [-75.631956, 4.508374], [-75.632234, 4.508374], [-75.632237, 4.506979], [-75.632515, 4.50698], [-75.632517, 4.505863], [-75.632795, 4.505864], [-75.632796, 4.505306], [-75.633074, 4.505307], [-75.633075, 4.505028], [-75.632797, 4.505027], [-75.632798, 4.504748], [-75.632519, 4.504747], [-75.632522, 4.503631], [-75.631966, 4.50363], [-75.631966, 4.503351], [-75.6328, 4.503353], [-75.632802, 4.502516], [-75.632524, 4.502515], [-75.632523, 4.502794], [-75.632245, 4.502794], [-75.632245, 4.503073], [-75.631967, 4.503072], [-75.631967, 4.502793], [-75.631133, 4.502791], [-75.631132, 4.503349], [-75.631688, 4.503351], [-75.631688, 4.50363], [-75.630576, 4.503627], [-75.630574, 4.504185], [-75.62974, 4.504184], [-75.62974, 4.504463], [-75.630574, 4.504464], [-75.630572, 4.505581], [-75.63085, 4.505581], [-75.63085, 4.505302], [-75.631128, 4.505303], [-75.631127, 4.505861], [-75.631405, 4.505861], [-75.631406, 4.505582], [-75.631684, 4.505583], [-75.631683, 4.505862], [-75.631961, 4.505862], [-75.631959, 4.506978], [-75.631403, 4.506977], [-75.631402, 4.507535], [-75.630846, 4.507534], [-75.630845, 4.508092], [-75.630567, 4.508092], [-75.630569, 4.506976], [-75.630847, 4.506976], [-75.630846, 4.507255], [-75.631124, 4.507256], [-75.631126, 4.506698], [-75.631682, 4.506699], [-75.631682, 4.50642], [-75.63057, 4.506418], [-75.630571, 4.50586], [-75.630015, 4.505858], [-75.630014, 4.506417], [-75.630292, 4.506417], [-75.63029, 4.507254], [-75.630012, 4.507254], [-75.630013, 4.506696], [-75.629735, 4.506695], [-75.629736, 4.506416], [-75.629458, 4.506415], [-75.629457, 4.506973], [-75.629179, 4.506973], [-75.629178, 4.507252], [-75.629456, 4.507252], [-75.629455, 4.507811], [-75.629177, 4.50781], [-75.629176, 4.508368], [-75.629454, 4.508369], [-75.629453, 4.508648], [-75.629732, 4.508648], [-75.629732, 4.508369], [-75.63001, 4.50837], [-75.63001, 4.508649], [-75.630288, 4.508649], [-75.630287, 4.508928], [-75.629731, 4.508927], [-75.62973, 4.509206], [-75.627506, 4.509202], [-75.627505, 4.50976], [-75.627227, 4.509759], [-75.627227, 4.510038], [-75.626948, 4.510038], [-75.62695, 4.50948]], [[-75.630585, 4.498884], [-75.630863, 4.498885], [-75.630863, 4.498606], [-75.630585, 4.498605], [-75.630585, 4.498884]], [[-75.633624, 4.508656], [-75.633902, 4.508656], [-75.633902, 4.508377], [-75.633624, 4.508377], [-75.633624, 4.508656]], [[-75.633622, 4.509772], [-75.633344, 4.509771], [-75.633343, 4.51005], [-75.633621, 4.510051], [-75.633622, 4.509772]], [[-75.632795, 4.506143], [-75.633073, 4.506144], [-75.633073, 4.505865], [-75.632795, 4.505864], [-75.632795, 4.506143]], [[-75.633074, 4.505586], [-75.633352, 4.505586], [-75.633351, 4.505865], [-75.633629, 4.505866], [-75.63363, 4.505587], [-75.633908, 4.505587], [-75.633909, 4.505308], [-75.633074, 4.505307], [-75.633074, 4.505586]], [[-75.629741, 4.503905], [-75.629463, 4.503904], [-75.629462, 4.504183], [-75.62974, 4.504184], [-75.629741, 4.503905]], [[-75.628343, 4.507808], [-75.628621, 4.507809], [-75.628621, 4.508088], [-75.628899, 4.508088], [-75.6289, 4.50753], [-75.628344, 4.507529], [-75.628343, 4.507808]], [[-75.628065, 4.507808], [-75.628066, 4.507529], [-75.627788, 4.507528], [-75.627788, 4.507249], [-75.628066, 4.50725], [-75.628067, 4.506692], [-75.628345, 4.506692], [-75.628346, 4.506413], [-75.628624, 4.506414], [-75.628624, 4.506135], [-75.627512, 4.506133], [-75.627513, 4.505853], [-75.627791, 4.505854], [-75.627791, 4.505575], [-75.628069, 4.505576], [-75.62807, 4.505297], [-75.628348, 4.505297], [-75.62835, 4.50446], [-75.627516, 4.504458], [-75.627515, 4.504737], [-75.627237, 4.504737], [-75.627238, 4.504458], [-75.62696, 4.504457], [-75.626953, 4.507527], [-75.627231, 4.507527], [-75.627232, 4.507248], [-75.62751, 4.507249], [-75.627509, 4.507807], [-75.627787, 4.507807], [-75.627786, 4.508086], [-75.628064, 4.508087], [-75.628064, 4.508366], [-75.628342, 4.508366], [-75.628343, 4.507808], [-75.628065, 4.507808]], [[-75.627239, 4.5039], [-75.626961, 4.503899], [-75.62696, 4.504178], [-75.627238, 4.504179], [-75.627239, 4.5039]], [[-75.627795, 4.503901], [-75.627794, 4.50418], [-75.62835, 4.504181], [-75.628351, 4.503902], [-75.627795, 4.503901]], [[-75.628906, 4.504461], [-75.628905, 4.50474], [-75.629183, 4.504741], [-75.629184, 4.504462], [-75.628906, 4.504461]], [[-75.629182, 4.505578], [-75.629181, 4.505857], [-75.629459, 4.505857], [-75.62946, 4.505578], [-75.629182, 4.505578]], [[-75.629464, 4.503346], [-75.629463, 4.503625], [-75.629741, 4.503626], [-75.629742, 4.503347], [-75.629464, 4.503346]], [[-75.630583, 4.5], [-75.630305, 4.5], [-75.630304, 4.500279], [-75.630582, 4.500279], [-75.630583, 4.5]], [[-75.632509, 4.510049], [-75.632231, 4.510048], [-75.63223, 4.510327], [-75.632508, 4.510328], [-75.632509, 4.510049]], [[-75.633636, 4.502517], [-75.63308, 4.502516], [-75.633079, 4.502795], [-75.633357, 4.502796], [-75.633357, 4.503075], [-75.633635, 4.503075], [-75.633636, 4.502517]], [[-75.633911, 4.503913], [-75.634745, 4.503915], [-75.634746, 4.503636], [-75.633912, 4.503634], [-75.633911, 4.503913]], [[-75.633633, 4.503913], [-75.633633, 4.504192], [-75.633911, 4.504192], [-75.633911, 4.503913], [-75.633633, 4.503913]], [[-75.634191, 4.503077], [-75.633913, 4.503076], [-75.633912, 4.503355], [-75.63419, 4.503356], [-75.634191, 4.503077]], [[-75.635021, 4.50531], [-75.634465, 4.505309], [-75.634464, 4.505588], [-75.63502, 4.505589], [-75.635021, 4.50531]], [[-75.635578, 4.504474], [-75.6353, 4.504474], [-75.6353, 4.504753], [-75.635578, 4.504753], [-75.635578, 4.504474]]], [[[-75.636977, 4.500013], [-75.636699, 4.500012], [-75.6367, 4.499733], [-75.636978, 4.499734], [-75.636978, 4.499455], [-75.6367, 4.499454], [-75.636701, 4.498896], [-75.636145, 4.498895], [-75.636146, 4.498616], [-75.635868, 4.498615], [-75.635868, 4.498336], [-75.635312, 4.498335], [-75.635313, 4.498056], [-75.635035, 4.498056], [-75.635035, 4.497777], [-75.634757, 4.497776], [-75.634759, 4.497218], [-75.634481, 4.497218], [-75.63448, 4.497497], [-75.633646, 4.497495], [-75.633647, 4.496937], [-75.633925, 4.496937], [-75.633926, 4.496658], [-75.63337, 4.496657], [-75.633369, 4.496936], [-75.632535, 4.496935], [-75.632534, 4.497214], [-75.632256, 4.497213], [-75.632257, 4.496655], [-75.631979, 4.496655], [-75.63198, 4.496376], [-75.632258, 4.496376], [-75.632259, 4.496097], [-75.632537, 4.496098], [-75.632537, 4.495819], [-75.632815, 4.495819], [-75.632815, 4.496098], [-75.633093, 4.496099], [-75.633092, 4.496378], [-75.63337, 4.496378], [-75.633371, 4.496099], [-75.633649, 4.4961], [-75.63365, 4.495263], [-75.633094, 4.495262], [-75.633095, 4.494704], [-75.632817, 4.494703], [-75.632819, 4.493866], [-75.632541, 4.493865], [-75.632542, 4.493586], [-75.632263, 4.493586], [-75.632264, 4.493307], [-75.632542, 4.493307], [-75.632543, 4.493028], [-75.632821, 4.493029], [-75.632822, 4.492471], [-75.633934, 4.492473], [-75.633935, 4.491915], [-75.633657, 4.491915], [-75.633656, 4.492194], [-75.633378, 4.492193], [-75.633379, 4.491914], [-75.633101, 4.491913], [-75.633101, 4.491634], [-75.633657, 4.491635], [-75.633659, 4.491077], [-75.633102, 4.491076], [-75.633103, 4.490797], [-75.633381, 4.490798], [-75.633382, 4.490519], [-75.632826, 4.490518], [-75.632826, 4.490239], [-75.633104, 4.490239], [-75.633105, 4.48996], [-75.634217, 4.489962], [-75.634217, 4.489683], [-75.633939, 4.489683], [-75.63394, 4.489404], [-75.634218, 4.489404], [-75.634218, 4.489125], [-75.63255, 4.489122], [-75.632551, 4.488843], [-75.631995, 4.488842], [-75.631996, 4.488005], [-75.632274, 4.488005], [-75.632275, 4.487726], [-75.632553, 4.487727], [-75.632554, 4.487169], [-75.632832, 4.487169], [-75.632833, 4.486611], [-75.632555, 4.486611], [-75.632555, 4.48689], [-75.632277, 4.486889], [-75.63228, 4.485215], [-75.63367, 4.485218], [-75.633669, 4.485497], [-75.633391, 4.485496], [-75.63339, 4.486054], [-75.63478, 4.486057], [-75.634781, 4.485778], [-75.635059, 4.485779], [-75.63506, 4.485221], [-75.635338, 4.485221], [-75.635337, 4.486058], [-75.635058, 4.486058], [-75.635057, 4.486895], [-75.634501, 4.486894], [-75.6345, 4.487173], [-75.634778, 4.487173], [-75.634778, 4.487452], [-75.635056, 4.487453], [-75.635056, 4.487174], [-75.635334, 4.487174], [-75.635333, 4.487732], [-75.635889, 4.487734], [-75.635885, 4.489687], [-75.636163, 4.489687], [-75.636162, 4.490245], [-75.635884, 4.490245], [-75.635883, 4.490803], [-75.635605, 4.490802], [-75.635605, 4.491081], [-75.635327, 4.491081], [-75.635326, 4.49136], [-75.635048, 4.491359], [-75.635048, 4.491638], [-75.635882, 4.49164], [-75.635881, 4.492198], [-75.635602, 4.492197], [-75.6356, 4.493593], [-75.635322, 4.493592], [-75.63532, 4.494429], [-75.635042, 4.494428], [-75.63504, 4.495266], [-75.635596, 4.495267], [-75.635597, 4.494988], [-75.635875, 4.494988], [-75.635874, 4.495267], [-75.636152, 4.495268], [-75.636152, 4.495547], [-75.63643, 4.495547], [-75.636431, 4.495268], [-75.636987, 4.495269], [-75.636985, 4.495827], [-75.636429, 4.495826], [-75.636429, 4.496105], [-75.636151, 4.496105], [-75.63615, 4.496384], [-75.637818, 4.496387], [-75.63782, 4.495829], [-75.638098, 4.49583], [-75.638098, 4.495551], [-75.638376, 4.495551], [-75.638377, 4.495272], [-75.639211, 4.495274], [-75.639212, 4.494716], [-75.63949, 4.494716], [-75.63949, 4.494437], [-75.639768, 4.494438], [-75.639768, 4.494717], [-75.640046, 4.494717], [-75.640045, 4.495275], [-75.640323, 4.495276], [-75.640322, 4.495555], [-75.6406, 4.495556], [-75.640601, 4.495277], [-75.641157, 4.495278], [-75.641156, 4.495836], [-75.640878, 4.495835], [-75.640877, 4.496114], [-75.640599, 4.496114], [-75.6406, 4.495835], [-75.640044, 4.495833], [-75.640042, 4.496671], [-75.64032, 4.496671], [-75.640319, 4.497229], [-75.640041, 4.497229], [-75.640042, 4.49695], [-75.639764, 4.496949], [-75.639763, 4.497228], [-75.639485, 4.497228], [-75.639484, 4.497507], [-75.639206, 4.497506], [-75.639206, 4.497785], [-75.639762, 4.497786], [-75.639761, 4.498065], [-75.640039, 4.498066], [-75.64004, 4.497787], [-75.640596, 4.497788], [-75.640596, 4.497509], [-75.640875, 4.497509], [-75.640876, 4.496672], [-75.641154, 4.496673], [-75.641151, 4.498068], [-75.640873, 4.498067], [-75.640873, 4.498346], [-75.640317, 4.498345], [-75.640316, 4.498624], [-75.640038, 4.498624], [-75.640036, 4.49974], [-75.640314, 4.49974], [-75.640312, 4.500856], [-75.64059, 4.500857], [-75.640588, 4.501694], [-75.640866, 4.501695], [-75.640864, 4.502811], [-75.640586, 4.50281], [-75.640587, 4.502252], [-75.640309, 4.502252], [-75.640308, 4.503089], [-75.640029, 4.503088], [-75.640029, 4.503367], [-75.639473, 4.503366], [-75.639472, 4.503645], [-75.638916, 4.503644], [-75.638916, 4.503923], [-75.63836, 4.503922], [-75.638361, 4.503364], [-75.638639, 4.503364], [-75.638639, 4.503085], [-75.638917, 4.503086], [-75.638918, 4.502807], [-75.639196, 4.502807], [-75.639198, 4.501691], [-75.63892, 4.501691], [-75.63892, 4.50197], [-75.638642, 4.501969], [-75.638641, 4.502248], [-75.638363, 4.502248], [-75.638362, 4.502527], [-75.638084, 4.502526], [-75.638086, 4.501968], [-75.638364, 4.501969], [-75.638364, 4.50169], [-75.638642, 4.50169], [-75.638643, 4.501411], [-75.638087, 4.50141], [-75.638087, 4.501131], [-75.637809, 4.501131], [-75.63781, 4.500572], [-75.636976, 4.500571], [-75.636977, 4.500013]], [[-75.635591, 4.498057], [-75.635592, 4.497778], [-75.635313, 4.497777], [-75.635313, 4.498056], [-75.635591, 4.498057]], [[-75.633107, 4.488844], [-75.633107, 4.488565], [-75.632551, 4.488564], [-75.632551, 4.488843], [-75.633107, 4.488844]], [[-75.632832, 4.487448], [-75.63311, 4.487449], [-75.63311, 4.48717], [-75.632832, 4.487169], [-75.632832, 4.487448]], [[-75.635885, 4.489966], [-75.635607, 4.489965], [-75.635606, 4.490244], [-75.635884, 4.490245], [-75.635885, 4.489966]], [[-75.635328, 4.490244], [-75.635328, 4.490523], [-75.635606, 4.490523], [-75.635606, 4.490244], [-75.635328, 4.490244]], [[-75.636151, 4.495826], [-75.635873, 4.495825], [-75.635874, 4.495546], [-75.635318, 4.495545], [-75.635317, 4.496103], [-75.636151, 4.496105], [-75.636151, 4.495826]], [[-75.63865, 4.497784], [-75.638653, 4.496389], [-75.638096, 4.496388], [-75.638096, 4.496667], [-75.637818, 4.496666], [-75.637817, 4.496945], [-75.637539, 4.496945], [-75.637539, 4.497224], [-75.636983, 4.497223], [-75.636983, 4.496944], [-75.636427, 4.496942], [-75.636428, 4.496663], [-75.635594, 4.496662], [-75.635592, 4.497499], [-75.636148, 4.4975], [-75.636148, 4.497779], [-75.636426, 4.49778], [-75.636424, 4.498338], [-75.637259, 4.498339], [-75.637258, 4.498618], [-75.637814, 4.498619], [-75.637812, 4.499456], [-75.637534, 4.499456], [-75.637533, 4.500014], [-75.637255, 4.500013], [-75.637255, 4.500292], [-75.637811, 4.500293], [-75.637812, 4.499735], [-75.63809, 4.499736], [-75.63809, 4.499457], [-75.638368, 4.499458], [-75.638369, 4.499178], [-75.638647, 4.499179], [-75.638648, 4.4989], [-75.638926, 4.498901], [-75.638927, 4.498063], [-75.639205, 4.498064], [-75.639206, 4.497785], [-75.63865, 4.497784]], [[-75.639195, 4.503086], [-75.639473, 4.503087], [-75.639474, 4.502808], [-75.639196, 4.502807], [-75.639195, 4.503086]], [[-75.632835, 4.485774], [-75.632557, 4.485774], [-75.632556, 4.486053], [-75.632834, 4.486053], [-75.632835, 4.485774]], [[-75.633942, 4.488288], [-75.633664, 4.488287], [-75.633663, 4.488566], [-75.633941, 4.488567], [-75.633942, 4.488288]], [[-75.634222, 4.487172], [-75.633666, 4.487171], [-75.633665, 4.487729], [-75.633943, 4.48773], [-75.633943, 4.488009], [-75.634221, 4.488009], [-75.63422, 4.488567], [-75.634498, 4.488568], [-75.6345, 4.487452], [-75.634222, 4.487451], [-75.634222, 4.487172]], [[-75.634206, 4.495264], [-75.634484, 4.495264], [-75.634485, 4.494985], [-75.634763, 4.494986], [-75.634763, 4.494707], [-75.634207, 4.494706], [-75.634207, 4.494985], [-75.633929, 4.494984], [-75.633928, 4.495542], [-75.634206, 4.495543], [-75.634206, 4.495264]], [[-75.634223, 4.486614], [-75.633945, 4.486614], [-75.633945, 4.486893], [-75.634223, 4.486893], [-75.634223, 4.486614]], [[-75.635329, 4.489686], [-75.635051, 4.489685], [-75.635052, 4.489406], [-75.634774, 4.489405], [-75.634773, 4.489685], [-75.634495, 4.489684], [-75.634494, 4.490242], [-75.63505, 4.490243], [-75.635051, 4.489964], [-75.635329, 4.489965], [-75.635329, 4.489686]], [[-75.635039, 4.495824], [-75.634761, 4.495823], [-75.634761, 4.496102], [-75.635039, 4.496103], [-75.635039, 4.495824]], [[-75.638366, 4.500574], [-75.638644, 4.500574], [-75.638644, 4.500853], [-75.639756, 4.500855], [-75.639757, 4.500018], [-75.639201, 4.500017], [-75.639202, 4.499738], [-75.639758, 4.499739], [-75.639759, 4.49946], [-75.638925, 4.499459], [-75.638923, 4.500017], [-75.638645, 4.500016], [-75.638645, 4.500295], [-75.638089, 4.500294], [-75.638088, 4.500852], [-75.638366, 4.500853], [-75.638366, 4.500574]], [[-75.639209, 4.49639], [-75.639487, 4.49639], [-75.639487, 4.496111], [-75.639209, 4.496111], [-75.639209, 4.49639]], [[-75.638931, 4.496389], [-75.63893, 4.496668], [-75.639208, 4.496669], [-75.639209, 4.49639], [-75.638931, 4.496389]], [[-75.63921, 4.495553], [-75.638932, 4.495552], [-75.638932, 4.495831], [-75.638376, 4.49583], [-75.638375, 4.496109], [-75.639209, 4.496111], [-75.63921, 4.495553]], [[-75.638929, 4.496947], [-75.638929, 4.497226], [-75.639207, 4.497227], [-75.639207, 4.496948], [-75.638929, 4.496947]]], [[[-75.620001, 4.50835], [-75.620001, 4.508629], [-75.620279, 4.508629], [-75.620276, 4.510024], [-75.62, 4.510024], [-75.62, 4.5083499964028775], [-75.620001, 4.50835]]], [[[-75.620554, 4.510025], [-75.620555, 4.509467], [-75.621111, 4.509468], [-75.621112, 4.50891], [-75.62139, 4.508911], [-75.621391, 4.508631], [-75.621669, 4.508632], [-75.621668, 4.50919], [-75.62139, 4.50919], [-75.621387, 4.510306], [-75.621109, 4.510305], [-75.621109, 4.510584], [-75.620553, 4.510583], [-75.620552, 4.510862], [-75.620274, 4.510861], [-75.620274, 4.51114], [-75.62, 4.51114], [-75.62, 4.510582], [-75.620275, 4.510582], [-75.620276, 4.510024], [-75.620554, 4.510025]]], [[[-75.641403, 4.511462], [-75.641404, 4.511183], [-75.641682, 4.511183], [-75.641681, 4.511462], [-75.641403, 4.511462]]], [[[-75.633896, 4.511447], [-75.633618, 4.511446], [-75.633618, 4.511725], [-75.632784, 4.511724], [-75.632785, 4.511165], [-75.633897, 4.511168], [-75.633896, 4.511447]]], [[[-75.634174, 4.511447], [-75.634174, 4.511726], [-75.633896, 4.511726], [-75.633896, 4.511447], [-75.634174, 4.511447]]], [[[-75.62917, 4.511437], [-75.629448, 4.511438], [-75.629447, 4.511717], [-75.629169, 4.511716], [-75.62917, 4.511437]]], [[[-75.625558, 4.510314], [-75.62556, 4.509198], [-75.626116, 4.509199], [-75.626116, 4.509478], [-75.625837, 4.509477], [-75.625836, 4.510315], [-75.625558, 4.510314]]], [[[-75.624448, 4.509196], [-75.624447, 4.509475], [-75.624169, 4.509474], [-75.62417, 4.508916], [-75.625005, 4.508918], [-75.625005, 4.508639], [-75.625283, 4.508639], [-75.625283, 4.508918], [-75.625561, 4.508919], [-75.62556, 4.509198], [-75.624448, 4.509196]]], [[[-75.633363, 4.499727], [-75.633364, 4.499448], [-75.63392, 4.499449], [-75.63392, 4.499728], [-75.633363, 4.499727]]], [[[-75.634754, 4.49945], [-75.635032, 4.499451], [-75.635032, 4.49973], [-75.634754, 4.499729], [-75.634754, 4.49945]]], [[[-75.633671, 4.484939], [-75.634505, 4.484941], [-75.634504, 4.48522], [-75.634782, 4.48522], [-75.634782, 4.485499], [-75.634504, 4.485499], [-75.634503, 4.485778], [-75.633669, 4.485776], [-75.633669, 4.485497], [-75.633948, 4.485498], [-75.633948, 4.485218], [-75.63367, 4.485218], [-75.633671, 4.484939]]], [[[-75.635339, 4.484663], [-75.635617, 4.484664], [-75.635617, 4.484943], [-75.635895, 4.484943], [-75.635894, 4.485222], [-75.635338, 4.485221], [-75.635339, 4.484663]]], [[[-75.635061, 4.484663], [-75.635063, 4.483547], [-75.635341, 4.483547], [-75.635339, 4.484663], [-75.635061, 4.484663]]], [[[-75.635061, 4.484942], [-75.634783, 4.484941], [-75.634783, 4.484662], [-75.635061, 4.484663], [-75.635061, 4.484942]]], [[[-75.635618, 4.484385], [-75.635896, 4.484385], [-75.635895, 4.484664], [-75.635617, 4.484664], [-75.635618, 4.484385]]], [[[-75.63589, 4.487176], [-75.636168, 4.487176], [-75.636169, 4.486897], [-75.636447, 4.486898], [-75.636446, 4.487456], [-75.636724, 4.487456], [-75.636723, 4.487735], [-75.635889, 4.487734], [-75.63589, 4.487176]]], [[[-75.63644, 4.490246], [-75.63644, 4.490525], [-75.636162, 4.490524], [-75.636162, 4.490245], [-75.63644, 4.490246]]], [[[-75.636161, 4.490803], [-75.63616, 4.491361], [-75.635882, 4.491361], [-75.635883, 4.490803], [-75.636161, 4.490803]]], [[[-75.639769, 4.494159], [-75.640047, 4.494159], [-75.640048, 4.493601], [-75.640326, 4.493602], [-75.640327, 4.493323], [-75.640605, 4.493323], [-75.640605, 4.493044], [-75.640883, 4.493045], [-75.640882, 4.493603], [-75.640604, 4.493602], [-75.640603, 4.494439], [-75.639768, 4.494438], [-75.639769, 4.494159]]], [[[-75.638359, 4.504201], [-75.638081, 4.5042], [-75.638082, 4.503921], [-75.63836, 4.503922], [-75.638359, 4.504201]]], [[[-75.634183, 4.507262], [-75.634461, 4.507262], [-75.63446, 4.50782], [-75.634182, 4.50782], [-75.634183, 4.507262]]], [[[-75.630561, 4.511161], [-75.630561, 4.510882], [-75.630839, 4.510883], [-75.630839, 4.511162], [-75.630561, 4.511161]]], [[[-75.632518, 4.505305], [-75.632518, 4.505584], [-75.631962, 4.505583], [-75.631962, 4.505304], [-75.63224, 4.505305], [-75.632241, 4.505026], [-75.632797, 4.505027], [-75.632796, 4.505306], [-75.632518, 4.505305]]], [[[-75.631129, 4.505024], [-75.631407, 4.505024], [-75.631406, 4.505303], [-75.631128, 4.505303], [-75.631129, 4.505024]]], [[[-75.630566, 4.508371], [-75.630288, 4.50837], [-75.630289, 4.508091], [-75.630567, 4.508092], [-75.630566, 4.508371]]], [[[-75.630011, 4.508091], [-75.630011, 4.507812], [-75.630289, 4.507812], [-75.630289, 4.508091], [-75.630011, 4.508091]]], [[[-75.626674, 4.508363], [-75.626396, 4.508362], [-75.626396, 4.508083], [-75.626674, 4.508084], [-75.626674, 4.508363]]], [[[-75.626395, 4.508642], [-75.626117, 4.508641], [-75.626118, 4.508362], [-75.626396, 4.508362], [-75.626395, 4.508642]]], [[[-75.626673, 4.508642], [-75.626673, 4.508921], [-75.626395, 4.508921], [-75.626395, 4.508642], [-75.626673, 4.508642]]], [[[-75.626117, 4.50892], [-75.625561, 4.508919], [-75.625561, 4.50864], [-75.626117, 4.508641], [-75.626117, 4.50892]]], [[[-75.62584, 4.508361], [-75.62584, 4.508082], [-75.626118, 4.508083], [-75.626118, 4.508362], [-75.62584, 4.508361]]], [[[-75.626394, 4.509479], [-75.626393, 4.509758], [-75.626115, 4.509757], [-75.626116, 4.509478], [-75.626394, 4.509479]]], [[[-75.624167, 4.51059], [-75.624168, 4.510311], [-75.624446, 4.510312], [-75.624445, 4.510591], [-75.624167, 4.51059]]], [[[-75.623333, 4.510589], [-75.623332, 4.510868], [-75.623054, 4.510867], [-75.623056, 4.510309], [-75.622778, 4.510308], [-75.622779, 4.50975], [-75.624169, 4.509753], [-75.624168, 4.510032], [-75.62389, 4.510032], [-75.62389, 4.510311], [-75.623612, 4.51031], [-75.623611, 4.510589], [-75.623333, 4.510589]]], [[[-75.620551, 4.51142], [-75.620552, 4.511141], [-75.621108, 4.511142], [-75.621107, 4.511421], [-75.620551, 4.51142]]], [[[-75.620834, 4.508909], [-75.620835, 4.50863], [-75.621113, 4.508631], [-75.621112, 4.50891], [-75.620834, 4.508909]]], [[[-75.621114, 4.508073], [-75.62167, 4.508074], [-75.621669, 4.508353], [-75.621391, 4.508352], [-75.621391, 4.508631], [-75.621113, 4.508631], [-75.621114, 4.508073]]], [[[-75.633678, 4.481312], [-75.633675, 4.482707], [-75.633119, 4.482706], [-75.633123, 4.480473], [-75.632567, 4.480472], [-75.632568, 4.480193], [-75.632846, 4.480194], [-75.632846, 4.479915], [-75.632568, 4.479914], [-75.632569, 4.479356], [-75.632291, 4.479356], [-75.632292, 4.479077], [-75.631736, 4.479076], [-75.631737, 4.478797], [-75.631459, 4.478796], [-75.631459, 4.478517], [-75.631737, 4.478518], [-75.631738, 4.478239], [-75.63285, 4.478241], [-75.632849, 4.47852], [-75.633127, 4.47852], [-75.633126, 4.479078], [-75.633404, 4.479079], [-75.633402, 4.479916], [-75.63368, 4.479916], [-75.633679, 4.480475], [-75.633957, 4.480475], [-75.633956, 4.481312], [-75.633678, 4.481312]], [[-75.633124, 4.479915], [-75.633125, 4.479636], [-75.632847, 4.479636], [-75.632846, 4.479915], [-75.633124, 4.479915]]], [[[-75.632851, 4.477683], [-75.632573, 4.477682], [-75.632574, 4.477124], [-75.632296, 4.477124], [-75.632297, 4.476286], [-75.632019, 4.476286], [-75.632021, 4.475449], [-75.631743, 4.475448], [-75.631745, 4.474611], [-75.631467, 4.474611], [-75.631468, 4.473774], [-75.63119, 4.473773], [-75.631192, 4.472936], [-75.630914, 4.472935], [-75.630916, 4.472098], [-75.63036, 4.472097], [-75.630359, 4.472655], [-75.629802, 4.472654], [-75.629803, 4.472375], [-75.630081, 4.472376], [-75.630082, 4.472097], [-75.629248, 4.472095], [-75.629247, 4.472374], [-75.629525, 4.472375], [-75.629524, 4.472933], [-75.628968, 4.472932], [-75.628967, 4.473211], [-75.628689, 4.47321], [-75.62869, 4.472652], [-75.628968, 4.472653], [-75.628969, 4.472374], [-75.628691, 4.472373], [-75.628692, 4.472094], [-75.62897, 4.472094], [-75.628971, 4.471536], [-75.628693, 4.471536], [-75.628693, 4.471257], [-75.627303, 4.471254], [-75.627302, 4.471812], [-75.628414, 4.471814], [-75.628414, 4.472093], [-75.626745, 4.47209], [-75.626745, 4.472369], [-75.624799, 4.472365], [-75.624798, 4.472644], [-75.62452, 4.472644], [-75.624522, 4.471528], [-75.6248, 4.471528], [-75.6248, 4.471807], [-75.625078, 4.471808], [-75.625078, 4.471529], [-75.626191, 4.471531], [-75.626191, 4.471252], [-75.626469, 4.471252], [-75.62647, 4.470973], [-75.626748, 4.470974], [-75.626748, 4.470695], [-75.62647, 4.470694], [-75.626471, 4.470415], [-75.626193, 4.470415], [-75.626192, 4.470694], [-75.625914, 4.470693], [-75.625914, 4.470972], [-75.625358, 4.470971], [-75.625358, 4.470692], [-75.625636, 4.470693], [-75.625637, 4.470135], [-75.625915, 4.470135], [-75.625916, 4.469856], [-75.62536, 4.469855], [-75.625359, 4.470134], [-75.625081, 4.470134], [-75.625081, 4.470413], [-75.624803, 4.470412], [-75.624804, 4.469854], [-75.625082, 4.469855], [-75.625082, 4.469576], [-75.624804, 4.469575], [-75.624805, 4.469296], [-75.624527, 4.469295], [-75.624528, 4.468737], [-75.624806, 4.468738], [-75.624805, 4.469017], [-75.625083, 4.469018], [-75.625084, 4.468739], [-75.625362, 4.468739], [-75.625363, 4.46846], [-75.625641, 4.468461], [-75.625641, 4.468182], [-75.625085, 4.46818], [-75.625085, 4.468459], [-75.624806, 4.468459], [-75.624808, 4.467622], [-75.625364, 4.467623], [-75.625364, 4.467902], [-75.625642, 4.467903], [-75.625643, 4.467344], [-75.625921, 4.467345], [-75.625922, 4.466787], [-75.625644, 4.466786], [-75.625645, 4.466228], [-75.626201, 4.46623], [-75.626201, 4.46595], [-75.626479, 4.465951], [-75.62648, 4.465672], [-75.626758, 4.465673], [-75.626758, 4.465952], [-75.627036, 4.465952], [-75.627035, 4.466231], [-75.627869, 4.466233], [-75.62787, 4.465675], [-75.628148, 4.465675], [-75.628147, 4.466233], [-75.628425, 4.466234], [-75.628426, 4.465955], [-75.628982, 4.465956], [-75.628982, 4.465677], [-75.628704, 4.465676], [-75.628705, 4.465397], [-75.628427, 4.465397], [-75.62843, 4.463723], [-75.628152, 4.463722], [-75.628149, 4.465117], [-75.627871, 4.465117], [-75.627872, 4.464838], [-75.627038, 4.464836], [-75.627037, 4.465115], [-75.626759, 4.465115], [-75.626759, 4.465394], [-75.626481, 4.465393], [-75.626482, 4.464835], [-75.626204, 4.464834], [-75.626205, 4.464276], [-75.626483, 4.464277], [-75.626483, 4.463998], [-75.626761, 4.463998], [-75.626762, 4.46344], [-75.62565, 4.463438], [-75.62565, 4.463717], [-75.625372, 4.463717], [-75.625372, 4.463438], [-75.625094, 4.463437], [-75.625095, 4.463158], [-75.626763, 4.463161], [-75.626765, 4.462045], [-75.627043, 4.462046], [-75.627044, 4.461767], [-75.627322, 4.461767], [-75.627323, 4.461209], [-75.627601, 4.46121], [-75.6276, 4.461489], [-75.628156, 4.46149], [-75.628157, 4.460932], [-75.627601, 4.460931], [-75.627604, 4.459536], [-75.627882, 4.459536], [-75.627882, 4.459815], [-75.628438, 4.459816], [-75.628437, 4.460095], [-75.628715, 4.460096], [-75.628716, 4.459817], [-75.628994, 4.459817], [-75.628996, 4.458701], [-75.62983, 4.458703], [-75.629831, 4.458145], [-75.629275, 4.458144], [-75.629275, 4.457865], [-75.629553, 4.457865], [-75.629555, 4.457307], [-75.629833, 4.457308], [-75.629833, 4.457029], [-75.630111, 4.457029], [-75.630112, 4.45675], [-75.63039, 4.456751], [-75.630391, 4.456193], [-75.630669, 4.456193], [-75.630667, 4.457031], [-75.630389, 4.45703], [-75.630389, 4.457309], [-75.630945, 4.45731], [-75.630946, 4.456752], [-75.631224, 4.456753], [-75.631224, 4.456474], [-75.63178, 4.456475], [-75.631781, 4.456196], [-75.632059, 4.456196], [-75.632059, 4.455917], [-75.632337, 4.455918], [-75.632336, 4.456755], [-75.632614, 4.456755], [-75.632613, 4.457034], [-75.632335, 4.457034], [-75.632335, 4.457313], [-75.632613, 4.457313], [-75.632612, 4.457592], [-75.632334, 4.457592], [-75.632333, 4.45815], [-75.632055, 4.458149], [-75.632054, 4.458428], [-75.632332, 4.458429], [-75.632332, 4.458708], [-75.632054, 4.458707], [-75.632052, 4.459824], [-75.63233, 4.459824], [-75.63233, 4.459545], [-75.632608, 4.459546], [-75.632607, 4.460104], [-75.632885, 4.460104], [-75.632885, 4.460383], [-75.633163, 4.460384], [-75.633162, 4.460942], [-75.63344, 4.460942], [-75.633438, 4.461779], [-75.633716, 4.46178], [-75.633717, 4.461501], [-75.633995, 4.461501], [-75.633993, 4.46206], [-75.634271, 4.46206], [-75.634271, 4.462339], [-75.634549, 4.46234], [-75.634548, 4.462619], [-75.633992, 4.462618], [-75.633992, 4.462897], [-75.634548, 4.462898], [-75.634547, 4.463456], [-75.634825, 4.463456], [-75.634826, 4.462898], [-75.635104, 4.462899], [-75.635103, 4.463457], [-75.635381, 4.463457], [-75.63538, 4.463736], [-75.635658, 4.463737], [-75.635658, 4.464016], [-75.635936, 4.464017], [-75.635935, 4.464575], [-75.636213, 4.464575], [-75.636208, 4.467086], [-75.63593, 4.467086], [-75.635927, 4.468481], [-75.635649, 4.46848], [-75.635648, 4.468759], [-75.63537, 4.468759], [-75.635369, 4.469596], [-75.634813, 4.469595], [-75.634812, 4.469874], [-75.634534, 4.469873], [-75.634534, 4.470152], [-75.63509, 4.470153], [-75.635089, 4.470432], [-75.635645, 4.470434], [-75.635645, 4.470713], [-75.636201, 4.470714], [-75.636201, 4.470435], [-75.636479, 4.470435], [-75.636477, 4.471551], [-75.635921, 4.47155], [-75.63592, 4.472108], [-75.636198, 4.472109], [-75.636197, 4.472667], [-75.635641, 4.472666], [-75.63564, 4.473224], [-75.634806, 4.473222], [-75.634805, 4.473501], [-75.635083, 4.473502], [-75.635083, 4.473781], [-75.635361, 4.473781], [-75.63536, 4.47406], [-75.635638, 4.474061], [-75.635637, 4.47434], [-75.635916, 4.47434], [-75.635915, 4.474619], [-75.635637, 4.474619], [-75.635636, 4.474898], [-75.636192, 4.474899], [-75.636192, 4.475178], [-75.635358, 4.475176], [-75.635357, 4.475455], [-75.634801, 4.475454], [-75.6348, 4.476012], [-75.634522, 4.476012], [-75.634523, 4.475454], [-75.634245, 4.475453], [-75.634245, 4.475732], [-75.633967, 4.475732], [-75.633968, 4.474895], [-75.634246, 4.474895], [-75.634247, 4.474616], [-75.634525, 4.474617], [-75.634525, 4.474338], [-75.634803, 4.474338], [-75.634804, 4.474059], [-75.634526, 4.474059], [-75.634527, 4.47378], [-75.634249, 4.473779], [-75.634247, 4.474337], [-75.633691, 4.474336], [-75.633689, 4.475452], [-75.633411, 4.475452], [-75.633411, 4.475731], [-75.633689, 4.475731], [-75.633688, 4.47601], [-75.633966, 4.476011], [-75.633966, 4.47629], [-75.634244, 4.47629], [-75.634243, 4.476569], [-75.634799, 4.47657], [-75.634798, 4.477128], [-75.635076, 4.477129], [-75.635074, 4.477966], [-75.634796, 4.477966], [-75.634797, 4.477407], [-75.634519, 4.477407], [-75.634518, 4.477965], [-75.63424, 4.477964], [-75.634241, 4.477406], [-75.633963, 4.477406], [-75.633963, 4.477685], [-75.633685, 4.477684], [-75.633684, 4.477963], [-75.633128, 4.477962], [-75.633128, 4.478241], [-75.63285, 4.478241], [-75.632851, 4.477683]], [[-75.6262, 4.466788], [-75.6262, 4.466509], [-75.625922, 4.466508], [-75.625922, 4.466787], [-75.6262, 4.466788]], [[-75.62926, 4.465678], [-75.629262, 4.46484], [-75.628706, 4.464839], [-75.628705, 4.465118], [-75.628983, 4.465119], [-75.628982, 4.465677], [-75.62926, 4.465678]], [[-75.62954, 4.464841], [-75.62954, 4.464562], [-75.629262, 4.464561], [-75.629262, 4.46484], [-75.62954, 4.464841]], [[-75.633714, 4.462896], [-75.633713, 4.463175], [-75.633991, 4.463176], [-75.633992, 4.462897], [-75.633714, 4.462896]], [[-75.628698, 4.469025], [-75.629532, 4.469026], [-75.629532, 4.468747], [-75.628976, 4.468746], [-75.628977, 4.468467], [-75.628699, 4.468467], [-75.6287, 4.467909], [-75.628978, 4.467909], [-75.628978, 4.46763], [-75.629256, 4.467631], [-75.629257, 4.467352], [-75.628701, 4.467351], [-75.6287, 4.46763], [-75.627866, 4.467628], [-75.627865, 4.468465], [-75.626753, 4.468463], [-75.626751, 4.4693], [-75.627029, 4.4693], [-75.62703, 4.468742], [-75.627586, 4.468743], [-75.627586, 4.469022], [-75.62842, 4.469024], [-75.628418, 4.469582], [-75.628696, 4.469583], [-75.628698, 4.469025]], [[-75.62759, 4.46679], [-75.626756, 4.466789], [-75.626755, 4.467068], [-75.627033, 4.467068], [-75.627033, 4.467347], [-75.627589, 4.467348], [-75.62759, 4.46679]], [[-75.62814, 4.469582], [-75.627862, 4.469581], [-75.627862, 4.46986], [-75.627306, 4.469859], [-75.627305, 4.470138], [-75.628139, 4.47014], [-75.62814, 4.469582]], [[-75.627595, 4.464], [-75.627595, 4.464279], [-75.627873, 4.46428], [-75.627873, 4.464001], [-75.627595, 4.464]], [[-75.62899, 4.461771], [-75.628712, 4.46177], [-75.628712, 4.461491], [-75.628434, 4.461491], [-75.628434, 4.46177], [-75.627878, 4.461768], [-75.627877, 4.462047], [-75.628155, 4.462048], [-75.628154, 4.462606], [-75.628988, 4.462608], [-75.62899, 4.461771]], [[-75.629806, 4.47098], [-75.630084, 4.470981], [-75.630084, 4.470702], [-75.62925, 4.4707], [-75.629248, 4.471816], [-75.629804, 4.471817], [-75.629805, 4.471538], [-75.630083, 4.471539], [-75.630083, 4.47126], [-75.629805, 4.471259], [-75.629806, 4.47098]], [[-75.630086, 4.469865], [-75.630364, 4.469865], [-75.630365, 4.469307], [-75.630087, 4.469306], [-75.630087, 4.469585], [-75.629809, 4.469585], [-75.629808, 4.469864], [-75.62953, 4.469863], [-75.629529, 4.470421], [-75.630085, 4.470423], [-75.630086, 4.469865]], [[-75.629827, 4.460098], [-75.629827, 4.460377], [-75.630105, 4.460378], [-75.630105, 4.460099], [-75.629827, 4.460098]], [[-75.629828, 4.459819], [-75.630384, 4.45982], [-75.630384, 4.459541], [-75.630106, 4.459541], [-75.630107, 4.459262], [-75.629829, 4.459261], [-75.629828, 4.45954], [-75.62955, 4.45954], [-75.629549, 4.460098], [-75.629827, 4.460098], [-75.629828, 4.459819]], [[-75.630368, 4.467912], [-75.63009, 4.467911], [-75.630089, 4.46819], [-75.630367, 4.468191], [-75.630368, 4.467912]], [[-75.630379, 4.462331], [-75.630378, 4.46261], [-75.630656, 4.462611], [-75.630657, 4.462332], [-75.630379, 4.462331]], [[-75.630664, 4.458705], [-75.630386, 4.458704], [-75.630385, 4.459262], [-75.630663, 4.459263], [-75.630664, 4.458705]], [[-75.630918, 4.470982], [-75.630917, 4.471261], [-75.631195, 4.471262], [-75.631195, 4.471541], [-75.631473, 4.471541], [-75.631475, 4.470146], [-75.631197, 4.470146], [-75.631196, 4.470983], [-75.630918, 4.470982]], [[-75.631206, 4.46596], [-75.630928, 4.46596], [-75.630927, 4.466239], [-75.631205, 4.466239], [-75.631206, 4.46596]], [[-75.631477, 4.469588], [-75.631199, 4.469588], [-75.631198, 4.469867], [-75.631476, 4.469867], [-75.631477, 4.469588]], [[-75.631478, 4.468751], [-75.6312, 4.468751], [-75.631199, 4.469309], [-75.631477, 4.469309], [-75.631478, 4.468751]], [[-75.63122, 4.458427], [-75.631219, 4.459264], [-75.631497, 4.459264], [-75.631498, 4.458427], [-75.63122, 4.458427]], [[-75.631778, 4.457591], [-75.6315, 4.45759], [-75.6315, 4.457869], [-75.631778, 4.45787], [-75.631778, 4.457591]], [[-75.632884, 4.460662], [-75.632606, 4.460662], [-75.632606, 4.460941], [-75.632884, 4.460941], [-75.632884, 4.460662]], [[-75.633693, 4.473499], [-75.633692, 4.473778], [-75.633414, 4.473777], [-75.633415, 4.473498], [-75.633137, 4.473498], [-75.633135, 4.474335], [-75.633413, 4.474335], [-75.633414, 4.474056], [-75.63397, 4.474058], [-75.633971, 4.473499], [-75.633693, 4.473499]], [[-75.63314, 4.471824], [-75.63314, 4.472103], [-75.633418, 4.472103], [-75.633418, 4.471824], [-75.63314, 4.471824]], [[-75.633142, 4.470987], [-75.633141, 4.471266], [-75.633419, 4.471266], [-75.63342, 4.470987], [-75.633142, 4.470987]], [[-75.633424, 4.469034], [-75.633702, 4.469035], [-75.633702, 4.468756], [-75.633424, 4.468755], [-75.633424, 4.469034]], [[-75.633146, 4.469033], [-75.633144, 4.47015], [-75.633422, 4.47015], [-75.633422, 4.469871], [-75.6337, 4.469872], [-75.633701, 4.469593], [-75.633423, 4.469592], [-75.633424, 4.469034], [-75.633146, 4.469033]], [[-75.633429, 4.466244], [-75.633707, 4.466244], [-75.633709, 4.465407], [-75.633431, 4.465407], [-75.63343, 4.465686], [-75.633152, 4.465685], [-75.633152, 4.465964], [-75.63343, 4.465965], [-75.633429, 4.466244]], [[-75.633151, 4.466243], [-75.633151, 4.466522], [-75.633429, 4.466523], [-75.633429, 4.466244], [-75.633151, 4.466243]], [[-75.633705, 4.46736], [-75.633427, 4.46736], [-75.633426, 4.467918], [-75.633704, 4.467918], [-75.633705, 4.46736]], [[-75.633972, 4.472941], [-75.633694, 4.472941], [-75.633694, 4.47322], [-75.633972, 4.47322], [-75.633972, 4.472941]], [[-75.633696, 4.472104], [-75.633695, 4.472383], [-75.634251, 4.472384], [-75.634249, 4.4735], [-75.634527, 4.473501], [-75.634528, 4.472943], [-75.634806, 4.472943], [-75.634807, 4.472385], [-75.635085, 4.472386], [-75.635086, 4.472107], [-75.634808, 4.472106], [-75.63481, 4.47099], [-75.634532, 4.470989], [-75.634531, 4.471268], [-75.634253, 4.471268], [-75.634252, 4.472105], [-75.633696, 4.472104]], [[-75.633703, 4.468198], [-75.633703, 4.468477], [-75.633981, 4.468477], [-75.633981, 4.468198], [-75.633703, 4.468198]], [[-75.63426, 4.46792], [-75.634259, 4.468199], [-75.634537, 4.468199], [-75.634538, 4.46792], [-75.63426, 4.46792]], [[-75.634261, 4.467362], [-75.634261, 4.467641], [-75.634539, 4.467641], [-75.634539, 4.467362], [-75.634261, 4.467362]], [[-75.634823, 4.464572], [-75.634267, 4.464571], [-75.634266, 4.46485], [-75.634822, 4.464851], [-75.634823, 4.464572]], [[-75.634819, 4.466247], [-75.634819, 4.466526], [-75.634541, 4.466525], [-75.63454, 4.467083], [-75.635096, 4.467084], [-75.635097, 4.466247], [-75.634819, 4.466247]], [[-75.63482, 4.465967], [-75.634542, 4.465967], [-75.634541, 4.466246], [-75.634819, 4.466247], [-75.63482, 4.465967]], [[-75.635922, 4.470992], [-75.635922, 4.471271], [-75.6362, 4.471272], [-75.6362, 4.470993], [-75.635922, 4.470992]]], [[[-75.628131, 4.474325], [-75.627853, 4.474324], [-75.627851, 4.475441], [-75.627573, 4.47544], [-75.627572, 4.475719], [-75.62785, 4.47572], [-75.627849, 4.476278], [-75.627571, 4.476277], [-75.627571, 4.476556], [-75.627849, 4.476557], [-75.627845, 4.47851], [-75.627567, 4.478509], [-75.627567, 4.47823], [-75.627289, 4.47823], [-75.62729, 4.477951], [-75.627012, 4.47795], [-75.627014, 4.477113], [-75.627292, 4.477114], [-75.627292, 4.476835], [-75.627014, 4.476834], [-75.627015, 4.476276], [-75.626737, 4.476275], [-75.626736, 4.476833], [-75.626458, 4.476833], [-75.626458, 4.477112], [-75.626736, 4.477112], [-75.626733, 4.478229], [-75.626177, 4.478227], [-75.626179, 4.47739], [-75.625901, 4.47739], [-75.625903, 4.476274], [-75.626181, 4.476274], [-75.626182, 4.475716], [-75.625904, 4.475716], [-75.625905, 4.475437], [-75.625071, 4.475435], [-75.62507, 4.475714], [-75.624792, 4.475714], [-75.624792, 4.475993], [-75.624514, 4.475992], [-75.624513, 4.476271], [-75.623957, 4.47627], [-75.623957, 4.476549], [-75.623678, 4.476548], [-75.623678, 4.476827], [-75.6234, 4.476827], [-75.623399, 4.477106], [-75.623121, 4.477105], [-75.623121, 4.477384], [-75.622843, 4.477384], [-75.622842, 4.477663], [-75.622564, 4.477662], [-75.622563, 4.478499], [-75.622285, 4.478499], [-75.622285, 4.47822], [-75.622007, 4.478219], [-75.622007, 4.478498], [-75.621451, 4.478497], [-75.62145, 4.478776], [-75.621172, 4.478776], [-75.621171, 4.479055], [-75.620893, 4.479054], [-75.620893, 4.479333], [-75.620615, 4.479333], [-75.620614, 4.479612], [-75.620336, 4.479611], [-75.620336, 4.47989], [-75.620058, 4.479889], [-75.620057, 4.480168], [-75.62, 4.480168], [-75.62, 4.4737507482014385], [-75.62007, 4.473751], [-75.620069, 4.47403], [-75.620347, 4.474031], [-75.620348, 4.473752], [-75.620626, 4.473752], [-75.620625, 4.47431], [-75.620903, 4.474311], [-75.620902, 4.47459], [-75.62257, 4.474593], [-75.62257, 4.474872], [-75.62396, 4.474875], [-75.623961, 4.474317], [-75.624239, 4.474317], [-75.624239, 4.474038], [-75.623961, 4.474038], [-75.623962, 4.473759], [-75.62424, 4.473759], [-75.624241, 4.473201], [-75.624519, 4.473202], [-75.624517, 4.474318], [-75.624795, 4.474318], [-75.624797, 4.473481], [-75.625353, 4.473482], [-75.625354, 4.472645], [-75.625632, 4.472646], [-75.625631, 4.473204], [-75.626465, 4.473206], [-75.626464, 4.474043], [-75.626186, 4.474042], [-75.626185, 4.474321], [-75.625907, 4.474321], [-75.625906, 4.4746], [-75.625628, 4.474599], [-75.625627, 4.475157], [-75.625905, 4.475158], [-75.625906, 4.474879], [-75.626184, 4.474879], [-75.626184, 4.4746], [-75.626462, 4.474601], [-75.626463, 4.474322], [-75.626741, 4.474322], [-75.626742, 4.474043], [-75.627576, 4.474045], [-75.627576, 4.473766], [-75.628132, 4.473767], [-75.628131, 4.474325]], [[-75.621735, 4.475149], [-75.621734, 4.475986], [-75.622012, 4.475987], [-75.622011, 4.476266], [-75.621455, 4.476265], [-75.621454, 4.476544], [-75.621732, 4.476545], [-75.621732, 4.476824], [-75.622566, 4.476825], [-75.622568, 4.475709], [-75.62229, 4.475709], [-75.622292, 4.474871], [-75.622014, 4.474871], [-75.622013, 4.47515], [-75.621735, 4.475149]], [[-75.627019, 4.474602], [-75.62674, 4.474601], [-75.62674, 4.47488], [-75.627018, 4.474881], [-75.627019, 4.474602]], [[-75.627017, 4.475439], [-75.627016, 4.475718], [-75.627294, 4.475718], [-75.627295, 4.475439], [-75.627017, 4.475439]], [[-75.627291, 4.477393], [-75.62729, 4.477672], [-75.627568, 4.477672], [-75.627569, 4.477393], [-75.627291, 4.477393]]], [[[-75.638683, 4.481042], [-75.638683, 4.480763], [-75.638961, 4.480764], [-75.638961, 4.481043], [-75.638683, 4.481042]]], [[[-75.638682, 4.481321], [-75.638404, 4.481321], [-75.638403, 4.4816], [-75.638125, 4.481599], [-75.638127, 4.481041], [-75.638683, 4.481042], [-75.638682, 4.481321]]], [[[-75.638124, 4.482157], [-75.637846, 4.482157], [-75.637847, 4.481599], [-75.638125, 4.481599], [-75.638124, 4.482157]]], [[[-75.637846, 4.482436], [-75.63729, 4.482435], [-75.63729, 4.482156], [-75.637846, 4.482157], [-75.637846, 4.482436]]], [[[-75.637012, 4.482155], [-75.637013, 4.481597], [-75.637291, 4.481598], [-75.63729, 4.482156], [-75.637012, 4.482155]]], [[[-75.637012, 4.482434], [-75.636734, 4.482434], [-75.636733, 4.482992], [-75.636177, 4.482991], [-75.636178, 4.482154], [-75.636456, 4.482154], [-75.636457, 4.481875], [-75.636735, 4.481876], [-75.636734, 4.482155], [-75.637012, 4.482155], [-75.637012, 4.482434]]], [[[-75.63729, 4.482435], [-75.637289, 4.482714], [-75.637011, 4.482713], [-75.637012, 4.482434], [-75.63729, 4.482435]]], [[[-75.637567, 4.482714], [-75.637567, 4.482993], [-75.637289, 4.482993], [-75.637289, 4.482714], [-75.637567, 4.482714]]], [[[-75.637288, 4.483272], [-75.63701, 4.483271], [-75.637011, 4.482992], [-75.637289, 4.482993], [-75.637288, 4.483272]]], [[[-75.635901, 4.481874], [-75.635901, 4.481595], [-75.636457, 4.481596], [-75.636457, 4.481875], [-75.635901, 4.481874]]], [[[-75.6359, 4.482153], [-75.635066, 4.482151], [-75.635065, 4.482709], [-75.635343, 4.48271], [-75.635342, 4.483268], [-75.634786, 4.483267], [-75.634787, 4.482709], [-75.634509, 4.482708], [-75.63451, 4.482429], [-75.634232, 4.482429], [-75.634233, 4.481871], [-75.634511, 4.481871], [-75.63451, 4.48215], [-75.634788, 4.482151], [-75.634789, 4.481872], [-75.635901, 4.481874], [-75.6359, 4.482153]]], [[[-75.633955, 4.48187], [-75.633956, 4.481312], [-75.634234, 4.481313], [-75.634233, 4.481871], [-75.633955, 4.48187]]], [[[-75.628688, 4.473768], [-75.628132, 4.473767], [-75.628133, 4.473488], [-75.628411, 4.473489], [-75.628411, 4.473209], [-75.628689, 4.47321], [-75.628688, 4.473768]]], [[[-75.623684, 4.473758], [-75.623686, 4.472921], [-75.623964, 4.472922], [-75.623962, 4.473759], [-75.623684, 4.473758]]], [[[-75.620626, 4.473473], [-75.620904, 4.473474], [-75.620904, 4.473753], [-75.620626, 4.473752], [-75.620626, 4.473473]]], [[[-75.620905, 4.473195], [-75.621183, 4.473195], [-75.621184, 4.472916], [-75.621462, 4.472917], [-75.621461, 4.473196], [-75.622017, 4.473197], [-75.622018, 4.472918], [-75.622296, 4.472918], [-75.622295, 4.473197], [-75.622573, 4.473198], [-75.622574, 4.472919], [-75.622852, 4.472919], [-75.622851, 4.473477], [-75.622016, 4.473476], [-75.622016, 4.473755], [-75.622294, 4.473755], [-75.622293, 4.474034], [-75.622571, 4.474035], [-75.622571, 4.474314], [-75.621737, 4.474312], [-75.621737, 4.474033], [-75.621181, 4.474032], [-75.621182, 4.473753], [-75.621738, 4.473754], [-75.621738, 4.473475], [-75.620904, 4.473474], [-75.620905, 4.473195]]], [[[-75.620906, 4.472916], [-75.620906, 4.472637], [-75.621184, 4.472637], [-75.621184, 4.472916], [-75.620906, 4.472916]]], [[[-75.620628, 4.472636], [-75.620629, 4.472357], [-75.620907, 4.472358], [-75.620906, 4.472637], [-75.620628, 4.472636]]], [[[-75.622572, 4.473756], [-75.623128, 4.473757], [-75.623127, 4.474036], [-75.622571, 4.474035], [-75.622572, 4.473756]]], [[[-75.620351, 4.472356], [-75.62035, 4.472635], [-75.62, 4.472634370503598], [-75.62, 4.472355368705037], [-75.620351, 4.472356]]], [[[-75.625903, 4.476274], [-75.625625, 4.476273], [-75.625626, 4.475715], [-75.625904, 4.475716], [-75.625903, 4.476274]]], [[[-75.626176, 4.478786], [-75.625898, 4.478785], [-75.625899, 4.478227], [-75.626177, 4.478227], [-75.626176, 4.478786]]], [[[-75.625898, 4.479064], [-75.62562, 4.479063], [-75.62562, 4.478784], [-75.625898, 4.478785], [-75.625898, 4.479064]]], [[[-75.625342, 4.478784], [-75.625343, 4.478505], [-75.625621, 4.478505], [-75.62562, 4.478784], [-75.625342, 4.478784]]], [[[-75.620655, 4.458964], [-75.620653, 4.459801], [-75.620375, 4.4598], [-75.620374, 4.460637], [-75.620096, 4.460637], [-75.620096, 4.460358], [-75.62, 4.460357654676259], [-75.62, 4.458962429256594], [-75.620655, 4.458964]]], [[[-75.620935, 4.458127], [-75.620936, 4.457569], [-75.620658, 4.457569], [-75.620658, 4.45729], [-75.620936, 4.45729], [-75.620937, 4.457011], [-75.621215, 4.457012], [-75.621214, 4.45757], [-75.621492, 4.45757], [-75.621491, 4.457849], [-75.622047, 4.457851], [-75.622047, 4.45813], [-75.621769, 4.458129], [-75.621768, 4.458687], [-75.62149, 4.458687], [-75.62149, 4.458408], [-75.620378, 4.458405], [-75.620378, 4.458684], [-75.62, 4.4586833201438845], [-75.62, 4.458125318345323], [-75.620935, 4.458127]]], [[[-75.620659, 4.457011], [-75.620659, 4.456732], [-75.620937, 4.456732], [-75.620937, 4.457011], [-75.620659, 4.457011]]], [[[-75.62452, 4.472923], [-75.624242, 4.472922], [-75.624242, 4.472643], [-75.62452, 4.472644], [-75.62452, 4.472923]]], [[[-75.625365, 4.467344], [-75.625365, 4.467065], [-75.625643, 4.467065], [-75.625643, 4.467344], [-75.625365, 4.467344]]], [[[-75.627036, 4.465673], [-75.627314, 4.465674], [-75.627314, 4.465953], [-75.627036, 4.465952], [-75.627036, 4.465673]]], [[[-75.631225, 4.456195], [-75.631225, 4.455916], [-75.631781, 4.455917], [-75.631781, 4.456196], [-75.631225, 4.456195]]], [[[-75.634826, 4.462619], [-75.634826, 4.462898], [-75.634548, 4.462898], [-75.634548, 4.462619], [-75.634826, 4.462619]]], [[[-75.635926, 4.46876], [-75.635926, 4.469039], [-75.635648, 4.469038], [-75.635648, 4.468759], [-75.635926, 4.46876]]], [[[-75.635923, 4.470434], [-75.635924, 4.470155], [-75.636202, 4.470156], [-75.636201, 4.470435], [-75.635923, 4.470434]]], [[[-75.636748, 4.475179], [-75.636747, 4.475737], [-75.636469, 4.475737], [-75.636468, 4.476016], [-75.63619, 4.476015], [-75.636192, 4.475178], [-75.636748, 4.475179]]], [[[-75.62008, 4.46845], [-75.62008, 4.468729], [-75.62, 4.468728712230216], [-75.62, 4.468449712230216], [-75.62008, 4.46845]]], [[[-75.620355, 4.470124], [-75.620356, 4.469845], [-75.620634, 4.469846], [-75.620633, 4.470125], [-75.620355, 4.470124]]], [[[-75.620354, 4.470682], [-75.620632, 4.470683], [-75.620632, 4.470404], [-75.62091, 4.470404], [-75.620909, 4.470962], [-75.620353, 4.470961], [-75.620353, 4.47124], [-75.620075, 4.47124], [-75.620076, 4.470682], [-75.62, 4.470681863309353], [-75.62, 4.469844719424461], [-75.620078, 4.469845], [-75.620077, 4.470124], [-75.620355, 4.470124], [-75.620354, 4.470682]]], [[[-75.620094, 4.461474], [-75.620094, 4.461753], [-75.62, 4.461752661870503], [-75.62, 4.461473661870503], [-75.620094, 4.461474]]], [[[-75.620373, 4.461196], [-75.62, 4.4611946582733815], [-75.62, 4.4609156582733815], [-75.620373, 4.460917], [-75.620373, 4.461196]]], [[[-75.620651, 4.461196], [-75.620651, 4.460917], [-75.620929, 4.460918], [-75.620928, 4.461476], [-75.62065, 4.461475], [-75.620649, 4.462033], [-75.620371, 4.462033], [-75.620373, 4.461196], [-75.620651, 4.461196]]], [[[-75.620102, 4.457289], [-75.620101, 4.457847], [-75.62, 4.457846636690648], [-75.62, 4.457288633093525], [-75.620102, 4.457289]]], [[[-75.620108, 4.454219], [-75.620108, 4.454498], [-75.62, 4.454498], [-75.62, 4.454219], [-75.620108, 4.454219]]], [[[-75.621479, 4.464267], [-75.621478, 4.464546], [-75.620922, 4.464545], [-75.620923, 4.464266], [-75.621479, 4.464267]]], [[[-75.620645, 4.464265], [-75.620646, 4.463707], [-75.620924, 4.463708], [-75.620923, 4.464266], [-75.620645, 4.464265]]], [[[-75.620368, 4.463707], [-75.620368, 4.463428], [-75.620646, 4.463428], [-75.620646, 4.463707], [-75.620368, 4.463707]]], [[[-75.62009, 4.463427], [-75.620091, 4.463148], [-75.620369, 4.463149], [-75.620368, 4.463428], [-75.62009, 4.463427]]], [[[-75.62037, 4.462312], [-75.62037, 4.462591], [-75.620092, 4.46259], [-75.620092, 4.462311], [-75.62037, 4.462312]]], [[[-75.621122, 4.504167], [-75.621122, 4.503888], [-75.620844, 4.503887], [-75.620845, 4.503329], [-75.621401, 4.50333], [-75.6214, 4.504167], [-75.621122, 4.504167]]], [[[-75.621209, 4.459802], [-75.620931, 4.459802], [-75.620932, 4.459522], [-75.62121, 4.459523], [-75.621211, 4.459244], [-75.621489, 4.459245], [-75.621486, 4.460361], [-75.62093, 4.46036], [-75.620931, 4.460081], [-75.621209, 4.460081], [-75.621209, 4.459802]]], [[[-75.621413, 4.497192], [-75.621413, 4.497471], [-75.621135, 4.49747], [-75.621135, 4.497191], [-75.621413, 4.497192]]], [[[-75.621474, 4.466499], [-75.621474, 4.466778], [-75.621196, 4.466778], [-75.621196, 4.466499], [-75.621474, 4.466499]]], [[[-75.621711, 4.487147], [-75.621711, 4.487426], [-75.621433, 4.487426], [-75.621433, 4.487147], [-75.621711, 4.487147]]], [[[-75.621724, 4.481009], [-75.621723, 4.481288], [-75.621445, 4.481287], [-75.621446, 4.481008], [-75.621724, 4.481009]]], [[[-75.621745, 4.470406], [-75.621744, 4.470685], [-75.621466, 4.470684], [-75.621467, 4.470405], [-75.621745, 4.470406]]], [[[-75.621751, 4.467337], [-75.621751, 4.467058], [-75.622029, 4.467058], [-75.622029, 4.467337], [-75.621751, 4.467337]]], [[[-75.62175, 4.467616], [-75.621472, 4.467615], [-75.621473, 4.467336], [-75.621751, 4.467337], [-75.62175, 4.467616]]], [[[-75.62176, 4.462593], [-75.621759, 4.462872], [-75.621481, 4.462872], [-75.621482, 4.462593], [-75.62176, 4.462593]]], [[[-75.622219, 4.511423], [-75.622219, 4.511702], [-75.621663, 4.511701], [-75.621663, 4.511422], [-75.622219, 4.511423]]], [[[-75.621944, 4.510028], [-75.621945, 4.509749], [-75.622501, 4.50975], [-75.6225, 4.510029], [-75.621944, 4.510028]]], [[[-75.621943, 4.510307], [-75.621665, 4.510306], [-75.621666, 4.510027], [-75.621944, 4.510028], [-75.621943, 4.510307]]], [[[-75.622221, 4.510307], [-75.62222, 4.510865], [-75.621942, 4.510865], [-75.621943, 4.510307], [-75.622221, 4.510307]]], [[[-75.62195, 4.507237], [-75.62195, 4.506958], [-75.621672, 4.506958], [-75.621673, 4.5064], [-75.621951, 4.5064], [-75.621951, 4.506679], [-75.622229, 4.50668], [-75.622228, 4.507238], [-75.62195, 4.507237]]], [[[-75.622858, 4.469571], [-75.622858, 4.46985], [-75.62258, 4.46985], [-75.62258, 4.469571], [-75.622858, 4.469571]]], [[[-75.622024, 4.46957], [-75.622025, 4.46929], [-75.622581, 4.469292], [-75.62258, 4.469571], [-75.622024, 4.46957]]], [[[-75.621747, 4.46929], [-75.621747, 4.469011], [-75.622025, 4.469011], [-75.622025, 4.46929], [-75.621747, 4.46929]]], [[[-75.62203, 4.4665], [-75.62203, 4.466779], [-75.621752, 4.466779], [-75.621752, 4.4665], [-75.62203, 4.4665]]], [[[-75.622031, 4.465942], [-75.622032, 4.465663], [-75.621754, 4.465663], [-75.621754, 4.465384], [-75.622866, 4.465386], [-75.622866, 4.465665], [-75.624256, 4.465668], [-75.624255, 4.466226], [-75.623977, 4.466225], [-75.623976, 4.466504], [-75.62342, 4.466503], [-75.62342, 4.466782], [-75.622864, 4.466781], [-75.622865, 4.466223], [-75.622587, 4.466222], [-75.622586, 4.466501], [-75.622308, 4.466501], [-75.622309, 4.465943], [-75.622031, 4.465942]], [[-75.622587, 4.465943], [-75.622588, 4.465664], [-75.62231, 4.465664], [-75.622309, 4.465943], [-75.622587, 4.465943]]], [[[-75.622225, 4.508354], [-75.622225, 4.508633], [-75.621947, 4.508633], [-75.621947, 4.508354], [-75.622225, 4.508354]]], [[[-75.622522, 4.499147], [-75.622523, 4.498589], [-75.622801, 4.498589], [-75.6228, 4.499148], [-75.622522, 4.499147]]], [[[-75.622521, 4.499426], [-75.622243, 4.499425], [-75.622243, 4.499704], [-75.621965, 4.499704], [-75.621966, 4.499146], [-75.622522, 4.499147], [-75.622521, 4.499426]]], [[[-75.622246, 4.497751], [-75.622246, 4.49803], [-75.621968, 4.49803], [-75.621968, 4.497751], [-75.622246, 4.497751]]], [[[-75.622579, 4.470408], [-75.622578, 4.470687], [-75.622022, 4.470686], [-75.622023, 4.470407], [-75.622579, 4.470408]]], [[[-75.622511, 4.504727], [-75.62251, 4.505006], [-75.622232, 4.505006], [-75.622233, 4.504727], [-75.622511, 4.504727]]], [[[-75.623146, 4.464549], [-75.623147, 4.46427], [-75.622869, 4.46427], [-75.622869, 4.463991], [-75.622313, 4.46399], [-75.622314, 4.463711], [-75.623148, 4.463712], [-75.623147, 4.463991], [-75.623703, 4.463992], [-75.623703, 4.464271], [-75.623425, 4.464271], [-75.623424, 4.46455], [-75.623146, 4.464549]]], [[[-75.622595, 4.462037], [-75.622595, 4.462316], [-75.622316, 4.462315], [-75.622317, 4.462036], [-75.622595, 4.462037]]], [[[-75.622879, 4.458968], [-75.622878, 4.459526], [-75.622322, 4.459525], [-75.622323, 4.458967], [-75.622879, 4.458968]]], [[[-75.622616, 4.451155], [-75.622616, 4.451434], [-75.622338, 4.451434], [-75.622338, 4.451155], [-75.622616, 4.451155]]], [[[-75.623066, 4.505287], [-75.623067, 4.504729], [-75.623345, 4.504729], [-75.623344, 4.505287], [-75.623066, 4.505287]]], [[[-75.623065, 4.505566], [-75.622787, 4.505565], [-75.622788, 4.505286], [-75.623066, 4.505287], [-75.623065, 4.505566]]], [[[-75.622786, 4.505844], [-75.622508, 4.505843], [-75.622509, 4.505564], [-75.622787, 4.505565], [-75.622786, 4.505844]]], [[[-75.622835, 4.481569], [-75.622833, 4.482406], [-75.622555, 4.482406], [-75.622557, 4.481569], [-75.622835, 4.481569]]], [[[-75.62306, 4.508077], [-75.623061, 4.507798], [-75.623339, 4.507798], [-75.623338, 4.508077], [-75.62306, 4.508077]]], [[[-75.623059, 4.508356], [-75.622781, 4.508355], [-75.622782, 4.508076], [-75.62306, 4.508077], [-75.623059, 4.508356]]], [[[-75.622806, 4.495799], [-75.622808, 4.494962], [-75.623086, 4.494963], [-75.623085, 4.495242], [-75.623363, 4.495242], [-75.623363, 4.495521], [-75.623085, 4.495521], [-75.623084, 4.4958], [-75.622806, 4.495799]]], [[[-75.623093, 4.491335], [-75.623093, 4.491614], [-75.622815, 4.491614], [-75.622815, 4.491335], [-75.623093, 4.491335]]], [[[-75.623939, 4.485478], [-75.623939, 4.485199], [-75.624217, 4.485199], [-75.624217, 4.485478], [-75.623939, 4.485478]]], [[[-75.623938, 4.485757], [-75.624216, 4.485757], [-75.624216, 4.486036], [-75.623938, 4.486036], [-75.623937, 4.486315], [-75.623381, 4.486314], [-75.623382, 4.486035], [-75.623104, 4.486034], [-75.623105, 4.485476], [-75.623939, 4.485478], [-75.623938, 4.485757]]], [[[-75.623381, 4.486593], [-75.622825, 4.486592], [-75.622825, 4.486312], [-75.623381, 4.486314], [-75.623381, 4.486593]]], [[[-75.62314, 4.467898], [-75.623138, 4.468456], [-75.62286, 4.468455], [-75.622862, 4.467897], [-75.62314, 4.467898]]], [[[-75.623429, 4.462318], [-75.623429, 4.462039], [-75.622873, 4.462038], [-75.622874, 4.461759], [-75.623152, 4.461759], [-75.623153, 4.461201], [-75.622875, 4.4612], [-75.622875, 4.460921], [-75.623431, 4.460923], [-75.623431, 4.461202], [-75.623987, 4.461203], [-75.623986, 4.461761], [-75.623708, 4.46176], [-75.623707, 4.462318], [-75.623429, 4.462318]]], [[[-75.623935, 4.487431], [-75.623936, 4.487152], [-75.624214, 4.487152], [-75.624213, 4.487431], [-75.623935, 4.487431]]], [[[-75.623934, 4.48771], [-75.623378, 4.487709], [-75.623379, 4.48743], [-75.623101, 4.487429], [-75.623102, 4.486871], [-75.62338, 4.486872], [-75.62338, 4.487151], [-75.623658, 4.487151], [-75.623657, 4.48743], [-75.623935, 4.487431], [-75.623934, 4.48771]]], [[[-75.624221, 4.483246], [-75.624222, 4.482967], [-75.6245, 4.482968], [-75.624499, 4.483247], [-75.624221, 4.483246]]], [[[-75.624221, 4.483525], [-75.624499, 4.483526], [-75.624498, 4.483805], [-75.623942, 4.483804], [-75.623943, 4.483245], [-75.624221, 4.483246], [-75.624221, 4.483525]]], [[[-75.623665, 4.483245], [-75.623664, 4.483803], [-75.623386, 4.483802], [-75.623386, 4.484081], [-75.623108, 4.484081], [-75.623109, 4.483523], [-75.623387, 4.483523], [-75.623387, 4.483244], [-75.623109, 4.483244], [-75.623111, 4.482407], [-75.623389, 4.482407], [-75.623388, 4.482686], [-75.623944, 4.482687], [-75.623943, 4.483245], [-75.623665, 4.483245]]], [[[-75.623395, 4.479338], [-75.623396, 4.47878], [-75.623118, 4.478779], [-75.623119, 4.4785], [-75.623675, 4.478502], [-75.623673, 4.479339], [-75.623395, 4.479338]]], [[[-75.623433, 4.459806], [-75.623432, 4.460365], [-75.623154, 4.460364], [-75.623155, 4.459806], [-75.623433, 4.459806]]], [[[-75.623449, 4.451715], [-75.623448, 4.452552], [-75.62317, 4.452551], [-75.623171, 4.451714], [-75.623449, 4.451715]]], [[[-75.623625, 4.503614], [-75.623626, 4.503055], [-75.623904, 4.503056], [-75.623905, 4.502777], [-75.624183, 4.502778], [-75.624181, 4.503615], [-75.623625, 4.503614]]], [[[-75.623624, 4.503893], [-75.623346, 4.503892], [-75.623347, 4.503613], [-75.623625, 4.503614], [-75.623624, 4.503893]]], [[[-75.623655, 4.488546], [-75.623654, 4.488825], [-75.623376, 4.488825], [-75.623377, 4.488546], [-75.623655, 4.488546]]], [[[-75.623942, 4.484083], [-75.623941, 4.484362], [-75.623663, 4.484361], [-75.623664, 4.484082], [-75.623942, 4.484083]]], [[[-75.623669, 4.481571], [-75.623671, 4.480176], [-75.623949, 4.480176], [-75.623948, 4.481013], [-75.624226, 4.481014], [-75.624225, 4.481293], [-75.623947, 4.481292], [-75.623947, 4.481571], [-75.623669, 4.481571]]], [[[-75.624185, 4.501382], [-75.624185, 4.501661], [-75.623907, 4.501661], [-75.623907, 4.501382], [-75.624185, 4.501382]]], [[[-75.624192, 4.498034], [-75.624191, 4.498313], [-75.623913, 4.498313], [-75.623914, 4.498034], [-75.624192, 4.498034]]], [[[-75.625593, 4.492736], [-75.625593, 4.492457], [-75.625871, 4.492457], [-75.625871, 4.492736], [-75.625593, 4.492736]]], [[[-75.625591, 4.493573], [-75.625869, 4.493573], [-75.625868, 4.493852], [-75.62559, 4.493852], [-75.62559, 4.494131], [-75.625868, 4.494131], [-75.625867, 4.49441], [-75.625311, 4.494409], [-75.62531, 4.495246], [-75.625588, 4.495247], [-75.625587, 4.495805], [-75.625309, 4.495804], [-75.625309, 4.495525], [-75.624753, 4.495524], [-75.62475, 4.496919], [-75.625028, 4.49692], [-75.625027, 4.497478], [-75.624749, 4.497477], [-75.62475, 4.497198], [-75.624194, 4.497197], [-75.624195, 4.496639], [-75.623917, 4.496639], [-75.623917, 4.49636], [-75.624473, 4.496361], [-75.624476, 4.495245], [-75.624754, 4.495245], [-75.624754, 4.494966], [-75.625032, 4.494967], [-75.625034, 4.49413], [-75.625312, 4.49413], [-75.625315, 4.492735], [-75.625593, 4.492736], [-75.625591, 4.493573]]], [[[-75.624756, 4.494129], [-75.624757, 4.493571], [-75.625035, 4.493572], [-75.625034, 4.49413], [-75.624756, 4.494129]]], [[[-75.624536, 4.464552], [-75.624258, 4.464552], [-75.624259, 4.464272], [-75.623981, 4.464272], [-75.623981, 4.463993], [-75.624815, 4.463995], [-75.624815, 4.464274], [-75.624537, 4.464273], [-75.624536, 4.464552]]], [[[-75.625648, 4.464554], [-75.625648, 4.464833], [-75.62537, 4.464833], [-75.625369, 4.465112], [-75.625091, 4.465111], [-75.625092, 4.464832], [-75.624536, 4.464831], [-75.624536, 4.464552], [-75.625648, 4.464554]]], [[[-75.624479, 4.49357], [-75.624478, 4.493849], [-75.6242, 4.493849], [-75.624201, 4.49357], [-75.624479, 4.49357]]], [[[-75.624483, 4.491338], [-75.624483, 4.491617], [-75.624205, 4.491617], [-75.624205, 4.491338], [-75.624483, 4.491338]]], [[[-75.624489, 4.488548], [-75.624488, 4.488827], [-75.62421, 4.488826], [-75.624211, 4.488547], [-75.624489, 4.488548]]], [[[-75.624498, 4.484084], [-75.624497, 4.484642], [-75.624219, 4.484641], [-75.62422, 4.484083], [-75.624498, 4.484084]]], [[[-75.624541, 4.462041], [-75.624263, 4.46204], [-75.624265, 4.461203], [-75.624543, 4.461204], [-75.624544, 4.460367], [-75.624822, 4.460367], [-75.624822, 4.460646], [-75.6251, 4.460647], [-75.625097, 4.462321], [-75.624819, 4.46232], [-75.624818, 4.462599], [-75.62454, 4.462599], [-75.624539, 4.462878], [-75.624261, 4.462877], [-75.624263, 4.462319], [-75.624541, 4.46232], [-75.624541, 4.462041]]], [[[-75.624745, 4.49943], [-75.624746, 4.498872], [-75.625024, 4.498873], [-75.625025, 4.498594], [-75.625303, 4.498594], [-75.625304, 4.498315], [-75.625582, 4.498316], [-75.625581, 4.498595], [-75.625859, 4.498596], [-75.625861, 4.497759], [-75.626139, 4.497759], [-75.626136, 4.499154], [-75.625024, 4.499152], [-75.625023, 4.499431], [-75.624745, 4.49943]]], [[[-75.624745, 4.499709], [-75.624467, 4.499709], [-75.624467, 4.49943], [-75.624745, 4.49943], [-75.624745, 4.499709]]], [[[-75.624787, 4.478225], [-75.624787, 4.478504], [-75.624509, 4.478503], [-75.624509, 4.478224], [-75.624787, 4.478225]]], [[[-75.625367, 4.466228], [-75.625366, 4.466786], [-75.625088, 4.466785], [-75.625087, 4.467064], [-75.624531, 4.467063], [-75.624532, 4.466505], [-75.625088, 4.466506], [-75.625089, 4.466227], [-75.625367, 4.466228]]], [[[-75.625662, 4.4573], [-75.625384, 4.457299], [-75.625384, 4.457578], [-75.62455, 4.457577], [-75.624551, 4.457018], [-75.625107, 4.45702], [-75.625109, 4.455903], [-75.625387, 4.455904], [-75.625386, 4.456462], [-75.625664, 4.456463], [-75.625662, 4.4573]]], [[[-75.625665, 4.455905], [-75.625387, 4.455904], [-75.625389, 4.455067], [-75.625667, 4.455067], [-75.625666, 4.455347], [-75.625944, 4.455347], [-75.625942, 4.456463], [-75.625664, 4.456463], [-75.625665, 4.455905]]], [[[-75.624832, 4.455345], [-75.62483, 4.456461], [-75.624552, 4.45646], [-75.624554, 4.455344], [-75.624832, 4.455345]]], [[[-75.625297, 4.501385], [-75.625296, 4.501943], [-75.62474, 4.501942], [-75.624741, 4.501384], [-75.625297, 4.501385]]], [[[-75.625051, 4.48548], [-75.625052, 4.484922], [-75.624774, 4.484921], [-75.624776, 4.483805], [-75.625054, 4.483806], [-75.625055, 4.483527], [-75.625333, 4.483527], [-75.625332, 4.484085], [-75.62561, 4.484086], [-75.62561, 4.483807], [-75.625888, 4.483807], [-75.625887, 4.484365], [-75.625331, 4.484364], [-75.625329, 4.48548], [-75.625051, 4.48548]]], [[[-75.625056, 4.482969], [-75.625055, 4.483248], [-75.624777, 4.483247], [-75.624778, 4.482968], [-75.625056, 4.482969]]], [[[-75.625281, 4.509476], [-75.625281, 4.509755], [-75.625003, 4.509755], [-75.625003, 4.509476], [-75.625281, 4.509476]]], [[[-75.625319, 4.490503], [-75.625318, 4.490782], [-75.62504, 4.490781], [-75.625041, 4.490502], [-75.625319, 4.490503]]], [[[-75.625042, 4.489944], [-75.625045, 4.488549], [-75.625323, 4.48855], [-75.625322, 4.489108], [-75.626434, 4.48911], [-75.626433, 4.489389], [-75.625321, 4.489387], [-75.62532, 4.489945], [-75.625042, 4.489944]]], [[[-75.625327, 4.486597], [-75.625326, 4.486876], [-75.625048, 4.486875], [-75.625049, 4.486596], [-75.625327, 4.486597]]], [[[-75.625339, 4.480458], [-75.625338, 4.480737], [-75.62506, 4.480736], [-75.625061, 4.480457], [-75.625339, 4.480458]]], [[[-75.625403, 4.448091], [-75.625403, 4.448], [-75.625959, 4.448], [-75.625959, 4.448092], [-75.625403, 4.448091]]], [[[-75.625586, 4.496084], [-75.625585, 4.496363], [-75.625307, 4.496362], [-75.625308, 4.496083], [-75.625586, 4.496084]]], [[[-75.625872, 4.491899], [-75.625872, 4.492178], [-75.625594, 4.492178], [-75.625594, 4.491898], [-75.625872, 4.491899]]], [[[-75.625876, 4.490225], [-75.625876, 4.489946], [-75.625598, 4.489945], [-75.625599, 4.489666], [-75.626155, 4.489667], [-75.626154, 4.489946], [-75.626432, 4.489947], [-75.626432, 4.490226], [-75.625876, 4.490225]]], [[[-75.625875, 4.490504], [-75.625597, 4.490503], [-75.625598, 4.490224], [-75.625876, 4.490225], [-75.625875, 4.490504]]], [[[-75.626128, 4.50306], [-75.626129, 4.502781], [-75.625851, 4.502781], [-75.625851, 4.502502], [-75.626129, 4.502502], [-75.62613, 4.502223], [-75.626686, 4.502225], [-75.626686, 4.501946], [-75.626965, 4.501946], [-75.626963, 4.502504], [-75.626685, 4.502504], [-75.626685, 4.502783], [-75.626407, 4.502782], [-75.626406, 4.503061], [-75.626128, 4.50306]]], [[[-75.626411, 4.500829], [-75.62641, 4.501108], [-75.625854, 4.501107], [-75.625855, 4.500828], [-75.626411, 4.500829]]], [[[-75.62614, 4.497201], [-75.626139, 4.49748], [-75.625861, 4.497479], [-75.625862, 4.4972], [-75.62614, 4.497201]]], [[[-75.626157, 4.488551], [-75.626156, 4.48883], [-75.625878, 4.48883], [-75.625879, 4.488551], [-75.626157, 4.488551]]], [[[-75.626171, 4.481576], [-75.62617, 4.481855], [-75.625892, 4.481854], [-75.625893, 4.481575], [-75.626171, 4.481576]]], [[[-75.6273, 4.472649], [-75.6273, 4.472928], [-75.62591, 4.472926], [-75.62591, 4.472646], [-75.6273, 4.472649]]], [[[-75.626427, 4.492737], [-75.626426, 4.493016], [-75.626148, 4.493016], [-75.626149, 4.492737], [-75.626427, 4.492737]]], [[[-75.626444, 4.484088], [-75.626443, 4.484367], [-75.626165, 4.484366], [-75.626166, 4.484087], [-75.626444, 4.484088]]], [[[-75.62651, 4.450605], [-75.626509, 4.450884], [-75.626231, 4.450883], [-75.626232, 4.450604], [-75.62651, 4.450605]]], [[[-75.626993, 4.487437], [-75.626993, 4.487716], [-75.626437, 4.487715], [-75.626437, 4.487436], [-75.626993, 4.487437]]], [[[-75.627561, 4.481299], [-75.627562, 4.48102], [-75.627284, 4.48102], [-75.627284, 4.480741], [-75.62645, 4.480739], [-75.626451, 4.48046], [-75.627841, 4.480463], [-75.627839, 4.4813], [-75.627561, 4.481299]]], [[[-75.627009, 4.479345], [-75.627008, 4.479903], [-75.626452, 4.479902], [-75.626453, 4.479623], [-75.626731, 4.479624], [-75.626731, 4.479345], [-75.627009, 4.479345]]], [[[-75.626985, 4.491343], [-75.626985, 4.491622], [-75.626707, 4.491622], [-75.626707, 4.491343], [-75.626985, 4.491343]]], [[[-75.62701, 4.478787], [-75.626732, 4.478787], [-75.626733, 4.478508], [-75.627011, 4.478508], [-75.62701, 4.478787]]], [[[-75.627288, 4.478788], [-75.627288, 4.479067], [-75.62701, 4.479066], [-75.62701, 4.478787], [-75.627288, 4.478788]]], [[[-75.627071, 4.448095], [-75.62707, 4.448374], [-75.626792, 4.448373], [-75.626793, 4.448094], [-75.627071, 4.448095]]], [[[-75.627511, 4.506691], [-75.627789, 4.506691], [-75.627788, 4.507249], [-75.62751, 4.507249], [-75.627511, 4.506691]]], [[[-75.627281, 4.482415], [-75.627281, 4.482694], [-75.627003, 4.482694], [-75.627003, 4.482414], [-75.627281, 4.482415]]], [[[-75.627542, 4.491065], [-75.627543, 4.490507], [-75.627265, 4.490507], [-75.627267, 4.48967], [-75.627545, 4.48967], [-75.627544, 4.490228], [-75.627822, 4.490229], [-75.627821, 4.490787], [-75.628099, 4.490787], [-75.628098, 4.491066], [-75.627542, 4.491065]]], [[[-75.627548, 4.487996], [-75.627548, 4.488275], [-75.62727, 4.488275], [-75.62727, 4.487995], [-75.627548, 4.487996]]], [[[-75.627829, 4.486601], [-75.627829, 4.486322], [-75.627273, 4.486321], [-75.627275, 4.485763], [-75.627553, 4.485764], [-75.627553, 4.485485], [-75.627831, 4.485485], [-75.627832, 4.485206], [-75.62811, 4.485207], [-75.628107, 4.486602], [-75.627829, 4.486601]]], [[[-75.627835, 4.483532], [-75.627836, 4.483253], [-75.627279, 4.483252], [-75.62728, 4.482973], [-75.628114, 4.482975], [-75.628113, 4.483533], [-75.627835, 4.483532]]], [[[-75.628097, 4.491624], [-75.628096, 4.491903], [-75.627818, 4.491903], [-75.627819, 4.491624], [-75.628097, 4.491624]]], [[[-75.630049, 4.488838], [-75.630048, 4.489396], [-75.62977, 4.489396], [-75.629768, 4.489954], [-75.629212, 4.489953], [-75.629213, 4.489673], [-75.629491, 4.489674], [-75.629492, 4.489395], [-75.629214, 4.489394], [-75.629215, 4.488836], [-75.629493, 4.488837], [-75.629492, 4.489116], [-75.62977, 4.489117], [-75.629771, 4.488838], [-75.630049, 4.488838]]], [[[-75.629493, 4.488837], [-75.629493, 4.488558], [-75.629771, 4.488559], [-75.629771, 4.488838], [-75.629493, 4.488837]]], [[[-75.628659, 4.488835], [-75.628659, 4.488556], [-75.628381, 4.488556], [-75.628382, 4.488277], [-75.629216, 4.488278], [-75.629215, 4.488836], [-75.628659, 4.488835]]], [[[-75.628381, 4.488835], [-75.627825, 4.488834], [-75.627826, 4.487997], [-75.628382, 4.487998], [-75.628382, 4.488277], [-75.628104, 4.488276], [-75.628103, 4.488555], [-75.628381, 4.488556], [-75.628381, 4.488835]]], [[[-75.629212, 4.490232], [-75.628656, 4.49023], [-75.628656, 4.489951], [-75.629212, 4.489953], [-75.629212, 4.490232]]], [[[-75.628339, 4.509761], [-75.628339, 4.510041], [-75.628061, 4.51004], [-75.628061, 4.509761], [-75.628339, 4.509761]]], [[[-75.628412, 4.472651], [-75.628412, 4.47293], [-75.628134, 4.47293], [-75.628134, 4.472651], [-75.628412, 4.472651]]], [[[-75.628421, 4.468187], [-75.628421, 4.468466], [-75.628143, 4.468466], [-75.628143, 4.468187], [-75.628421, 4.468187]]], [[[-75.628646, 4.495253], [-75.628643, 4.496648], [-75.628365, 4.496647], [-75.628368, 4.495252], [-75.628646, 4.495253]]], [[[-75.628664, 4.486045], [-75.628386, 4.486045], [-75.628388, 4.485207], [-75.628666, 4.485208], [-75.628665, 4.485487], [-75.628943, 4.485488], [-75.628943, 4.485767], [-75.628665, 4.485766], [-75.628664, 4.486045]]], [[[-75.628942, 4.486046], [-75.628939, 4.487441], [-75.628661, 4.48744], [-75.628662, 4.487161], [-75.628384, 4.487161], [-75.628384, 4.486882], [-75.628662, 4.486882], [-75.628664, 4.486045], [-75.628942, 4.486046]]], [[[-75.629224, 4.484093], [-75.628668, 4.484092], [-75.628668, 4.483813], [-75.62839, 4.483812], [-75.628391, 4.483533], [-75.628947, 4.483534], [-75.628946, 4.483813], [-75.629225, 4.483814], [-75.629224, 4.484093]]], [[[-75.629502, 4.484094], [-75.629501, 4.484373], [-75.629223, 4.484372], [-75.629224, 4.484093], [-75.629502, 4.484094]]], [[[-75.629481, 4.494975], [-75.629481, 4.494696], [-75.628925, 4.494695], [-75.628926, 4.494416], [-75.628648, 4.494416], [-75.628648, 4.494137], [-75.629482, 4.494138], [-75.629482, 4.494417], [-75.62976, 4.494418], [-75.629759, 4.494976], [-75.629481, 4.494975]]], [[[-75.628933, 4.49051], [-75.628932, 4.491068], [-75.628654, 4.491068], [-75.628655, 4.490509], [-75.628933, 4.49051]]], [[[-75.631455, 4.480749], [-75.631733, 4.48075], [-75.631732, 4.481029], [-75.631176, 4.481028], [-75.631176, 4.481307], [-75.63062, 4.481306], [-75.63062, 4.481027], [-75.630342, 4.481026], [-75.63034, 4.481863], [-75.630062, 4.481863], [-75.630062, 4.482142], [-75.63034, 4.482142], [-75.630339, 4.482421], [-75.629783, 4.48242], [-75.629784, 4.482141], [-75.62895, 4.482139], [-75.62895, 4.48186], [-75.629228, 4.481861], [-75.629229, 4.481582], [-75.629507, 4.481582], [-75.629507, 4.481303], [-75.628951, 4.481302], [-75.628952, 4.481023], [-75.628674, 4.481023], [-75.628676, 4.480186], [-75.628954, 4.480186], [-75.628953, 4.480465], [-75.629509, 4.480466], [-75.62951, 4.479908], [-75.628954, 4.479907], [-75.628955, 4.479628], [-75.629511, 4.479629], [-75.629512, 4.479071], [-75.629234, 4.479071], [-75.629234, 4.478792], [-75.629512, 4.478792], [-75.629514, 4.478234], [-75.629792, 4.478235], [-75.62979, 4.478793], [-75.630346, 4.478794], [-75.630346, 4.479073], [-75.62979, 4.479072], [-75.629789, 4.479351], [-75.630345, 4.479352], [-75.630345, 4.479631], [-75.630067, 4.47963], [-75.630066, 4.479909], [-75.630344, 4.47991], [-75.630343, 4.480468], [-75.630899, 4.480469], [-75.6309, 4.48019], [-75.631178, 4.480191], [-75.631177, 4.48047], [-75.631455, 4.48047], [-75.631455, 4.480749]], [[-75.62923, 4.481024], [-75.629231, 4.480745], [-75.628953, 4.480744], [-75.628952, 4.481023], [-75.62923, 4.481024]], [[-75.629788, 4.479909], [-75.629787, 4.480467], [-75.630065, 4.480467], [-75.630066, 4.479909], [-75.629788, 4.479909]]], [[[-75.631455, 4.48047], [-75.631456, 4.480191], [-75.631734, 4.480192], [-75.631733, 4.480471], [-75.631455, 4.48047]]], [[[-75.630618, 4.481864], [-75.630618, 4.482143], [-75.63034, 4.482142], [-75.63034, 4.481863], [-75.630618, 4.481864]]], [[[-75.628672, 4.48186], [-75.628673, 4.481302], [-75.628951, 4.481302], [-75.62895, 4.48186], [-75.628672, 4.48186]]], [[[-75.629484, 4.493301], [-75.629484, 4.493022], [-75.629206, 4.493022], [-75.629207, 4.492743], [-75.629485, 4.492743], [-75.629488, 4.491348], [-75.630044, 4.491349], [-75.630041, 4.492744], [-75.629763, 4.492744], [-75.629762, 4.493302], [-75.629484, 4.493301]]], [[[-75.629776, 4.486326], [-75.62922, 4.486325], [-75.62922, 4.486046], [-75.629776, 4.486047], [-75.629776, 4.486326]]], [[[-75.630054, 4.486327], [-75.630053, 4.486606], [-75.629775, 4.486605], [-75.629776, 4.486326], [-75.630054, 4.486327]]], [[[-75.629774, 4.486884], [-75.630053, 4.486885], [-75.630052, 4.487164], [-75.629496, 4.487163], [-75.629496, 4.486884], [-75.629218, 4.486883], [-75.629219, 4.486604], [-75.629775, 4.486605], [-75.629774, 4.486884]]], [[[-75.629805, 4.471538], [-75.629527, 4.471538], [-75.629527, 4.471259], [-75.629805, 4.471259], [-75.629805, 4.471538]]], [[[-75.629767, 4.490512], [-75.629489, 4.490511], [-75.62949, 4.490232], [-75.629768, 4.490233], [-75.629767, 4.490512]]], [[[-75.630045, 4.490512], [-75.630045, 4.490791], [-75.629767, 4.490791], [-75.629767, 4.490512], [-75.630045, 4.490512]]], [[[-75.629766, 4.49107], [-75.629488, 4.491069], [-75.629489, 4.49079], [-75.629767, 4.490791], [-75.629766, 4.49107]]], [[[-75.629773, 4.487721], [-75.629772, 4.488], [-75.629494, 4.488], [-75.629495, 4.487721], [-75.629773, 4.487721]]], [[[-75.629514, 4.477955], [-75.629516, 4.476839], [-75.629794, 4.47684], [-75.629795, 4.476561], [-75.630351, 4.476562], [-75.63035, 4.476841], [-75.630072, 4.47684], [-75.630072, 4.477119], [-75.63035, 4.47712], [-75.630349, 4.477399], [-75.629793, 4.477398], [-75.629792, 4.477956], [-75.629514, 4.477955]]], [[[-75.629801, 4.473491], [-75.6298, 4.47377], [-75.629522, 4.47377], [-75.629523, 4.473491], [-75.629801, 4.473491]]], [[[-75.630004, 4.511439], [-75.630003, 4.511718], [-75.629725, 4.511717], [-75.629726, 4.511438], [-75.630004, 4.511439]]], [[[-75.630077, 4.474608], [-75.630076, 4.474887], [-75.629798, 4.474886], [-75.629799, 4.474607], [-75.630077, 4.474608]]], [[[-75.630335, 4.484653], [-75.630334, 4.484932], [-75.630056, 4.484932], [-75.630057, 4.484653], [-75.630335, 4.484653]]], [[[-75.631121, 4.509209], [-75.631119, 4.509767], [-75.630841, 4.509766], [-75.630841, 4.510045], [-75.630285, 4.510044], [-75.630285, 4.509765], [-75.630563, 4.509766], [-75.630564, 4.509208], [-75.631121, 4.509209]]], [[[-75.63059, 4.496094], [-75.630592, 4.495536], [-75.630313, 4.495535], [-75.630316, 4.49414], [-75.630594, 4.494141], [-75.630595, 4.493862], [-75.630873, 4.493862], [-75.630873, 4.493583], [-75.631151, 4.493584], [-75.631152, 4.493305], [-75.631986, 4.493306], [-75.631985, 4.493585], [-75.631707, 4.493585], [-75.631707, 4.493864], [-75.632263, 4.493865], [-75.632262, 4.494144], [-75.631984, 4.494143], [-75.631983, 4.494701], [-75.631705, 4.494701], [-75.631706, 4.494422], [-75.63115, 4.494421], [-75.631149, 4.494979], [-75.630593, 4.494978], [-75.630592, 4.495257], [-75.63087, 4.495257], [-75.630868, 4.496094], [-75.63059, 4.496094]]], [[[-75.632839, 4.483821], [-75.633117, 4.483822], [-75.633116, 4.48438], [-75.632838, 4.484379], [-75.632837, 4.484658], [-75.632559, 4.484658], [-75.632559, 4.484937], [-75.631724, 4.484935], [-75.631724, 4.485214], [-75.631446, 4.485214], [-75.631446, 4.484935], [-75.63089, 4.484933], [-75.630891, 4.484654], [-75.631447, 4.484655], [-75.631448, 4.484376], [-75.630892, 4.484375], [-75.630892, 4.484096], [-75.632004, 4.484099], [-75.632005, 4.48382], [-75.632561, 4.483821], [-75.632561, 4.483542], [-75.632839, 4.483542], [-75.632839, 4.483821]], [[-75.632004, 4.484378], [-75.632282, 4.484378], [-75.632282, 4.484099], [-75.632004, 4.484099], [-75.632004, 4.484378]]], [[[-75.632839, 4.483542], [-75.63284, 4.483263], [-75.633118, 4.483264], [-75.633117, 4.483543], [-75.632839, 4.483542]]], [[[-75.632002, 4.485215], [-75.632001, 4.485494], [-75.631723, 4.485493], [-75.631724, 4.485214], [-75.632002, 4.485215]]], [[[-75.630613, 4.484654], [-75.630613, 4.484375], [-75.630892, 4.484375], [-75.630891, 4.484654], [-75.630613, 4.484654]]], [[[-75.630901, 4.479632], [-75.6309, 4.479911], [-75.630622, 4.47991], [-75.630623, 4.479631], [-75.630901, 4.479632]]], [[[-75.631131, 4.503908], [-75.63113, 4.504187], [-75.630852, 4.504186], [-75.630853, 4.503907], [-75.631131, 4.503908]]], [[[-75.631157, 4.490514], [-75.630879, 4.490514], [-75.630881, 4.489956], [-75.631159, 4.489956], [-75.631157, 4.490514]]], [[[-75.631435, 4.490515], [-75.631435, 4.490794], [-75.631157, 4.490793], [-75.631157, 4.490514], [-75.631435, 4.490515]]], [[[-75.631155, 4.491631], [-75.630877, 4.49163], [-75.630879, 4.490793], [-75.631157, 4.490793], [-75.631155, 4.491631]]], [[[-75.631163, 4.487445], [-75.631163, 4.487724], [-75.630885, 4.487724], [-75.630885, 4.487445], [-75.631163, 4.487445]]], [[[-75.631443, 4.486888], [-75.631442, 4.487167], [-75.630886, 4.487166], [-75.630887, 4.486887], [-75.631443, 4.486888]]], [[[-75.630895, 4.482422], [-75.630897, 4.481585], [-75.631175, 4.481586], [-75.631174, 4.481865], [-75.631452, 4.481865], [-75.631451, 4.482423], [-75.630895, 4.482422]]], [[[-75.631464, 4.476006], [-75.631462, 4.476843], [-75.630906, 4.476842], [-75.630907, 4.476284], [-75.631185, 4.476284], [-75.631186, 4.476005], [-75.631464, 4.476006]]], [[[-75.631672, 4.511721], [-75.632228, 4.511722], [-75.63222733572282, 4.5120000000000005], [-75.63167133333333, 4.5120000000000005], [-75.631672, 4.511721]]], [[[-75.631504, 4.455358], [-75.631504, 4.455637], [-75.631226, 4.455637], [-75.631226, 4.455357], [-75.631504, 4.455358]]], [[[-75.631704, 4.495259], [-75.631704, 4.495538], [-75.631426, 4.495537], [-75.631426, 4.495258], [-75.631704, 4.495259]]], [[[-75.63171, 4.492469], [-75.631709, 4.492748], [-75.631431, 4.492747], [-75.631432, 4.492468], [-75.63171, 4.492469]]], [[[-75.632545, 4.491633], [-75.632545, 4.491912], [-75.631989, 4.491911], [-75.631989, 4.491632], [-75.632545, 4.491633]]], [[[-75.632609, 4.458988], [-75.632609, 4.459267], [-75.632331, 4.459266], [-75.632331, 4.458987], [-75.632609, 4.458988]]], [[[-75.632898, 4.453408], [-75.632898, 4.453687], [-75.63262, 4.453686], [-75.63262, 4.453407], [-75.632898, 4.453408]]], [[[-75.634833, 4.459271], [-75.634833, 4.458992], [-75.635111, 4.458992], [-75.635111, 4.459271], [-75.634833, 4.459271]]], [[[-75.634832, 4.45955], [-75.634554, 4.459549], [-75.634555, 4.45927], [-75.634833, 4.459271], [-75.634832, 4.45955]]], [[[-75.634277, 4.45927], [-75.634277, 4.458991], [-75.634555, 4.458991], [-75.634555, 4.45927], [-75.634277, 4.45927]]], [[[-75.633999, 4.45899], [-75.634, 4.458711], [-75.634278, 4.458712], [-75.634277, 4.458991], [-75.633999, 4.45899]]], [[[-75.633999, 4.459269], [-75.633721, 4.459269], [-75.633721, 4.45899], [-75.633999, 4.45899], [-75.633999, 4.459269]]], [[[-75.633443, 4.458989], [-75.633444, 4.45871], [-75.633722, 4.458711], [-75.633721, 4.45899], [-75.633443, 4.458989]]], [[[-75.633166, 4.45871], [-75.633167, 4.458152], [-75.633445, 4.458152], [-75.633444, 4.45871], [-75.633166, 4.45871]]], [[[-75.632889, 4.458151], [-75.63289, 4.457872], [-75.633168, 4.457873], [-75.633167, 4.458152], [-75.632889, 4.458151]]], [[[-75.633372, 4.495541], [-75.633371, 4.49582], [-75.633093, 4.49582], [-75.633094, 4.495541], [-75.633372, 4.495541]]], [[[-75.634011, 4.452852], [-75.634012, 4.452573], [-75.63429, 4.452573], [-75.634289, 4.452852], [-75.634011, 4.452852]]], [[[-75.634011, 4.453131], [-75.633733, 4.45313], [-75.633733, 4.452851], [-75.634011, 4.452852], [-75.634011, 4.453131]]], [[[-75.633177, 4.45285], [-75.633178, 4.452571], [-75.633734, 4.452572], [-75.633733, 4.452851], [-75.633177, 4.45285]]], [[[-75.633684, 4.478242], [-75.633683, 4.478521], [-75.633405, 4.478521], [-75.633406, 4.478242], [-75.633684, 4.478242]]], [[[-75.634221, 4.48773], [-75.633943, 4.48773], [-75.633944, 4.487451], [-75.634222, 4.487451], [-75.634221, 4.48773]]], [[[-75.634293, 4.450899], [-75.634294, 4.45062], [-75.634572, 4.450621], [-75.634571, 4.4509], [-75.634293, 4.450899]]], [[[-75.63429, 4.452294], [-75.634012, 4.452294], [-75.634015, 4.450899], [-75.634293, 4.450899], [-75.63429, 4.452294]]], [[[-75.634851, 4.449784], [-75.634295, 4.449783], [-75.634296, 4.449504], [-75.634574, 4.449505], [-75.634574, 4.449226], [-75.634852, 4.449226], [-75.634851, 4.449784]]], [[[-75.635129, 4.449785], [-75.635129, 4.450064], [-75.635407, 4.450064], [-75.635406, 4.450343], [-75.634294, 4.450341], [-75.634295, 4.450062], [-75.634851, 4.450063], [-75.634851, 4.449784], [-75.635129, 4.449785]]], [[[-75.635133, 4.448111], [-75.634855, 4.44811], [-75.634855, 4.448], [-75.635133, 4.448], [-75.635133, 4.448111]]], [[[-75.634854, 4.448389], [-75.634576, 4.448388], [-75.634577, 4.448109], [-75.634855, 4.44811], [-75.634854, 4.448389]]], [[[-75.634796, 4.478245], [-75.634795, 4.478524], [-75.634517, 4.478523], [-75.634518, 4.478244], [-75.634796, 4.478245]]], [[[-75.635385, 4.461504], [-75.635384, 4.461783], [-75.635106, 4.461783], [-75.635107, 4.461504], [-75.635385, 4.461504]]], [[[-75.634829, 4.461503], [-75.634829, 4.461224], [-75.635107, 4.461225], [-75.635107, 4.461504], [-75.634829, 4.461503]]], [[[-75.634828, 4.461782], [-75.63455, 4.461782], [-75.634551, 4.461503], [-75.634829, 4.461503], [-75.634828, 4.461782]]], [[[-75.635106, 4.461783], [-75.635105, 4.462062], [-75.634827, 4.462061], [-75.634828, 4.461782], [-75.635106, 4.461783]]], [[[-75.634847, 4.452016], [-75.634846, 4.452574], [-75.634568, 4.452574], [-75.634569, 4.452016], [-75.634847, 4.452016]]], [[[-75.635113, 4.458434], [-75.635112, 4.458713], [-75.634834, 4.458713], [-75.634835, 4.458434], [-75.635113, 4.458434]]], [[[-75.635397, 4.455366], [-75.635396, 4.455645], [-75.63484, 4.455644], [-75.634841, 4.455365], [-75.635397, 4.455366]]], [[[-75.635123, 4.452854], [-75.635124, 4.452575], [-75.635402, 4.452575], [-75.635401, 4.452854], [-75.635123, 4.452854]]], [[[-75.635123, 4.453133], [-75.634845, 4.453132], [-75.634845, 4.452853], [-75.635123, 4.452854], [-75.635123, 4.453133]]], [[[-75.635309, 4.500009], [-75.635311, 4.499172], [-75.635033, 4.499172], [-75.635034, 4.498614], [-75.63559, 4.498615], [-75.635587, 4.50001], [-75.635309, 4.500009]]], [[[-75.637573, 4.479645], [-75.637295, 4.479645], [-75.637296, 4.479087], [-75.637852, 4.479088], [-75.637852, 4.479367], [-75.637574, 4.479366], [-75.637573, 4.479645]]], [[[-75.637851, 4.479646], [-75.637849, 4.480762], [-75.637571, 4.480761], [-75.63757, 4.481319], [-75.637014, 4.481318], [-75.637014, 4.481039], [-75.636736, 4.481039], [-75.636737, 4.48076], [-75.637015, 4.48076], [-75.637016, 4.480481], [-75.63646, 4.48048], [-75.636461, 4.479922], [-75.636739, 4.479923], [-75.636739, 4.479644], [-75.636461, 4.479643], [-75.636463, 4.478806], [-75.636185, 4.478805], [-75.636185, 4.478526], [-75.635351, 4.478525], [-75.635351, 4.478804], [-75.635629, 4.478804], [-75.635628, 4.479362], [-75.63535, 4.479362], [-75.63535, 4.479083], [-75.635072, 4.479082], [-75.635074, 4.478245], [-75.635352, 4.478246], [-75.635352, 4.477967], [-75.63563, 4.477967], [-75.63563, 4.478246], [-75.63702, 4.478249], [-75.637016, 4.480202], [-75.637572, 4.480203], [-75.637573, 4.479645], [-75.637851, 4.479646]]], [[[-75.635631, 4.477688], [-75.635909, 4.477689], [-75.635908, 4.477968], [-75.63563, 4.477967], [-75.635631, 4.477688]]], [[[-75.635571, 4.508102], [-75.635571, 4.508381], [-75.635293, 4.50838], [-75.635293, 4.508101], [-75.635571, 4.508102]]], [[[-75.635634, 4.476293], [-75.635633, 4.476572], [-75.635355, 4.476572], [-75.635356, 4.476292], [-75.635634, 4.476293]]], [[[-75.635668, 4.458715], [-75.63539, 4.458714], [-75.635391, 4.458435], [-75.635669, 4.458435], [-75.635668, 4.458715]]], [[[-75.635946, 4.458715], [-75.635945, 4.458994], [-75.635667, 4.458994], [-75.635668, 4.458715], [-75.635946, 4.458715]]], [[[-75.63567, 4.457877], [-75.635392, 4.457877], [-75.635392, 4.457598], [-75.63567, 4.457598], [-75.63567, 4.457877]]], [[[-75.636504, 4.457879], [-75.636503, 4.458158], [-75.635669, 4.458156], [-75.63567, 4.457877], [-75.636504, 4.457879]]], [[[-75.635949, 4.45732], [-75.635949, 4.457041], [-75.635671, 4.45704], [-75.635672, 4.456761], [-75.635394, 4.456761], [-75.635395, 4.456203], [-75.635673, 4.456203], [-75.635672, 4.456482], [-75.63595, 4.456483], [-75.63595, 4.456762], [-75.636228, 4.456762], [-75.636227, 4.45732], [-75.635949, 4.45732]]], [[[-75.635954, 4.45453], [-75.635955, 4.454251], [-75.636233, 4.454251], [-75.636232, 4.45453], [-75.635954, 4.45453]]], [[[-75.63651, 4.454531], [-75.636509, 4.455089], [-75.635953, 4.455088], [-75.635954, 4.454809], [-75.636232, 4.454809], [-75.636232, 4.45453], [-75.63651, 4.454531]]], [[[-75.635399, 4.45425], [-75.635399, 4.453971], [-75.635955, 4.453972], [-75.635955, 4.454251], [-75.635399, 4.45425]]], [[[-75.635954, 4.454809], [-75.635398, 4.454808], [-75.635398, 4.454529], [-75.635954, 4.45453], [-75.635954, 4.454809]]], [[[-75.635678, 4.453413], [-75.635678, 4.453692], [-75.6354, 4.453692], [-75.6354, 4.453413], [-75.635678, 4.453413]]], [[[-75.635685, 4.449786], [-75.635407, 4.449785], [-75.635408, 4.449506], [-75.635686, 4.449507], [-75.635685, 4.449786]]], [[[-75.635963, 4.449786], [-75.635963, 4.450065], [-75.635685, 4.450065], [-75.635685, 4.449786], [-75.635963, 4.449786]]], [[[-75.635897, 4.483548], [-75.635897, 4.483827], [-75.635619, 4.483827], [-75.635619, 4.483548], [-75.635897, 4.483548]]], [[[-75.635899, 4.482711], [-75.635899, 4.48299], [-75.635621, 4.48299], [-75.635621, 4.482711], [-75.635899, 4.482711]]], [[[-75.635913, 4.475457], [-75.635913, 4.475736], [-75.635635, 4.475735], [-75.635635, 4.475456], [-75.635913, 4.475457]]], [[[-75.635944, 4.459831], [-75.635943, 4.46011], [-75.635665, 4.46011], [-75.635666, 4.459831], [-75.635944, 4.459831]]], [[[-75.636183, 4.479921], [-75.636182, 4.4802], [-75.635904, 4.4802], [-75.635905, 4.479921], [-75.636183, 4.479921]]], [[[-75.636184, 4.479363], [-75.636183, 4.479642], [-75.635905, 4.479642], [-75.635906, 4.479363], [-75.636184, 4.479363]]], [[[-75.636405, 4.508103], [-75.636407, 4.507266], [-75.636129, 4.507266], [-75.636129, 4.506987], [-75.636407, 4.506987], [-75.636408, 4.506708], [-75.636686, 4.506709], [-75.636685, 4.507267], [-75.637241, 4.507268], [-75.63724, 4.507547], [-75.636962, 4.507546], [-75.636961, 4.508104], [-75.636405, 4.508103]]], [[[-75.636728, 4.485224], [-75.636727, 4.486061], [-75.636171, 4.48606], [-75.636171, 4.485781], [-75.636449, 4.485781], [-75.63645, 4.485223], [-75.636728, 4.485224]]], [[[-75.636454, 4.48327], [-75.636454, 4.483549], [-75.636175, 4.483549], [-75.636176, 4.48327], [-75.636454, 4.48327]]], [[[-75.636512, 4.453694], [-75.636234, 4.453693], [-75.636234, 4.453414], [-75.636512, 4.453415], [-75.636512, 4.453694]]], [[[-75.63679, 4.453694], [-75.636789, 4.453973], [-75.636511, 4.453973], [-75.636512, 4.453694], [-75.63679, 4.453694]]], [[[-75.636513, 4.452857], [-75.636514, 4.452578], [-75.636792, 4.452578], [-75.636791, 4.452857], [-75.636513, 4.452857]]], [[[-75.636513, 4.453136], [-75.636235, 4.453135], [-75.636235, 4.452856], [-75.636513, 4.452857], [-75.636513, 4.453136]]], [[[-75.636516, 4.451462], [-75.636516, 4.451741], [-75.636238, 4.45174], [-75.636238, 4.451461], [-75.636516, 4.451462]]], [[[-75.637908, 4.450627], [-75.637907, 4.450906], [-75.637629, 4.450906], [-75.63763, 4.450627], [-75.637908, 4.450627]]], [[[-75.637352, 4.450626], [-75.637352, 4.450347], [-75.63763, 4.450348], [-75.63763, 4.450627], [-75.637352, 4.450626]]], [[[-75.637351, 4.450905], [-75.636239, 4.450903], [-75.63624, 4.450624], [-75.636518, 4.450624], [-75.636518, 4.450345], [-75.636796, 4.450346], [-75.636796, 4.450625], [-75.637352, 4.450626], [-75.637351, 4.450905]]], [[[-75.637074, 4.450347], [-75.637075, 4.450067], [-75.637353, 4.450068], [-75.637352, 4.450347], [-75.637074, 4.450347]]], [[[-75.636522, 4.448392], [-75.636523, 4.448113], [-75.636801, 4.448114], [-75.6368, 4.448393], [-75.636522, 4.448392]]], [[[-75.636522, 4.448671], [-75.636244, 4.448671], [-75.636244, 4.448392], [-75.636522, 4.448392], [-75.636522, 4.448671]]], [[[-75.636744, 4.477132], [-75.636744, 4.477411], [-75.636466, 4.477411], [-75.636466, 4.477132], [-75.636744, 4.477132]]], [[[-75.636787, 4.455368], [-75.636786, 4.455647], [-75.636508, 4.455647], [-75.636509, 4.455368], [-75.636787, 4.455368]]], [[[-75.636995, 4.490805], [-75.636996, 4.490526], [-75.637274, 4.490527], [-75.637273, 4.490806], [-75.636995, 4.490805]]], [[[-75.636995, 4.491084], [-75.636717, 4.491083], [-75.636717, 4.490804], [-75.636995, 4.490805], [-75.636995, 4.491084]]], [[[-75.636999, 4.488852], [-75.637, 4.488573], [-75.636722, 4.488572], [-75.636722, 4.488293], [-75.637278, 4.488294], [-75.637279, 4.488015], [-75.637557, 4.488016], [-75.637557, 4.487737], [-75.637835, 4.487737], [-75.637834, 4.488574], [-75.637556, 4.488574], [-75.637555, 4.488853], [-75.636999, 4.488852]]], [[[-75.637349, 4.452021], [-75.637349, 4.4523], [-75.636793, 4.452299], [-75.636793, 4.45202], [-75.637349, 4.452021]]], [[[-75.63735, 4.451463], [-75.63735, 4.451742], [-75.636794, 4.451741], [-75.636794, 4.451462], [-75.63735, 4.451463]]], [[[-75.637791, 4.510338], [-75.637792, 4.510059], [-75.637514, 4.510059], [-75.637514, 4.50978], [-75.636958, 4.509779], [-75.636959, 4.509221], [-75.637237, 4.509221], [-75.637238, 4.508663], [-75.637794, 4.508664], [-75.637793, 4.509222], [-75.638071, 4.509223], [-75.638071, 4.509502], [-75.637793, 4.509501], [-75.637792, 4.50978], [-75.63807, 4.509781], [-75.638069, 4.510339], [-75.637791, 4.510338]]], [[[-75.638355, 4.506433], [-75.638355, 4.506154], [-75.638633, 4.506155], [-75.638633, 4.506434], [-75.638355, 4.506433]]], [[[-75.638354, 4.506991], [-75.636964, 4.506988], [-75.636964, 4.506709], [-75.63752, 4.50671], [-75.637521, 4.506431], [-75.637799, 4.506432], [-75.637799, 4.506153], [-75.638077, 4.506154], [-75.638077, 4.506433], [-75.638355, 4.506433], [-75.638354, 4.506991]]], [[[-75.637276, 4.48941], [-75.637276, 4.489689], [-75.636998, 4.489689], [-75.636998, 4.48941], [-75.637276, 4.48941]]], [[[-75.637518, 4.507827], [-75.637517, 4.508106], [-75.637239, 4.508105], [-75.63724, 4.507826], [-75.637518, 4.507827]]], [[[-75.63756, 4.486342], [-75.637561, 4.486063], [-75.637283, 4.486062], [-75.637283, 4.485783], [-75.637839, 4.485784], [-75.63784, 4.485505], [-75.638118, 4.485506], [-75.638117, 4.485785], [-75.638395, 4.485785], [-75.638394, 4.486343], [-75.63756, 4.486342]]], [[[-75.637578, 4.477134], [-75.6373, 4.477133], [-75.637301, 4.476854], [-75.637579, 4.476855], [-75.637578, 4.477134]]], [[[-75.637856, 4.477134], [-75.637856, 4.477414], [-75.638134, 4.477414], [-75.638133, 4.477693], [-75.637577, 4.477692], [-75.637578, 4.477134], [-75.637856, 4.477134]]], [[[-75.637622, 4.454533], [-75.637622, 4.454812], [-75.637344, 4.454811], [-75.637344, 4.454532], [-75.637622, 4.454533]]], [[[-75.637904, 4.45258], [-75.637905, 4.452301], [-75.638461, 4.452302], [-75.63846, 4.452581], [-75.637904, 4.45258]]], [[[-75.637903, 4.452859], [-75.637347, 4.452858], [-75.637348, 4.452579], [-75.637904, 4.45258], [-75.637903, 4.452859]]], [[[-75.638094, 4.497504], [-75.638094, 4.497783], [-75.637538, 4.497782], [-75.637538, 4.497503], [-75.638094, 4.497504]]], [[[-75.637826, 4.49276], [-75.637826, 4.492481], [-75.638104, 4.492481], [-75.638105, 4.492202], [-75.638383, 4.492203], [-75.638383, 4.491924], [-75.638661, 4.491924], [-75.638659, 4.49332], [-75.638937, 4.49332], [-75.638938, 4.492762], [-75.639216, 4.492763], [-75.639216, 4.492484], [-75.639494, 4.492484], [-75.639492, 4.4936], [-75.63838, 4.493598], [-75.638381, 4.49304], [-75.638103, 4.493039], [-75.638104, 4.49276], [-75.637826, 4.49276]]], [[[-75.637825, 4.493039], [-75.637547, 4.493038], [-75.637548, 4.492759], [-75.637826, 4.49276], [-75.637825, 4.493039]]], [[[-75.637911, 4.449232], [-75.63791, 4.449511], [-75.637632, 4.449511], [-75.637633, 4.449232], [-75.637911, 4.449232]]], [[[-75.640304, 4.505042], [-75.639748, 4.505041], [-75.639747, 4.50532], [-75.639191, 4.505319], [-75.63919, 4.505598], [-75.638912, 4.505597], [-75.638914, 4.505039], [-75.638636, 4.505039], [-75.638635, 4.505318], [-75.638357, 4.505317], [-75.638356, 4.505596], [-75.6378, 4.505595], [-75.637801, 4.505037], [-75.638079, 4.505037], [-75.63808, 4.504758], [-75.638914, 4.50476], [-75.638915, 4.504481], [-75.639193, 4.504482], [-75.639193, 4.504203], [-75.640027, 4.504204], [-75.640028, 4.503925], [-75.640306, 4.503926], [-75.640307, 4.503368], [-75.641141, 4.503369], [-75.641142, 4.50309], [-75.64142, 4.503091], [-75.641418, 4.503928], [-75.64114, 4.503927], [-75.641139, 4.504206], [-75.640861, 4.504206], [-75.64086, 4.504764], [-75.640304, 4.504763], [-75.640304, 4.505042]]], [[[-75.64086, 4.505043], [-75.640859, 4.505322], [-75.640303, 4.505321], [-75.640304, 4.505042], [-75.64086, 4.505043]]], [[[-75.637822, 4.494713], [-75.637824, 4.493597], [-75.638102, 4.493597], [-75.638101, 4.493876], [-75.638379, 4.493877], [-75.638378, 4.494435], [-75.6381, 4.494435], [-75.6381, 4.494714], [-75.637822, 4.494713]]], [[[-75.640058, 4.488579], [-75.640892, 4.48858], [-75.640891, 4.48886], [-75.641169, 4.48886], [-75.641167, 4.489976], [-75.640889, 4.489976], [-75.640889, 4.490255], [-75.640611, 4.490254], [-75.640612, 4.489696], [-75.640334, 4.489695], [-75.640333, 4.489975], [-75.640055, 4.489974], [-75.640055, 4.490253], [-75.639777, 4.490252], [-75.639777, 4.489973], [-75.639499, 4.489973], [-75.639499, 4.490252], [-75.639221, 4.490251], [-75.63922, 4.49053], [-75.638942, 4.49053], [-75.638941, 4.490809], [-75.638663, 4.490808], [-75.638664, 4.490529], [-75.638386, 4.490529], [-75.638384, 4.491366], [-75.638106, 4.491365], [-75.638106, 4.491644], [-75.637828, 4.491644], [-75.637832, 4.489412], [-75.63811, 4.489412], [-75.638112, 4.488575], [-75.63839, 4.488576], [-75.638391, 4.488018], [-75.638113, 4.488017], [-75.638113, 4.487738], [-75.638947, 4.48774], [-75.638947, 4.488019], [-75.639225, 4.488019], [-75.639224, 4.488298], [-75.640058, 4.4883], [-75.640058, 4.488579]], [[-75.639502, 4.488578], [-75.639501, 4.488857], [-75.638945, 4.488856], [-75.638945, 4.489135], [-75.639223, 4.489135], [-75.639222, 4.489414], [-75.638944, 4.489414], [-75.638943, 4.489972], [-75.639221, 4.489972], [-75.639222, 4.489693], [-75.6395, 4.489694], [-75.6395, 4.489415], [-75.640056, 4.489416], [-75.640057, 4.489137], [-75.640335, 4.489137], [-75.640335, 4.488858], [-75.640057, 4.488858], [-75.640058, 4.488579], [-75.639502, 4.488578]], [[-75.638109, 4.48997], [-75.638109, 4.490249], [-75.638665, 4.49025], [-75.638666, 4.489413], [-75.638388, 4.489413], [-75.638387, 4.489971], [-75.638109, 4.48997]]], [[[-75.638172, 4.457603], [-75.637894, 4.457603], [-75.637895, 4.457324], [-75.638173, 4.457324], [-75.638172, 4.457603]]], [[[-75.63845, 4.457604], [-75.638449, 4.458162], [-75.637893, 4.458161], [-75.637894, 4.457882], [-75.638172, 4.457882], [-75.638172, 4.457603], [-75.63845, 4.457604]]], [[[-75.638178, 4.454534], [-75.6379, 4.454534], [-75.637901, 4.454254], [-75.638179, 4.454255], [-75.638178, 4.454534]]], [[[-75.638734, 4.454535], [-75.638734, 4.454814], [-75.638178, 4.454813], [-75.638178, 4.454534], [-75.638734, 4.454535]]], [[[-75.63819, 4.448396], [-75.637912, 4.448395], [-75.6379127078853, 4.448], [-75.63819070840788, 4.448], [-75.63819, 4.448396]]], [[[-75.638411, 4.477973], [-75.638689, 4.477973], [-75.638688, 4.478252], [-75.638966, 4.478253], [-75.638965, 4.478532], [-75.639244, 4.478532], [-75.639243, 4.478811], [-75.638965, 4.478811], [-75.638964, 4.47909], [-75.63813, 4.479088], [-75.638131, 4.478809], [-75.638409, 4.47881], [-75.638411, 4.477973]]], [[[-75.650145, 4.44814], [-75.650423, 4.44814], [-75.650422, 4.448419], [-75.6507, 4.44842], [-75.650699, 4.448978], [-75.650977, 4.448978], [-75.650976, 4.449537], [-75.651254, 4.449537], [-75.651253, 4.450095], [-75.651531, 4.450096], [-75.65153, 4.450654], [-75.651808, 4.450654], [-75.651804, 4.452607], [-75.651526, 4.452607], [-75.651525, 4.453444], [-75.651247, 4.453443], [-75.651248, 4.452885], [-75.65097, 4.452885], [-75.650971, 4.452327], [-75.650693, 4.452326], [-75.650693, 4.452047], [-75.650415, 4.452047], [-75.650415, 4.452326], [-75.649859, 4.452325], [-75.649858, 4.452604], [-75.649302, 4.452603], [-75.649302, 4.452882], [-75.649024, 4.452881], [-75.649023, 4.45316], [-75.647355, 4.453157], [-75.647352, 4.454552], [-75.647631, 4.454553], [-75.647626, 4.456785], [-75.647348, 4.456784], [-75.647348, 4.457063], [-75.646236, 4.457061], [-75.646235, 4.45734], [-75.645679, 4.457339], [-75.645679, 4.457618], [-75.6454, 4.457617], [-75.6454, 4.457896], [-75.645122, 4.457896], [-75.645121, 4.458175], [-75.644843, 4.458174], [-75.644843, 4.458453], [-75.644287, 4.458452], [-75.644286, 4.45901], [-75.644008, 4.45901], [-75.644006, 4.459847], [-75.644284, 4.459847], [-75.644283, 4.460685], [-75.644004, 4.460684], [-75.644004, 4.460963], [-75.643726, 4.460963], [-75.643725, 4.461242], [-75.643447, 4.461241], [-75.643447, 4.46152], [-75.643169, 4.461519], [-75.643168, 4.461798], [-75.642612, 4.461797], [-75.642612, 4.462076], [-75.642334, 4.462076], [-75.642333, 4.462634], [-75.642055, 4.462633], [-75.642053, 4.46347], [-75.641775, 4.46347], [-75.641774, 4.463749], [-75.641496, 4.463748], [-75.641496, 4.464027], [-75.64094, 4.464026], [-75.640932, 4.468212], [-75.640376, 4.468211], [-75.640375, 4.46849], [-75.639819, 4.468489], [-75.639819, 4.468768], [-75.639263, 4.468766], [-75.639262, 4.469046], [-75.638984, 4.469045], [-75.638983, 4.469324], [-75.638705, 4.469323], [-75.638705, 4.469602], [-75.638427, 4.469602], [-75.638446, 4.459836], [-75.638168, 4.459836], [-75.63817, 4.458719], [-75.638448, 4.45872], [-75.638449, 4.458441], [-75.638727, 4.458441], [-75.638727, 4.458162], [-75.639005, 4.458163], [-75.639006, 4.457605], [-75.639284, 4.457606], [-75.639285, 4.457326], [-75.639563, 4.457327], [-75.639564, 4.456769], [-75.639286, 4.456768], [-75.639287, 4.45621], [-75.639565, 4.456211], [-75.639566, 4.455653], [-75.639844, 4.455653], [-75.639845, 4.455095], [-75.640123, 4.455096], [-75.640124, 4.454538], [-75.640402, 4.454538], [-75.640405, 4.453143], [-75.640683, 4.453144], [-75.640685, 4.452028], [-75.640963, 4.452028], [-75.640964, 4.451749], [-75.64152, 4.45175], [-75.64152, 4.451471], [-75.641798, 4.451472], [-75.641799, 4.451193], [-75.642077, 4.451193], [-75.642077, 4.450914], [-75.642355, 4.450915], [-75.642356, 4.450636], [-75.642634, 4.450636], [-75.642634, 4.450357], [-75.642912, 4.450358], [-75.642913, 4.450079], [-75.643191, 4.450079], [-75.643192, 4.4498], [-75.64347, 4.449801], [-75.64347, 4.449522], [-75.643748, 4.449522], [-75.64375, 4.448685], [-75.644028, 4.448686], [-75.644029, 4.448128], [-75.644307, 4.448128], [-75.644307, 4.448], [-75.65014525089606, 4.448], [-75.650145, 4.44814]], [[-75.643463, 4.453428], [-75.643461, 4.453986], [-75.643739, 4.453987], [-75.643741, 4.453429], [-75.643463, 4.453428]], [[-75.643742, 4.452592], [-75.643742, 4.452871], [-75.64402, 4.452871], [-75.64402, 4.452592], [-75.643742, 4.452592]], [[-75.650698, 4.449815], [-75.650697, 4.450094], [-75.650975, 4.450095], [-75.650976, 4.449816], [-75.650698, 4.449815]]], [[[-75.638736, 4.453698], [-75.63818, 4.453697], [-75.63818, 4.453418], [-75.638736, 4.453419], [-75.638736, 4.453698]]], [[[-75.639014, 4.453699], [-75.639013, 4.453978], [-75.638735, 4.453977], [-75.638736, 4.453698], [-75.639014, 4.453699]]], [[[-75.638742, 4.450629], [-75.638741, 4.450908], [-75.638185, 4.450907], [-75.638186, 4.450628], [-75.638742, 4.450629]]], [[[-75.639009, 4.45621], [-75.639008, 4.456489], [-75.638452, 4.456488], [-75.638453, 4.456209], [-75.639009, 4.45621]]], [[[-75.638747, 4.448118], [-75.638469, 4.448117], [-75.638469, 4.448], [-75.638747, 4.448], [-75.638747, 4.448118]]], [[[-75.63891, 4.506992], [-75.638909, 4.507271], [-75.638631, 4.507271], [-75.638632, 4.506992], [-75.63891, 4.506992]]], [[[-75.639298, 4.450351], [-75.639298, 4.45063], [-75.63902, 4.450629], [-75.63902, 4.45035], [-75.639298, 4.450351]]], [[[-75.639577, 4.449793], [-75.639577, 4.450072], [-75.639021, 4.450071], [-75.639021, 4.449792], [-75.639577, 4.449793]]], [[[-75.640971, 4.448122], [-75.640415, 4.448121], [-75.640414, 4.4484], [-75.640136, 4.448399], [-75.640136, 4.448678], [-75.63958, 4.448677], [-75.639579, 4.448956], [-75.639023, 4.448955], [-75.639024, 4.448676], [-75.639302, 4.448677], [-75.639302, 4.448398], [-75.63958, 4.448398], [-75.639581, 4.448119], [-75.639859, 4.44812], [-75.639859, 4.448], [-75.640971, 4.448], [-75.640971, 4.448122]]], [[[-75.639737, 4.510342], [-75.639737, 4.510621], [-75.639181, 4.51062], [-75.639181, 4.510341], [-75.639737, 4.510342]]], [[[-75.639498, 4.49081], [-75.639497, 4.491089], [-75.639219, 4.491088], [-75.639219, 4.490809], [-75.639498, 4.49081]]], [[[-75.639518, 4.480207], [-75.639796, 4.480208], [-75.639797, 4.479929], [-75.640075, 4.479929], [-75.640074, 4.480208], [-75.640352, 4.480209], [-75.640351, 4.480767], [-75.640629, 4.480767], [-75.640629, 4.481046], [-75.640351, 4.481046], [-75.64035, 4.481325], [-75.640628, 4.481325], [-75.640628, 4.481604], [-75.640072, 4.481603], [-75.640072, 4.481324], [-75.639794, 4.481324], [-75.639794, 4.481603], [-75.639516, 4.481602], [-75.639514, 4.48216], [-75.639236, 4.48216], [-75.639238, 4.481323], [-75.639516, 4.481323], [-75.639518, 4.480207]]], [[[-75.640294, 4.509785], [-75.640294, 4.510064], [-75.640016, 4.510064], [-75.640016, 4.509785], [-75.640294, 4.509785]]], [[[-75.640594, 4.498904], [-75.640593, 4.499183], [-75.640315, 4.499182], [-75.640316, 4.498903], [-75.640594, 4.498904]]], [[[-75.640905, 4.481884], [-75.640904, 4.482442], [-75.640348, 4.482441], [-75.640348, 4.482162], [-75.640627, 4.482162], [-75.640627, 4.481883], [-75.640905, 4.481884]]], [[[-75.641406, 4.510066], [-75.641406, 4.509787], [-75.641685, 4.509788], [-75.641684, 4.510067], [-75.641406, 4.510066]]], [[[-75.641405, 4.510345], [-75.640849, 4.510344], [-75.640851, 4.509507], [-75.641129, 4.509508], [-75.641128, 4.510066], [-75.641406, 4.510066], [-75.641405, 4.510345]]], [[[-75.641976, 4.502813], [-75.64142, 4.502812], [-75.641421, 4.502254], [-75.641143, 4.502253], [-75.641144, 4.501695], [-75.6417, 4.501696], [-75.641699, 4.502254], [-75.641977, 4.502255], [-75.641976, 4.502813]]], [[[-75.642532, 4.502814], [-75.64253, 4.50393], [-75.642252, 4.50393], [-75.642251, 4.504488], [-75.641973, 4.504487], [-75.641972, 4.504766], [-75.641694, 4.504766], [-75.641694, 4.505045], [-75.641138, 4.505043], [-75.641138, 4.504764], [-75.641416, 4.504765], [-75.641417, 4.504207], [-75.641695, 4.504208], [-75.641697, 4.503649], [-75.641975, 4.50365], [-75.641976, 4.502813], [-75.642532, 4.502814]]], [[[-75.641148, 4.499742], [-75.641149, 4.499184], [-75.641427, 4.499185], [-75.641427, 4.499464], [-75.641705, 4.499464], [-75.641704, 4.499743], [-75.641148, 4.499742]]], [[[-75.641703, 4.50058], [-75.641702, 4.500859], [-75.641424, 4.500859], [-75.641425, 4.50058], [-75.641703, 4.50058]]], [[[-75.641722, 4.490814], [-75.641721, 4.491093], [-75.641443, 4.491093], [-75.641444, 4.490814], [-75.641722, 4.490814]]], [[[-75.64224, 4.510068], [-75.642239, 4.510626], [-75.641961, 4.510626], [-75.64196, 4.510905], [-75.641682, 4.510904], [-75.641683, 4.510346], [-75.641961, 4.510347], [-75.641962, 4.510068], [-75.64224, 4.510068]]], [[[-75.64198, 4.501139], [-75.641979, 4.501418], [-75.641701, 4.501417], [-75.641701, 4.501138], [-75.64198, 4.501139]]], [[[-75.643654, 4.497794], [-75.643653, 4.498352], [-75.643375, 4.498351], [-75.643376, 4.497793], [-75.643654, 4.497794]]], [[[-75.644185, 4.510909], [-75.644183, 4.511467], [-75.643905, 4.511467], [-75.643907, 4.510908], [-75.644185, 4.510909]]], [[[-75.644211, 4.497516], [-75.644211, 4.497237], [-75.644489, 4.497237], [-75.644489, 4.497516], [-75.644211, 4.497516]]], [[[-75.64421, 4.497795], [-75.643932, 4.497794], [-75.643933, 4.497515], [-75.644211, 4.497516], [-75.64421, 4.497795]]], [[[-75.645026, 4.507283], [-75.645026, 4.507004], [-75.645304, 4.507005], [-75.645304, 4.507284], [-75.645026, 4.507283]]], [[[-75.645025, 4.507562], [-75.645303, 4.507563], [-75.645301, 4.508958], [-75.644744, 4.508957], [-75.644748, 4.507283], [-75.645026, 4.507283], [-75.645025, 4.507562]]], [[[-75.644744, 4.509236], [-75.645022, 4.509237], [-75.645021, 4.509795], [-75.644743, 4.509794], [-75.644743, 4.509515], [-75.644465, 4.509514], [-75.644466, 4.508956], [-75.644744, 4.508957], [-75.644744, 4.509236]]], [[[-75.645066, 4.486915], [-75.645066, 4.486636], [-75.64451, 4.486634], [-75.644511, 4.486076], [-75.644789, 4.486077], [-75.64479, 4.485798], [-75.645068, 4.485798], [-75.645069, 4.48524], [-75.645347, 4.485241], [-75.645347, 4.484962], [-75.645625, 4.484962], [-75.645626, 4.484683], [-75.647294, 4.484687], [-75.647294, 4.484966], [-75.647572, 4.484966], [-75.64757, 4.485524], [-75.647848, 4.485525], [-75.647846, 4.486641], [-75.647568, 4.48664], [-75.647568, 4.486919], [-75.645066, 4.486915]]], [[[-75.645043, 4.498355], [-75.645043, 4.498634], [-75.644765, 4.498633], [-75.644765, 4.498354], [-75.645043, 4.498355]]], [[[-75.645305, 4.506447], [-75.645307, 4.505889], [-75.645585, 4.505889], [-75.645583, 4.506447], [-75.645305, 4.506447]]], [[[-75.645305, 4.506726], [-75.645027, 4.506725], [-75.645027, 4.506446], [-75.645305, 4.506447], [-75.645305, 4.506726]]], [[[-75.645308, 4.505052], [-75.645308, 4.505331], [-75.64503, 4.50533], [-75.64503, 4.505051], [-75.645308, 4.505052]]], [[[-75.645335, 4.491379], [-75.645334, 4.491659], [-75.645056, 4.491658], [-75.645057, 4.491379], [-75.645335, 4.491379]]], [[[-75.645588, 4.504215], [-75.64531, 4.504215], [-75.64531, 4.503936], [-75.645588, 4.503936], [-75.645588, 4.504215]]], [[[-75.645866, 4.504216], [-75.645864, 4.505053], [-75.645586, 4.505052], [-75.645587, 4.504773], [-75.645309, 4.504773], [-75.645309, 4.504494], [-75.645587, 4.504494], [-75.645588, 4.504215], [-75.645866, 4.504216]]], [[[-75.646705, 4.501427], [-75.646149, 4.501426], [-75.646149, 4.501705], [-75.646427, 4.501706], [-75.646424, 4.503101], [-75.646146, 4.5031], [-75.646145, 4.503658], [-75.645589, 4.503657], [-75.645592, 4.501983], [-75.64587, 4.501984], [-75.645872, 4.501146], [-75.646428, 4.501148], [-75.646429, 4.50059], [-75.646707, 4.50059], [-75.646705, 4.501427]], [[-75.646147, 4.502821], [-75.645869, 4.502821], [-75.645868, 4.5031], [-75.646146, 4.5031], [-75.646147, 4.502821]]], [[[-75.647264, 4.500033], [-75.647265, 4.499754], [-75.647821, 4.499755], [-75.64782, 4.500034], [-75.647264, 4.500033]]], [[[-75.647264, 4.500312], [-75.646986, 4.500312], [-75.646986, 4.500033], [-75.647264, 4.500033], [-75.647264, 4.500312]]], [[[-75.646985, 4.500591], [-75.646707, 4.50059], [-75.646708, 4.500311], [-75.646986, 4.500312], [-75.646985, 4.500591]]], [[[-75.646448, 4.491103], [-75.646447, 4.491382], [-75.646169, 4.491381], [-75.646168, 4.49166], [-75.64589, 4.49166], [-75.645891, 4.491102], [-75.646448, 4.491103]]], [[[-75.654262, 4.475771], [-75.654262, 4.475492], [-75.65454, 4.475493], [-75.65454, 4.475772], [-75.654262, 4.475771]]], [[[-75.654261, 4.47605], [-75.654539, 4.476051], [-75.654539, 4.47633], [-75.654817, 4.476331], [-75.654818, 4.475773], [-75.655374, 4.475774], [-75.655373, 4.476332], [-75.655651, 4.476332], [-75.65565, 4.476611], [-75.655372, 4.476611], [-75.655371, 4.477169], [-75.655093, 4.477168], [-75.655093, 4.477447], [-75.654815, 4.477447], [-75.654814, 4.477726], [-75.654258, 4.477725], [-75.654259, 4.477446], [-75.653981, 4.477445], [-75.653981, 4.477166], [-75.653703, 4.477166], [-75.653704, 4.476607], [-75.653148, 4.476606], [-75.653148, 4.476885], [-75.652314, 4.476884], [-75.652314, 4.476605], [-75.652036, 4.476604], [-75.652037, 4.476325], [-75.651759, 4.476325], [-75.651759, 4.476046], [-75.651481, 4.476045], [-75.651482, 4.475487], [-75.651204, 4.475486], [-75.651206, 4.474649], [-75.650928, 4.474649], [-75.650928, 4.47437], [-75.650094, 4.474368], [-75.650095, 4.474089], [-75.646759, 4.474083], [-75.646759, 4.473804], [-75.646481, 4.473803], [-75.646483, 4.472966], [-75.646205, 4.472965], [-75.646205, 4.472686], [-75.645927, 4.472686], [-75.645928, 4.472128], [-75.646206, 4.472128], [-75.646207, 4.47157], [-75.646486, 4.471571], [-75.646487, 4.471013], [-75.646765, 4.471013], [-75.646768, 4.46906], [-75.64649, 4.46906], [-75.646491, 4.468502], [-75.646769, 4.468502], [-75.64677, 4.468223], [-75.647048, 4.468224], [-75.647049, 4.467945], [-75.647327, 4.467945], [-75.647327, 4.467666], [-75.647883, 4.467667], [-75.647884, 4.467388], [-75.648162, 4.467389], [-75.648162, 4.46711], [-75.648996, 4.467111], [-75.648996, 4.46739], [-75.649274, 4.467391], [-75.649273, 4.46767], [-75.649551, 4.467671], [-75.64955, 4.468229], [-75.649828, 4.468229], [-75.649827, 4.468787], [-75.650383, 4.468788], [-75.650383, 4.469067], [-75.651217, 4.469069], [-75.651216, 4.469348], [-75.65205, 4.46935], [-75.652051, 4.469071], [-75.652885, 4.469072], [-75.652886, 4.468514], [-75.653164, 4.468515], [-75.653165, 4.467957], [-75.653443, 4.467957], [-75.653447, 4.466004], [-75.653169, 4.466003], [-75.653169, 4.465724], [-75.653447, 4.465725], [-75.653448, 4.465167], [-75.654282, 4.465168], [-75.654283, 4.464889], [-75.654839, 4.464891], [-75.65484, 4.464053], [-75.655118, 4.464054], [-75.65512, 4.463496], [-75.655398, 4.463496], [-75.655398, 4.463217], [-75.655676, 4.463218], [-75.655677, 4.462939], [-75.655955, 4.462939], [-75.655954, 4.463219], [-75.656232, 4.463219], [-75.656232, 4.463498], [-75.655676, 4.463497], [-75.655674, 4.464334], [-75.656508, 4.464336], [-75.656506, 4.465452], [-75.656228, 4.465451], [-75.656227, 4.466009], [-75.656505, 4.46601], [-75.656504, 4.466568], [-75.656782, 4.466568], [-75.65678, 4.467406], [-75.657058, 4.467406], [-75.657056, 4.468522], [-75.657334, 4.468523], [-75.657333, 4.468802], [-75.657055, 4.468801], [-75.657054, 4.469359], [-75.65622, 4.469358], [-75.656221, 4.4688], [-75.655665, 4.468799], [-75.655666, 4.46824], [-75.655388, 4.46824], [-75.655389, 4.467961], [-75.655111, 4.46796], [-75.65511, 4.468239], [-75.654832, 4.468239], [-75.654831, 4.469076], [-75.654553, 4.469075], [-75.654552, 4.469633], [-75.655108, 4.469635], [-75.655108, 4.469355], [-75.655942, 4.469357], [-75.655942, 4.469636], [-75.65622, 4.469637], [-75.656219, 4.469916], [-75.656497, 4.469916], [-75.656497, 4.470195], [-75.656775, 4.470196], [-75.656776, 4.469638], [-75.657054, 4.469638], [-75.657053, 4.469917], [-75.657609, 4.469918], [-75.657608, 4.470476], [-75.657886, 4.470477], [-75.657884, 4.471593], [-75.657328, 4.471592], [-75.657328, 4.471871], [-75.657606, 4.471872], [-75.657604, 4.472709], [-75.65816, 4.47271], [-75.658157, 4.474105], [-75.657323, 4.474103], [-75.657324, 4.473824], [-75.657046, 4.473824], [-75.657047, 4.473266], [-75.657325, 4.473266], [-75.657326, 4.472708], [-75.657048, 4.472708], [-75.657049, 4.47215], [-75.656493, 4.472148], [-75.656492, 4.472706], [-75.65677, 4.472707], [-75.656769, 4.472986], [-75.656491, 4.472986], [-75.65649, 4.473544], [-75.656212, 4.473543], [-75.656212, 4.473822], [-75.655934, 4.473822], [-75.655933, 4.47438], [-75.655655, 4.474379], [-75.655654, 4.474937], [-75.655376, 4.474937], [-75.655375, 4.475216], [-75.655097, 4.475215], [-75.655098, 4.474936], [-75.65482, 4.474935], [-75.654819, 4.475214], [-75.654541, 4.475214], [-75.654541, 4.474935], [-75.654263, 4.474934], [-75.654263, 4.475213], [-75.653707, 4.475212], [-75.653707, 4.474933], [-75.652873, 4.474932], [-75.652872, 4.47549], [-75.65315, 4.47549], [-75.65315, 4.475769], [-75.652872, 4.475769], [-75.652871, 4.476048], [-75.653983, 4.47605], [-75.653984, 4.475771], [-75.654262, 4.475771], [-75.654261, 4.47605]], [[-75.647597, 4.471852], [-75.647041, 4.471851], [-75.64704, 4.47213], [-75.647596, 4.472131], [-75.647597, 4.471852]], [[-75.648158, 4.469342], [-75.64788, 4.469341], [-75.647879, 4.469899], [-75.648157, 4.4699], [-75.648158, 4.469342]], [[-75.65038, 4.470183], [-75.650102, 4.470183], [-75.650101, 4.470741], [-75.650379, 4.470741], [-75.65038, 4.470183]], [[-75.651212, 4.471301], [-75.650934, 4.471301], [-75.650934, 4.47158], [-75.650656, 4.471579], [-75.650654, 4.472416], [-75.650932, 4.472417], [-75.650933, 4.472138], [-75.651211, 4.472138], [-75.651212, 4.471301]], [[-75.650936, 4.470184], [-75.650936, 4.470463], [-75.651214, 4.470464], [-75.651214, 4.470185], [-75.650936, 4.470184]], [[-75.650937, 4.469905], [-75.650659, 4.469905], [-75.650658, 4.470184], [-75.650936, 4.470184], [-75.650937, 4.469905]], [[-75.65204, 4.474651], [-75.651762, 4.47465], [-75.65176, 4.475488], [-75.652038, 4.475488], [-75.65204, 4.474651]], [[-75.65177, 4.470465], [-75.651769, 4.470744], [-75.652325, 4.470745], [-75.652326, 4.470466], [-75.652882, 4.470467], [-75.652883, 4.470188], [-75.652049, 4.470187], [-75.652048, 4.470466], [-75.65177, 4.470465]], [[-75.652603, 4.471025], [-75.652601, 4.472141], [-75.653157, 4.472142], [-75.653159, 4.471026], [-75.652603, 4.471025]], [[-75.654558, 4.466285], [-75.654836, 4.466286], [-75.654837, 4.466007], [-75.654003, 4.466005], [-75.654002, 4.466284], [-75.65428, 4.466285], [-75.65428, 4.466564], [-75.654558, 4.466564], [-75.654558, 4.466285]], [[-75.65426, 4.476888], [-75.654259, 4.477167], [-75.654537, 4.477167], [-75.654538, 4.476888], [-75.65426, 4.476888]], [[-75.655379, 4.472983], [-75.654823, 4.472982], [-75.654822, 4.47354], [-75.655378, 4.473541], [-75.655379, 4.472983]], [[-75.655949, 4.466009], [-75.655115, 4.466007], [-75.655114, 4.466565], [-75.655392, 4.466566], [-75.655391, 4.466845], [-75.655669, 4.466845], [-75.65567, 4.466566], [-75.655948, 4.466567], [-75.655949, 4.466009]], [[-75.65566, 4.471589], [-75.656772, 4.471591], [-75.656773, 4.471312], [-75.656495, 4.471311], [-75.656496, 4.470753], [-75.655662, 4.470752], [-75.65566, 4.471589]], [[-75.655382, 4.471588], [-75.655381, 4.471867], [-75.655659, 4.471868], [-75.65566, 4.471589], [-75.655382, 4.471588]], [[-75.655951, 4.464893], [-75.655395, 4.464892], [-75.655394, 4.465171], [-75.65595, 4.465172], [-75.655951, 4.464893]]], [[[-75.653426, 4.476886], [-75.653425, 4.477444], [-75.653147, 4.477443], [-75.653148, 4.476885], [-75.653426, 4.476886]]], [[[-75.646988, 4.498916], [-75.646988, 4.499195], [-75.64671, 4.499195], [-75.64671, 4.498916], [-75.646988, 4.498916]]], [[[-75.648697, 4.478272], [-75.648975, 4.478272], [-75.648974, 4.478551], [-75.649252, 4.478552], [-75.649252, 4.478831], [-75.648974, 4.47883], [-75.648972, 4.479388], [-75.648694, 4.479388], [-75.648694, 4.479667], [-75.64786, 4.479665], [-75.647862, 4.478828], [-75.648418, 4.478829], [-75.648418, 4.47855], [-75.648696, 4.478551], [-75.648697, 4.478272]]], [[[-75.648671, 4.491386], [-75.648671, 4.491665], [-75.648393, 4.491665], [-75.648393, 4.491385], [-75.648671, 4.491386]]], [[[-75.649238, 4.485807], [-75.649238, 4.486086], [-75.648959, 4.486085], [-75.64896, 4.485806], [-75.649238, 4.485807]]], [[[-75.65116, 4.498367], [-75.651161, 4.49753], [-75.651439, 4.49753], [-75.651438, 4.498367], [-75.65116, 4.498367]]], [[[-75.651159, 4.498646], [-75.650881, 4.498645], [-75.650882, 4.498366], [-75.65116, 4.498367], [-75.651159, 4.498646]]], [[[-75.650881, 4.498924], [-75.650603, 4.498924], [-75.650603, 4.498645], [-75.650881, 4.498645], [-75.650881, 4.498924]]], [[[-75.650602, 4.499203], [-75.650324, 4.499202], [-75.650325, 4.498923], [-75.650603, 4.498924], [-75.650602, 4.499203]]], [[[-75.650324, 4.499481], [-75.650046, 4.499481], [-75.650046, 4.499201], [-75.650324, 4.499202], [-75.650324, 4.499481]]], [[[-75.650045, 4.49976], [-75.649489, 4.499758], [-75.64949, 4.4992], [-75.649768, 4.499201], [-75.649767, 4.49948], [-75.650046, 4.499481], [-75.650045, 4.49976]]], [[[-75.649488, 4.500037], [-75.64921, 4.500037], [-75.649211, 4.499758], [-75.649489, 4.499758], [-75.649488, 4.500037]]], [[[-75.65035, 4.485809], [-75.65035, 4.486088], [-75.650072, 4.486087], [-75.650071, 4.486366], [-75.649793, 4.486366], [-75.649794, 4.485808], [-75.65035, 4.485809]]], [[[-75.651719, 4.496694], [-75.651719, 4.496973], [-75.651441, 4.496972], [-75.651441, 4.496693], [-75.651719, 4.496694]]], [[[-75.651999, 4.495578], [-75.651999, 4.495857], [-75.651721, 4.495856], [-75.651721, 4.495577], [-75.651999, 4.495578]]], [[[-75.65395, 4.493071], [-75.653394, 4.493069], [-75.653393, 4.493628], [-75.653115, 4.493627], [-75.653114, 4.494185], [-75.652836, 4.494184], [-75.652836, 4.494463], [-75.652558, 4.494463], [-75.652557, 4.494742], [-75.652279, 4.494741], [-75.652278, 4.49502], [-75.652, 4.49502], [-75.652003, 4.493904], [-75.652281, 4.493904], [-75.652282, 4.493067], [-75.65256, 4.493068], [-75.652561, 4.492789], [-75.653117, 4.49279], [-75.653117, 4.492511], [-75.653395, 4.492511], [-75.653396, 4.492232], [-75.653674, 4.492233], [-75.653673, 4.492512], [-75.653951, 4.492512], [-75.65395, 4.493071]], [[-75.653116, 4.493069], [-75.652838, 4.493068], [-75.652838, 4.493347], [-75.65256, 4.493347], [-75.652559, 4.493905], [-75.652837, 4.493905], [-75.652837, 4.493626], [-75.653115, 4.493627], [-75.653116, 4.493069]]], [[[-75.65451, 4.491118], [-75.654232, 4.491118], [-75.654233, 4.49056], [-75.654511, 4.49056], [-75.654512, 4.490281], [-75.655068, 4.490282], [-75.655067, 4.49084], [-75.654511, 4.490839], [-75.65451, 4.491118]]], [[[-75.655344, 4.49112], [-75.655344, 4.491399], [-75.654788, 4.491398], [-75.654787, 4.491677], [-75.654509, 4.491676], [-75.65451, 4.491118], [-75.655344, 4.49112]]], [[[-75.654508, 4.492235], [-75.65423, 4.492234], [-75.654231, 4.491676], [-75.654509, 4.491676], [-75.654508, 4.492235]]], [[[-75.654229, 4.492513], [-75.653951, 4.492512], [-75.653952, 4.492233], [-75.65423, 4.492234], [-75.654229, 4.492513]]], [[[-75.652365, 4.450097], [-75.652365, 4.450376], [-75.652087, 4.450376], [-75.652087, 4.450097], [-75.652365, 4.450097]]], [[[-75.653675, 4.491675], [-75.653676, 4.491396], [-75.653954, 4.491396], [-75.653953, 4.491675], [-75.653675, 4.491675]]], [[[-75.653674, 4.491954], [-75.653396, 4.491953], [-75.653397, 4.491674], [-75.653675, 4.491675], [-75.653674, 4.491954]]], [[[-75.655064, 4.492515], [-75.655063, 4.492794], [-75.654785, 4.492793], [-75.654785, 4.492514], [-75.655064, 4.492515]]], [[[-75.656182, 4.489448], [-75.656181, 4.489727], [-75.655903, 4.489726], [-75.655904, 4.489447], [-75.656182, 4.489448]]], [[[-75.656738, 4.48917], [-75.656738, 4.489449], [-75.65646, 4.489448], [-75.65646, 4.489169], [-75.656738, 4.48917]]], [[[-75.659241, 4.488895], [-75.65924, 4.489174], [-75.658962, 4.489174], [-75.658963, 4.488895], [-75.659241, 4.488895]]], [[[-75.658685, 4.488894], [-75.658685, 4.488615], [-75.658963, 4.488616], [-75.658963, 4.488895], [-75.658685, 4.488894]]], [[[-75.658684, 4.489173], [-75.658962, 4.489174], [-75.658962, 4.489453], [-75.65924, 4.489453], [-75.659239, 4.489733], [-75.658405, 4.489731], [-75.658406, 4.489173], [-75.65785, 4.489172], [-75.657851, 4.488893], [-75.658685, 4.488894], [-75.658684, 4.489173]]], [[[-75.658405, 4.49001], [-75.657849, 4.490009], [-75.657848, 4.490288], [-75.65757, 4.490287], [-75.657571, 4.490008], [-75.657293, 4.490008], [-75.657294, 4.48945], [-75.657572, 4.48945], [-75.657571, 4.489729], [-75.658405, 4.489731], [-75.658405, 4.49001]]], [[[-75.660131, 4.459599], [-75.660131, 4.459878], [-75.659853, 4.459878], [-75.659853, 4.459599], [-75.660131, 4.459599]]], [[[-75.659575, 4.459598], [-75.659575, 4.459877], [-75.659297, 4.459877], [-75.659298, 4.45904], [-75.65902, 4.459039], [-75.659021, 4.458481], [-75.659577, 4.458482], [-75.659576, 4.459319], [-75.659854, 4.45932], [-75.659853, 4.459599], [-75.659575, 4.459598]]], [[[-75.658743, 4.45848], [-75.658744, 4.457922], [-75.658466, 4.457922], [-75.658468, 4.457364], [-75.65819, 4.457363], [-75.65819, 4.457084], [-75.657912, 4.457084], [-75.657913, 4.456526], [-75.658191, 4.456526], [-75.658192, 4.456247], [-75.65847, 4.456248], [-75.658469, 4.456527], [-75.658747, 4.456527], [-75.658747, 4.456806], [-75.659025, 4.456807], [-75.659023, 4.457644], [-75.659301, 4.457644], [-75.6593, 4.457923], [-75.659022, 4.457923], [-75.659021, 4.458481], [-75.658743, 4.45848]]], [[[-75.658645, 4.509542], [-75.658646, 4.508984], [-75.658368, 4.508984], [-75.658368, 4.508705], [-75.658925, 4.508706], [-75.658924, 4.508985], [-75.659202, 4.508985], [-75.659201, 4.509543], [-75.658645, 4.509542]]], [[[-75.664042, 4.449841], [-75.663486, 4.44984], [-75.663486, 4.450119], [-75.663208, 4.450118], [-75.663206, 4.450955], [-75.663484, 4.450956], [-75.663485, 4.450677], [-75.664597, 4.450679], [-75.664595, 4.451237], [-75.664039, 4.451236], [-75.66404, 4.450957], [-75.663762, 4.450956], [-75.66376, 4.452072], [-75.664038, 4.452073], [-75.664036, 4.45291], [-75.663758, 4.45291], [-75.663758, 4.453189], [-75.662646, 4.453186], [-75.662646, 4.452907], [-75.66209, 4.452906], [-75.66209, 4.453185], [-75.662368, 4.453186], [-75.662367, 4.453465], [-75.662645, 4.453465], [-75.662645, 4.453744], [-75.663479, 4.453746], [-75.663479, 4.453467], [-75.664313, 4.453469], [-75.664312, 4.454306], [-75.6632, 4.454304], [-75.663199, 4.454583], [-75.662921, 4.454582], [-75.66292, 4.45514], [-75.663198, 4.455141], [-75.663197, 4.45542], [-75.663475, 4.45542], [-75.663475, 4.455699], [-75.663753, 4.4557], [-75.663752, 4.455979], [-75.66403, 4.455979], [-75.664029, 4.456816], [-75.663751, 4.456816], [-75.66375, 4.457095], [-75.663472, 4.457094], [-75.663472, 4.457373], [-75.663194, 4.457373], [-75.663193, 4.457652], [-75.662915, 4.457651], [-75.662915, 4.45793], [-75.662637, 4.45793], [-75.662637, 4.457651], [-75.661803, 4.457649], [-75.661803, 4.457928], [-75.662081, 4.457929], [-75.662079, 4.458766], [-75.661523, 4.458765], [-75.661527, 4.456812], [-75.661249, 4.456811], [-75.661248, 4.45709], [-75.66097, 4.45709], [-75.66097, 4.457369], [-75.659858, 4.457366], [-75.659859, 4.456529], [-75.660415, 4.45653], [-75.660416, 4.456251], [-75.660138, 4.456251], [-75.660139, 4.455693], [-75.659861, 4.455692], [-75.659862, 4.455134], [-75.66014, 4.455135], [-75.660139, 4.455414], [-75.660417, 4.455414], [-75.660418, 4.454856], [-75.66014, 4.454856], [-75.660141, 4.454577], [-75.659863, 4.454576], [-75.659862, 4.454855], [-75.659584, 4.454855], [-75.659585, 4.454576], [-75.659307, 4.454575], [-75.659305, 4.455412], [-75.659027, 4.455412], [-75.659027, 4.455691], [-75.658749, 4.45569], [-75.65875, 4.455132], [-75.658472, 4.455132], [-75.658473, 4.454295], [-75.658751, 4.454295], [-75.658752, 4.453737], [-75.658474, 4.453736], [-75.658476, 4.452899], [-75.658754, 4.4529], [-75.658756, 4.452063], [-75.659034, 4.452063], [-75.659034, 4.451784], [-75.659312, 4.451785], [-75.659314, 4.450669], [-75.659592, 4.450669], [-75.659594, 4.449832], [-75.659872, 4.449833], [-75.659873, 4.449275], [-75.660151, 4.449275], [-75.660152, 4.448717], [-75.660708, 4.448718], [-75.660709, 4.44816], [-75.660987, 4.448161], [-75.66098728853046, 4.448], [-75.66126557706093, 4.448], [-75.661265, 4.448161], [-75.661821, 4.448162], [-75.66182158064517, 4.448], [-75.66515730286739, 4.448], [-75.665157, 4.448169], [-75.664879, 4.448168], [-75.664878, 4.448726], [-75.6646, 4.448726], [-75.664599, 4.449284], [-75.664877, 4.449284], [-75.664876, 4.449842], [-75.664598, 4.449842], [-75.664597, 4.4504], [-75.664319, 4.450399], [-75.66432, 4.45012], [-75.664042, 4.45012], [-75.664042, 4.449841]], [[-75.662928, 4.450955], [-75.662927, 4.451513], [-75.663483, 4.451514], [-75.663483, 4.451235], [-75.663205, 4.451234], [-75.663206, 4.450955], [-75.662928, 4.450955]], [[-75.661811, 4.453743], [-75.66181, 4.454022], [-75.662088, 4.454022], [-75.662086, 4.455139], [-75.662364, 4.455139], [-75.662364, 4.45486], [-75.662642, 4.454861], [-75.662645, 4.453744], [-75.661811, 4.453743]], [[-75.659308, 4.454017], [-75.65903, 4.454017], [-75.659029, 4.454296], [-75.659307, 4.454296], [-75.659308, 4.454017]], [[-75.660146, 4.451786], [-75.660146, 4.452066], [-75.660702, 4.452067], [-75.660701, 4.452346], [-75.660979, 4.452346], [-75.660982, 4.450951], [-75.660704, 4.45095], [-75.660702, 4.451788], [-75.660146, 4.451786]], [[-75.660147, 4.451507], [-75.659869, 4.451507], [-75.659868, 4.451786], [-75.660146, 4.451786], [-75.660147, 4.451507]], [[-75.660149, 4.450391], [-75.659871, 4.450391], [-75.65987, 4.450949], [-75.660148, 4.450949], [-75.660149, 4.450391]], [[-75.660423, 4.452345], [-75.660145, 4.452345], [-75.660145, 4.452624], [-75.660423, 4.452624], [-75.660423, 4.452345]], [[-75.66182, 4.44872], [-75.66182, 4.448999], [-75.661542, 4.448999], [-75.661541, 4.449278], [-75.661263, 4.449277], [-75.661263, 4.449556], [-75.660985, 4.449556], [-75.660984, 4.449835], [-75.660706, 4.449834], [-75.660705, 4.450113], [-75.661262, 4.450114], [-75.661262, 4.449835], [-75.661818, 4.449837], [-75.661819, 4.449557], [-75.662097, 4.449558], [-75.662097, 4.449279], [-75.662375, 4.44928], [-75.662377, 4.448442], [-75.662099, 4.448442], [-75.662098, 4.448721], [-75.66182, 4.44872]], [[-75.661821, 4.448441], [-75.660987, 4.44844], [-75.660986, 4.448998], [-75.661264, 4.448998], [-75.661264, 4.448719], [-75.66182, 4.44872], [-75.661821, 4.448441]], [[-75.660708, 4.448997], [-75.660707, 4.449276], [-75.660985, 4.449277], [-75.660986, 4.448998], [-75.660708, 4.448997]], [[-75.661533, 4.453742], [-75.661255, 4.453742], [-75.661254, 4.454021], [-75.661532, 4.454021], [-75.661533, 4.453742]], [[-75.661258, 4.451789], [-75.661258, 4.452068], [-75.661814, 4.452069], [-75.661814, 4.45179], [-75.661258, 4.451789]], [[-75.661537, 4.451231], [-75.661537, 4.45151], [-75.661815, 4.451511], [-75.661815, 4.451232], [-75.661537, 4.451231]], [[-75.662918, 4.456256], [-75.66264, 4.456256], [-75.662639, 4.456814], [-75.662917, 4.456814], [-75.662918, 4.456256]], [[-75.662654, 4.448722], [-75.662653, 4.44928], [-75.662931, 4.449281], [-75.662932, 4.448723], [-75.662654, 4.448722]]], [[[-75.664041, 4.450399], [-75.663485, 4.450398], [-75.663486, 4.450119], [-75.664042, 4.45012], [-75.664041, 4.450399]]], [[[-75.663193, 4.457931], [-75.663191, 4.458768], [-75.662913, 4.458768], [-75.662915, 4.45793], [-75.663193, 4.457931]]], [[[-75.659857, 4.457646], [-75.659579, 4.457645], [-75.65958, 4.457366], [-75.659858, 4.457366], [-75.659857, 4.457646]]], [[[-75.659303, 4.456528], [-75.659304, 4.456249], [-75.659026, 4.456249], [-75.659027, 4.455691], [-75.659583, 4.455692], [-75.659582, 4.455971], [-75.65986, 4.455971], [-75.659859, 4.456529], [-75.659303, 4.456528]]], [[[-75.659234, 4.492244], [-75.659234, 4.492523], [-75.658956, 4.492522], [-75.658956, 4.492243], [-75.659234, 4.492244]]], [[[-75.659237, 4.490849], [-75.659238, 4.49057], [-75.660072, 4.490571], [-75.660071, 4.49085], [-75.659237, 4.490849]]], [[[-75.659237, 4.491128], [-75.658959, 4.491127], [-75.658959, 4.490848], [-75.659237, 4.490849], [-75.659237, 4.491128]]], [[[-75.659756, 4.510103], [-75.6592, 4.510101], [-75.6592, 4.509822], [-75.659478, 4.509823], [-75.659479, 4.509544], [-75.660035, 4.509545], [-75.660034, 4.509824], [-75.659756, 4.509824], [-75.659756, 4.510103]]], [[[-75.660034, 4.510103], [-75.660033, 4.510382], [-75.659755, 4.510382], [-75.659756, 4.510103], [-75.660034, 4.510103]]], [[[-75.660067, 4.492803], [-75.660069, 4.491966], [-75.660347, 4.491967], [-75.660346, 4.492525], [-75.660624, 4.492525], [-75.660623, 4.493084], [-75.660345, 4.493083], [-75.660345, 4.492804], [-75.660067, 4.492803]]], [[[-75.660066, 4.493361], [-75.659788, 4.493361], [-75.659788, 4.49364], [-75.65951, 4.493639], [-75.659511, 4.493081], [-75.659789, 4.493082], [-75.659789, 4.492803], [-75.660067, 4.492803], [-75.660066, 4.493361]]], [[[-75.659791, 4.491966], [-75.65979, 4.492524], [-75.659512, 4.492523], [-75.659513, 4.491965], [-75.659791, 4.491966]]], [[[-75.660968, 4.458206], [-75.660969, 4.457927], [-75.661247, 4.457927], [-75.661246, 4.458206], [-75.660968, 4.458206]]], [[[-75.660967, 4.458764], [-75.660689, 4.458763], [-75.660689, 4.458484], [-75.660133, 4.458483], [-75.660134, 4.458204], [-75.660412, 4.458205], [-75.660413, 4.457926], [-75.660691, 4.457926], [-75.66069, 4.458205], [-75.660968, 4.458206], [-75.660967, 4.458764]]], [[[-75.659856, 4.458204], [-75.659856, 4.457925], [-75.660135, 4.457925], [-75.660134, 4.458204], [-75.659856, 4.458204]]], [[[-75.661245, 4.458764], [-75.661244, 4.459043], [-75.660966, 4.459043], [-75.660967, 4.458764], [-75.661245, 4.458764]]], [[[-75.660966, 4.459322], [-75.66041, 4.459321], [-75.66041, 4.459042], [-75.660966, 4.459043], [-75.660966, 4.459322]]], [[[-75.660601, 4.504524], [-75.660045, 4.504523], [-75.660045, 4.504244], [-75.660323, 4.504244], [-75.660324, 4.503965], [-75.66088, 4.503966], [-75.660879, 4.504245], [-75.660601, 4.504245], [-75.660601, 4.504524]]], [[[-75.660879, 4.504524], [-75.660878, 4.504803], [-75.6606, 4.504803], [-75.660601, 4.504524], [-75.660879, 4.504524]]], [[[-75.6606, 4.505082], [-75.660322, 4.505081], [-75.660322, 4.504802], [-75.6606, 4.504803], [-75.6606, 4.505082]]], [[[-75.660615, 4.497269], [-75.660615, 4.49699], [-75.660893, 4.49699], [-75.660893, 4.497269], [-75.660615, 4.497269]]], [[[-75.660614, 4.497827], [-75.660336, 4.497826], [-75.660337, 4.497268], [-75.660615, 4.497269], [-75.660614, 4.497827]]], [[[-75.662298, 4.489738], [-75.662299, 4.48918], [-75.662577, 4.489181], [-75.662577, 4.488902], [-75.662855, 4.488902], [-75.662856, 4.488344], [-75.663134, 4.488345], [-75.663135, 4.487787], [-75.663413, 4.487787], [-75.663412, 4.488625], [-75.66369, 4.488625], [-75.663691, 4.488067], [-75.663969, 4.488068], [-75.663967, 4.488905], [-75.663689, 4.488904], [-75.663689, 4.489183], [-75.663411, 4.489183], [-75.66341, 4.489741], [-75.663132, 4.48974], [-75.663133, 4.489182], [-75.662855, 4.489181], [-75.662854, 4.489461], [-75.662576, 4.48946], [-75.662576, 4.489739], [-75.662298, 4.489738]]], [[[-75.662297, 4.490017], [-75.662019, 4.490017], [-75.66202, 4.489738], [-75.662298, 4.489738], [-75.662297, 4.490017]]], [[[-75.662018, 4.490575], [-75.662296, 4.490576], [-75.662295, 4.490855], [-75.661461, 4.490853], [-75.661462, 4.490574], [-75.660906, 4.490573], [-75.660906, 4.490294], [-75.66174, 4.490295], [-75.661741, 4.490016], [-75.662019, 4.490017], [-75.662018, 4.490575]]], [[[-75.660905, 4.490852], [-75.660349, 4.490851], [-75.66035, 4.490572], [-75.660906, 4.490573], [-75.660905, 4.490852]]], [[[-75.661463, 4.489737], [-75.661463, 4.490016], [-75.661185, 4.490015], [-75.661185, 4.489736], [-75.661463, 4.489737]]], [[[-75.662533, 4.511782], [-75.662811, 4.511783], [-75.662812, 4.511504], [-75.663368, 4.511505], [-75.663367, 4.511784], [-75.663645, 4.511784], [-75.663646, 4.511505], [-75.663924, 4.511506], [-75.66392289336918, 4.5120000000000005], [-75.66253221863799, 4.5120000000000005], [-75.662533, 4.511782]]], [[[-75.661699, 4.511781], [-75.66169821505376, 4.5120000000000005], [-75.66142021146955, 4.5120000000000005], [-75.661421, 4.51178], [-75.661699, 4.511781]]], [[[-75.662077, 4.459603], [-75.662076, 4.460161], [-75.661798, 4.460161], [-75.661799, 4.459602], [-75.662077, 4.459603]]], [[[-75.662035, 4.481925], [-75.662036, 4.481088], [-75.662592, 4.481089], [-75.662592, 4.481368], [-75.66287, 4.481369], [-75.662869, 4.481648], [-75.662591, 4.481647], [-75.662591, 4.481926], [-75.662035, 4.481925]]], [[[-75.662356, 4.459045], [-75.662356, 4.459325], [-75.662078, 4.459324], [-75.662078, 4.459045], [-75.662356, 4.459045]]], [[[-75.662354, 4.460162], [-75.662355, 4.459604], [-75.662633, 4.459604], [-75.662633, 4.459883], [-75.663189, 4.459884], [-75.663188, 4.460163], [-75.662354, 4.460162]]], [[[-75.663145, 4.482764], [-75.663146, 4.482485], [-75.663424, 4.482486], [-75.663423, 4.482765], [-75.663145, 4.482764]]], [[[-75.663144, 4.483043], [-75.662866, 4.483043], [-75.662867, 4.482764], [-75.663145, 4.482764], [-75.663144, 4.483043]]], [[[-75.662589, 4.482763], [-75.66259, 4.482205], [-75.662868, 4.482206], [-75.662867, 4.482764], [-75.662589, 4.482763]]], [[[-75.662869, 4.481927], [-75.663147, 4.481927], [-75.663146, 4.482206], [-75.662868, 4.482206], [-75.662869, 4.481927]]], [[[-75.683952, 4.506522], [-75.683951, 4.506801], [-75.684, 4.5068011762589935], [-75.684, 4.507080176258993], [-75.683951, 4.50708], [-75.68395, 4.507638], [-75.684, 4.507638179856115], [-75.684, 4.5087541906474815], [-75.683947, 4.508754], [-75.683947, 4.509033], [-75.682279, 4.50903], [-75.682282, 4.507356], [-75.68256, 4.507356], [-75.682561, 4.506519], [-75.682283, 4.506519], [-75.682285, 4.505961], [-75.682006, 4.50596], [-75.682007, 4.505681], [-75.682285, 4.505682], [-75.682287, 4.504845], [-75.682565, 4.504845], [-75.682565, 4.504566], [-75.683121, 4.504567], [-75.683122, 4.504288], [-75.6834, 4.504289], [-75.683401, 4.503731], [-75.682845, 4.50373], [-75.682845, 4.503451], [-75.682567, 4.50345], [-75.682568, 4.502892], [-75.681456, 4.50289], [-75.681457, 4.502611], [-75.681179, 4.50261], [-75.681177, 4.503447], [-75.681455, 4.503448], [-75.681455, 4.503727], [-75.680899, 4.503726], [-75.680899, 4.503447], [-75.680343, 4.503446], [-75.680344, 4.502888], [-75.680066, 4.502887], [-75.680066, 4.503166], [-75.679788, 4.503166], [-75.679787, 4.503445], [-75.679509, 4.503444], [-75.679508, 4.503723], [-75.678952, 4.503722], [-75.678952, 4.504001], [-75.678674, 4.504001], [-75.678674, 4.503722], [-75.678396, 4.503721], [-75.678396, 4.504], [-75.678118, 4.504], [-75.678117, 4.504279], [-75.677283, 4.504277], [-75.677284, 4.503998], [-75.676728, 4.503997], [-75.676729, 4.503439], [-75.677007, 4.503439], [-75.677007, 4.50316], [-75.675339, 4.503157], [-75.675339, 4.503436], [-75.673948, 4.503433], [-75.673948, 4.503712], [-75.67367, 4.503712], [-75.673669, 4.503991], [-75.673391, 4.50399], [-75.673391, 4.504269], [-75.672557, 4.504268], [-75.672556, 4.504547], [-75.67339, 4.504548], [-75.673389, 4.505107], [-75.672555, 4.505105], [-75.672554, 4.505384], [-75.672276, 4.505383], [-75.672276, 4.505662], [-75.671998, 4.505662], [-75.671997, 4.50622], [-75.671163, 4.506218], [-75.671162, 4.506497], [-75.670606, 4.506496], [-75.670607, 4.506217], [-75.670329, 4.506217], [-75.67033, 4.505659], [-75.670886, 4.50566], [-75.670887, 4.504823], [-75.671443, 4.504824], [-75.671444, 4.504545], [-75.671166, 4.504544], [-75.671167, 4.503986], [-75.670611, 4.503985], [-75.67061, 4.504543], [-75.669498, 4.504541], [-75.669497, 4.505099], [-75.669219, 4.505098], [-75.669218, 4.505377], [-75.66894, 4.505377], [-75.66894, 4.505656], [-75.668662, 4.505655], [-75.668661, 4.505934], [-75.668383, 4.505934], [-75.668382, 4.506213], [-75.668104, 4.506212], [-75.668104, 4.506491], [-75.667826, 4.506491], [-75.667825, 4.50677], [-75.667547, 4.506769], [-75.667548, 4.50649], [-75.66727, 4.50649], [-75.66727, 4.506211], [-75.667826, 4.506212], [-75.667827, 4.505933], [-75.667271, 4.505932], [-75.667271, 4.505653], [-75.667827, 4.505654], [-75.667828, 4.505375], [-75.668106, 4.505375], [-75.668107, 4.505096], [-75.668385, 4.505097], [-75.668386, 4.50426], [-75.668664, 4.50426], [-75.668665, 4.503981], [-75.669221, 4.503982], [-75.669221, 4.503703], [-75.669777, 4.503704], [-75.669777, 4.503983], [-75.670055, 4.503984], [-75.670056, 4.503426], [-75.670334, 4.503426], [-75.670335, 4.503147], [-75.670613, 4.503148], [-75.670613, 4.502869], [-75.671447, 4.502871], [-75.671448, 4.502592], [-75.671726, 4.502592], [-75.671726, 4.502313], [-75.672282, 4.502314], [-75.672283, 4.502035], [-75.672561, 4.502036], [-75.672561, 4.501757], [-75.672839, 4.501757], [-75.672841, 4.501199], [-75.673397, 4.5012], [-75.673397, 4.500921], [-75.673675, 4.500922], [-75.673676, 4.500364], [-75.673954, 4.500364], [-75.673954, 4.500643], [-75.67451, 4.500644], [-75.674509, 4.500923], [-75.675343, 4.500925], [-75.675344, 4.500646], [-75.676734, 4.500648], [-75.676736, 4.499811], [-75.676458, 4.499811], [-75.676457, 4.50009], [-75.676179, 4.500089], [-75.67618, 4.499531], [-75.676458, 4.499532], [-75.676459, 4.499253], [-75.677293, 4.499254], [-75.677294, 4.498696], [-75.677572, 4.498697], [-75.67757, 4.499813], [-75.677292, 4.499812], [-75.677291, 4.500092], [-75.677013, 4.500091], [-75.677012, 4.500649], [-75.67729, 4.50065], [-75.67729, 4.500929], [-75.677568, 4.500929], [-75.677568, 4.50065], [-75.677846, 4.500651], [-75.677846, 4.50093], [-75.678402, 4.500931], [-75.678402, 4.500652], [-75.67868, 4.500652], [-75.678681, 4.500373], [-75.679237, 4.500374], [-75.679237, 4.500095], [-75.681462, 4.5001], [-75.681462, 4.49982], [-75.68174, 4.499821], [-75.68174, 4.5001], [-75.682018, 4.500101], [-75.682018, 4.499822], [-75.68313, 4.499824], [-75.683129, 4.500661], [-75.683407, 4.500661], [-75.683408, 4.499824], [-75.683686, 4.499825], [-75.683687, 4.499546], [-75.683965, 4.499546], [-75.683965, 4.499267], [-75.684, 4.4992670628366245], [-75.684, 4.501778570143885], [-75.683683, 4.501778], [-75.683682, 4.502057], [-75.684, 4.502057571942446], [-75.684, 4.506522115107914], [-75.683952, 4.506522]], [[-75.671442, 4.505382], [-75.67172, 4.505382], [-75.671721, 4.504824], [-75.671443, 4.504824], [-75.671442, 4.505382]], [[-75.676455, 4.500927], [-75.676177, 4.500926], [-75.676176, 4.501485], [-75.676454, 4.501485], [-75.676455, 4.500927]], [[-75.676732, 4.501765], [-75.676454, 4.501764], [-75.676453, 4.502043], [-75.676731, 4.502044], [-75.676732, 4.501765]], [[-75.677285, 4.50344], [-75.677284, 4.503719], [-75.677562, 4.503719], [-75.677563, 4.50344], [-75.677285, 4.50344]], [[-75.678677, 4.502326], [-75.678399, 4.502326], [-75.678398, 4.502605], [-75.678676, 4.502605], [-75.678677, 4.502326]], [[-75.681181, 4.501215], [-75.681181, 4.501494], [-75.681459, 4.501495], [-75.681459, 4.501216], [-75.681181, 4.501215]], [[-75.683405, 4.501777], [-75.683127, 4.501777], [-75.683126, 4.502335], [-75.683404, 4.502335], [-75.683405, 4.501777]], [[-75.683395, 4.5068], [-75.683395, 4.507079], [-75.683673, 4.50708], [-75.683673, 4.5068], [-75.683395, 4.5068]], [[-75.683671, 4.507917], [-75.68367, 4.508196], [-75.683948, 4.508196], [-75.683949, 4.507917], [-75.683671, 4.507917]]], [[[-75.667269, 4.506769], [-75.666713, 4.506768], [-75.666713, 4.507047], [-75.666435, 4.507046], [-75.666434, 4.507325], [-75.666712, 4.507326], [-75.666712, 4.507605], [-75.667546, 4.507606], [-75.667544, 4.508444], [-75.667266, 4.508443], [-75.667267, 4.508164], [-75.666988, 4.508163], [-75.666987, 4.508721], [-75.666431, 4.50872], [-75.666431, 4.508999], [-75.666153, 4.508999], [-75.666153, 4.50872], [-75.665875, 4.508719], [-75.665874, 4.509556], [-75.665596, 4.509556], [-75.665595, 4.509835], [-75.666151, 4.509836], [-75.666151, 4.510115], [-75.665595, 4.510114], [-75.665594, 4.510393], [-75.665316, 4.510392], [-75.665315, 4.51095], [-75.665593, 4.510951], [-75.665592, 4.51123], [-75.665314, 4.511229], [-75.665314, 4.511509], [-75.665036, 4.511508], [-75.665037, 4.51095], [-75.663369, 4.510947], [-75.663369, 4.510668], [-75.662813, 4.510667], [-75.662815, 4.509829], [-75.663371, 4.509831], [-75.663371, 4.509552], [-75.664205, 4.509553], [-75.664206, 4.509274], [-75.664484, 4.509275], [-75.664485, 4.508996], [-75.665041, 4.508997], [-75.665041, 4.508718], [-75.664485, 4.508717], [-75.664486, 4.508438], [-75.665042, 4.508439], [-75.665042, 4.50816], [-75.66532, 4.50816], [-75.665321, 4.507881], [-75.665599, 4.507882], [-75.665599, 4.507603], [-75.665877, 4.507603], [-75.665879, 4.507045], [-75.665322, 4.507044], [-75.665322, 4.507323], [-75.664766, 4.507322], [-75.664765, 4.507601], [-75.664209, 4.5076], [-75.66421, 4.507321], [-75.664488, 4.507321], [-75.664488, 4.507042], [-75.664766, 4.507043], [-75.664767, 4.506764], [-75.665045, 4.506765], [-75.665046, 4.506485], [-75.66588, 4.506487], [-75.66588, 4.506208], [-75.666714, 4.50621], [-75.666715, 4.505931], [-75.666993, 4.505931], [-75.666992, 4.506489], [-75.66727, 4.50649], [-75.667269, 4.506769]], [[-75.666156, 4.507325], [-75.666155, 4.507604], [-75.666434, 4.507604], [-75.666434, 4.507325], [-75.666156, 4.507325]], [[-75.664482, 4.510112], [-75.664204, 4.510111], [-75.664204, 4.51039], [-75.664482, 4.510391], [-75.664482, 4.510112]], [[-75.664761, 4.509833], [-75.66476, 4.510391], [-75.665038, 4.510392], [-75.665039, 4.510113], [-75.665317, 4.510113], [-75.665318, 4.509555], [-75.66504, 4.509555], [-75.665039, 4.509834], [-75.664761, 4.509833]], [[-75.665319, 4.508997], [-75.665318, 4.509276], [-75.665596, 4.509277], [-75.665597, 4.508998], [-75.665319, 4.508997]], [[-75.665876, 4.508161], [-75.665876, 4.50844], [-75.666154, 4.508441], [-75.666154, 4.508162], [-75.665876, 4.508161]]], [[[-75.681456, 4.503169], [-75.682012, 4.50317], [-75.682011, 4.503728], [-75.681733, 4.503727], [-75.681733, 4.503448], [-75.681455, 4.503448], [-75.681456, 4.503169]]], [[[-75.681732, 4.504006], [-75.681454, 4.504006], [-75.681455, 4.503727], [-75.681733, 4.503727], [-75.681732, 4.504006]]], [[[-75.680343, 4.503725], [-75.680065, 4.503724], [-75.680065, 4.503445], [-75.680343, 4.503446], [-75.680343, 4.503725]]], [[[-75.665035, 4.511787], [-75.664757, 4.511786], [-75.664758, 4.511507], [-75.665036, 4.511508], [-75.665035, 4.511787]]], [[[-75.664757, 4.5120000000000005], [-75.664479, 4.5120000000000005], [-75.664479, 4.511786], [-75.664757, 4.511786], [-75.664757, 4.5120000000000005]]], [[[-75.665594, 4.510393], [-75.665872, 4.510393], [-75.665871, 4.510952], [-75.665593, 4.510951], [-75.665594, 4.510393]]], [[[-75.663151, 4.479416], [-75.663151, 4.479695], [-75.662873, 4.479695], [-75.662873, 4.479416], [-75.663151, 4.479416]]], [[[-75.663747, 4.459048], [-75.663747, 4.458769], [-75.664025, 4.45877], [-75.664025, 4.459049], [-75.663747, 4.459048]]], [[[-75.663746, 4.459327], [-75.663468, 4.459327], [-75.663469, 4.459048], [-75.663747, 4.459048], [-75.663746, 4.459327]]], [[[-75.663467, 4.459606], [-75.662911, 4.459605], [-75.662912, 4.459326], [-75.663468, 4.459327], [-75.663467, 4.459606]]], [[[-75.663945, 4.500624], [-75.663945, 4.500345], [-75.664223, 4.500345], [-75.664223, 4.500624], [-75.663945, 4.500624]]], [[[-75.663944, 4.501182], [-75.663666, 4.501181], [-75.663665, 4.50146], [-75.663387, 4.50146], [-75.663388, 4.500902], [-75.663666, 4.500902], [-75.663667, 4.500623], [-75.663945, 4.500624], [-75.663944, 4.501182]]], [[[-75.663693, 4.486951], [-75.663692, 4.48723], [-75.663414, 4.487229], [-75.663415, 4.48695], [-75.663693, 4.486951]]], [[[-75.663939, 4.503414], [-75.663938, 4.504251], [-75.66366, 4.504251], [-75.663661, 4.503413], [-75.663939, 4.503414]]], [[[-75.664023, 4.459607], [-75.664023, 4.459886], [-75.663745, 4.459885], [-75.663745, 4.459606], [-75.664023, 4.459607]]], [[[-75.675108, 4.478602], [-75.67483, 4.478601], [-75.674829, 4.47916], [-75.674273, 4.479158], [-75.674272, 4.479438], [-75.673994, 4.479437], [-75.673994, 4.479716], [-75.673716, 4.479715], [-75.673714, 4.480553], [-75.673992, 4.480553], [-75.673992, 4.480832], [-75.67427, 4.480833], [-75.674268, 4.48167], [-75.67399, 4.481669], [-75.673989, 4.481948], [-75.673711, 4.481948], [-75.673711, 4.482227], [-75.673433, 4.482226], [-75.673434, 4.481668], [-75.673156, 4.481668], [-75.673157, 4.48111], [-75.673435, 4.48111], [-75.673436, 4.480552], [-75.67288, 4.480551], [-75.672881, 4.480272], [-75.672325, 4.480271], [-75.672323, 4.480829], [-75.672045, 4.480828], [-75.672045, 4.481107], [-75.671767, 4.481107], [-75.671766, 4.481665], [-75.672044, 4.481665], [-75.672043, 4.481944], [-75.672321, 4.481945], [-75.672321, 4.482224], [-75.672043, 4.482224], [-75.672042, 4.482503], [-75.671764, 4.482502], [-75.671764, 4.482781], [-75.671486, 4.482781], [-75.671485, 4.48306], [-75.670929, 4.483058], [-75.67093, 4.4825], [-75.670374, 4.482499], [-75.670375, 4.48222], [-75.670931, 4.482221], [-75.670931, 4.481942], [-75.670653, 4.481942], [-75.670654, 4.481663], [-75.670376, 4.481662], [-75.670377, 4.481104], [-75.670099, 4.481104], [-75.670098, 4.481383], [-75.669542, 4.481382], [-75.669542, 4.481661], [-75.669264, 4.48166], [-75.669263, 4.481939], [-75.668985, 4.481939], [-75.668985, 4.482218], [-75.669263, 4.482218], [-75.669262, 4.482497], [-75.66954, 4.482498], [-75.669539, 4.483056], [-75.669261, 4.483055], [-75.669261, 4.482776], [-75.668983, 4.482776], [-75.668982, 4.483613], [-75.66926, 4.483613], [-75.669259, 4.484171], [-75.668981, 4.484171], [-75.66898, 4.484729], [-75.668424, 4.484728], [-75.668423, 4.485007], [-75.668145, 4.485006], [-75.668144, 4.485843], [-75.668422, 4.485844], [-75.668421, 4.486123], [-75.667865, 4.486122], [-75.667864, 4.48668], [-75.667586, 4.486679], [-75.667585, 4.486958], [-75.667029, 4.486957], [-75.667029, 4.487236], [-75.666473, 4.487235], [-75.666474, 4.486677], [-75.665918, 4.486676], [-75.665917, 4.487234], [-75.665639, 4.487234], [-75.665638, 4.487513], [-75.66536, 4.487512], [-75.665361, 4.487233], [-75.665083, 4.487233], [-75.665082, 4.487512], [-75.664804, 4.487511], [-75.664805, 4.487232], [-75.664527, 4.487232], [-75.664527, 4.486952], [-75.664249, 4.486952], [-75.66425, 4.486673], [-75.663972, 4.486672], [-75.663973, 4.486114], [-75.664251, 4.486115], [-75.664251, 4.485836], [-75.664807, 4.485837], [-75.664808, 4.485558], [-75.665364, 4.485559], [-75.665364, 4.48528], [-75.66592, 4.485281], [-75.66592, 4.48556], [-75.666198, 4.485561], [-75.666198, 4.485282], [-75.666476, 4.485282], [-75.666477, 4.485003], [-75.666755, 4.485004], [-75.666756, 4.484725], [-75.667034, 4.484725], [-75.667035, 4.484167], [-75.667313, 4.484168], [-75.667315, 4.482772], [-75.667593, 4.482773], [-75.667594, 4.482215], [-75.667316, 4.482214], [-75.667319, 4.481098], [-75.667597, 4.481099], [-75.667597, 4.48082], [-75.667875, 4.48082], [-75.667876, 4.480541], [-75.668154, 4.480542], [-75.668154, 4.480263], [-75.66871, 4.480264], [-75.668711, 4.479985], [-75.668989, 4.479985], [-75.66899, 4.479427], [-75.669824, 4.479429], [-75.669824, 4.47915], [-75.670102, 4.47915], [-75.670103, 4.478871], [-75.672049, 4.478875], [-75.67205, 4.478596], [-75.673162, 4.478598], [-75.673163, 4.47804], [-75.672885, 4.47804], [-75.672886, 4.477203], [-75.672608, 4.477202], [-75.672609, 4.476644], [-75.672331, 4.476643], [-75.672333, 4.476085], [-75.672055, 4.476085], [-75.672055, 4.475806], [-75.672333, 4.475806], [-75.672335, 4.474969], [-75.672613, 4.47497], [-75.672614, 4.474412], [-75.672336, 4.474411], [-75.672337, 4.473574], [-75.672059, 4.473574], [-75.67206, 4.473016], [-75.672616, 4.473017], [-75.672617, 4.472459], [-75.673173, 4.47246], [-75.673173, 4.472739], [-75.672895, 4.472738], [-75.672894, 4.473017], [-75.67345, 4.473018], [-75.67345, 4.473297], [-75.673728, 4.473298], [-75.673729, 4.47274], [-75.674007, 4.47274], [-75.674006, 4.473298], [-75.674284, 4.473299], [-75.674285, 4.47302], [-75.674841, 4.473021], [-75.674841, 4.472742], [-75.675119, 4.472742], [-75.67512, 4.472463], [-75.674286, 4.472462], [-75.674287, 4.471904], [-75.674565, 4.471904], [-75.674565, 4.471625], [-75.674843, 4.471626], [-75.674844, 4.471347], [-75.6754, 4.471348], [-75.6754, 4.471069], [-75.675678, 4.471069], [-75.675679, 4.47079], [-75.675957, 4.470791], [-75.675957, 4.470512], [-75.675679, 4.470511], [-75.67568, 4.470232], [-75.675958, 4.470233], [-75.675959, 4.469675], [-75.676237, 4.469675], [-75.676238, 4.469117], [-75.676516, 4.469118], [-75.676515, 4.469676], [-75.677071, 4.469677], [-75.677072, 4.469119], [-75.67735, 4.469119], [-75.677351, 4.468561], [-75.677629, 4.468562], [-75.677628, 4.46912], [-75.678462, 4.469121], [-75.678463, 4.468842], [-75.679019, 4.468843], [-75.67902, 4.468285], [-75.678742, 4.468285], [-75.678743, 4.467448], [-75.679021, 4.467448], [-75.679022, 4.467169], [-75.679578, 4.46717], [-75.679579, 4.466612], [-75.680135, 4.466613], [-75.680136, 4.466055], [-75.68097, 4.466057], [-75.680969, 4.466615], [-75.680691, 4.466614], [-75.680691, 4.466893], [-75.682359, 4.466897], [-75.682358, 4.467176], [-75.68208, 4.467175], [-75.68208, 4.467454], [-75.681524, 4.467453], [-75.681523, 4.467732], [-75.680689, 4.467731], [-75.680688, 4.46801], [-75.680132, 4.468008], [-75.680132, 4.468288], [-75.679576, 4.468286], [-75.679575, 4.468565], [-75.679853, 4.468566], [-75.679853, 4.468845], [-75.679297, 4.468844], [-75.679295, 4.46996], [-75.679017, 4.46996], [-75.679016, 4.470239], [-75.678738, 4.470238], [-75.678738, 4.470517], [-75.67846, 4.470517], [-75.678459, 4.470796], [-75.677625, 4.470794], [-75.677624, 4.471073], [-75.677068, 4.471072], [-75.677068, 4.471351], [-75.676512, 4.47135], [-75.676511, 4.471629], [-75.676233, 4.471628], [-75.676232, 4.472186], [-75.675954, 4.472186], [-75.675954, 4.472465], [-75.675676, 4.472464], [-75.675675, 4.472743], [-75.675397, 4.472743], [-75.675397, 4.473022], [-75.675119, 4.473021], [-75.675118, 4.4733], [-75.674562, 4.473299], [-75.674561, 4.473578], [-75.673727, 4.473577], [-75.673727, 4.473856], [-75.673449, 4.473855], [-75.673447, 4.474692], [-75.673725, 4.474693], [-75.673723, 4.476088], [-75.674001, 4.476089], [-75.673999, 4.477205], [-75.674277, 4.477205], [-75.674276, 4.477484], [-75.674554, 4.477485], [-75.674553, 4.478043], [-75.675109, 4.478044], [-75.675108, 4.478602]], [[-75.668984, 4.482497], [-75.668706, 4.482496], [-75.668705, 4.482775], [-75.668983, 4.482776], [-75.668984, 4.482497]], [[-75.668704, 4.483612], [-75.668426, 4.483612], [-75.668425, 4.48417], [-75.668703, 4.48417], [-75.668704, 4.483612]], [[-75.670933, 4.481105], [-75.670932, 4.481663], [-75.67121, 4.481664], [-75.671211, 4.481106], [-75.670933, 4.481105]], [[-75.672882, 4.479714], [-75.672604, 4.479713], [-75.672603, 4.479992], [-75.672881, 4.479993], [-75.672882, 4.479714]], [[-75.677069, 4.470514], [-75.676791, 4.470513], [-75.676791, 4.470792], [-75.677069, 4.470793], [-75.677069, 4.470514]], [[-75.67874, 4.469401], [-75.679018, 4.469402], [-75.679018, 4.469122], [-75.67874, 4.469122], [-75.67874, 4.469401]], [[-75.678184, 4.4694], [-75.678183, 4.469958], [-75.678461, 4.469959], [-75.678461, 4.469679], [-75.678739, 4.46968], [-75.67874, 4.469401], [-75.678184, 4.4694]], [[-75.677905, 4.469957], [-75.677904, 4.470236], [-75.678182, 4.470237], [-75.678183, 4.469958], [-75.677905, 4.469957]], [[-75.677906, 4.469399], [-75.67735, 4.469398], [-75.677349, 4.469677], [-75.677627, 4.469678], [-75.677627, 4.469957], [-75.677905, 4.469957], [-75.677906, 4.469399]], [[-75.677626, 4.470236], [-75.677625, 4.470515], [-75.677904, 4.470516], [-75.677904, 4.470236], [-75.677626, 4.470236]], [[-75.680412, 4.467172], [-75.680134, 4.467171], [-75.680133, 4.46745], [-75.680411, 4.467451], [-75.680412, 4.467172]]], [[[-75.675109, 4.478044], [-75.67511, 4.477765], [-75.675388, 4.477765], [-75.675387, 4.478045], [-75.675109, 4.478044]]], [[[-75.664249, 4.487231], [-75.664527, 4.487232], [-75.664526, 4.487511], [-75.66397, 4.487509], [-75.663971, 4.486951], [-75.664249, 4.486952], [-75.664249, 4.487231]]], [[[-75.668423, 4.485286], [-75.668701, 4.485286], [-75.668701, 4.485007], [-75.668979, 4.485008], [-75.66898, 4.484729], [-75.669258, 4.484729], [-75.669257, 4.485287], [-75.668979, 4.485287], [-75.668978, 4.485845], [-75.668422, 4.485844], [-75.668423, 4.485286]]], [[[-75.673155, 4.482226], [-75.672877, 4.482225], [-75.672878, 4.481667], [-75.673156, 4.481668], [-75.673155, 4.482226]]], [[[-75.673989, 4.482227], [-75.673988, 4.482785], [-75.67371, 4.482785], [-75.673711, 4.482227], [-75.673989, 4.482227]]], [[[-75.664781, 4.499509], [-75.66478, 4.500067], [-75.664224, 4.500066], [-75.664224, 4.499787], [-75.664502, 4.499788], [-75.664503, 4.499509], [-75.664781, 4.499509]]], [[[-75.664579, 4.459887], [-75.664578, 4.460166], [-75.6643, 4.460165], [-75.664301, 4.459886], [-75.664579, 4.459887]]], [[[-75.665331, 4.50258], [-75.665332, 4.502301], [-75.66561, 4.502301], [-75.665609, 4.50258], [-75.665331, 4.50258]]], [[[-75.665331, 4.502859], [-75.665053, 4.502858], [-75.665052, 4.503137], [-75.664496, 4.503136], [-75.664496, 4.502857], [-75.664774, 4.502858], [-75.664775, 4.502579], [-75.665331, 4.50258], [-75.665331, 4.502859]]], [[[-75.66533, 4.503138], [-75.665331, 4.502859], [-75.665609, 4.502859], [-75.665608, 4.503138], [-75.666164, 4.503139], [-75.666162, 4.503976], [-75.665884, 4.503976], [-75.665884, 4.504255], [-75.665328, 4.504254], [-75.665329, 4.503696], [-75.665051, 4.503695], [-75.665052, 4.503137], [-75.66533, 4.503138]]], [[[-75.664776, 4.5023], [-75.664776, 4.502021], [-75.664498, 4.50202], [-75.664499, 4.501462], [-75.664777, 4.501462], [-75.664778, 4.501183], [-75.665612, 4.501185], [-75.665611, 4.501464], [-75.666167, 4.501465], [-75.666167, 4.501744], [-75.665333, 4.501743], [-75.665332, 4.502022], [-75.665054, 4.502021], [-75.665054, 4.5023], [-75.664776, 4.5023]]], [[[-75.665399, 4.467422], [-75.665398, 4.467701], [-75.66512, 4.467701], [-75.665121, 4.467422], [-75.665399, 4.467422]]], [[[-75.665645, 4.484164], [-75.665644, 4.484443], [-75.665366, 4.484443], [-75.665367, 4.484164], [-75.665645, 4.484164]]], [[[-75.665965, 4.462122], [-75.665964, 4.46268], [-75.665686, 4.462679], [-75.665687, 4.462121], [-75.665965, 4.462122]]], [[[-75.666236, 4.465471], [-75.666236, 4.46575], [-75.665958, 4.465749], [-75.665958, 4.46547], [-75.666236, 4.465471]]], [[[-75.666247, 4.45989], [-75.666247, 4.460169], [-75.665968, 4.460169], [-75.665969, 4.45989], [-75.666247, 4.45989]]], [[[-75.667044, 4.479424], [-75.667043, 4.479703], [-75.666209, 4.479701], [-75.66621, 4.479422], [-75.667044, 4.479424]]], [[[-75.667084, 4.458217], [-75.667085, 4.457938], [-75.667363, 4.457939], [-75.667362, 4.458218], [-75.667084, 4.458217]]], [[[-75.667084, 4.458497], [-75.666806, 4.458496], [-75.666806, 4.458217], [-75.667084, 4.458217], [-75.667084, 4.458497]]], [[[-75.666528, 4.458216], [-75.666529, 4.457658], [-75.666807, 4.457659], [-75.666806, 4.458217], [-75.666528, 4.458216]]], [[[-75.666251, 4.457658], [-75.666252, 4.4571], [-75.66653, 4.4571], [-75.666529, 4.457658], [-75.666251, 4.457658]]], [[[-75.666783, 4.470494], [-75.666783, 4.470215], [-75.666505, 4.470215], [-75.666506, 4.469936], [-75.667062, 4.469937], [-75.667062, 4.469658], [-75.66734, 4.469658], [-75.667339, 4.470216], [-75.667061, 4.470216], [-75.667061, 4.470495], [-75.666783, 4.470494]]], [[[-75.666782, 4.470773], [-75.666504, 4.470773], [-75.666505, 4.470494], [-75.666783, 4.470494], [-75.666782, 4.470773]]], [[[-75.668196, 4.45822], [-75.668197, 4.457941], [-75.668475, 4.457941], [-75.668474, 4.45822], [-75.668196, 4.45822]]], [[[-75.668196, 4.458499], [-75.667918, 4.458498], [-75.667918, 4.458219], [-75.668196, 4.45822], [-75.668196, 4.458499]]], [[[-75.667917, 4.458777], [-75.667639, 4.458777], [-75.667638, 4.459335], [-75.66736, 4.459334], [-75.66736, 4.459613], [-75.667082, 4.459613], [-75.667083, 4.458776], [-75.667361, 4.458776], [-75.667362, 4.458497], [-75.667918, 4.458498], [-75.667917, 4.458777]]], [[[-75.667081, 4.459892], [-75.666525, 4.459891], [-75.666526, 4.459612], [-75.667082, 4.459613], [-75.667081, 4.459892]]], [[[-75.66681, 4.456264], [-75.666809, 4.456543], [-75.666531, 4.456542], [-75.666532, 4.456263], [-75.66681, 4.456264]]], [[[-75.669315, 4.454594], [-75.669593, 4.454595], [-75.669592, 4.455153], [-75.669314, 4.455152], [-75.669314, 4.455431], [-75.669036, 4.455431], [-75.669035, 4.455989], [-75.668479, 4.455988], [-75.668478, 4.456546], [-75.6682, 4.456545], [-75.6682, 4.456266], [-75.667922, 4.456266], [-75.667923, 4.455987], [-75.668201, 4.455987], [-75.668201, 4.455708], [-75.668479, 4.455709], [-75.66848, 4.455151], [-75.668202, 4.45515], [-75.668202, 4.455429], [-75.667368, 4.455428], [-75.667367, 4.455986], [-75.666811, 4.455985], [-75.666811, 4.455706], [-75.666533, 4.455705], [-75.666536, 4.45431], [-75.666814, 4.454311], [-75.666814, 4.454032], [-75.668204, 4.454034], [-75.668204, 4.454313], [-75.668482, 4.454314], [-75.668482, 4.454035], [-75.669038, 4.454036], [-75.669038, 4.454315], [-75.669316, 4.454315], [-75.669315, 4.454594]], [[-75.669037, 4.454594], [-75.669037, 4.454873], [-75.669315, 4.454873], [-75.669315, 4.454594], [-75.669037, 4.454594]], [[-75.668203, 4.454592], [-75.667925, 4.454592], [-75.667926, 4.454313], [-75.66737, 4.454312], [-75.667369, 4.454591], [-75.667647, 4.454591], [-75.667646, 4.455149], [-75.668202, 4.45515], [-75.668203, 4.454592]], [[-75.668481, 4.454593], [-75.668759, 4.454593], [-75.66876, 4.454314], [-75.668482, 4.454314], [-75.668481, 4.454593]]], [[[-75.669316, 4.454315], [-75.669316, 4.454036], [-75.669594, 4.454037], [-75.669594, 4.454316], [-75.669316, 4.454315]]], [[[-75.667045, 4.478587], [-75.667045, 4.478866], [-75.666767, 4.478865], [-75.666767, 4.478586], [-75.667045, 4.478587]]], [[[-75.667818, 4.510676], [-75.667817, 4.511234], [-75.667539, 4.511234], [-75.667538, 4.511513], [-75.666982, 4.511512], [-75.666983, 4.511233], [-75.667261, 4.511233], [-75.667261, 4.510954], [-75.667539, 4.510955], [-75.66754, 4.510676], [-75.667818, 4.510676]]], [[[-75.667279, 4.501746], [-75.667278, 4.502025], [-75.667, 4.502025], [-75.667001, 4.501746], [-75.667279, 4.501746]]], [[[-75.672349, 4.467436], [-75.672071, 4.467435], [-75.67207, 4.467714], [-75.671514, 4.467713], [-75.671515, 4.467434], [-75.671793, 4.467434], [-75.671794, 4.466876], [-75.672072, 4.466877], [-75.672072, 4.467156], [-75.67235, 4.467157], [-75.672349, 4.467436]]], [[[-75.67235, 4.466877], [-75.672072, 4.466877], [-75.672073, 4.466598], [-75.672629, 4.466599], [-75.672629, 4.46632], [-75.672907, 4.466321], [-75.672906, 4.467158], [-75.67235, 4.467157], [-75.67235, 4.466877]]], [[[-75.671238, 4.466875], [-75.671237, 4.467433], [-75.670959, 4.467433], [-75.670958, 4.467712], [-75.670124, 4.46771], [-75.670125, 4.467431], [-75.669847, 4.467431], [-75.669847, 4.467152], [-75.669569, 4.467151], [-75.669568, 4.467709], [-75.66929, 4.467709], [-75.669291, 4.46743], [-75.668179, 4.467428], [-75.668178, 4.467986], [-75.6679, 4.467985], [-75.6679, 4.467706], [-75.667344, 4.467705], [-75.667345, 4.467147], [-75.667623, 4.467147], [-75.667623, 4.467426], [-75.667901, 4.467427], [-75.667901, 4.467148], [-75.668179, 4.467149], [-75.66818, 4.466869], [-75.669292, 4.466872], [-75.669293, 4.466314], [-75.668459, 4.466312], [-75.668459, 4.466033], [-75.668737, 4.466033], [-75.668738, 4.465754], [-75.669016, 4.465755], [-75.669017, 4.465476], [-75.669295, 4.465476], [-75.669294, 4.465756], [-75.669572, 4.465756], [-75.66957, 4.466593], [-75.670126, 4.466594], [-75.670126, 4.466873], [-75.670404, 4.466874], [-75.670404, 4.466595], [-75.670682, 4.466595], [-75.670682, 4.466874], [-75.67096, 4.466875], [-75.670961, 4.466317], [-75.671517, 4.466318], [-75.671519, 4.465481], [-75.671797, 4.465481], [-75.671796, 4.46576], [-75.672074, 4.465761], [-75.672073, 4.466598], [-75.671795, 4.466597], [-75.671794, 4.466876], [-75.671238, 4.466875]], [[-75.670403, 4.467153], [-75.670403, 4.467432], [-75.670681, 4.467432], [-75.670681, 4.467153], [-75.670403, 4.467153]]], [[[-75.667903, 4.466032], [-75.667902, 4.46659], [-75.667346, 4.466589], [-75.667347, 4.46631], [-75.667625, 4.46631], [-75.667625, 4.466031], [-75.667903, 4.466032]]], [[[-75.667651, 4.452638], [-75.66765, 4.452917], [-75.667372, 4.452916], [-75.667373, 4.452637], [-75.667651, 4.452638]]], [[[-75.667905, 4.465195], [-75.667904, 4.465474], [-75.667626, 4.465473], [-75.667627, 4.465194], [-75.667905, 4.465195]]], [[[-75.668488, 4.450965], [-75.668488, 4.451244], [-75.667932, 4.451243], [-75.667932, 4.450964], [-75.668488, 4.450965]]], [[[-75.669215, 4.507052], [-75.669214, 4.50761], [-75.669492, 4.50761], [-75.669489, 4.509284], [-75.669211, 4.509284], [-75.669213, 4.507889], [-75.668935, 4.507888], [-75.668937, 4.506772], [-75.669493, 4.506773], [-75.669493, 4.507052], [-75.669215, 4.507052]]], [[[-75.669771, 4.507053], [-75.66977, 4.507332], [-75.669492, 4.507331], [-75.669493, 4.507052], [-75.669771, 4.507053]]], [[[-75.668935, 4.508167], [-75.668657, 4.508167], [-75.668657, 4.507888], [-75.668935, 4.507888], [-75.668935, 4.508167]]], [[[-75.668656, 4.508446], [-75.668378, 4.508445], [-75.668379, 4.508166], [-75.668657, 4.508167], [-75.668656, 4.508446]]], [[[-75.668378, 4.508724], [-75.6681, 4.508724], [-75.6681, 4.508445], [-75.668378, 4.508445], [-75.668378, 4.508724]]], [[[-75.668667, 4.502865], [-75.668667, 4.502586], [-75.668945, 4.502587], [-75.668945, 4.502866], [-75.668667, 4.502865]]], [[[-75.668666, 4.503144], [-75.66811, 4.503143], [-75.668111, 4.502864], [-75.668667, 4.502865], [-75.668666, 4.503144]]], [[[-75.66839, 4.502307], [-75.668389, 4.502586], [-75.668111, 4.502585], [-75.668112, 4.502306], [-75.66839, 4.502307]]], [[[-75.668454, 4.469102], [-75.668453, 4.469381], [-75.668175, 4.469381], [-75.668176, 4.469102], [-75.668454, 4.469102]]], [[[-75.668462, 4.464917], [-75.668461, 4.465196], [-75.668183, 4.465195], [-75.668184, 4.464916], [-75.668462, 4.464917]]], [[[-75.668654, 4.509562], [-75.668653, 4.509841], [-75.668375, 4.50984], [-75.668376, 4.509561], [-75.668654, 4.509562]]], [[[-75.668752, 4.4585], [-75.668751, 4.458779], [-75.668473, 4.458778], [-75.668474, 4.458499], [-75.668752, 4.4585]]], [[[-75.670409, 4.464363], [-75.670131, 4.464362], [-75.67013, 4.464641], [-75.669852, 4.46464], [-75.669852, 4.464919], [-75.669574, 4.464919], [-75.669575, 4.464361], [-75.669019, 4.46436], [-75.669021, 4.463244], [-75.669299, 4.463244], [-75.669298, 4.463802], [-75.669576, 4.463803], [-75.669576, 4.463524], [-75.670132, 4.463525], [-75.670132, 4.463804], [-75.669854, 4.463803], [-75.669853, 4.464082], [-75.670409, 4.464083], [-75.670409, 4.464363]]], [[[-75.670965, 4.464364], [-75.670965, 4.464085], [-75.671243, 4.464085], [-75.671244, 4.463527], [-75.6718, 4.463528], [-75.671799, 4.464365], [-75.672077, 4.464366], [-75.672076, 4.464924], [-75.671798, 4.464923], [-75.671797, 4.465202], [-75.671241, 4.465201], [-75.671242, 4.464643], [-75.670408, 4.464642], [-75.670409, 4.464363], [-75.670965, 4.464364]]], [[[-75.669319, 4.452641], [-75.669318, 4.45292], [-75.66904, 4.45292], [-75.669041, 4.452641], [-75.669319, 4.452641]]], [[[-75.669485, 4.511238], [-75.669485, 4.510959], [-75.669763, 4.510959], [-75.669763, 4.511238], [-75.669485, 4.511238]]], [[[-75.669484, 4.511517], [-75.669206, 4.511516], [-75.669207, 4.511237], [-75.669485, 4.511238], [-75.669484, 4.511517]]], [[[-75.669762, 4.511517], [-75.669762, 4.511796], [-75.669484, 4.511796], [-75.669484, 4.511517], [-75.669762, 4.511517]]], [[[-75.669773, 4.505937], [-75.669774, 4.505658], [-75.670052, 4.505658], [-75.670051, 4.505937], [-75.669773, 4.505937]]], [[[-75.669773, 4.506216], [-75.669495, 4.506215], [-75.669495, 4.505936], [-75.669773, 4.505937], [-75.669773, 4.506216]]], [[[-75.669494, 4.506494], [-75.669216, 4.506494], [-75.669217, 4.506215], [-75.669495, 4.506215], [-75.669494, 4.506494]]], [[[-75.670123, 4.468547], [-75.669567, 4.468546], [-75.669567, 4.468267], [-75.669289, 4.468267], [-75.66929, 4.467988], [-75.669846, 4.467989], [-75.669845, 4.468268], [-75.670123, 4.468268], [-75.670123, 4.468547]]], [[[-75.670401, 4.468548], [-75.6704, 4.468827], [-75.670122, 4.468826], [-75.670123, 4.468547], [-75.670401, 4.468548]]], [[[-75.67005, 4.506495], [-75.67005, 4.506774], [-75.669771, 4.506774], [-75.669772, 4.506495], [-75.67005, 4.506495]]], [[[-75.670337, 4.502031], [-75.670336, 4.502589], [-75.670058, 4.502589], [-75.670059, 4.502031], [-75.670337, 4.502031]]], [[[-75.670411, 4.462967], [-75.670411, 4.463246], [-75.670133, 4.463246], [-75.670133, 4.462967], [-75.670411, 4.462967]]], [[[-75.670714, 4.450133], [-75.670714, 4.449854], [-75.670158, 4.449853], [-75.670161, 4.448457], [-75.670439, 4.448458], [-75.6704400943847, 4.448], [-75.67238610394266, 4.448], [-75.672385, 4.448462], [-75.672663, 4.448462], [-75.672661, 4.449578], [-75.672383, 4.449578], [-75.672382, 4.449857], [-75.670992, 4.449854], [-75.670992, 4.450133], [-75.670714, 4.450133]]], [[[-75.670649, 4.483895], [-75.670649, 4.484174], [-75.670371, 4.484174], [-75.670371, 4.483894], [-75.670649, 4.483895]]], [[[-75.670651, 4.483337], [-75.670373, 4.483336], [-75.670373, 4.483057], [-75.670651, 4.483058], [-75.670651, 4.483337]]], [[[-75.670929, 4.483337], [-75.670928, 4.483617], [-75.67065, 4.483616], [-75.670651, 4.483337], [-75.670929, 4.483337]]], [[[-75.670693, 4.461294], [-75.670971, 4.461294], [-75.670971, 4.461015], [-75.671249, 4.461016], [-75.671248, 4.461853], [-75.67097, 4.461852], [-75.670969, 4.462131], [-75.671247, 4.462132], [-75.671246, 4.46269], [-75.670412, 4.462688], [-75.670413, 4.46213], [-75.670691, 4.462131], [-75.670693, 4.461294]]], [[[-75.670967, 4.462968], [-75.670967, 4.463247], [-75.670689, 4.463247], [-75.670689, 4.462968], [-75.670967, 4.462968]]], [[[-75.671438, 4.507614], [-75.671438, 4.507893], [-75.670881, 4.507892], [-75.670882, 4.507613], [-75.671438, 4.507614]]], [[[-75.67144, 4.506777], [-75.671439, 4.507056], [-75.671161, 4.507055], [-75.671162, 4.506776], [-75.67144, 4.506777]]], [[[-75.67145, 4.501475], [-75.671449, 4.501754], [-75.671171, 4.501754], [-75.671172, 4.501475], [-75.67145, 4.501475]]], [[[-75.671462, 4.495058], [-75.671463, 4.494779], [-75.671741, 4.494779], [-75.67174, 4.495058], [-75.671462, 4.495058]]], [[[-75.671462, 4.495337], [-75.671184, 4.495336], [-75.671184, 4.495057], [-75.671462, 4.495058], [-75.671462, 4.495337]]], [[[-75.671479, 4.486129], [-75.67148, 4.48585], [-75.671202, 4.485849], [-75.671203, 4.485291], [-75.671481, 4.485292], [-75.67148, 4.485571], [-75.671758, 4.485571], [-75.671758, 4.48585], [-75.672036, 4.485851], [-75.672035, 4.48613], [-75.671479, 4.486129]]], [[[-75.671991, 4.509289], [-75.672547, 4.50929], [-75.672546, 4.509569], [-75.672824, 4.50957], [-75.672824, 4.509849], [-75.672546, 4.509848], [-75.672545, 4.510406], [-75.672267, 4.510406], [-75.672266, 4.510685], [-75.67171, 4.510684], [-75.671711, 4.510405], [-75.671989, 4.510405], [-75.671991, 4.509289]]], [[[-75.672357, 4.462971], [-75.672357, 4.46325], [-75.671801, 4.463249], [-75.671801, 4.46297], [-75.672357, 4.462971]]], [[[-75.672273, 4.507058], [-75.672273, 4.507337], [-75.671995, 4.507336], [-75.671995, 4.507057], [-75.672273, 4.507058]]], [[[-75.673467, 4.464368], [-75.673466, 4.464647], [-75.673188, 4.464647], [-75.673189, 4.464368], [-75.673467, 4.464368]]], [[[-75.672911, 4.464367], [-75.672911, 4.464088], [-75.673189, 4.464089], [-75.673189, 4.464368], [-75.672911, 4.464367]]], [[[-75.67291, 4.464646], [-75.672632, 4.464646], [-75.672633, 4.464367], [-75.672911, 4.464367], [-75.67291, 4.464646]]], [[[-75.672633, 4.464088], [-75.672634, 4.463809], [-75.672912, 4.463809], [-75.672911, 4.464088], [-75.672633, 4.464088]]], [[[-75.673188, 4.464647], [-75.673188, 4.464926], [-75.67291, 4.464925], [-75.67291, 4.464646], [-75.673188, 4.464647]]], [[[-75.672856, 4.493107], [-75.672857, 4.492549], [-75.673413, 4.49255], [-75.673413, 4.492829], [-75.673691, 4.49283], [-75.673691, 4.492551], [-75.673969, 4.492551], [-75.67397, 4.492272], [-75.674248, 4.492273], [-75.674247, 4.492552], [-75.674525, 4.492552], [-75.674525, 4.492831], [-75.674247, 4.492831], [-75.674246, 4.49311], [-75.672856, 4.493107]]], [[[-75.673105, 4.508175], [-75.673106, 4.507617], [-75.673384, 4.507618], [-75.673384, 4.507897], [-75.673662, 4.507897], [-75.673661, 4.508176], [-75.673105, 4.508175]]], [[[-75.673408, 4.495341], [-75.673407, 4.495899], [-75.673129, 4.495898], [-75.67313, 4.49534], [-75.673408, 4.495341]]], [[[-75.67373, 4.472182], [-75.67373, 4.472461], [-75.673452, 4.47246], [-75.673452, 4.472181], [-75.67373, 4.472182]]], [[[-75.675408, 4.466883], [-75.675409, 4.466604], [-75.674019, 4.466602], [-75.674019, 4.466323], [-75.673741, 4.466322], [-75.673742, 4.466043], [-75.673464, 4.466043], [-75.673464, 4.465764], [-75.673742, 4.465764], [-75.673743, 4.465206], [-75.674299, 4.465207], [-75.6743, 4.464928], [-75.674578, 4.464929], [-75.674578, 4.46465], [-75.67569, 4.464652], [-75.675688, 4.465768], [-75.675966, 4.465768], [-75.675966, 4.466047], [-75.676244, 4.466048], [-75.676243, 4.466327], [-75.676521, 4.466327], [-75.67652, 4.466885], [-75.675408, 4.466883]]], [[[-75.673749, 4.462416], [-75.673748, 4.462695], [-75.67347, 4.462694], [-75.673471, 4.462415], [-75.673749, 4.462416]]], [[[-75.674522, 4.494506], [-75.674522, 4.494227], [-75.6748, 4.494227], [-75.6748, 4.494506], [-75.674522, 4.494506]]], [[[-75.674521, 4.494785], [-75.673965, 4.494784], [-75.673965, 4.494505], [-75.674522, 4.494506], [-75.674521, 4.494785]]], [[[-75.674529, 4.490599], [-75.674528, 4.490878], [-75.67425, 4.490878], [-75.674251, 4.490599], [-75.674529, 4.490599]]], [[[-75.674574, 4.467161], [-75.674573, 4.467719], [-75.674295, 4.467718], [-75.674296, 4.46716], [-75.674574, 4.467161]]], [[[-75.674533, 4.488646], [-75.674534, 4.488088], [-75.67509, 4.488089], [-75.675089, 4.488368], [-75.675367, 4.488369], [-75.675367, 4.488648], [-75.674533, 4.488646]]], [[[-75.675428, 4.456559], [-75.675428, 4.45628], [-75.674872, 4.456279], [-75.674876, 4.454605], [-75.675154, 4.454606], [-75.675154, 4.454327], [-75.676266, 4.454329], [-75.676266, 4.454608], [-75.6771, 4.454609], [-75.677099, 4.454888], [-75.677377, 4.454889], [-75.677377, 4.455168], [-75.677099, 4.455167], [-75.677098, 4.455446], [-75.67682, 4.455446], [-75.676819, 4.455725], [-75.676541, 4.455724], [-75.67654, 4.456282], [-75.676262, 4.456282], [-75.676262, 4.456561], [-75.675428, 4.456559]]], [[[-75.675055, 4.506226], [-75.675057, 4.505389], [-75.675335, 4.505389], [-75.675334, 4.505668], [-75.675612, 4.505669], [-75.675612, 4.505948], [-75.675334, 4.505947], [-75.675333, 4.506226], [-75.675055, 4.506226]]], [[[-75.677049, 4.481396], [-75.677048, 4.481675], [-75.67677, 4.481675], [-75.676771, 4.481396], [-75.677049, 4.481396]]], [[[-75.676493, 4.481395], [-75.676493, 4.481116], [-75.676771, 4.481116], [-75.676771, 4.481396], [-75.676493, 4.481395]]], [[[-75.676492, 4.481953], [-75.67677, 4.481954], [-75.676769, 4.482233], [-75.676491, 4.482232], [-75.67649, 4.48279], [-75.676212, 4.48279], [-75.676212, 4.483069], [-75.675655, 4.483068], [-75.675656, 4.482789], [-75.675378, 4.482788], [-75.675379, 4.482509], [-75.6751, 4.482508], [-75.675102, 4.481671], [-75.676214, 4.481673], [-75.676215, 4.481394], [-75.676493, 4.481395], [-75.676492, 4.481953]], [[-75.675658, 4.481951], [-75.675657, 4.48223], [-75.675935, 4.482231], [-75.675936, 4.481952], [-75.675658, 4.481951]]], [[[-75.676451, 4.503438], [-75.67645, 4.503996], [-75.676172, 4.503996], [-75.676173, 4.503438], [-75.676451, 4.503438]]], [[[-75.676482, 4.487255], [-75.676482, 4.486976], [-75.676204, 4.486975], [-75.676206, 4.486138], [-75.676762, 4.486139], [-75.676761, 4.486418], [-75.676483, 4.486417], [-75.676483, 4.486697], [-75.676761, 4.486697], [-75.67676, 4.487255], [-75.676482, 4.487255]]], [[[-75.676756, 4.489208], [-75.676478, 4.489208], [-75.676479, 4.48865], [-75.676757, 4.48865], [-75.676757, 4.488371], [-75.677314, 4.488372], [-75.677314, 4.488093], [-75.677592, 4.488094], [-75.677593, 4.487815], [-75.677871, 4.487815], [-75.677871, 4.487536], [-75.678427, 4.487537], [-75.678427, 4.487816], [-75.678149, 4.487816], [-75.678148, 4.488095], [-75.67787, 4.488094], [-75.67787, 4.488373], [-75.677592, 4.488373], [-75.677591, 4.488652], [-75.677313, 4.488651], [-75.677312, 4.48893], [-75.676756, 4.488929], [-75.676756, 4.489208]]], [[[-75.677034, 4.489209], [-75.677032, 4.490046], [-75.676754, 4.490045], [-75.676756, 4.489208], [-75.677034, 4.489209]]], [[[-75.677584, 4.492279], [-75.677306, 4.492279], [-75.677307, 4.492], [-75.678141, 4.492001], [-75.678139, 4.492838], [-75.676749, 4.492836], [-75.676749, 4.492557], [-75.677584, 4.492558], [-75.677584, 4.492279]]], [[[-75.677874, 4.486141], [-75.677873, 4.48642], [-75.677595, 4.48642], [-75.677596, 4.486141], [-75.677874, 4.486141]]], [[[-75.677318, 4.48614], [-75.677319, 4.485303], [-75.677875, 4.485304], [-75.677875, 4.485583], [-75.677597, 4.485583], [-75.677596, 4.486141], [-75.677318, 4.48614]]], [[[-75.677317, 4.486419], [-75.677039, 4.486419], [-75.67704, 4.48614], [-75.677318, 4.48614], [-75.677317, 4.486419]]], [[[-75.677588, 4.490047], [-75.67759, 4.48921], [-75.677868, 4.48921], [-75.677867, 4.489489], [-75.678145, 4.48949], [-75.678144, 4.490327], [-75.677866, 4.490327], [-75.677866, 4.490048], [-75.677588, 4.490047]]], [[[-75.677588, 4.490326], [-75.67731, 4.490326], [-75.67731, 4.490046], [-75.677588, 4.490047], [-75.677588, 4.490326]]], [[[-75.678133, 4.496187], [-75.678132, 4.496466], [-75.677854, 4.496465], [-75.677855, 4.496186], [-75.678133, 4.496187]]], [[[-75.678161, 4.481119], [-75.678161, 4.481398], [-75.677883, 4.481398], [-75.677883, 4.481119], [-75.678161, 4.481119]]], [[[-75.67844, 4.480562], [-75.67844, 4.480841], [-75.677884, 4.48084], [-75.677884, 4.480561], [-75.67844, 4.480562]]], [[[-75.678445, 4.47805], [-75.678444, 4.478608], [-75.677888, 4.478607], [-75.677889, 4.478049], [-75.678445, 4.47805]]], [[[-75.678407, 4.49814], [-75.678408, 4.497861], [-75.678129, 4.497861], [-75.67813, 4.497582], [-75.678686, 4.497583], [-75.678685, 4.498141], [-75.678407, 4.49814]]], [[[-75.678692, 4.494235], [-75.678694, 4.493677], [-75.678137, 4.493675], [-75.678139, 4.493117], [-75.678417, 4.493118], [-75.678417, 4.492839], [-75.678695, 4.492839], [-75.678694, 4.493397], [-75.678972, 4.493398], [-75.678973, 4.493119], [-75.679529, 4.49312], [-75.679528, 4.493399], [-75.67925, 4.493399], [-75.679249, 4.493957], [-75.678971, 4.493956], [-75.67897, 4.494235], [-75.678692, 4.494235]]], [[[-75.678438, 4.481678], [-75.678439, 4.481399], [-75.678717, 4.481399], [-75.678716, 4.481678], [-75.678438, 4.481678]]], [[[-75.678438, 4.481957], [-75.67816, 4.481956], [-75.67816, 4.481677], [-75.678438, 4.481678], [-75.678438, 4.481957]]], [[[-75.678727, 4.476098], [-75.678728, 4.475819], [-75.679006, 4.475819], [-75.679005, 4.476098], [-75.678727, 4.476098]]], [[[-75.678726, 4.476377], [-75.678448, 4.476376], [-75.678449, 4.476097], [-75.678727, 4.476098], [-75.678726, 4.476377]]], [[[-75.678448, 4.476655], [-75.67817, 4.476655], [-75.67817, 4.476376], [-75.678448, 4.476376], [-75.678448, 4.476655]]], [[[-75.679253, 4.491724], [-75.679253, 4.492003], [-75.678975, 4.492003], [-75.678974, 4.492282], [-75.678696, 4.492281], [-75.678697, 4.491723], [-75.679253, 4.491724]]], [[[-75.679281, 4.477215], [-75.678725, 4.477214], [-75.678725, 4.476935], [-75.679003, 4.476935], [-75.679004, 4.476656], [-75.679282, 4.476657], [-75.679281, 4.477215]]], [[[-75.679559, 4.477215], [-75.679558, 4.477494], [-75.67928, 4.477494], [-75.679281, 4.477215], [-75.679559, 4.477215]]], [[[-75.679279, 4.478052], [-75.679279, 4.478331], [-75.679001, 4.47833], [-75.679001, 4.478051], [-75.679279, 4.478052]]], [[[-75.680092, 4.489215], [-75.680093, 4.488936], [-75.679815, 4.488935], [-75.679815, 4.488656], [-75.680371, 4.488657], [-75.68037, 4.489215], [-75.680092, 4.489215]]], [[[-75.680091, 4.490052], [-75.679813, 4.490051], [-75.679814, 4.489214], [-75.680092, 4.489215], [-75.680091, 4.490052]]], [[[-75.679811, 4.490609], [-75.679533, 4.490609], [-75.679535, 4.490051], [-75.679813, 4.490051], [-75.679811, 4.490609]]], [[[-75.679823, 4.48475], [-75.679823, 4.484471], [-75.679545, 4.48447], [-75.679546, 4.484191], [-75.679824, 4.484192], [-75.679825, 4.483355], [-75.680659, 4.483356], [-75.680659, 4.483635], [-75.680937, 4.483636], [-75.680938, 4.483078], [-75.681216, 4.483078], [-75.681215, 4.483357], [-75.681493, 4.483358], [-75.681492, 4.484195], [-75.681214, 4.484194], [-75.681213, 4.484473], [-75.680935, 4.484473], [-75.680936, 4.484194], [-75.68038, 4.484193], [-75.680379, 4.484751], [-75.679823, 4.48475]]], [[[-75.680109, 4.480286], [-75.679831, 4.480285], [-75.679834, 4.478611], [-75.680946, 4.478613], [-75.680946, 4.478892], [-75.680668, 4.478892], [-75.680666, 4.479729], [-75.68011, 4.479728], [-75.680109, 4.480286]]], [[[-75.680387, 4.480286], [-75.680386, 4.480844], [-75.680108, 4.480844], [-75.680109, 4.480286], [-75.680387, 4.480286]]], [[[-75.680395, 4.47638], [-75.680394, 4.476659], [-75.680116, 4.476658], [-75.680117, 4.476379], [-75.680395, 4.47638]]], [[[-75.682033, 4.492009], [-75.682034, 4.49173], [-75.682312, 4.49173], [-75.682311, 4.492009], [-75.682033, 4.492009]]], [[[-75.682033, 4.492288], [-75.681754, 4.492287], [-75.681754, 4.492566], [-75.681476, 4.492566], [-75.681475, 4.492845], [-75.681197, 4.492844], [-75.681196, 4.493402], [-75.680918, 4.493402], [-75.680918, 4.493681], [-75.68064, 4.49368], [-75.68064, 4.493401], [-75.680362, 4.493401], [-75.680363, 4.493122], [-75.680641, 4.493122], [-75.680641, 4.492843], [-75.680919, 4.492844], [-75.68092, 4.492565], [-75.681198, 4.492565], [-75.681198, 4.492286], [-75.681476, 4.492287], [-75.681477, 4.492008], [-75.682033, 4.492009], [-75.682033, 4.492288]]], [[[-75.681236, 4.472754], [-75.680957, 4.472754], [-75.680957, 4.473033], [-75.680401, 4.473032], [-75.680402, 4.472473], [-75.681236, 4.472475], [-75.681236, 4.472754]]], [[[-75.681514, 4.472755], [-75.681512, 4.473313], [-75.681234, 4.473312], [-75.681236, 4.472754], [-75.681514, 4.472755]]], [[[-75.680929, 4.487542], [-75.680929, 4.487821], [-75.680651, 4.487821], [-75.680651, 4.487542], [-75.680929, 4.487542]]], [[[-75.680955, 4.474149], [-75.680954, 4.474707], [-75.680676, 4.474706], [-75.680677, 4.474148], [-75.680955, 4.474149]]], [[[-75.681779, 4.479173], [-75.681778, 4.48001], [-75.680944, 4.480008], [-75.680944, 4.479729], [-75.681222, 4.47973], [-75.681223, 4.479172], [-75.681779, 4.479173]]], [[[-75.682339, 4.477221], [-75.682061, 4.47722], [-75.68206, 4.477778], [-75.681782, 4.477778], [-75.681783, 4.477499], [-75.681227, 4.477498], [-75.681227, 4.477219], [-75.680949, 4.477218], [-75.68095, 4.476939], [-75.681784, 4.476941], [-75.681784, 4.476662], [-75.68234, 4.476663], [-75.682341, 4.476384], [-75.682619, 4.476384], [-75.682618, 4.476942], [-75.68234, 4.476942], [-75.682339, 4.477221]]], [[[-75.682617, 4.477221], [-75.682616, 4.477779], [-75.682338, 4.477779], [-75.682339, 4.477221], [-75.682617, 4.477221]]], [[[-75.682591, 4.491173], [-75.682592, 4.490615], [-75.682314, 4.490614], [-75.682313, 4.490893], [-75.681479, 4.490892], [-75.68148, 4.490334], [-75.682314, 4.490335], [-75.682315, 4.489777], [-75.682871, 4.489778], [-75.68287, 4.490336], [-75.683426, 4.490337], [-75.683425, 4.490895], [-75.683147, 4.490895], [-75.683147, 4.491174], [-75.682591, 4.491173]]], [[[-75.682608, 4.482244], [-75.682606, 4.483081], [-75.68205, 4.48308], [-75.682051, 4.482522], [-75.682329, 4.482522], [-75.68233, 4.482243], [-75.682608, 4.482244]]], [[[-75.683162, 4.483361], [-75.683162, 4.483082], [-75.68344, 4.483082], [-75.68344, 4.483361], [-75.683162, 4.483361]]], [[[-75.683161, 4.48364], [-75.682883, 4.483639], [-75.682882, 4.483918], [-75.682326, 4.483917], [-75.682327, 4.483638], [-75.682605, 4.483639], [-75.682606, 4.48336], [-75.683162, 4.483361], [-75.683161, 4.48364]]], [[[-75.682872, 4.48922], [-75.682872, 4.489499], [-75.682594, 4.489499], [-75.682594, 4.48922], [-75.682872, 4.48922]]], [[[-75.683444, 4.481129], [-75.683445, 4.480571], [-75.683167, 4.480571], [-75.683166, 4.48085], [-75.68261, 4.480849], [-75.682611, 4.48057], [-75.682889, 4.48057], [-75.682889, 4.480291], [-75.683167, 4.480292], [-75.683168, 4.480013], [-75.683446, 4.480013], [-75.683446, 4.479734], [-75.683724, 4.479735], [-75.683725, 4.479456], [-75.684, 4.479456], [-75.684, 4.480851], [-75.683722, 4.480851], [-75.683722, 4.48113], [-75.683444, 4.481129]]], [[[-75.683152, 4.488663], [-75.683151, 4.488942], [-75.682873, 4.488941], [-75.682873, 4.488662], [-75.683152, 4.488663]]], [[[-75.683174, 4.476664], [-75.683174, 4.476943], [-75.682896, 4.476943], [-75.682896, 4.476664], [-75.683174, 4.476664]]], [[[-75.683771, 4.454901], [-75.683772, 4.454622], [-75.684, 4.454622], [-75.684, 4.454901823741007], [-75.683771, 4.454901]]], [[[-75.683214, 4.455458], [-75.683215, 4.455179], [-75.684, 4.4551808824940045], [-75.684, 4.455459884892087], [-75.683214, 4.455458]]], [[[-75.683985, 4.489222], [-75.683985, 4.488943], [-75.684, 4.4889430539568345], [-75.684, 4.489222053956834], [-75.683985, 4.489222]]], [[[-75.683984, 4.489501], [-75.683428, 4.4895], [-75.683428, 4.489221], [-75.683985, 4.489222], [-75.683984, 4.489501]]], [[[-75.683972, 4.49564], [-75.683973, 4.495361], [-75.684, 4.495361], [-75.684, 4.49564], [-75.683972, 4.49564]]]]}}, {"type": "Feature", "properties": {"CATAME": "Media", "PLANCHA": "243"}, "geometry": {"type": "MultiPolygon", "coordinates": [[[[-75.641403, 4.511462], [-75.641125, 4.511461], [-75.641126, 4.511182], [-75.640848, 4.511181], [-75.640847, 4.51174], [-75.640291, 4.511738], [-75.640292, 4.51118], [-75.64057, 4.511181], [-75.640571, 4.510623], [-75.640293, 4.510622], [-75.640292, 4.510901], [-75.640014, 4.510901], [-75.64001203046595, 4.5120000000000005], [-75.63917802688172, 4.5120000000000005], [-75.639179, 4.511457], [-75.639457, 4.511458], [-75.639458, 4.511179], [-75.638901, 4.511178], [-75.638902, 4.510899], [-75.638346, 4.510897], [-75.638345, 4.511177], [-75.638067, 4.511176], [-75.638067, 4.511455], [-75.637511, 4.511454], [-75.63751, 4.511733], [-75.637232, 4.511732], [-75.637232, 4.5120000000000005], [-75.63556302867384, 4.5120000000000005], [-75.635564, 4.511729], [-75.635842, 4.51173], [-75.635843, 4.511451], [-75.636399, 4.511452], [-75.636399, 4.511173], [-75.636677, 4.511173], [-75.636678, 4.510615], [-75.636956, 4.510616], [-75.636957, 4.510058], [-75.636401, 4.510057], [-75.636401, 4.510336], [-75.635845, 4.510334], [-75.635845, 4.510055], [-75.636123, 4.510056], [-75.636124, 4.509777], [-75.635568, 4.509776], [-75.635567, 4.510334], [-75.634455, 4.510332], [-75.634454, 4.510611], [-75.634176, 4.51061], [-75.634176, 4.510889], [-75.633898, 4.510889], [-75.633897, 4.511168], [-75.632785, 4.511165], [-75.632784, 4.511724], [-75.633618, 4.511725], [-75.633618, 4.511446], [-75.633896, 4.511447], [-75.633896, 4.511726], [-75.634174, 4.511726], [-75.634174, 4.511447], [-75.634452, 4.511448], [-75.634452, 4.511727], [-75.63473, 4.511727], [-75.63472951075269, 4.5120000000000005], [-75.63222733572282, 4.5120000000000005], [-75.632228, 4.511722], [-75.631672, 4.511721], [-75.63167133333333, 4.5120000000000005], [-75.62861297849463, 4.5120000000000005], [-75.628613, 4.511994], [-75.629169, 4.511995], [-75.629169, 4.511716], [-75.628335, 4.511715], [-75.628337, 4.510878], [-75.629171, 4.510879], [-75.629172, 4.5106], [-75.630006, 4.510602], [-75.630006, 4.510323], [-75.629728, 4.510322], [-75.629729, 4.510043], [-75.628895, 4.510042], [-75.628894, 4.510321], [-75.628338, 4.51032], [-75.628339, 4.509761], [-75.627783, 4.50976], [-75.627784, 4.509481], [-75.627506, 4.509481], [-75.627506, 4.509202], [-75.62973, 4.509206], [-75.629731, 4.508927], [-75.630287, 4.508928], [-75.630288, 4.508649], [-75.63001, 4.508649], [-75.63001, 4.50837], [-75.629732, 4.508369], [-75.629732, 4.508648], [-75.629453, 4.508648], [-75.629454, 4.508369], [-75.629176, 4.508368], [-75.629177, 4.50781], [-75.629455, 4.507811], [-75.629456, 4.507252], [-75.629178, 4.507252], [-75.629179, 4.506973], [-75.629457, 4.506973], [-75.629458, 4.506415], [-75.629736, 4.506416], [-75.629735, 4.506695], [-75.630013, 4.506696], [-75.630012, 4.507254], [-75.63029, 4.507254], [-75.630292, 4.506417], [-75.630014, 4.506417], [-75.630015, 4.505858], [-75.630571, 4.50586], [-75.63057, 4.506418], [-75.631682, 4.50642], [-75.631682, 4.506699], [-75.631126, 4.506698], [-75.631124, 4.507256], [-75.630846, 4.507255], [-75.630847, 4.506976], [-75.630569, 4.506976], [-75.630567, 4.508092], [-75.630845, 4.508092], [-75.630846, 4.507534], [-75.631402, 4.507535], [-75.631403, 4.506977], [-75.631959, 4.506978], [-75.631961, 4.505862], [-75.631683, 4.505862], [-75.631684, 4.505583], [-75.631406, 4.505582], [-75.631405, 4.505861], [-75.631127, 4.505861], [-75.631128, 4.505303], [-75.63085, 4.505302], [-75.63085, 4.505581], [-75.630572, 4.505581], [-75.630574, 4.504464], [-75.62974, 4.504463], [-75.62974, 4.504184], [-75.630574, 4.504185], [-75.630576, 4.503627], [-75.631688, 4.50363], [-75.631688, 4.503351], [-75.631132, 4.503349], [-75.631133, 4.502791], [-75.631967, 4.502793], [-75.631967, 4.503072], [-75.632245, 4.503073], [-75.632245, 4.502794], [-75.632523, 4.502794], [-75.632524, 4.502515], [-75.632802, 4.502516], [-75.6328, 4.503353], [-75.631966, 4.503351], [-75.631966, 4.50363], [-75.632522, 4.503631], [-75.632519, 4.504747], [-75.632798, 4.504748], [-75.632797, 4.505027], [-75.632241, 4.505026], [-75.63224, 4.505305], [-75.631962, 4.505304], [-75.631962, 4.505583], [-75.632518, 4.505584], [-75.632518, 4.505305], [-75.632796, 4.505306], [-75.632795, 4.505864], [-75.632517, 4.505863], [-75.632515, 4.50698], [-75.632237, 4.506979], [-75.632234, 4.508374], [-75.631956, 4.508374], [-75.631956, 4.508653], [-75.632234, 4.508653], [-75.632233, 4.509211], [-75.631399, 4.50921], [-75.631397, 4.509768], [-75.631675, 4.509768], [-75.631675, 4.510047], [-75.631397, 4.510047], [-75.631396, 4.510326], [-75.631118, 4.510325], [-75.631118, 4.510604], [-75.63084, 4.510604], [-75.630839, 4.510883], [-75.630561, 4.510882], [-75.630561, 4.511161], [-75.630839, 4.511162], [-75.630838, 4.511441], [-75.63195, 4.511443], [-75.631951, 4.510885], [-75.632507, 4.510886], [-75.632508, 4.510607], [-75.632786, 4.510607], [-75.632785, 4.510886], [-75.633063, 4.510887], [-75.633064, 4.510608], [-75.633342, 4.510609], [-75.633343, 4.510329], [-75.633621, 4.51033], [-75.633621, 4.510051], [-75.633899, 4.510052], [-75.6339, 4.509494], [-75.634178, 4.509494], [-75.634182, 4.50782], [-75.633626, 4.507819], [-75.633624, 4.508377], [-75.633346, 4.508376], [-75.633345, 4.509213], [-75.633067, 4.509213], [-75.633066, 4.509492], [-75.632788, 4.509491], [-75.63279, 4.508375], [-75.633068, 4.508376], [-75.633069, 4.508097], [-75.633347, 4.508097], [-75.633349, 4.50726], [-75.633071, 4.50726], [-75.633071, 4.506981], [-75.633349, 4.506981], [-75.633351, 4.506144], [-75.634185, 4.506146], [-75.634185, 4.505867], [-75.634742, 4.505868], [-75.63474, 4.506426], [-75.635018, 4.506426], [-75.635019, 4.506147], [-75.635297, 4.506148], [-75.635298, 4.505869], [-75.635854, 4.50587], [-75.635854, 4.505591], [-75.636132, 4.505592], [-75.636133, 4.505313], [-75.636411, 4.505313], [-75.636411, 4.505034], [-75.636689, 4.505035], [-75.63669, 4.504477], [-75.636412, 4.504476], [-75.636414, 4.503639], [-75.636136, 4.503638], [-75.636135, 4.503917], [-75.635579, 4.503916], [-75.63558, 4.503637], [-75.635858, 4.503638], [-75.635859, 4.50308], [-75.636137, 4.50308], [-75.636138, 4.502522], [-75.636416, 4.502523], [-75.636417, 4.501965], [-75.636695, 4.501965], [-75.636693, 4.503361], [-75.636971, 4.503361], [-75.636971, 4.503082], [-75.637249, 4.503083], [-75.63725, 4.502804], [-75.637528, 4.502804], [-75.637529, 4.502246], [-75.637251, 4.502246], [-75.637252, 4.501687], [-75.636974, 4.501687], [-75.636975, 4.501129], [-75.637253, 4.501129], [-75.637254, 4.50085], [-75.636976, 4.50085], [-75.636976, 4.500571], [-75.63781, 4.500572], [-75.637809, 4.501131], [-75.638087, 4.501131], [-75.638087, 4.50141], [-75.638643, 4.501411], [-75.638642, 4.50169], [-75.638364, 4.50169], [-75.638364, 4.501969], [-75.638086, 4.501968], [-75.638084, 4.502526], [-75.638362, 4.502527], [-75.638363, 4.502248], [-75.638641, 4.502248], [-75.638642, 4.501969], [-75.63892, 4.50197], [-75.63892, 4.501691], [-75.639198, 4.501691], [-75.639196, 4.502807], [-75.638918, 4.502807], [-75.638917, 4.503086], [-75.638639, 4.503085], [-75.638639, 4.503364], [-75.638361, 4.503364], [-75.63836, 4.503922], [-75.638916, 4.503923], [-75.638916, 4.503644], [-75.639472, 4.503645], [-75.639473, 4.503366], [-75.640029, 4.503367], [-75.640029, 4.503088], [-75.640308, 4.503089], [-75.640309, 4.502252], [-75.640587, 4.502252], [-75.640586, 4.50281], [-75.640864, 4.502811], [-75.640866, 4.501695], [-75.640588, 4.501694], [-75.64059, 4.500857], [-75.640312, 4.500856], [-75.640314, 4.49974], [-75.640036, 4.49974], [-75.640038, 4.498624], [-75.640316, 4.498624], [-75.640317, 4.498345], [-75.640873, 4.498346], [-75.640873, 4.498067], [-75.641151, 4.498068], [-75.641154, 4.496673], [-75.640876, 4.496672], [-75.640875, 4.497509], [-75.640596, 4.497509], [-75.640596, 4.497788], [-75.64004, 4.497787], [-75.640039, 4.498066], [-75.639761, 4.498065], [-75.639762, 4.497786], [-75.639206, 4.497785], [-75.639206, 4.497506], [-75.639484, 4.497507], [-75.639485, 4.497228], [-75.639763, 4.497228], [-75.639764, 4.496949], [-75.640042, 4.49695], [-75.640041, 4.497229], [-75.640319, 4.497229], [-75.64032, 4.496671], [-75.640042, 4.496671], [-75.640044, 4.495833], [-75.6406, 4.495835], [-75.640599, 4.496114], [-75.640877, 4.496114], [-75.640878, 4.495835], [-75.641156, 4.495836], [-75.641157, 4.495278], [-75.640601, 4.495277], [-75.6406, 4.495556], [-75.640322, 4.495555], [-75.640323, 4.495276], [-75.640045, 4.495275], [-75.640046, 4.494717], [-75.639768, 4.494717], [-75.639768, 4.494438], [-75.63949, 4.494437], [-75.63949, 4.494716], [-75.639212, 4.494716], [-75.639211, 4.495274], [-75.638377, 4.495272], [-75.638376, 4.495551], [-75.638098, 4.495551], [-75.638098, 4.49583], [-75.63782, 4.495829], [-75.637818, 4.496387], [-75.63615, 4.496384], [-75.636151, 4.496105], [-75.636429, 4.496105], [-75.636429, 4.495826], [-75.636985, 4.495827], [-75.636987, 4.495269], [-75.636431, 4.495268], [-75.63643, 4.495547], [-75.636152, 4.495547], [-75.636152, 4.495268], [-75.635874, 4.495267], [-75.635875, 4.494988], [-75.635597, 4.494988], [-75.635596, 4.495267], [-75.63504, 4.495266], [-75.635042, 4.494428], [-75.63532, 4.494429], [-75.635322, 4.493592], [-75.6356, 4.493593], [-75.635602, 4.492197], [-75.635881, 4.492198], [-75.635882, 4.491361], [-75.63616, 4.491361], [-75.636162, 4.490524], [-75.63644, 4.490525], [-75.63644, 4.490246], [-75.636162, 4.490245], [-75.636163, 4.489687], [-75.635885, 4.489687], [-75.635889, 4.487734], [-75.636723, 4.487735], [-75.636724, 4.487456], [-75.636446, 4.487456], [-75.636447, 4.486898], [-75.636169, 4.486897], [-75.636168, 4.487176], [-75.635612, 4.487175], [-75.635613, 4.486896], [-75.635335, 4.486895], [-75.635335, 4.486616], [-75.635057, 4.486616], [-75.635058, 4.486058], [-75.635337, 4.486058], [-75.635338, 4.485221], [-75.635894, 4.485222], [-75.635895, 4.484943], [-75.635617, 4.484943], [-75.635617, 4.484664], [-75.635339, 4.484663], [-75.635341, 4.483547], [-75.635063, 4.483547], [-75.635064, 4.483268], [-75.635342, 4.483268], [-75.635343, 4.48271], [-75.635065, 4.482709], [-75.635066, 4.482151], [-75.6359, 4.482153], [-75.635901, 4.481874], [-75.634789, 4.481872], [-75.634788, 4.482151], [-75.63451, 4.48215], [-75.634511, 4.481871], [-75.634233, 4.481871], [-75.634234, 4.481313], [-75.633956, 4.481312], [-75.633957, 4.480475], [-75.633679, 4.480475], [-75.63368, 4.479916], [-75.633402, 4.479916], [-75.633404, 4.479079], [-75.633126, 4.479078], [-75.633127, 4.47852], [-75.632849, 4.47852], [-75.63285, 4.478241], [-75.633128, 4.478241], [-75.633128, 4.477962], [-75.633684, 4.477963], [-75.633685, 4.477684], [-75.633963, 4.477685], [-75.633963, 4.477406], [-75.634241, 4.477406], [-75.63424, 4.477964], [-75.634518, 4.477965], [-75.634519, 4.477407], [-75.634797, 4.477407], [-75.634796, 4.477966], [-75.635074, 4.477966], [-75.635076, 4.477129], [-75.634798, 4.477128], [-75.634799, 4.47657], [-75.634243, 4.476569], [-75.634244, 4.47629], [-75.633966, 4.47629], [-75.633966, 4.476011], [-75.633688, 4.47601], [-75.633689, 4.475731], [-75.633411, 4.475731], [-75.633411, 4.475452], [-75.633689, 4.475452], [-75.633691, 4.474336], [-75.634247, 4.474337], [-75.634249, 4.473779], [-75.634527, 4.47378], [-75.634526, 4.474059], [-75.634804, 4.474059], [-75.634803, 4.474338], [-75.634525, 4.474338], [-75.634525, 4.474617], [-75.634247, 4.474616], [-75.634246, 4.474895], [-75.633968, 4.474895], [-75.633967, 4.475732], [-75.634245, 4.475732], [-75.634245, 4.475453], [-75.634523, 4.475454], [-75.634522, 4.476012], [-75.6348, 4.476012], [-75.634801, 4.475454], [-75.635357, 4.475455], [-75.635358, 4.475176], [-75.636192, 4.475178], [-75.636192, 4.474899], [-75.635636, 4.474898], [-75.635637, 4.474619], [-75.635915, 4.474619], [-75.635916, 4.47434], [-75.635637, 4.47434], [-75.635638, 4.474061], [-75.63536, 4.47406], [-75.635361, 4.473781], [-75.635083, 4.473781], [-75.635083, 4.473502], [-75.634805, 4.473501], [-75.634806, 4.473222], [-75.63564, 4.473224], [-75.635641, 4.472666], [-75.636197, 4.472667], [-75.636198, 4.472109], [-75.63592, 4.472108], [-75.635921, 4.47155], [-75.636477, 4.471551], [-75.636479, 4.470435], [-75.636201, 4.470435], [-75.636201, 4.470714], [-75.635645, 4.470713], [-75.635645, 4.470434], [-75.635089, 4.470432], [-75.63509, 4.470153], [-75.634534, 4.470152], [-75.634534, 4.469873], [-75.634812, 4.469874], [-75.634813, 4.469595], [-75.635369, 4.469596], [-75.63537, 4.468759], [-75.635648, 4.468759], [-75.635649, 4.46848], [-75.635927, 4.468481], [-75.63593, 4.467086], [-75.636208, 4.467086], [-75.636213, 4.464575], [-75.635935, 4.464575], [-75.635936, 4.464017], [-75.635658, 4.464016], [-75.635658, 4.463737], [-75.63538, 4.463736], [-75.635381, 4.463457], [-75.635103, 4.463457], [-75.635104, 4.462899], [-75.634826, 4.462898], [-75.634826, 4.462619], [-75.634548, 4.462619], [-75.634549, 4.46234], [-75.634271, 4.462339], [-75.634271, 4.46206], [-75.633993, 4.46206], [-75.633995, 4.461501], [-75.633717, 4.461501], [-75.633716, 4.46178], [-75.633438, 4.461779], [-75.63344, 4.460942], [-75.633162, 4.460942], [-75.633163, 4.460384], [-75.632885, 4.460383], [-75.632885, 4.460104], [-75.632607, 4.460104], [-75.632608, 4.459546], [-75.63233, 4.459545], [-75.63233, 4.459824], [-75.632052, 4.459824], [-75.632054, 4.458707], [-75.632332, 4.458708], [-75.632332, 4.458429], [-75.632054, 4.458428], [-75.632055, 4.458149], [-75.632333, 4.45815], [-75.632334, 4.457592], [-75.632612, 4.457592], [-75.632613, 4.457313], [-75.632335, 4.457313], [-75.632335, 4.457034], [-75.632613, 4.457034], [-75.632614, 4.456755], [-75.632336, 4.456755], [-75.632337, 4.455918], [-75.632059, 4.455917], [-75.632059, 4.456196], [-75.631781, 4.456196], [-75.63178, 4.456475], [-75.631224, 4.456474], [-75.631224, 4.456753], [-75.630946, 4.456752], [-75.630945, 4.45731], [-75.630389, 4.457309], [-75.630389, 4.45703], [-75.630667, 4.457031], [-75.630669, 4.456193], [-75.630391, 4.456193], [-75.63039, 4.456751], [-75.630112, 4.45675], [-75.630111, 4.457029], [-75.629833, 4.457029], [-75.629833, 4.457308], [-75.629555, 4.457307], [-75.629553, 4.457865], [-75.629275, 4.457865], [-75.629275, 4.458144], [-75.629831, 4.458145], [-75.62983, 4.458703], [-75.628996, 4.458701], [-75.628994, 4.459817], [-75.628716, 4.459817], [-75.628715, 4.460096], [-75.628437, 4.460095], [-75.628438, 4.459816], [-75.627882, 4.459815], [-75.627882, 4.459536], [-75.627604, 4.459536], [-75.627601, 4.460931], [-75.628157, 4.460932], [-75.628156, 4.46149], [-75.6276, 4.461489], [-75.627601, 4.46121], [-75.627323, 4.461209], [-75.627322, 4.461767], [-75.627044, 4.461767], [-75.627043, 4.462046], [-75.626765, 4.462045], [-75.626763, 4.463161], [-75.625095, 4.463158], [-75.625094, 4.463437], [-75.625372, 4.463438], [-75.625372, 4.463717], [-75.62565, 4.463717], [-75.62565, 4.463438], [-75.626762, 4.46344], [-75.626761, 4.463998], [-75.626483, 4.463998], [-75.626483, 4.464277], [-75.626205, 4.464276], [-75.626204, 4.464834], [-75.626482, 4.464835], [-75.626481, 4.465393], [-75.626759, 4.465394], [-75.626759, 4.465115], [-75.627037, 4.465115], [-75.627038, 4.464836], [-75.627872, 4.464838], [-75.627871, 4.465117], [-75.628149, 4.465117], [-75.628152, 4.463722], [-75.62843, 4.463723], [-75.628427, 4.465397], [-75.628705, 4.465397], [-75.628704, 4.465676], [-75.628982, 4.465677], [-75.628982, 4.465956], [-75.628426, 4.465955], [-75.628425, 4.466234], [-75.628147, 4.466233], [-75.628148, 4.465675], [-75.62787, 4.465675], [-75.627869, 4.466233], [-75.627035, 4.466231], [-75.627036, 4.465952], [-75.626758, 4.465952], [-75.626758, 4.465673], [-75.62648, 4.465672], [-75.626479, 4.465951], [-75.626201, 4.46595], [-75.626201, 4.46623], [-75.625645, 4.466228], [-75.625644, 4.466786], [-75.625922, 4.466787], [-75.625921, 4.467345], [-75.625643, 4.467344], [-75.625642, 4.467903], [-75.625364, 4.467902], [-75.625364, 4.467623], [-75.624808, 4.467622], [-75.624806, 4.468459], [-75.625085, 4.468459], [-75.625085, 4.46818], [-75.625641, 4.468182], [-75.625641, 4.468461], [-75.625363, 4.46846], [-75.625362, 4.468739], [-75.625084, 4.468739], [-75.625083, 4.469018], [-75.624805, 4.469017], [-75.624806, 4.468738], [-75.624528, 4.468737], [-75.624527, 4.469295], [-75.624805, 4.469296], [-75.624804, 4.469575], [-75.625082, 4.469576], [-75.625082, 4.469855], [-75.624804, 4.469854], [-75.624803, 4.470412], [-75.625081, 4.470413], [-75.625081, 4.470134], [-75.625359, 4.470134], [-75.62536, 4.469855], [-75.625916, 4.469856], [-75.625915, 4.470135], [-75.625637, 4.470135], [-75.625636, 4.470693], [-75.625358, 4.470692], [-75.625358, 4.470971], [-75.625914, 4.470972], [-75.625914, 4.470693], [-75.626192, 4.470694], [-75.626193, 4.470415], [-75.626471, 4.470415], [-75.62647, 4.470694], [-75.626748, 4.470695], [-75.626748, 4.470974], [-75.62647, 4.470973], [-75.626469, 4.471252], [-75.626191, 4.471252], [-75.626191, 4.471531], [-75.625078, 4.471529], [-75.625078, 4.471808], [-75.6248, 4.471807], [-75.6248, 4.471528], [-75.624522, 4.471528], [-75.62452, 4.472644], [-75.624798, 4.472644], [-75.624799, 4.472365], [-75.626745, 4.472369], [-75.626745, 4.47209], [-75.628414, 4.472093], [-75.628414, 4.471814], [-75.627302, 4.471812], [-75.627303, 4.471254], [-75.628693, 4.471257], [-75.628693, 4.471536], [-75.628971, 4.471536], [-75.62897, 4.472094], [-75.628692, 4.472094], [-75.628691, 4.472373], [-75.628969, 4.472374], [-75.628968, 4.472653], [-75.62869, 4.472652], [-75.628689, 4.47321], [-75.628411, 4.473209], [-75.628411, 4.473489], [-75.628133, 4.473488], [-75.628132, 4.473767], [-75.627576, 4.473766], [-75.627576, 4.474045], [-75.626742, 4.474043], [-75.626741, 4.474322], [-75.626463, 4.474322], [-75.626462, 4.474601], [-75.626184, 4.4746], [-75.626184, 4.474879], [-75.625906, 4.474879], [-75.625905, 4.475158], [-75.625627, 4.475157], [-75.625628, 4.474599], [-75.625906, 4.4746], [-75.625907, 4.474321], [-75.626185, 4.474321], [-75.626186, 4.474042], [-75.626464, 4.474043], [-75.626465, 4.473206], [-75.625631, 4.473204], [-75.625632, 4.472646], [-75.625354, 4.472645], [-75.625353, 4.473482], [-75.624797, 4.473481], [-75.624795, 4.474318], [-75.624517, 4.474318], [-75.624519, 4.473202], [-75.624241, 4.473201], [-75.62424, 4.473759], [-75.623962, 4.473759], [-75.623961, 4.474038], [-75.624239, 4.474038], [-75.624239, 4.474317], [-75.623961, 4.474317], [-75.62396, 4.474875], [-75.62257, 4.474872], [-75.62257, 4.474593], [-75.620902, 4.47459], [-75.620903, 4.474311], [-75.620625, 4.47431], [-75.620626, 4.473752], [-75.620348, 4.473752], [-75.620347, 4.474031], [-75.620069, 4.47403], [-75.62007, 4.473751], [-75.62, 4.4737507482014385], [-75.62, 4.472634370503598], [-75.62035, 4.472635], [-75.620351, 4.472356], [-75.62, 4.472355368705037], [-75.62, 4.470681863309353], [-75.620076, 4.470682], [-75.620075, 4.47124], [-75.620353, 4.47124], [-75.620353, 4.470961], [-75.620909, 4.470962], [-75.62091, 4.470404], [-75.620632, 4.470404], [-75.620632, 4.470683], [-75.620354, 4.470682], [-75.620355, 4.470124], [-75.620077, 4.470124], [-75.620078, 4.469845], [-75.62, 4.469844719424461], [-75.62, 4.468728712230216], [-75.62008, 4.468729], [-75.62008, 4.46845], [-75.62, 4.468449712230216], [-75.62, 4.461752661870503], [-75.620094, 4.461753], [-75.620094, 4.461474], [-75.62, 4.461473661870503], [-75.62, 4.4611946582733815], [-75.620373, 4.461196], [-75.620373, 4.460917], [-75.62, 4.4609156582733815], [-75.62, 4.460357654676259], [-75.620096, 4.460358], [-75.620096, 4.460637], [-75.620374, 4.460637], [-75.620375, 4.4598], [-75.620653, 4.459801], [-75.620655, 4.458964], [-75.62, 4.458962429256594], [-75.62, 4.4586833201438845], [-75.620378, 4.458684], [-75.620378, 4.458405], [-75.62149, 4.458408], [-75.62149, 4.458687], [-75.621768, 4.458687], [-75.621769, 4.458129], [-75.622047, 4.45813], [-75.622047, 4.457851], [-75.621491, 4.457849], [-75.621492, 4.45757], [-75.621214, 4.45757], [-75.621215, 4.457012], [-75.620937, 4.457011], [-75.620936, 4.45729], [-75.620658, 4.45729], [-75.620658, 4.457569], [-75.620936, 4.457569], [-75.620935, 4.458127], [-75.62, 4.458125318345323], [-75.62, 4.457846636690648], [-75.620101, 4.457847], [-75.620102, 4.457289], [-75.62, 4.457288633093525], [-75.62, 4.454498], [-75.620108, 4.454498], [-75.620108, 4.454219], [-75.62, 4.454219], [-75.62, 4.451987], [-75.620113, 4.451987], [-75.620113, 4.451708], [-75.620391, 4.451709], [-75.620389, 4.452825], [-75.620945, 4.452826], [-75.620945, 4.453105], [-75.620667, 4.453104], [-75.620666, 4.453383], [-75.6215, 4.453385], [-75.621502, 4.452548], [-75.62178, 4.452549], [-75.62178, 4.45227], [-75.622058, 4.45227], [-75.62206, 4.451433], [-75.620948, 4.451431], [-75.620948, 4.451152], [-75.621782, 4.451153], [-75.621783, 4.450874], [-75.622061, 4.450875], [-75.622062, 4.450596], [-75.62234, 4.450597], [-75.622339, 4.450876], [-75.622895, 4.450877], [-75.622894, 4.451435], [-75.62345, 4.451436], [-75.62345, 4.451157], [-75.623728, 4.451157], [-75.623729, 4.450878], [-75.624285, 4.450879], [-75.624286, 4.4506], [-75.62373, 4.450599], [-75.623732, 4.449483], [-75.624288, 4.449484], [-75.624289, 4.448926], [-75.623455, 4.448925], [-75.623454, 4.449204], [-75.622898, 4.449203], [-75.622898, 4.449482], [-75.622064, 4.44948], [-75.622064, 4.449201], [-75.622342, 4.449201], [-75.622343, 4.448643], [-75.624289, 4.448647], [-75.62429, 4.448368], [-75.624012, 4.448368], [-75.624012, 4.448089], [-75.62429, 4.448089], [-75.62429031899642, 4.448], [-75.625403, 4.448], [-75.625403, 4.448091], [-75.625959, 4.448092], [-75.625959, 4.448], [-75.634855, 4.448], [-75.634855, 4.44811], [-75.635133, 4.448111], [-75.635133, 4.448], [-75.6379127078853, 4.448], [-75.637912, 4.448395], [-75.63819, 4.448396], [-75.63819070840788, 4.448], [-75.638469, 4.448], [-75.638469, 4.448117], [-75.638747, 4.448118], [-75.638747, 4.448], [-75.639859, 4.448], [-75.639859, 4.44812], [-75.639581, 4.448119], [-75.63958, 4.448398], [-75.639302, 4.448398], [-75.639302, 4.448677], [-75.639024, 4.448676], [-75.639023, 4.448955], [-75.639579, 4.448956], [-75.63958, 4.448677], [-75.640136, 4.448678], [-75.640136, 4.448399], [-75.640414, 4.4484], [-75.640415, 4.448121], [-75.640971, 4.448122], [-75.640971, 4.448], [-75.644307, 4.448], [-75.644307, 4.448128], [-75.644029, 4.448128], [-75.644028, 4.448686], [-75.64375, 4.448685], [-75.643748, 4.449522], [-75.64347, 4.449522], [-75.64347, 4.449801], [-75.643192, 4.4498], [-75.643191, 4.450079], [-75.642913, 4.450079], [-75.642912, 4.450358], [-75.642634, 4.450357], [-75.642634, 4.450636], [-75.642356, 4.450636], [-75.642355, 4.450915], [-75.642077, 4.450914], [-75.642077, 4.451193], [-75.641799, 4.451193], [-75.641798, 4.451472], [-75.64152, 4.451471], [-75.64152, 4.45175], [-75.640964, 4.451749], [-75.640963, 4.452028], [-75.640685, 4.452028], [-75.640683, 4.453144], [-75.640405, 4.453143], [-75.640402, 4.454538], [-75.640124, 4.454538], [-75.640123, 4.455096], [-75.639845, 4.455095], [-75.639844, 4.455653], [-75.639566, 4.455653], [-75.639565, 4.456211], [-75.639287, 4.45621], [-75.639284, 4.457606], [-75.639006, 4.457605], [-75.639005, 4.458163], [-75.638727, 4.458162], [-75.638727, 4.458441], [-75.638449, 4.458441], [-75.638448, 4.45872], [-75.63817, 4.458719], [-75.638168, 4.459836], [-75.638446, 4.459836], [-75.638427, 4.469602], [-75.638705, 4.469602], [-75.638705, 4.469323], [-75.638983, 4.469324], [-75.638984, 4.469045], [-75.639262, 4.469046], [-75.639263, 4.468766], [-75.639819, 4.468768], [-75.639819, 4.468489], [-75.640375, 4.46849], [-75.640376, 4.468211], [-75.640932, 4.468212], [-75.64094, 4.464026], [-75.641496, 4.464027], [-75.641496, 4.463748], [-75.641774, 4.463749], [-75.641775, 4.46347], [-75.642053, 4.46347], [-75.642055, 4.462633], [-75.642333, 4.462634], [-75.642334, 4.462076], [-75.642612, 4.462076], [-75.642612, 4.461797], [-75.643168, 4.461798], [-75.643169, 4.461519], [-75.643447, 4.46152], [-75.643447, 4.461241], [-75.643725, 4.461242], [-75.643726, 4.460963], [-75.644004, 4.460963], [-75.644004, 4.460684], [-75.644283, 4.460685], [-75.644284, 4.459847], [-75.644006, 4.459847], [-75.644008, 4.45901], [-75.644286, 4.45901], [-75.644287, 4.458452], [-75.644843, 4.458453], [-75.644843, 4.458174], [-75.645121, 4.458175], [-75.645122, 4.457896], [-75.6454, 4.457896], [-75.6454, 4.457617], [-75.645679, 4.457618], [-75.645679, 4.457339], [-75.646235, 4.45734], [-75.646236, 4.457061], [-75.647348, 4.457063], [-75.647348, 4.456784], [-75.647626, 4.456785], [-75.647631, 4.454553], [-75.647352, 4.454552], [-75.647355, 4.453157], [-75.649023, 4.45316], [-75.649024, 4.452881], [-75.649302, 4.452882], [-75.649302, 4.452603], [-75.649858, 4.452604], [-75.649859, 4.452325], [-75.650415, 4.452326], [-75.650415, 4.452047], [-75.650693, 4.452047], [-75.650693, 4.452326], [-75.650971, 4.452327], [-75.65097, 4.452885], [-75.651248, 4.452885], [-75.651247, 4.453443], [-75.651525, 4.453444], [-75.651526, 4.452607], [-75.651804, 4.452607], [-75.651808, 4.450654], [-75.65153, 4.450654], [-75.651531, 4.450096], [-75.651253, 4.450095], [-75.651254, 4.449537], [-75.650976, 4.449537], [-75.650977, 4.448978], [-75.650699, 4.448978], [-75.6507, 4.44842], [-75.650422, 4.448419], [-75.650423, 4.44814], [-75.650145, 4.44814], [-75.65014525089606, 4.448], [-75.66098728853046, 4.448], [-75.660987, 4.448161], [-75.660709, 4.44816], [-75.660708, 4.448718], [-75.660152, 4.448717], [-75.660151, 4.449275], [-75.659873, 4.449275], [-75.659872, 4.449833], [-75.659594, 4.449832], [-75.659592, 4.450669], [-75.659314, 4.450669], [-75.659312, 4.451785], [-75.659034, 4.451784], [-75.659034, 4.452063], [-75.658756, 4.452063], [-75.658754, 4.4529], [-75.658476, 4.452899], [-75.658474, 4.453736], [-75.658752, 4.453737], [-75.658751, 4.454295], [-75.658473, 4.454295], [-75.658472, 4.455132], [-75.65875, 4.455132], [-75.658749, 4.45569], [-75.659027, 4.455691], [-75.659026, 4.456249], [-75.659304, 4.456249], [-75.659303, 4.456528], [-75.659859, 4.456529], [-75.659858, 4.457366], [-75.66097, 4.457369], [-75.66097, 4.45709], [-75.661248, 4.45709], [-75.661249, 4.456811], [-75.661527, 4.456812], [-75.661523, 4.458765], [-75.662079, 4.458766], [-75.662081, 4.457929], [-75.661803, 4.457928], [-75.661803, 4.457649], [-75.662637, 4.457651], [-75.662637, 4.45793], [-75.662915, 4.45793], [-75.662915, 4.457651], [-75.663193, 4.457652], [-75.663194, 4.457373], [-75.663472, 4.457373], [-75.663472, 4.457094], [-75.66375, 4.457095], [-75.663751, 4.456816], [-75.664029, 4.456816], [-75.66403, 4.455979], [-75.663752, 4.455979], [-75.663753, 4.4557], [-75.663475, 4.455699], [-75.663475, 4.45542], [-75.663197, 4.45542], [-75.663198, 4.455141], [-75.66292, 4.45514], [-75.662921, 4.454582], [-75.663199, 4.454583], [-75.6632, 4.454304], [-75.664312, 4.454306], [-75.664313, 4.453469], [-75.663479, 4.453467], [-75.663479, 4.453746], [-75.662645, 4.453744], [-75.662645, 4.453465], [-75.662367, 4.453465], [-75.662368, 4.453186], [-75.66209, 4.453185], [-75.66209, 4.452906], [-75.662646, 4.452907], [-75.662646, 4.453186], [-75.663758, 4.453189], [-75.663758, 4.45291], [-75.664036, 4.45291], [-75.664038, 4.452073], [-75.66376, 4.452072], [-75.663762, 4.450956], [-75.66404, 4.450957], [-75.664039, 4.451236], [-75.664595, 4.451237], [-75.664597, 4.450679], [-75.663485, 4.450677], [-75.663484, 4.450956], [-75.663206, 4.450955], [-75.663208, 4.450118], [-75.663486, 4.450119], [-75.663485, 4.450398], [-75.664041, 4.450399], [-75.664042, 4.45012], [-75.66432, 4.45012], [-75.664319, 4.450399], [-75.664597, 4.4504], [-75.664598, 4.449842], [-75.664876, 4.449842], [-75.664877, 4.449284], [-75.664599, 4.449284], [-75.6646, 4.448726], [-75.664878, 4.448726], [-75.664879, 4.448168], [-75.665157, 4.448169], [-75.66515730286739, 4.448], [-75.6704400943847, 4.448], [-75.670439, 4.448458], [-75.670161, 4.448457], [-75.670158, 4.449853], [-75.670714, 4.449854], [-75.670714, 4.450133], [-75.670992, 4.450133], [-75.670992, 4.449854], [-75.672382, 4.449857], [-75.672383, 4.449578], [-75.672661, 4.449578], [-75.672663, 4.448462], [-75.672385, 4.448462], [-75.67238610394266, 4.448], [-75.684, 4.448], [-75.684, 4.454622], [-75.683772, 4.454622], [-75.683771, 4.454901], [-75.684, 4.454901823741007], [-75.684, 4.4551808824940045], [-75.683215, 4.455179], [-75.683214, 4.455458], [-75.684, 4.455459884892087], [-75.684, 4.479456], [-75.683725, 4.479456], [-75.683724, 4.479735], [-75.683446, 4.479734], [-75.683446, 4.480013], [-75.683168, 4.480013], [-75.683167, 4.480292], [-75.682889, 4.480291], [-75.682889, 4.48057], [-75.682611, 4.48057], [-75.68261, 4.480849], [-75.683166, 4.48085], [-75.683167, 4.480571], [-75.683445, 4.480571], [-75.683444, 4.481129], [-75.683722, 4.48113], [-75.683722, 4.480851], [-75.684, 4.480851], [-75.684, 4.4889430539568345], [-75.683985, 4.488943], [-75.683985, 4.489222], [-75.684, 4.489222053956834], [-75.684, 4.495361], [-75.683973, 4.495361], [-75.683972, 4.49564], [-75.684, 4.49564], [-75.684, 4.4992670628366245], [-75.683965, 4.499267], [-75.683965, 4.499546], [-75.683687, 4.499546], [-75.683686, 4.499825], [-75.683408, 4.499824], [-75.683407, 4.500661], [-75.683129, 4.500661], [-75.68313, 4.499824], [-75.682018, 4.499822], [-75.682018, 4.500101], [-75.68174, 4.5001], [-75.68174, 4.499821], [-75.681462, 4.49982], [-75.681462, 4.5001], [-75.679237, 4.500095], [-75.679237, 4.500374], [-75.678681, 4.500373], [-75.67868, 4.500652], [-75.678402, 4.500652], [-75.678402, 4.500931], [-75.677846, 4.50093], [-75.677846, 4.500651], [-75.677568, 4.50065], [-75.677568, 4.500929], [-75.67729, 4.500929], [-75.67729, 4.50065], [-75.677012, 4.500649], [-75.677013, 4.500091], [-75.677291, 4.500092], [-75.677292, 4.499812], [-75.67757, 4.499813], [-75.677572, 4.498697], [-75.677294, 4.498696], [-75.677293, 4.499254], [-75.676459, 4.499253], [-75.676458, 4.499532], [-75.67618, 4.499531], [-75.676179, 4.500089], [-75.676457, 4.50009], [-75.676458, 4.499811], [-75.676736, 4.499811], [-75.676734, 4.500648], [-75.675344, 4.500646], [-75.675343, 4.500925], [-75.674509, 4.500923], [-75.67451, 4.500644], [-75.673954, 4.500643], [-75.673954, 4.500364], [-75.673676, 4.500364], [-75.673675, 4.500922], [-75.673397, 4.500921], [-75.673397, 4.5012], [-75.672841, 4.501199], [-75.672839, 4.501757], [-75.672561, 4.501757], [-75.672561, 4.502036], [-75.672283, 4.502035], [-75.672282, 4.502314], [-75.671726, 4.502313], [-75.671726, 4.502592], [-75.671448, 4.502592], [-75.671447, 4.502871], [-75.670613, 4.502869], [-75.670613, 4.503148], [-75.670335, 4.503147], [-75.670334, 4.503426], [-75.670056, 4.503426], [-75.670055, 4.503984], [-75.669777, 4.503983], [-75.669777, 4.503704], [-75.669221, 4.503703], [-75.669221, 4.503982], [-75.668665, 4.503981], [-75.668664, 4.50426], [-75.668386, 4.50426], [-75.668385, 4.505097], [-75.668107, 4.505096], [-75.668106, 4.505375], [-75.667828, 4.505375], [-75.667827, 4.505654], [-75.667271, 4.505653], [-75.667271, 4.505932], [-75.667827, 4.505933], [-75.667826, 4.506212], [-75.66727, 4.506211], [-75.66727, 4.50649], [-75.666992, 4.506489], [-75.666993, 4.505931], [-75.666715, 4.505931], [-75.666714, 4.50621], [-75.66588, 4.506208], [-75.66588, 4.506487], [-75.665046, 4.506485], [-75.665045, 4.506765], [-75.664767, 4.506764], [-75.664766, 4.507043], [-75.664488, 4.507042], [-75.664488, 4.507321], [-75.66421, 4.507321], [-75.664209, 4.5076], [-75.664765, 4.507601], [-75.664766, 4.507322], [-75.665322, 4.507323], [-75.665322, 4.507044], [-75.665879, 4.507045], [-75.665877, 4.507603], [-75.665599, 4.507603], [-75.665599, 4.507882], [-75.665321, 4.507881], [-75.66532, 4.50816], [-75.665042, 4.50816], [-75.665042, 4.508439], [-75.664486, 4.508438], [-75.664485, 4.508717], [-75.665041, 4.508718], [-75.665041, 4.508997], [-75.664485, 4.508996], [-75.664484, 4.509275], [-75.664206, 4.509274], [-75.664205, 4.509553], [-75.663371, 4.509552], [-75.663371, 4.509831], [-75.662815, 4.509829], [-75.662813, 4.510667], [-75.663369, 4.510668], [-75.663369, 4.510947], [-75.665037, 4.51095], [-75.665036, 4.511508], [-75.664758, 4.511507], [-75.664757, 4.511786], [-75.664479, 4.511786], [-75.664479, 4.5120000000000005], [-75.66392289336918, 4.5120000000000005], [-75.663924, 4.511506], [-75.663646, 4.511505], [-75.663645, 4.511784], [-75.663367, 4.511784], [-75.663368, 4.511505], [-75.662812, 4.511504], [-75.662811, 4.511783], [-75.662533, 4.511782], [-75.66253221863799, 4.5120000000000005], [-75.66169821505376, 4.5120000000000005], [-75.661699, 4.511781], [-75.661421, 4.51178], [-75.66142021146955, 4.5120000000000005], [-75.64140203584229, 4.5120000000000005], [-75.641403, 4.511462]], [[-75.641681, 4.511462], [-75.641682, 4.511183], [-75.641404, 4.511183], [-75.641403, 4.511462], [-75.641681, 4.511462]], [[-75.629447, 4.511717], [-75.629448, 4.511438], [-75.62917, 4.511437], [-75.629169, 4.511716], [-75.629447, 4.511717]], [[-75.630289, 4.508091], [-75.630288, 4.50837], [-75.630566, 4.508371], [-75.630567, 4.508092], [-75.630289, 4.508091]], [[-75.630289, 4.507812], [-75.630011, 4.507812], [-75.630011, 4.508091], [-75.630289, 4.508091], [-75.630289, 4.507812]], [[-75.631406, 4.505303], [-75.631407, 4.505024], [-75.631129, 4.505024], [-75.631128, 4.505303], [-75.631406, 4.505303]], [[-75.63446, 4.50782], [-75.634461, 4.507262], [-75.634183, 4.507262], [-75.634182, 4.50782], [-75.63446, 4.50782]], [[-75.638082, 4.503921], [-75.638081, 4.5042], [-75.638359, 4.504201], [-75.63836, 4.503922], [-75.638082, 4.503921]], [[-75.640603, 4.494439], [-75.640604, 4.493602], [-75.640882, 4.493603], [-75.640883, 4.493045], [-75.640605, 4.493044], [-75.640605, 4.493323], [-75.640327, 4.493323], [-75.640326, 4.493602], [-75.640048, 4.493601], [-75.640047, 4.494159], [-75.639769, 4.494159], [-75.639768, 4.494438], [-75.640603, 4.494439]], [[-75.635895, 4.484664], [-75.635896, 4.484385], [-75.635618, 4.484385], [-75.635617, 4.484664], [-75.635895, 4.484664]], [[-75.636457, 4.481875], [-75.636457, 4.481596], [-75.635901, 4.481595], [-75.635901, 4.481874], [-75.636457, 4.481875]], [[-75.636456, 4.482154], [-75.636178, 4.482154], [-75.636177, 4.482991], [-75.636733, 4.482992], [-75.636734, 4.482434], [-75.637012, 4.482434], [-75.637011, 4.482713], [-75.637289, 4.482714], [-75.63729, 4.482435], [-75.637846, 4.482436], [-75.637846, 4.482157], [-75.63729, 4.482156], [-75.637291, 4.481598], [-75.637013, 4.481597], [-75.637012, 4.482155], [-75.636734, 4.482155], [-75.636735, 4.481876], [-75.636457, 4.481875], [-75.636456, 4.482154]], [[-75.637289, 4.482993], [-75.637567, 4.482993], [-75.637567, 4.482714], [-75.637289, 4.482714], [-75.637289, 4.482993]], [[-75.637011, 4.482992], [-75.63701, 4.483271], [-75.637288, 4.483272], [-75.637289, 4.482993], [-75.637011, 4.482992]], [[-75.638124, 4.482157], [-75.638125, 4.481599], [-75.637847, 4.481599], [-75.637846, 4.482157], [-75.638124, 4.482157]], [[-75.638403, 4.4816], [-75.638404, 4.481321], [-75.638682, 4.481321], [-75.638683, 4.481042], [-75.638127, 4.481041], [-75.638125, 4.481599], [-75.638403, 4.4816]], [[-75.638961, 4.481043], [-75.638961, 4.480764], [-75.638683, 4.480763], [-75.638683, 4.481042], [-75.638961, 4.481043]], [[-75.63619, 4.476015], [-75.636468, 4.476016], [-75.636469, 4.475737], [-75.636747, 4.475737], [-75.636748, 4.475179], [-75.636192, 4.475178], [-75.63619, 4.476015]], [[-75.636202, 4.470156], [-75.635924, 4.470155], [-75.635923, 4.470434], [-75.636201, 4.470435], [-75.636202, 4.470156]], [[-75.635648, 4.469038], [-75.635926, 4.469039], [-75.635926, 4.46876], [-75.635648, 4.468759], [-75.635648, 4.469038]], [[-75.631781, 4.455917], [-75.631225, 4.455916], [-75.631225, 4.456195], [-75.631781, 4.456196], [-75.631781, 4.455917]], [[-75.627314, 4.465953], [-75.627314, 4.465674], [-75.627036, 4.465673], [-75.627036, 4.465952], [-75.627314, 4.465953]], [[-75.625643, 4.467065], [-75.625365, 4.467065], [-75.625365, 4.467344], [-75.625643, 4.467344], [-75.625643, 4.467065]], [[-75.624242, 4.472643], [-75.624242, 4.472922], [-75.62452, 4.472923], [-75.62452, 4.472644], [-75.624242, 4.472643]], [[-75.623964, 4.472922], [-75.623686, 4.472921], [-75.623684, 4.473758], [-75.623962, 4.473759], [-75.623964, 4.472922]], [[-75.620904, 4.473753], [-75.620904, 4.473474], [-75.620626, 4.473473], [-75.620626, 4.473752], [-75.620904, 4.473753]], [[-75.621738, 4.473475], [-75.621738, 4.473754], [-75.621182, 4.473753], [-75.621181, 4.474032], [-75.621737, 4.474033], [-75.621737, 4.474312], [-75.622571, 4.474314], [-75.622571, 4.474035], [-75.622293, 4.474034], [-75.622294, 4.473755], [-75.622016, 4.473755], [-75.622016, 4.473476], [-75.622851, 4.473477], [-75.622852, 4.472919], [-75.622574, 4.472919], [-75.622573, 4.473198], [-75.622295, 4.473197], [-75.622296, 4.472918], [-75.622018, 4.472918], [-75.622017, 4.473197], [-75.621461, 4.473196], [-75.621462, 4.472917], [-75.621184, 4.472916], [-75.621183, 4.473195], [-75.620905, 4.473195], [-75.620904, 4.473474], [-75.621738, 4.473475]], [[-75.623127, 4.474036], [-75.623128, 4.473757], [-75.622572, 4.473756], [-75.622571, 4.474035], [-75.623127, 4.474036]], [[-75.621184, 4.472637], [-75.620906, 4.472637], [-75.620906, 4.472916], [-75.621184, 4.472916], [-75.621184, 4.472637]], [[-75.620907, 4.472358], [-75.620629, 4.472357], [-75.620628, 4.472636], [-75.620906, 4.472637], [-75.620907, 4.472358]], [[-75.620633, 4.470125], [-75.620634, 4.469846], [-75.620356, 4.469845], [-75.620355, 4.470124], [-75.620633, 4.470125]], [[-75.620371, 4.462033], [-75.620649, 4.462033], [-75.62065, 4.461475], [-75.620928, 4.461476], [-75.620929, 4.460918], [-75.620651, 4.460917], [-75.620651, 4.461196], [-75.620373, 4.461196], [-75.620371, 4.462033]], [[-75.620937, 4.456732], [-75.620659, 4.456732], [-75.620659, 4.457011], [-75.620937, 4.457011], [-75.620937, 4.456732]], [[-75.634577, 4.448109], [-75.634576, 4.448388], [-75.634854, 4.448389], [-75.634855, 4.44811], [-75.634577, 4.448109]], [[-75.65958, 4.457366], [-75.659579, 4.457645], [-75.659857, 4.457646], [-75.659858, 4.457366], [-75.65958, 4.457366]], [[-75.662913, 4.458768], [-75.663191, 4.458768], [-75.663193, 4.457931], [-75.662915, 4.45793], [-75.662913, 4.458768]], [[-75.683428, 4.489221], [-75.683428, 4.4895], [-75.683984, 4.489501], [-75.683985, 4.489222], [-75.683428, 4.489221]], [[-75.620923, 4.464266], [-75.620922, 4.464545], [-75.621478, 4.464546], [-75.621479, 4.464267], [-75.620923, 4.464266]], [[-75.620924, 4.463708], [-75.620646, 4.463707], [-75.620645, 4.464265], [-75.620923, 4.464266], [-75.620924, 4.463708]], [[-75.620646, 4.463428], [-75.620368, 4.463428], [-75.620368, 4.463707], [-75.620646, 4.463707], [-75.620646, 4.463428]], [[-75.620369, 4.463149], [-75.620091, 4.463148], [-75.62009, 4.463427], [-75.620368, 4.463428], [-75.620369, 4.463149]], [[-75.620092, 4.462311], [-75.620092, 4.46259], [-75.62037, 4.462591], [-75.62037, 4.462312], [-75.620092, 4.462311]], [[-75.621489, 4.459245], [-75.621211, 4.459244], [-75.62121, 4.459523], [-75.620932, 4.459522], [-75.620931, 4.459802], [-75.621209, 4.459802], [-75.621209, 4.460081], [-75.620931, 4.460081], [-75.62093, 4.46036], [-75.621486, 4.460361], [-75.621489, 4.459245]], [[-75.621474, 4.466499], [-75.621196, 4.466499], [-75.621196, 4.466778], [-75.621474, 4.466778], [-75.621474, 4.466499]], [[-75.621745, 4.470406], [-75.621467, 4.470405], [-75.621466, 4.470684], [-75.621744, 4.470685], [-75.621745, 4.470406]], [[-75.621751, 4.467337], [-75.622029, 4.467337], [-75.622029, 4.467058], [-75.621751, 4.467058], [-75.621751, 4.467337]], [[-75.621473, 4.467336], [-75.621472, 4.467615], [-75.62175, 4.467616], [-75.621751, 4.467337], [-75.621473, 4.467336]], [[-75.62176, 4.462593], [-75.621482, 4.462593], [-75.621481, 4.462872], [-75.621759, 4.462872], [-75.62176, 4.462593]], [[-75.62258, 4.469571], [-75.62258, 4.46985], [-75.622858, 4.46985], [-75.622858, 4.469571], [-75.62258, 4.469571]], [[-75.622581, 4.469292], [-75.622025, 4.46929], [-75.622024, 4.46957], [-75.62258, 4.469571], [-75.622581, 4.469292]], [[-75.622025, 4.469011], [-75.621747, 4.469011], [-75.621747, 4.46929], [-75.622025, 4.46929], [-75.622025, 4.469011]], [[-75.621752, 4.4665], [-75.621752, 4.466779], [-75.62203, 4.466779], [-75.62203, 4.4665], [-75.621752, 4.4665]], [[-75.622308, 4.466501], [-75.622586, 4.466501], [-75.622587, 4.466222], [-75.622865, 4.466223], [-75.622864, 4.466781], [-75.62342, 4.466782], [-75.62342, 4.466503], [-75.623976, 4.466504], [-75.623977, 4.466225], [-75.624255, 4.466226], [-75.624256, 4.465668], [-75.622866, 4.465665], [-75.622866, 4.465386], [-75.621754, 4.465384], [-75.621754, 4.465663], [-75.622032, 4.465663], [-75.622031, 4.465942], [-75.622309, 4.465943], [-75.622308, 4.466501]], [[-75.622023, 4.470407], [-75.622022, 4.470686], [-75.622578, 4.470687], [-75.622579, 4.470408], [-75.622023, 4.470407]], [[-75.622314, 4.463711], [-75.622313, 4.46399], [-75.622869, 4.463991], [-75.622869, 4.46427], [-75.623147, 4.46427], [-75.623146, 4.464549], [-75.623424, 4.46455], [-75.623425, 4.464271], [-75.623703, 4.464271], [-75.623703, 4.463992], [-75.623147, 4.463991], [-75.623148, 4.463712], [-75.622314, 4.463711]], [[-75.622317, 4.462036], [-75.622316, 4.462315], [-75.622595, 4.462316], [-75.622595, 4.462037], [-75.622317, 4.462036]], [[-75.622323, 4.458967], [-75.622322, 4.459525], [-75.622878, 4.459526], [-75.622879, 4.458968], [-75.622323, 4.458967]], [[-75.622616, 4.451155], [-75.622338, 4.451155], [-75.622338, 4.451434], [-75.622616, 4.451434], [-75.622616, 4.451155]], [[-75.622862, 4.467897], [-75.62286, 4.468455], [-75.623138, 4.468456], [-75.62314, 4.467898], [-75.622862, 4.467897]], [[-75.623429, 4.462318], [-75.623707, 4.462318], [-75.623708, 4.46176], [-75.623986, 4.461761], [-75.623987, 4.461203], [-75.623431, 4.461202], [-75.623431, 4.460923], [-75.622875, 4.460921], [-75.622875, 4.4612], [-75.623153, 4.461201], [-75.623152, 4.461759], [-75.622874, 4.461759], [-75.622873, 4.462038], [-75.623429, 4.462039], [-75.623429, 4.462318]], [[-75.623155, 4.459806], [-75.623154, 4.460364], [-75.623432, 4.460365], [-75.623433, 4.459806], [-75.623155, 4.459806]], [[-75.623449, 4.451715], [-75.623171, 4.451714], [-75.62317, 4.452551], [-75.623448, 4.452552], [-75.623449, 4.451715]], [[-75.624536, 4.464552], [-75.624536, 4.464831], [-75.625092, 4.464832], [-75.625091, 4.465111], [-75.625369, 4.465112], [-75.62537, 4.464833], [-75.625648, 4.464833], [-75.625648, 4.464554], [-75.624536, 4.464552]], [[-75.624537, 4.464273], [-75.624815, 4.464274], [-75.624815, 4.463995], [-75.623981, 4.463993], [-75.623981, 4.464272], [-75.624259, 4.464272], [-75.624258, 4.464552], [-75.624536, 4.464552], [-75.624537, 4.464273]], [[-75.624544, 4.460367], [-75.624543, 4.461204], [-75.624265, 4.461203], [-75.624263, 4.46204], [-75.624541, 4.462041], [-75.624541, 4.46232], [-75.624263, 4.462319], [-75.624261, 4.462877], [-75.624539, 4.462878], [-75.62454, 4.462599], [-75.624818, 4.462599], [-75.624819, 4.46232], [-75.625097, 4.462321], [-75.6251, 4.460647], [-75.624822, 4.460646], [-75.624822, 4.460367], [-75.624544, 4.460367]], [[-75.624532, 4.466505], [-75.624531, 4.467063], [-75.625087, 4.467064], [-75.625088, 4.466785], [-75.625366, 4.466786], [-75.625367, 4.466228], [-75.625089, 4.466227], [-75.625088, 4.466506], [-75.624532, 4.466505]], [[-75.625942, 4.456463], [-75.625944, 4.455347], [-75.625666, 4.455347], [-75.625667, 4.455067], [-75.625389, 4.455067], [-75.625387, 4.455904], [-75.625109, 4.455903], [-75.625107, 4.45702], [-75.624551, 4.457018], [-75.62455, 4.457577], [-75.625384, 4.457578], [-75.625384, 4.457299], [-75.625662, 4.4573], [-75.625664, 4.456463], [-75.625942, 4.456463]], [[-75.624832, 4.455345], [-75.624554, 4.455344], [-75.624552, 4.45646], [-75.62483, 4.456461], [-75.624832, 4.455345]], [[-75.62591, 4.472646], [-75.62591, 4.472926], [-75.6273, 4.472928], [-75.6273, 4.472649], [-75.62591, 4.472646]], [[-75.62651, 4.450605], [-75.626232, 4.450604], [-75.626231, 4.450883], [-75.626509, 4.450884], [-75.62651, 4.450605]], [[-75.627071, 4.448095], [-75.626793, 4.448094], [-75.626792, 4.448373], [-75.62707, 4.448374], [-75.627071, 4.448095]], [[-75.628134, 4.472651], [-75.628134, 4.47293], [-75.628412, 4.47293], [-75.628412, 4.472651], [-75.628134, 4.472651]], [[-75.629726, 4.511438], [-75.629725, 4.511717], [-75.630003, 4.511718], [-75.630004, 4.511439], [-75.629726, 4.511438]], [[-75.631121, 4.509209], [-75.630564, 4.509208], [-75.630563, 4.509766], [-75.630285, 4.509765], [-75.630285, 4.510044], [-75.630841, 4.510045], [-75.630841, 4.509766], [-75.631119, 4.509767], [-75.631121, 4.509209]], [[-75.631131, 4.503908], [-75.630853, 4.503907], [-75.630852, 4.504186], [-75.63113, 4.504187], [-75.631131, 4.503908]], [[-75.631504, 4.455358], [-75.631226, 4.455357], [-75.631226, 4.455637], [-75.631504, 4.455637], [-75.631504, 4.455358]], [[-75.632609, 4.458988], [-75.632331, 4.458987], [-75.632331, 4.459266], [-75.632609, 4.459267], [-75.632609, 4.458988]], [[-75.63262, 4.453407], [-75.63262, 4.453686], [-75.632898, 4.453687], [-75.632898, 4.453408], [-75.63262, 4.453407]], [[-75.634833, 4.459271], [-75.635111, 4.459271], [-75.635111, 4.458992], [-75.634833, 4.458992], [-75.634833, 4.459271]], [[-75.634555, 4.45927], [-75.634554, 4.459549], [-75.634832, 4.45955], [-75.634833, 4.459271], [-75.634555, 4.45927]], [[-75.634555, 4.458991], [-75.634277, 4.458991], [-75.634277, 4.45927], [-75.634555, 4.45927], [-75.634555, 4.458991]], [[-75.634278, 4.458712], [-75.634, 4.458711], [-75.633999, 4.45899], [-75.634277, 4.458991], [-75.634278, 4.458712]], [[-75.633721, 4.45899], [-75.633721, 4.459269], [-75.633999, 4.459269], [-75.633999, 4.45899], [-75.633721, 4.45899]], [[-75.633722, 4.458711], [-75.633444, 4.45871], [-75.633443, 4.458989], [-75.633721, 4.45899], [-75.633722, 4.458711]], [[-75.633445, 4.458152], [-75.633167, 4.458152], [-75.633166, 4.45871], [-75.633444, 4.45871], [-75.633445, 4.458152]], [[-75.633168, 4.457873], [-75.63289, 4.457872], [-75.632889, 4.458151], [-75.633167, 4.458152], [-75.633168, 4.457873]], [[-75.634011, 4.452852], [-75.634289, 4.452852], [-75.63429, 4.452573], [-75.634012, 4.452573], [-75.634011, 4.452852]], [[-75.633733, 4.452851], [-75.633733, 4.45313], [-75.634011, 4.453131], [-75.634011, 4.452852], [-75.633733, 4.452851]], [[-75.633734, 4.452572], [-75.633178, 4.452571], [-75.633177, 4.45285], [-75.633733, 4.452851], [-75.633734, 4.452572]], [[-75.633684, 4.478242], [-75.633406, 4.478242], [-75.633405, 4.478521], [-75.633683, 4.478521], [-75.633684, 4.478242]], [[-75.634293, 4.450899], [-75.634571, 4.4509], [-75.634572, 4.450621], [-75.634294, 4.45062], [-75.634293, 4.450899]], [[-75.634015, 4.450899], [-75.634012, 4.452294], [-75.63429, 4.452294], [-75.634293, 4.450899], [-75.634015, 4.450899]], [[-75.634851, 4.449784], [-75.634851, 4.450063], [-75.634295, 4.450062], [-75.634294, 4.450341], [-75.635406, 4.450343], [-75.635407, 4.450064], [-75.635129, 4.450064], [-75.635129, 4.449785], [-75.634851, 4.449784]], [[-75.634852, 4.449226], [-75.634574, 4.449226], [-75.634574, 4.449505], [-75.634296, 4.449504], [-75.634295, 4.449783], [-75.634851, 4.449784], [-75.634852, 4.449226]], [[-75.634518, 4.478244], [-75.634517, 4.478523], [-75.634795, 4.478524], [-75.634796, 4.478245], [-75.634518, 4.478244]], [[-75.635107, 4.461225], [-75.634829, 4.461224], [-75.634829, 4.461503], [-75.634551, 4.461503], [-75.63455, 4.461782], [-75.634828, 4.461782], [-75.634827, 4.462061], [-75.635105, 4.462062], [-75.635106, 4.461783], [-75.635384, 4.461783], [-75.635385, 4.461504], [-75.635107, 4.461504], [-75.635107, 4.461225]], [[-75.634847, 4.452016], [-75.634569, 4.452016], [-75.634568, 4.452574], [-75.634846, 4.452574], [-75.634847, 4.452016]], [[-75.635113, 4.458434], [-75.634835, 4.458434], [-75.634834, 4.458713], [-75.635112, 4.458713], [-75.635113, 4.458434]], [[-75.635397, 4.455366], [-75.634841, 4.455365], [-75.63484, 4.455644], [-75.635396, 4.455645], [-75.635397, 4.455366]], [[-75.635123, 4.452854], [-75.635401, 4.452854], [-75.635402, 4.452575], [-75.635124, 4.452575], [-75.635123, 4.452854]], [[-75.634845, 4.452853], [-75.634845, 4.453132], [-75.635123, 4.453133], [-75.635123, 4.452854], [-75.634845, 4.452853]], [[-75.637572, 4.480203], [-75.637016, 4.480202], [-75.63702, 4.478249], [-75.63563, 4.478246], [-75.63563, 4.477967], [-75.635352, 4.477967], [-75.635352, 4.478246], [-75.635074, 4.478245], [-75.635072, 4.479082], [-75.63535, 4.479083], [-75.63535, 4.479362], [-75.635628, 4.479362], [-75.635629, 4.478804], [-75.635351, 4.478804], [-75.635351, 4.478525], [-75.636185, 4.478526], [-75.636185, 4.478805], [-75.636463, 4.478806], [-75.636461, 4.479643], [-75.636739, 4.479644], [-75.636739, 4.479923], [-75.636461, 4.479922], [-75.63646, 4.48048], [-75.637016, 4.480481], [-75.637015, 4.48076], [-75.636737, 4.48076], [-75.636736, 4.481039], [-75.637014, 4.481039], [-75.637014, 4.481318], [-75.63757, 4.481319], [-75.637571, 4.480761], [-75.637849, 4.480762], [-75.637851, 4.479646], [-75.637573, 4.479645], [-75.637572, 4.480203]], [[-75.635908, 4.477968], [-75.635909, 4.477689], [-75.635631, 4.477688], [-75.63563, 4.477967], [-75.635908, 4.477968]], [[-75.637574, 4.479366], [-75.637852, 4.479367], [-75.637852, 4.479088], [-75.637296, 4.479087], [-75.637295, 4.479645], [-75.637573, 4.479645], [-75.637574, 4.479366]], [[-75.635571, 4.508102], [-75.635293, 4.508101], [-75.635293, 4.50838], [-75.635571, 4.508381], [-75.635571, 4.508102]], [[-75.635634, 4.476293], [-75.635356, 4.476292], [-75.635355, 4.476572], [-75.635633, 4.476572], [-75.635634, 4.476293]], [[-75.635668, 4.458715], [-75.635667, 4.458994], [-75.635945, 4.458994], [-75.635946, 4.458715], [-75.635668, 4.458715]], [[-75.635669, 4.458435], [-75.635391, 4.458435], [-75.63539, 4.458714], [-75.635668, 4.458715], [-75.635669, 4.458435]], [[-75.63567, 4.457877], [-75.635669, 4.458156], [-75.636503, 4.458158], [-75.636504, 4.457879], [-75.63567, 4.457877]], [[-75.63567, 4.457598], [-75.635392, 4.457598], [-75.635392, 4.457877], [-75.63567, 4.457877], [-75.63567, 4.457598]], [[-75.636228, 4.456762], [-75.63595, 4.456762], [-75.63595, 4.456483], [-75.635672, 4.456482], [-75.635673, 4.456203], [-75.635395, 4.456203], [-75.635394, 4.456761], [-75.635672, 4.456761], [-75.635671, 4.45704], [-75.635949, 4.457041], [-75.635949, 4.45732], [-75.636227, 4.45732], [-75.636228, 4.456762]], [[-75.636233, 4.454251], [-75.635955, 4.454251], [-75.635954, 4.45453], [-75.635398, 4.454529], [-75.635398, 4.454808], [-75.635954, 4.454809], [-75.635953, 4.455088], [-75.636509, 4.455089], [-75.63651, 4.454531], [-75.636232, 4.45453], [-75.636233, 4.454251]], [[-75.635955, 4.453972], [-75.635399, 4.453971], [-75.635399, 4.45425], [-75.635955, 4.454251], [-75.635955, 4.453972]], [[-75.6354, 4.453413], [-75.6354, 4.453692], [-75.635678, 4.453692], [-75.635678, 4.453413], [-75.6354, 4.453413]], [[-75.635685, 4.449786], [-75.635685, 4.450065], [-75.635963, 4.450065], [-75.635963, 4.449786], [-75.635685, 4.449786]], [[-75.635686, 4.449507], [-75.635408, 4.449506], [-75.635407, 4.449785], [-75.635685, 4.449786], [-75.635686, 4.449507]], [[-75.635897, 4.483548], [-75.635619, 4.483548], [-75.635619, 4.483827], [-75.635897, 4.483827], [-75.635897, 4.483548]], [[-75.635899, 4.482711], [-75.635621, 4.482711], [-75.635621, 4.48299], [-75.635899, 4.48299], [-75.635899, 4.482711]], [[-75.635913, 4.475457], [-75.635635, 4.475456], [-75.635635, 4.475735], [-75.635913, 4.475736], [-75.635913, 4.475457]], [[-75.635944, 4.459831], [-75.635666, 4.459831], [-75.635665, 4.46011], [-75.635943, 4.46011], [-75.635944, 4.459831]], [[-75.636183, 4.479921], [-75.635905, 4.479921], [-75.635904, 4.4802], [-75.636182, 4.4802], [-75.636183, 4.479921]], [[-75.636184, 4.479363], [-75.635906, 4.479363], [-75.635905, 4.479642], [-75.636183, 4.479642], [-75.636184, 4.479363]], [[-75.636962, 4.507546], [-75.63724, 4.507547], [-75.637241, 4.507268], [-75.636685, 4.507267], [-75.636686, 4.506709], [-75.636408, 4.506708], [-75.636407, 4.506987], [-75.636129, 4.506987], [-75.636129, 4.507266], [-75.636407, 4.507266], [-75.636405, 4.508103], [-75.636961, 4.508104], [-75.636962, 4.507546]], [[-75.636728, 4.485224], [-75.63645, 4.485223], [-75.636449, 4.485781], [-75.636171, 4.485781], [-75.636171, 4.48606], [-75.636727, 4.486061], [-75.636728, 4.485224]], [[-75.636454, 4.48327], [-75.636176, 4.48327], [-75.636175, 4.483549], [-75.636454, 4.483549], [-75.636454, 4.48327]], [[-75.636512, 4.453694], [-75.636511, 4.453973], [-75.636789, 4.453973], [-75.63679, 4.453694], [-75.636512, 4.453694]], [[-75.636512, 4.453415], [-75.636234, 4.453414], [-75.636234, 4.453693], [-75.636512, 4.453694], [-75.636512, 4.453415]], [[-75.636513, 4.452857], [-75.636791, 4.452857], [-75.636792, 4.452578], [-75.636514, 4.452578], [-75.636513, 4.452857]], [[-75.636235, 4.452856], [-75.636235, 4.453135], [-75.636513, 4.453136], [-75.636513, 4.452857], [-75.636235, 4.452856]], [[-75.636516, 4.451462], [-75.636238, 4.451461], [-75.636238, 4.45174], [-75.636516, 4.451741], [-75.636516, 4.451462]], [[-75.63763, 4.450627], [-75.637629, 4.450906], [-75.637907, 4.450906], [-75.637908, 4.450627], [-75.63763, 4.450627]], [[-75.63763, 4.450348], [-75.637352, 4.450347], [-75.637352, 4.450626], [-75.63763, 4.450627], [-75.63763, 4.450348]], [[-75.637353, 4.450068], [-75.637075, 4.450067], [-75.637074, 4.450347], [-75.637352, 4.450347], [-75.637353, 4.450068]], [[-75.636796, 4.450625], [-75.636796, 4.450346], [-75.636518, 4.450345], [-75.636518, 4.450624], [-75.63624, 4.450624], [-75.636239, 4.450903], [-75.637351, 4.450905], [-75.637352, 4.450626], [-75.636796, 4.450625]], [[-75.636522, 4.448392], [-75.6368, 4.448393], [-75.636801, 4.448114], [-75.636523, 4.448113], [-75.636522, 4.448392]], [[-75.636244, 4.448392], [-75.636244, 4.448671], [-75.636522, 4.448671], [-75.636522, 4.448392], [-75.636244, 4.448392]], [[-75.636744, 4.477132], [-75.636466, 4.477132], [-75.636466, 4.477411], [-75.636744, 4.477411], [-75.636744, 4.477132]], [[-75.636509, 4.455368], [-75.636508, 4.455647], [-75.636786, 4.455647], [-75.636787, 4.455368], [-75.636509, 4.455368]], [[-75.636995, 4.490805], [-75.637273, 4.490806], [-75.637274, 4.490527], [-75.636996, 4.490526], [-75.636995, 4.490805]], [[-75.636717, 4.490804], [-75.636717, 4.491083], [-75.636995, 4.491084], [-75.636995, 4.490805], [-75.636717, 4.490804]], [[-75.637835, 4.487737], [-75.637557, 4.487737], [-75.637557, 4.488016], [-75.637279, 4.488015], [-75.637278, 4.488294], [-75.636722, 4.488293], [-75.636722, 4.488572], [-75.637, 4.488573], [-75.636999, 4.488852], [-75.637555, 4.488853], [-75.637556, 4.488574], [-75.637834, 4.488574], [-75.637835, 4.487737]], [[-75.636793, 4.45202], [-75.636793, 4.452299], [-75.637349, 4.4523], [-75.637349, 4.452021], [-75.636793, 4.45202]], [[-75.636794, 4.451462], [-75.636794, 4.451741], [-75.63735, 4.451742], [-75.63735, 4.451463], [-75.636794, 4.451462]], [[-75.63807, 4.509781], [-75.637792, 4.50978], [-75.637793, 4.509501], [-75.638071, 4.509502], [-75.638071, 4.509223], [-75.637793, 4.509222], [-75.637794, 4.508664], [-75.637238, 4.508663], [-75.637237, 4.509221], [-75.636959, 4.509221], [-75.636958, 4.509779], [-75.637514, 4.50978], [-75.637514, 4.510059], [-75.637792, 4.510059], [-75.637791, 4.510338], [-75.638069, 4.510339], [-75.63807, 4.509781]], [[-75.638355, 4.506433], [-75.638633, 4.506434], [-75.638633, 4.506155], [-75.638355, 4.506154], [-75.638355, 4.506433]], [[-75.638077, 4.506433], [-75.638077, 4.506154], [-75.637799, 4.506153], [-75.637799, 4.506432], [-75.637521, 4.506431], [-75.63752, 4.50671], [-75.636964, 4.506709], [-75.636964, 4.506988], [-75.638354, 4.506991], [-75.638355, 4.506433], [-75.638077, 4.506433]], [[-75.637276, 4.48941], [-75.636998, 4.48941], [-75.636998, 4.489689], [-75.637276, 4.489689], [-75.637276, 4.48941]], [[-75.63724, 4.507826], [-75.637239, 4.508105], [-75.637517, 4.508106], [-75.637518, 4.507827], [-75.63724, 4.507826]], [[-75.638395, 4.485785], [-75.638117, 4.485785], [-75.638118, 4.485506], [-75.63784, 4.485505], [-75.637839, 4.485784], [-75.637283, 4.485783], [-75.637283, 4.486062], [-75.637561, 4.486063], [-75.63756, 4.486342], [-75.638394, 4.486343], [-75.638395, 4.485785]], [[-75.637578, 4.477134], [-75.637577, 4.477692], [-75.638133, 4.477693], [-75.638134, 4.477414], [-75.637856, 4.477414], [-75.637856, 4.477134], [-75.637578, 4.477134]], [[-75.637579, 4.476855], [-75.637301, 4.476854], [-75.6373, 4.477133], [-75.637578, 4.477134], [-75.637579, 4.476855]], [[-75.637344, 4.454532], [-75.637344, 4.454811], [-75.637622, 4.454812], [-75.637622, 4.454533], [-75.637344, 4.454532]], [[-75.637904, 4.45258], [-75.63846, 4.452581], [-75.638461, 4.452302], [-75.637905, 4.452301], [-75.637904, 4.45258]], [[-75.637348, 4.452579], [-75.637347, 4.452858], [-75.637903, 4.452859], [-75.637904, 4.45258], [-75.637348, 4.452579]], [[-75.637826, 4.49276], [-75.638104, 4.49276], [-75.638103, 4.493039], [-75.638381, 4.49304], [-75.63838, 4.493598], [-75.639492, 4.4936], [-75.639494, 4.492484], [-75.639216, 4.492484], [-75.639216, 4.492763], [-75.638938, 4.492762], [-75.638937, 4.49332], [-75.638659, 4.49332], [-75.638661, 4.491924], [-75.638383, 4.491924], [-75.638383, 4.492203], [-75.638105, 4.492202], [-75.638104, 4.492481], [-75.637826, 4.492481], [-75.637826, 4.49276]], [[-75.637548, 4.492759], [-75.637547, 4.493038], [-75.637825, 4.493039], [-75.637826, 4.49276], [-75.637548, 4.492759]], [[-75.637633, 4.449232], [-75.637632, 4.449511], [-75.63791, 4.449511], [-75.637911, 4.449232], [-75.637633, 4.449232]], [[-75.640304, 4.505042], [-75.640303, 4.505321], [-75.640859, 4.505322], [-75.64086, 4.505043], [-75.640304, 4.505042]], [[-75.640304, 4.504763], [-75.64086, 4.504764], [-75.640861, 4.504206], [-75.641139, 4.504206], [-75.64114, 4.503927], [-75.641418, 4.503928], [-75.64142, 4.503091], [-75.641142, 4.50309], [-75.641141, 4.503369], [-75.640307, 4.503368], [-75.640306, 4.503926], [-75.640028, 4.503925], [-75.640027, 4.504204], [-75.639193, 4.504203], [-75.639193, 4.504482], [-75.638915, 4.504481], [-75.638914, 4.50476], [-75.63808, 4.504758], [-75.638079, 4.505037], [-75.637801, 4.505037], [-75.6378, 4.505595], [-75.638356, 4.505596], [-75.638357, 4.505317], [-75.638635, 4.505318], [-75.638636, 4.505039], [-75.638914, 4.505039], [-75.638912, 4.505597], [-75.63919, 4.505598], [-75.639191, 4.505319], [-75.639747, 4.50532], [-75.639748, 4.505041], [-75.640304, 4.505042], [-75.640304, 4.504763]], [[-75.637824, 4.493597], [-75.637822, 4.494713], [-75.6381, 4.494714], [-75.6381, 4.494435], [-75.638378, 4.494435], [-75.638379, 4.493877], [-75.638101, 4.493876], [-75.638102, 4.493597], [-75.637824, 4.493597]], [[-75.640058, 4.488579], [-75.640058, 4.4883], [-75.639224, 4.488298], [-75.639225, 4.488019], [-75.638947, 4.488019], [-75.638947, 4.48774], [-75.638113, 4.487738], [-75.638113, 4.488017], [-75.638391, 4.488018], [-75.63839, 4.488576], [-75.638112, 4.488575], [-75.63811, 4.489412], [-75.637832, 4.489412], [-75.637828, 4.491644], [-75.638106, 4.491644], [-75.638106, 4.491365], [-75.638384, 4.491366], [-75.638386, 4.490529], [-75.638664, 4.490529], [-75.638663, 4.490808], [-75.638941, 4.490809], [-75.638942, 4.49053], [-75.63922, 4.49053], [-75.639221, 4.490251], [-75.639499, 4.490252], [-75.639499, 4.489973], [-75.639777, 4.489973], [-75.639777, 4.490252], [-75.640055, 4.490253], [-75.640055, 4.489974], [-75.640333, 4.489975], [-75.640334, 4.489695], [-75.640612, 4.489696], [-75.640611, 4.490254], [-75.640889, 4.490255], [-75.640889, 4.489976], [-75.641167, 4.489976], [-75.641169, 4.48886], [-75.640891, 4.48886], [-75.640892, 4.48858], [-75.640058, 4.488579]], [[-75.638172, 4.457603], [-75.638172, 4.457882], [-75.637894, 4.457882], [-75.637893, 4.458161], [-75.638449, 4.458162], [-75.63845, 4.457604], [-75.638172, 4.457603]], [[-75.638173, 4.457324], [-75.637895, 4.457324], [-75.637894, 4.457603], [-75.638172, 4.457603], [-75.638173, 4.457324]], [[-75.638178, 4.454534], [-75.638178, 4.454813], [-75.638734, 4.454814], [-75.638734, 4.454535], [-75.638178, 4.454534]], [[-75.638179, 4.454255], [-75.637901, 4.454254], [-75.6379, 4.454534], [-75.638178, 4.454534], [-75.638179, 4.454255]], [[-75.638411, 4.477973], [-75.638409, 4.47881], [-75.638131, 4.478809], [-75.63813, 4.479088], [-75.638964, 4.47909], [-75.638965, 4.478811], [-75.639243, 4.478811], [-75.639244, 4.478532], [-75.638965, 4.478532], [-75.638966, 4.478253], [-75.638688, 4.478252], [-75.638689, 4.477973], [-75.638411, 4.477973]], [[-75.638736, 4.453698], [-75.638735, 4.453977], [-75.639013, 4.453978], [-75.639014, 4.453699], [-75.638736, 4.453698]], [[-75.638736, 4.453419], [-75.63818, 4.453418], [-75.63818, 4.453697], [-75.638736, 4.453698], [-75.638736, 4.453419]], [[-75.638186, 4.450628], [-75.638185, 4.450907], [-75.638741, 4.450908], [-75.638742, 4.450629], [-75.638186, 4.450628]], [[-75.638453, 4.456209], [-75.638452, 4.456488], [-75.639008, 4.456489], [-75.639009, 4.45621], [-75.638453, 4.456209]], [[-75.638632, 4.506992], [-75.638631, 4.507271], [-75.638909, 4.507271], [-75.63891, 4.506992], [-75.638632, 4.506992]], [[-75.63902, 4.45035], [-75.63902, 4.450629], [-75.639298, 4.45063], [-75.639298, 4.450351], [-75.63902, 4.45035]], [[-75.639021, 4.449792], [-75.639021, 4.450071], [-75.639577, 4.450072], [-75.639577, 4.449793], [-75.639021, 4.449792]], [[-75.639737, 4.510342], [-75.639181, 4.510341], [-75.639181, 4.51062], [-75.639737, 4.510621], [-75.639737, 4.510342]], [[-75.639498, 4.49081], [-75.639219, 4.490809], [-75.639219, 4.491088], [-75.639497, 4.491089], [-75.639498, 4.49081]], [[-75.639516, 4.481602], [-75.639794, 4.481603], [-75.639794, 4.481324], [-75.640072, 4.481324], [-75.640072, 4.481603], [-75.640628, 4.481604], [-75.640628, 4.481325], [-75.64035, 4.481325], [-75.640351, 4.481046], [-75.640629, 4.481046], [-75.640629, 4.480767], [-75.640351, 4.480767], [-75.640352, 4.480209], [-75.640074, 4.480208], [-75.640075, 4.479929], [-75.639797, 4.479929], [-75.639796, 4.480208], [-75.639518, 4.480207], [-75.639516, 4.481323], [-75.639238, 4.481323], [-75.639236, 4.48216], [-75.639514, 4.48216], [-75.639516, 4.481602]], [[-75.640294, 4.509785], [-75.640016, 4.509785], [-75.640016, 4.510064], [-75.640294, 4.510064], [-75.640294, 4.509785]], [[-75.640594, 4.498904], [-75.640316, 4.498903], [-75.640315, 4.499182], [-75.640593, 4.499183], [-75.640594, 4.498904]], [[-75.640905, 4.481884], [-75.640627, 4.481883], [-75.640627, 4.482162], [-75.640348, 4.482162], [-75.640348, 4.482441], [-75.640904, 4.482442], [-75.640905, 4.481884]], [[-75.641406, 4.510066], [-75.641684, 4.510067], [-75.641685, 4.509788], [-75.641406, 4.509787], [-75.641406, 4.510066]], [[-75.641128, 4.510066], [-75.641129, 4.509508], [-75.640851, 4.509507], [-75.640849, 4.510344], [-75.641405, 4.510345], [-75.641406, 4.510066], [-75.641128, 4.510066]], [[-75.641976, 4.502813], [-75.641975, 4.50365], [-75.641697, 4.503649], [-75.641695, 4.504208], [-75.641417, 4.504207], [-75.641416, 4.504765], [-75.641138, 4.504764], [-75.641138, 4.505043], [-75.641694, 4.505045], [-75.641694, 4.504766], [-75.641972, 4.504766], [-75.641973, 4.504487], [-75.642251, 4.504488], [-75.642252, 4.50393], [-75.64253, 4.50393], [-75.642532, 4.502814], [-75.641976, 4.502813]], [[-75.641977, 4.502255], [-75.641699, 4.502254], [-75.6417, 4.501696], [-75.641144, 4.501695], [-75.641143, 4.502253], [-75.641421, 4.502254], [-75.64142, 4.502812], [-75.641976, 4.502813], [-75.641977, 4.502255]], [[-75.641705, 4.499464], [-75.641427, 4.499464], [-75.641427, 4.499185], [-75.641149, 4.499184], [-75.641148, 4.499742], [-75.641704, 4.499743], [-75.641705, 4.499464]], [[-75.641703, 4.50058], [-75.641425, 4.50058], [-75.641424, 4.500859], [-75.641702, 4.500859], [-75.641703, 4.50058]], [[-75.641444, 4.490814], [-75.641443, 4.491093], [-75.641721, 4.491093], [-75.641722, 4.490814], [-75.641444, 4.490814]], [[-75.641961, 4.510626], [-75.642239, 4.510626], [-75.64224, 4.510068], [-75.641962, 4.510068], [-75.641961, 4.510347], [-75.641683, 4.510346], [-75.641682, 4.510904], [-75.64196, 4.510905], [-75.641961, 4.510626]], [[-75.64198, 4.501139], [-75.641701, 4.501138], [-75.641701, 4.501417], [-75.641979, 4.501418], [-75.64198, 4.501139]], [[-75.643654, 4.497794], [-75.643376, 4.497793], [-75.643375, 4.498351], [-75.643653, 4.498352], [-75.643654, 4.497794]], [[-75.644185, 4.510909], [-75.643907, 4.510908], [-75.643905, 4.511467], [-75.644183, 4.511467], [-75.644185, 4.510909]], [[-75.644211, 4.497516], [-75.644489, 4.497516], [-75.644489, 4.497237], [-75.644211, 4.497237], [-75.644211, 4.497516]], [[-75.643933, 4.497515], [-75.643932, 4.497794], [-75.64421, 4.497795], [-75.644211, 4.497516], [-75.643933, 4.497515]], [[-75.645026, 4.507283], [-75.645304, 4.507284], [-75.645304, 4.507005], [-75.645026, 4.507004], [-75.645026, 4.507283]], [[-75.644748, 4.507283], [-75.644744, 4.508957], [-75.645301, 4.508958], [-75.645303, 4.507563], [-75.645025, 4.507562], [-75.645026, 4.507283], [-75.644748, 4.507283]], [[-75.644466, 4.508956], [-75.644465, 4.509514], [-75.644743, 4.509515], [-75.644743, 4.509794], [-75.645021, 4.509795], [-75.645022, 4.509237], [-75.644744, 4.509236], [-75.644744, 4.508957], [-75.644466, 4.508956]], [[-75.647568, 4.48664], [-75.647846, 4.486641], [-75.647848, 4.485525], [-75.64757, 4.485524], [-75.647572, 4.484966], [-75.647294, 4.484966], [-75.647294, 4.484687], [-75.645626, 4.484683], [-75.645625, 4.484962], [-75.645347, 4.484962], [-75.645347, 4.485241], [-75.645069, 4.48524], [-75.645068, 4.485798], [-75.64479, 4.485798], [-75.644789, 4.486077], [-75.644511, 4.486076], [-75.64451, 4.486634], [-75.645066, 4.486636], [-75.645066, 4.486915], [-75.647568, 4.486919], [-75.647568, 4.48664]], [[-75.645043, 4.498355], [-75.644765, 4.498354], [-75.644765, 4.498633], [-75.645043, 4.498634], [-75.645043, 4.498355]], [[-75.645305, 4.506447], [-75.645583, 4.506447], [-75.645585, 4.505889], [-75.645307, 4.505889], [-75.645305, 4.506447]], [[-75.645027, 4.506446], [-75.645027, 4.506725], [-75.645305, 4.506726], [-75.645305, 4.506447], [-75.645027, 4.506446]], [[-75.64503, 4.505051], [-75.64503, 4.50533], [-75.645308, 4.505331], [-75.645308, 4.505052], [-75.64503, 4.505051]], [[-75.645335, 4.491379], [-75.645057, 4.491379], [-75.645056, 4.491658], [-75.645334, 4.491659], [-75.645335, 4.491379]], [[-75.645588, 4.504215], [-75.645587, 4.504494], [-75.645309, 4.504494], [-75.645309, 4.504773], [-75.645587, 4.504773], [-75.645586, 4.505052], [-75.645864, 4.505053], [-75.645866, 4.504216], [-75.645588, 4.504215]], [[-75.645588, 4.503936], [-75.64531, 4.503936], [-75.64531, 4.504215], [-75.645588, 4.504215], [-75.645588, 4.503936]], [[-75.647264, 4.500033], [-75.64782, 4.500034], [-75.647821, 4.499755], [-75.647265, 4.499754], [-75.647264, 4.500033]], [[-75.646986, 4.500033], [-75.646986, 4.500312], [-75.647264, 4.500312], [-75.647264, 4.500033], [-75.646986, 4.500033]], [[-75.646708, 4.500311], [-75.646707, 4.50059], [-75.646985, 4.500591], [-75.646986, 4.500312], [-75.646708, 4.500311]], [[-75.646429, 4.50059], [-75.646428, 4.501148], [-75.645872, 4.501146], [-75.64587, 4.501984], [-75.645592, 4.501983], [-75.645589, 4.503657], [-75.646145, 4.503658], [-75.646146, 4.5031], [-75.646424, 4.503101], [-75.646427, 4.501706], [-75.646149, 4.501705], [-75.646149, 4.501426], [-75.646705, 4.501427], [-75.646707, 4.50059], [-75.646429, 4.50059]], [[-75.645891, 4.491102], [-75.64589, 4.49166], [-75.646168, 4.49166], [-75.646169, 4.491381], [-75.646447, 4.491382], [-75.646448, 4.491103], [-75.645891, 4.491102]], [[-75.654262, 4.475771], [-75.65454, 4.475772], [-75.65454, 4.475493], [-75.654262, 4.475492], [-75.654262, 4.475771]], [[-75.653984, 4.475771], [-75.653983, 4.47605], [-75.652871, 4.476048], [-75.652872, 4.475769], [-75.65315, 4.475769], [-75.65315, 4.47549], [-75.652872, 4.47549], [-75.652873, 4.474932], [-75.653707, 4.474933], [-75.653707, 4.475212], [-75.654263, 4.475213], [-75.654263, 4.474934], [-75.654541, 4.474935], [-75.654541, 4.475214], [-75.654819, 4.475214], [-75.65482, 4.474935], [-75.655098, 4.474936], [-75.655097, 4.475215], [-75.655375, 4.475216], [-75.655376, 4.474937], [-75.655654, 4.474937], [-75.655655, 4.474379], [-75.655933, 4.47438], [-75.655934, 4.473822], [-75.656212, 4.473822], [-75.656212, 4.473543], [-75.65649, 4.473544], [-75.656491, 4.472986], [-75.656769, 4.472986], [-75.65677, 4.472707], [-75.656492, 4.472706], [-75.656493, 4.472148], [-75.657049, 4.47215], [-75.657048, 4.472708], [-75.657326, 4.472708], [-75.657325, 4.473266], [-75.657047, 4.473266], [-75.657046, 4.473824], [-75.657324, 4.473824], [-75.657323, 4.474103], [-75.658157, 4.474105], [-75.65816, 4.47271], [-75.657604, 4.472709], [-75.657606, 4.471872], [-75.657328, 4.471871], [-75.657328, 4.471592], [-75.657884, 4.471593], [-75.657886, 4.470477], [-75.657608, 4.470476], [-75.657609, 4.469918], [-75.657053, 4.469917], [-75.657054, 4.469638], [-75.656776, 4.469638], [-75.656775, 4.470196], [-75.656497, 4.470195], [-75.656497, 4.469916], [-75.656219, 4.469916], [-75.65622, 4.469637], [-75.655942, 4.469636], [-75.655942, 4.469357], [-75.655108, 4.469355], [-75.655108, 4.469635], [-75.654552, 4.469633], [-75.654553, 4.469075], [-75.654831, 4.469076], [-75.654832, 4.468239], [-75.65511, 4.468239], [-75.655111, 4.46796], [-75.655389, 4.467961], [-75.655388, 4.46824], [-75.655666, 4.46824], [-75.655665, 4.468799], [-75.656221, 4.4688], [-75.65622, 4.469358], [-75.657054, 4.469359], [-75.657055, 4.468801], [-75.657333, 4.468802], [-75.657334, 4.468523], [-75.657056, 4.468522], [-75.657058, 4.467406], [-75.65678, 4.467406], [-75.656782, 4.466568], [-75.656504, 4.466568], [-75.656505, 4.46601], [-75.656227, 4.466009], [-75.656228, 4.465451], [-75.656506, 4.465452], [-75.656508, 4.464336], [-75.655674, 4.464334], [-75.655676, 4.463497], [-75.656232, 4.463498], [-75.656232, 4.463219], [-75.655954, 4.463219], [-75.655955, 4.462939], [-75.655677, 4.462939], [-75.655676, 4.463218], [-75.655398, 4.463217], [-75.655398, 4.463496], [-75.65512, 4.463496], [-75.655118, 4.464054], [-75.65484, 4.464053], [-75.654839, 4.464891], [-75.654283, 4.464889], [-75.654282, 4.465168], [-75.653448, 4.465167], [-75.653447, 4.465725], [-75.653169, 4.465724], [-75.653169, 4.466003], [-75.653447, 4.466004], [-75.653443, 4.467957], [-75.653165, 4.467957], [-75.653164, 4.468515], [-75.652886, 4.468514], [-75.652885, 4.469072], [-75.652051, 4.469071], [-75.65205, 4.46935], [-75.651216, 4.469348], [-75.651217, 4.469069], [-75.650383, 4.469067], [-75.650383, 4.468788], [-75.649827, 4.468787], [-75.649828, 4.468229], [-75.64955, 4.468229], [-75.649551, 4.467671], [-75.649273, 4.46767], [-75.649274, 4.467391], [-75.648996, 4.46739], [-75.648996, 4.467111], [-75.648162, 4.46711], [-75.648162, 4.467389], [-75.647884, 4.467388], [-75.647883, 4.467667], [-75.647327, 4.467666], [-75.647327, 4.467945], [-75.647049, 4.467945], [-75.647048, 4.468224], [-75.64677, 4.468223], [-75.646769, 4.468502], [-75.646491, 4.468502], [-75.64649, 4.46906], [-75.646768, 4.46906], [-75.646765, 4.471013], [-75.646487, 4.471013], [-75.646486, 4.471571], [-75.646207, 4.47157], [-75.646206, 4.472128], [-75.645928, 4.472128], [-75.645927, 4.472686], [-75.646205, 4.472686], [-75.646205, 4.472965], [-75.646483, 4.472966], [-75.646481, 4.473803], [-75.646759, 4.473804], [-75.646759, 4.474083], [-75.650095, 4.474089], [-75.650094, 4.474368], [-75.650928, 4.47437], [-75.650928, 4.474649], [-75.651206, 4.474649], [-75.651204, 4.475486], [-75.651482, 4.475487], [-75.651481, 4.476045], [-75.651759, 4.476046], [-75.651759, 4.476325], [-75.652037, 4.476325], [-75.652036, 4.476604], [-75.652314, 4.476605], [-75.652314, 4.476884], [-75.653148, 4.476885], [-75.653148, 4.476606], [-75.653704, 4.476607], [-75.653703, 4.477166], [-75.653981, 4.477166], [-75.653981, 4.477445], [-75.654259, 4.477446], [-75.654258, 4.477725], [-75.654814, 4.477726], [-75.654815, 4.477447], [-75.655093, 4.477447], [-75.655093, 4.477168], [-75.655371, 4.477169], [-75.655372, 4.476611], [-75.65565, 4.476611], [-75.655651, 4.476332], [-75.655373, 4.476332], [-75.655374, 4.475774], [-75.654818, 4.475773], [-75.654817, 4.476331], [-75.654539, 4.47633], [-75.654539, 4.476051], [-75.654261, 4.47605], [-75.654262, 4.475771], [-75.653984, 4.475771]], [[-75.653147, 4.477443], [-75.653425, 4.477444], [-75.653426, 4.476886], [-75.653148, 4.476885], [-75.653147, 4.477443]], [[-75.64671, 4.498916], [-75.64671, 4.499195], [-75.646988, 4.499195], [-75.646988, 4.498916], [-75.64671, 4.498916]], [[-75.648697, 4.478272], [-75.648696, 4.478551], [-75.648418, 4.47855], [-75.648418, 4.478829], [-75.647862, 4.478828], [-75.64786, 4.479665], [-75.648694, 4.479667], [-75.648694, 4.479388], [-75.648972, 4.479388], [-75.648974, 4.47883], [-75.649252, 4.478831], [-75.649252, 4.478552], [-75.648974, 4.478551], [-75.648975, 4.478272], [-75.648697, 4.478272]], [[-75.648393, 4.491385], [-75.648393, 4.491665], [-75.648671, 4.491665], [-75.648671, 4.491386], [-75.648393, 4.491385]], [[-75.649238, 4.485807], [-75.64896, 4.485806], [-75.648959, 4.486085], [-75.649238, 4.486086], [-75.649238, 4.485807]], [[-75.65116, 4.498367], [-75.651438, 4.498367], [-75.651439, 4.49753], [-75.651161, 4.49753], [-75.65116, 4.498367]], [[-75.650882, 4.498366], [-75.650881, 4.498645], [-75.651159, 4.498646], [-75.65116, 4.498367], [-75.650882, 4.498366]], [[-75.650603, 4.498645], [-75.650603, 4.498924], [-75.650881, 4.498924], [-75.650881, 4.498645], [-75.650603, 4.498645]], [[-75.650325, 4.498923], [-75.650324, 4.499202], [-75.650602, 4.499203], [-75.650603, 4.498924], [-75.650325, 4.498923]], [[-75.650046, 4.499201], [-75.650046, 4.499481], [-75.650324, 4.499481], [-75.650324, 4.499202], [-75.650046, 4.499201]], [[-75.649767, 4.49948], [-75.649768, 4.499201], [-75.64949, 4.4992], [-75.649489, 4.499758], [-75.650045, 4.49976], [-75.650046, 4.499481], [-75.649767, 4.49948]], [[-75.649211, 4.499758], [-75.64921, 4.500037], [-75.649488, 4.500037], [-75.649489, 4.499758], [-75.649211, 4.499758]], [[-75.649794, 4.485808], [-75.649793, 4.486366], [-75.650071, 4.486366], [-75.650072, 4.486087], [-75.65035, 4.486088], [-75.65035, 4.485809], [-75.649794, 4.485808]], [[-75.651719, 4.496694], [-75.651441, 4.496693], [-75.651441, 4.496972], [-75.651719, 4.496973], [-75.651719, 4.496694]], [[-75.651999, 4.495578], [-75.651721, 4.495577], [-75.651721, 4.495856], [-75.651999, 4.495857], [-75.651999, 4.495578]], [[-75.654509, 4.491676], [-75.654787, 4.491677], [-75.654788, 4.491398], [-75.655344, 4.491399], [-75.655344, 4.49112], [-75.65451, 4.491118], [-75.654509, 4.491676]], [[-75.654231, 4.491676], [-75.65423, 4.492234], [-75.654508, 4.492235], [-75.654509, 4.491676], [-75.654231, 4.491676]], [[-75.653952, 4.492233], [-75.653951, 4.492512], [-75.654229, 4.492513], [-75.65423, 4.492234], [-75.653952, 4.492233]], [[-75.653673, 4.492512], [-75.653674, 4.492233], [-75.653396, 4.492232], [-75.653395, 4.492511], [-75.653117, 4.492511], [-75.653117, 4.49279], [-75.652561, 4.492789], [-75.65256, 4.493068], [-75.652282, 4.493067], [-75.652281, 4.493904], [-75.652003, 4.493904], [-75.652, 4.49502], [-75.652278, 4.49502], [-75.652279, 4.494741], [-75.652557, 4.494742], [-75.652558, 4.494463], [-75.652836, 4.494463], [-75.652836, 4.494184], [-75.653114, 4.494185], [-75.653115, 4.493627], [-75.653393, 4.493628], [-75.653394, 4.493069], [-75.65395, 4.493071], [-75.653951, 4.492512], [-75.653673, 4.492512]], [[-75.654511, 4.490839], [-75.655067, 4.49084], [-75.655068, 4.490282], [-75.654512, 4.490281], [-75.654511, 4.49056], [-75.654233, 4.49056], [-75.654232, 4.491118], [-75.65451, 4.491118], [-75.654511, 4.490839]], [[-75.652365, 4.450097], [-75.652087, 4.450097], [-75.652087, 4.450376], [-75.652365, 4.450376], [-75.652365, 4.450097]], [[-75.653675, 4.491675], [-75.653953, 4.491675], [-75.653954, 4.491396], [-75.653676, 4.491396], [-75.653675, 4.491675]], [[-75.653397, 4.491674], [-75.653396, 4.491953], [-75.653674, 4.491954], [-75.653675, 4.491675], [-75.653397, 4.491674]], [[-75.655064, 4.492515], [-75.654785, 4.492514], [-75.654785, 4.492793], [-75.655063, 4.492794], [-75.655064, 4.492515]], [[-75.656182, 4.489448], [-75.655904, 4.489447], [-75.655903, 4.489726], [-75.656181, 4.489727], [-75.656182, 4.489448]], [[-75.656738, 4.48917], [-75.65646, 4.489169], [-75.65646, 4.489448], [-75.656738, 4.489449], [-75.656738, 4.48917]], [[-75.658963, 4.488616], [-75.658685, 4.488615], [-75.658685, 4.488894], [-75.657851, 4.488893], [-75.65785, 4.489172], [-75.658406, 4.489173], [-75.658405, 4.489731], [-75.659239, 4.489733], [-75.65924, 4.489453], [-75.658962, 4.489453], [-75.658962, 4.489174], [-75.65924, 4.489174], [-75.659241, 4.488895], [-75.658963, 4.488895], [-75.658963, 4.488616]], [[-75.657571, 4.489729], [-75.657572, 4.48945], [-75.657294, 4.48945], [-75.657293, 4.490008], [-75.657571, 4.490008], [-75.65757, 4.490287], [-75.657848, 4.490288], [-75.657849, 4.490009], [-75.658405, 4.49001], [-75.658405, 4.489731], [-75.657571, 4.489729]], [[-75.659853, 4.459599], [-75.659853, 4.459878], [-75.660131, 4.459878], [-75.660131, 4.459599], [-75.659853, 4.459599]], [[-75.659854, 4.45932], [-75.659576, 4.459319], [-75.659577, 4.458482], [-75.659021, 4.458481], [-75.65902, 4.459039], [-75.659298, 4.45904], [-75.659297, 4.459877], [-75.659575, 4.459877], [-75.659575, 4.459598], [-75.659853, 4.459599], [-75.659854, 4.45932]], [[-75.659022, 4.457923], [-75.6593, 4.457923], [-75.659301, 4.457644], [-75.659023, 4.457644], [-75.659025, 4.456807], [-75.658747, 4.456806], [-75.658747, 4.456527], [-75.658469, 4.456527], [-75.65847, 4.456248], [-75.658192, 4.456247], [-75.658191, 4.456526], [-75.657913, 4.456526], [-75.657912, 4.457084], [-75.65819, 4.457084], [-75.65819, 4.457363], [-75.658468, 4.457364], [-75.658466, 4.457922], [-75.658744, 4.457922], [-75.658743, 4.45848], [-75.659021, 4.458481], [-75.659022, 4.457923]], [[-75.658368, 4.508705], [-75.658368, 4.508984], [-75.658646, 4.508984], [-75.658645, 4.509542], [-75.659201, 4.509543], [-75.659202, 4.508985], [-75.658924, 4.508985], [-75.658925, 4.508706], [-75.658368, 4.508705]], [[-75.659234, 4.492244], [-75.658956, 4.492243], [-75.658956, 4.492522], [-75.659234, 4.492523], [-75.659234, 4.492244]], [[-75.659237, 4.490849], [-75.660071, 4.49085], [-75.660072, 4.490571], [-75.659238, 4.49057], [-75.659237, 4.490849]], [[-75.658959, 4.490848], [-75.658959, 4.491127], [-75.659237, 4.491128], [-75.659237, 4.490849], [-75.658959, 4.490848]], [[-75.659756, 4.510103], [-75.659755, 4.510382], [-75.660033, 4.510382], [-75.660034, 4.510103], [-75.659756, 4.510103]], [[-75.659756, 4.509824], [-75.660034, 4.509824], [-75.660035, 4.509545], [-75.659479, 4.509544], [-75.659478, 4.509823], [-75.6592, 4.509822], [-75.6592, 4.510101], [-75.659756, 4.510103], [-75.659756, 4.509824]], [[-75.660067, 4.492803], [-75.660345, 4.492804], [-75.660345, 4.493083], [-75.660623, 4.493084], [-75.660624, 4.492525], [-75.660346, 4.492525], [-75.660347, 4.491967], [-75.660069, 4.491966], [-75.660067, 4.492803]], [[-75.659789, 4.492803], [-75.659789, 4.493082], [-75.659511, 4.493081], [-75.65951, 4.493639], [-75.659788, 4.49364], [-75.659788, 4.493361], [-75.660066, 4.493361], [-75.660067, 4.492803], [-75.659789, 4.492803]], [[-75.659513, 4.491965], [-75.659512, 4.492523], [-75.65979, 4.492524], [-75.659791, 4.491966], [-75.659513, 4.491965]], [[-75.660968, 4.458206], [-75.661246, 4.458206], [-75.661247, 4.457927], [-75.660969, 4.457927], [-75.660968, 4.458206]], [[-75.66069, 4.458205], [-75.660691, 4.457926], [-75.660413, 4.457926], [-75.660412, 4.458205], [-75.660134, 4.458204], [-75.660133, 4.458483], [-75.660689, 4.458484], [-75.660689, 4.458763], [-75.660967, 4.458764], [-75.660968, 4.458206], [-75.66069, 4.458205]], [[-75.660135, 4.457925], [-75.659856, 4.457925], [-75.659856, 4.458204], [-75.660134, 4.458204], [-75.660135, 4.457925]], [[-75.660966, 4.459043], [-75.661244, 4.459043], [-75.661245, 4.458764], [-75.660967, 4.458764], [-75.660966, 4.459043]], [[-75.66041, 4.459042], [-75.66041, 4.459321], [-75.660966, 4.459322], [-75.660966, 4.459043], [-75.66041, 4.459042]], [[-75.6606, 4.504803], [-75.660878, 4.504803], [-75.660879, 4.504524], [-75.660601, 4.504524], [-75.6606, 4.504803]], [[-75.660322, 4.504802], [-75.660322, 4.505081], [-75.6606, 4.505082], [-75.6606, 4.504803], [-75.660322, 4.504802]], [[-75.660601, 4.504245], [-75.660879, 4.504245], [-75.66088, 4.503966], [-75.660324, 4.503965], [-75.660323, 4.504244], [-75.660045, 4.504244], [-75.660045, 4.504523], [-75.660601, 4.504524], [-75.660601, 4.504245]], [[-75.660615, 4.497269], [-75.660893, 4.497269], [-75.660893, 4.49699], [-75.660615, 4.49699], [-75.660615, 4.497269]], [[-75.660337, 4.497268], [-75.660336, 4.497826], [-75.660614, 4.497827], [-75.660615, 4.497269], [-75.660337, 4.497268]], [[-75.662298, 4.489738], [-75.662576, 4.489739], [-75.662576, 4.48946], [-75.662854, 4.489461], [-75.662855, 4.489181], [-75.663133, 4.489182], [-75.663132, 4.48974], [-75.66341, 4.489741], [-75.663411, 4.489183], [-75.663689, 4.489183], [-75.663689, 4.488904], [-75.663967, 4.488905], [-75.663969, 4.488068], [-75.663691, 4.488067], [-75.66369, 4.488625], [-75.663412, 4.488625], [-75.663413, 4.487787], [-75.663135, 4.487787], [-75.663134, 4.488345], [-75.662856, 4.488344], [-75.662855, 4.488902], [-75.662577, 4.488902], [-75.662577, 4.489181], [-75.662299, 4.48918], [-75.662298, 4.489738]], [[-75.66202, 4.489738], [-75.662019, 4.490017], [-75.662297, 4.490017], [-75.662298, 4.489738], [-75.66202, 4.489738]], [[-75.661741, 4.490016], [-75.66174, 4.490295], [-75.660906, 4.490294], [-75.660906, 4.490573], [-75.661462, 4.490574], [-75.661461, 4.490853], [-75.662295, 4.490855], [-75.662296, 4.490576], [-75.662018, 4.490575], [-75.662019, 4.490017], [-75.661741, 4.490016]], [[-75.66035, 4.490572], [-75.660349, 4.490851], [-75.660905, 4.490852], [-75.660906, 4.490573], [-75.66035, 4.490572]], [[-75.661463, 4.489737], [-75.661185, 4.489736], [-75.661185, 4.490015], [-75.661463, 4.490016], [-75.661463, 4.489737]], [[-75.662077, 4.459603], [-75.661799, 4.459602], [-75.661798, 4.460161], [-75.662076, 4.460161], [-75.662077, 4.459603]], [[-75.662036, 4.481088], [-75.662035, 4.481925], [-75.662591, 4.481926], [-75.662591, 4.481647], [-75.662869, 4.481648], [-75.66287, 4.481369], [-75.662592, 4.481368], [-75.662592, 4.481089], [-75.662036, 4.481088]], [[-75.662078, 4.459045], [-75.662078, 4.459324], [-75.662356, 4.459325], [-75.662356, 4.459045], [-75.662078, 4.459045]], [[-75.662633, 4.459883], [-75.662633, 4.459604], [-75.662355, 4.459604], [-75.662354, 4.460162], [-75.663188, 4.460163], [-75.663189, 4.459884], [-75.662633, 4.459883]], [[-75.663145, 4.482764], [-75.663423, 4.482765], [-75.663424, 4.482486], [-75.663146, 4.482485], [-75.663145, 4.482764]], [[-75.662867, 4.482764], [-75.662866, 4.483043], [-75.663144, 4.483043], [-75.663145, 4.482764], [-75.662867, 4.482764]], [[-75.662868, 4.482206], [-75.66259, 4.482205], [-75.662589, 4.482763], [-75.662867, 4.482764], [-75.662868, 4.482206]], [[-75.663146, 4.482206], [-75.663147, 4.481927], [-75.662869, 4.481927], [-75.662868, 4.482206], [-75.663146, 4.482206]], [[-75.663151, 4.479416], [-75.662873, 4.479416], [-75.662873, 4.479695], [-75.663151, 4.479695], [-75.663151, 4.479416]], [[-75.663747, 4.459048], [-75.664025, 4.459049], [-75.664025, 4.45877], [-75.663747, 4.458769], [-75.663747, 4.459048]], [[-75.663469, 4.459048], [-75.663468, 4.459327], [-75.663746, 4.459327], [-75.663747, 4.459048], [-75.663469, 4.459048]], [[-75.662912, 4.459326], [-75.662911, 4.459605], [-75.663467, 4.459606], [-75.663468, 4.459327], [-75.662912, 4.459326]], [[-75.663945, 4.500624], [-75.664223, 4.500624], [-75.664223, 4.500345], [-75.663945, 4.500345], [-75.663945, 4.500624]], [[-75.663667, 4.500623], [-75.663666, 4.500902], [-75.663388, 4.500902], [-75.663387, 4.50146], [-75.663665, 4.50146], [-75.663666, 4.501181], [-75.663944, 4.501182], [-75.663945, 4.500624], [-75.663667, 4.500623]], [[-75.663693, 4.486951], [-75.663415, 4.48695], [-75.663414, 4.487229], [-75.663692, 4.48723], [-75.663693, 4.486951]], [[-75.663661, 4.503413], [-75.66366, 4.504251], [-75.663938, 4.504251], [-75.663939, 4.503414], [-75.663661, 4.503413]], [[-75.664023, 4.459607], [-75.663745, 4.459606], [-75.663745, 4.459885], [-75.664023, 4.459886], [-75.664023, 4.459607]], [[-75.675109, 4.478044], [-75.675387, 4.478045], [-75.675388, 4.477765], [-75.67511, 4.477765], [-75.675109, 4.478044]], [[-75.674553, 4.478043], [-75.674554, 4.477485], [-75.674276, 4.477484], [-75.674277, 4.477205], [-75.673999, 4.477205], [-75.674001, 4.476089], [-75.673723, 4.476088], [-75.673725, 4.474693], [-75.673447, 4.474692], [-75.673449, 4.473855], [-75.673727, 4.473856], [-75.673727, 4.473577], [-75.674561, 4.473578], [-75.674562, 4.473299], [-75.675118, 4.4733], [-75.675119, 4.473021], [-75.675397, 4.473022], [-75.675397, 4.472743], [-75.675675, 4.472743], [-75.675676, 4.472464], [-75.675954, 4.472465], [-75.675954, 4.472186], [-75.676232, 4.472186], [-75.676233, 4.471628], [-75.676511, 4.471629], [-75.676512, 4.47135], [-75.677068, 4.471351], [-75.677068, 4.471072], [-75.677624, 4.471073], [-75.677625, 4.470794], [-75.678459, 4.470796], [-75.67846, 4.470517], [-75.678738, 4.470517], [-75.678738, 4.470238], [-75.679016, 4.470239], [-75.679017, 4.46996], [-75.679295, 4.46996], [-75.679297, 4.468844], [-75.679853, 4.468845], [-75.679853, 4.468566], [-75.679575, 4.468565], [-75.679576, 4.468286], [-75.680132, 4.468288], [-75.680132, 4.468008], [-75.680688, 4.46801], [-75.680689, 4.467731], [-75.681523, 4.467732], [-75.681524, 4.467453], [-75.68208, 4.467454], [-75.68208, 4.467175], [-75.682358, 4.467176], [-75.682359, 4.466897], [-75.680691, 4.466893], [-75.680691, 4.466614], [-75.680969, 4.466615], [-75.68097, 4.466057], [-75.680136, 4.466055], [-75.680135, 4.466613], [-75.679579, 4.466612], [-75.679578, 4.46717], [-75.679022, 4.467169], [-75.679021, 4.467448], [-75.678743, 4.467448], [-75.678742, 4.468285], [-75.67902, 4.468285], [-75.679019, 4.468843], [-75.678463, 4.468842], [-75.678462, 4.469121], [-75.677628, 4.46912], [-75.677629, 4.468562], [-75.677351, 4.468561], [-75.67735, 4.469119], [-75.677072, 4.469119], [-75.677071, 4.469677], [-75.676515, 4.469676], [-75.676516, 4.469118], [-75.676238, 4.469117], [-75.676237, 4.469675], [-75.675959, 4.469675], [-75.675958, 4.470233], [-75.67568, 4.470232], [-75.675679, 4.470511], [-75.675957, 4.470512], [-75.675957, 4.470791], [-75.675679, 4.47079], [-75.675678, 4.471069], [-75.6754, 4.471069], [-75.6754, 4.471348], [-75.674844, 4.471347], [-75.674843, 4.471626], [-75.674565, 4.471625], [-75.674565, 4.471904], [-75.674287, 4.471904], [-75.674286, 4.472462], [-75.67512, 4.472463], [-75.675119, 4.472742], [-75.674841, 4.472742], [-75.674841, 4.473021], [-75.674285, 4.47302], [-75.674284, 4.473299], [-75.674006, 4.473298], [-75.674007, 4.47274], [-75.673729, 4.47274], [-75.673728, 4.473298], [-75.67345, 4.473297], [-75.67345, 4.473018], [-75.672894, 4.473017], [-75.672895, 4.472738], [-75.673173, 4.472739], [-75.673173, 4.47246], [-75.672617, 4.472459], [-75.672616, 4.473017], [-75.67206, 4.473016], [-75.672059, 4.473574], [-75.672337, 4.473574], [-75.672336, 4.474411], [-75.672614, 4.474412], [-75.672613, 4.47497], [-75.672335, 4.474969], [-75.672333, 4.475806], [-75.672055, 4.475806], [-75.672055, 4.476085], [-75.672333, 4.476085], [-75.672331, 4.476643], [-75.672609, 4.476644], [-75.672608, 4.477202], [-75.672886, 4.477203], [-75.672885, 4.47804], [-75.673163, 4.47804], [-75.673162, 4.478598], [-75.67205, 4.478596], [-75.672049, 4.478875], [-75.670103, 4.478871], [-75.670102, 4.47915], [-75.669824, 4.47915], [-75.669824, 4.479429], [-75.66899, 4.479427], [-75.668989, 4.479985], [-75.668711, 4.479985], [-75.66871, 4.480264], [-75.668154, 4.480263], [-75.668154, 4.480542], [-75.667876, 4.480541], [-75.667875, 4.48082], [-75.667597, 4.48082], [-75.667597, 4.481099], [-75.667319, 4.481098], [-75.667316, 4.482214], [-75.667594, 4.482215], [-75.667593, 4.482773], [-75.667315, 4.482772], [-75.667313, 4.484168], [-75.667035, 4.484167], [-75.667034, 4.484725], [-75.666756, 4.484725], [-75.666755, 4.485004], [-75.666477, 4.485003], [-75.666476, 4.485282], [-75.666198, 4.485282], [-75.666198, 4.485561], [-75.66592, 4.48556], [-75.66592, 4.485281], [-75.665364, 4.48528], [-75.665364, 4.485559], [-75.664808, 4.485558], [-75.664807, 4.485837], [-75.664251, 4.485836], [-75.664251, 4.486115], [-75.663973, 4.486114], [-75.663972, 4.486672], [-75.66425, 4.486673], [-75.664249, 4.486952], [-75.663971, 4.486951], [-75.66397, 4.487509], [-75.664526, 4.487511], [-75.664527, 4.487232], [-75.664805, 4.487232], [-75.664804, 4.487511], [-75.665082, 4.487512], [-75.665083, 4.487233], [-75.665361, 4.487233], [-75.66536, 4.487512], [-75.665638, 4.487513], [-75.665639, 4.487234], [-75.665917, 4.487234], [-75.665918, 4.486676], [-75.666474, 4.486677], [-75.666473, 4.487235], [-75.667029, 4.487236], [-75.667029, 4.486957], [-75.667585, 4.486958], [-75.667586, 4.486679], [-75.667864, 4.48668], [-75.667865, 4.486122], [-75.668421, 4.486123], [-75.668422, 4.485844], [-75.668978, 4.485845], [-75.668979, 4.485287], [-75.669257, 4.485287], [-75.669258, 4.484729], [-75.66898, 4.484729], [-75.668981, 4.484171], [-75.669259, 4.484171], [-75.66926, 4.483613], [-75.668982, 4.483613], [-75.668983, 4.482776], [-75.669261, 4.482776], [-75.669261, 4.483055], [-75.669539, 4.483056], [-75.66954, 4.482498], [-75.669262, 4.482497], [-75.669263, 4.482218], [-75.668985, 4.482218], [-75.668985, 4.481939], [-75.669263, 4.481939], [-75.669264, 4.48166], [-75.669542, 4.481661], [-75.669542, 4.481382], [-75.670098, 4.481383], [-75.670099, 4.481104], [-75.670377, 4.481104], [-75.670376, 4.481662], [-75.670654, 4.481663], [-75.670653, 4.481942], [-75.670931, 4.481942], [-75.670931, 4.482221], [-75.670375, 4.48222], [-75.670374, 4.482499], [-75.67093, 4.4825], [-75.670929, 4.483058], [-75.671485, 4.48306], [-75.671486, 4.482781], [-75.671764, 4.482781], [-75.671764, 4.482502], [-75.672042, 4.482503], [-75.672043, 4.482224], [-75.672321, 4.482224], [-75.672321, 4.481945], [-75.672043, 4.481944], [-75.672044, 4.481665], [-75.671766, 4.481665], [-75.671767, 4.481107], [-75.672045, 4.481107], [-75.672045, 4.480828], [-75.672323, 4.480829], [-75.672325, 4.480271], [-75.672881, 4.480272], [-75.67288, 4.480551], [-75.673436, 4.480552], [-75.673435, 4.48111], [-75.673157, 4.48111], [-75.673156, 4.481668], [-75.673434, 4.481668], [-75.673433, 4.482226], [-75.673711, 4.482227], [-75.673711, 4.481948], [-75.673989, 4.481948], [-75.67399, 4.481669], [-75.674268, 4.48167], [-75.67427, 4.480833], [-75.673992, 4.480832], [-75.673992, 4.480553], [-75.673714, 4.480553], [-75.673716, 4.479715], [-75.673994, 4.479716], [-75.673994, 4.479437], [-75.674272, 4.479438], [-75.674273, 4.479158], [-75.674829, 4.47916], [-75.67483, 4.478601], [-75.675108, 4.478602], [-75.675109, 4.478044], [-75.674553, 4.478043]], [[-75.672878, 4.481667], [-75.672877, 4.482225], [-75.673155, 4.482226], [-75.673156, 4.481668], [-75.672878, 4.481667]], [[-75.67371, 4.482785], [-75.673988, 4.482785], [-75.673989, 4.482227], [-75.673711, 4.482227], [-75.67371, 4.482785]], [[-75.664224, 4.499787], [-75.664224, 4.500066], [-75.66478, 4.500067], [-75.664781, 4.499509], [-75.664503, 4.499509], [-75.664502, 4.499788], [-75.664224, 4.499787]], [[-75.664301, 4.459886], [-75.6643, 4.460165], [-75.664578, 4.460166], [-75.664579, 4.459887], [-75.664301, 4.459886]], [[-75.665331, 4.50258], [-75.665609, 4.50258], [-75.66561, 4.502301], [-75.665332, 4.502301], [-75.665331, 4.50258]], [[-75.664775, 4.502579], [-75.664774, 4.502858], [-75.664496, 4.502857], [-75.664496, 4.503136], [-75.665052, 4.503137], [-75.665051, 4.503695], [-75.665329, 4.503696], [-75.665328, 4.504254], [-75.665884, 4.504255], [-75.665884, 4.503976], [-75.666162, 4.503976], [-75.666164, 4.503139], [-75.665608, 4.503138], [-75.665609, 4.502859], [-75.665331, 4.502859], [-75.665331, 4.50258], [-75.664775, 4.502579]], [[-75.665054, 4.502021], [-75.665332, 4.502022], [-75.665333, 4.501743], [-75.666167, 4.501744], [-75.666167, 4.501465], [-75.665611, 4.501464], [-75.665612, 4.501185], [-75.664778, 4.501183], [-75.664777, 4.501462], [-75.664499, 4.501462], [-75.664498, 4.50202], [-75.664776, 4.502021], [-75.664776, 4.5023], [-75.665054, 4.5023], [-75.665054, 4.502021]], [[-75.665399, 4.467422], [-75.665121, 4.467422], [-75.66512, 4.467701], [-75.665398, 4.467701], [-75.665399, 4.467422]], [[-75.665645, 4.484164], [-75.665367, 4.484164], [-75.665366, 4.484443], [-75.665644, 4.484443], [-75.665645, 4.484164]], [[-75.665965, 4.462122], [-75.665687, 4.462121], [-75.665686, 4.462679], [-75.665964, 4.46268], [-75.665965, 4.462122]], [[-75.666236, 4.465471], [-75.665958, 4.46547], [-75.665958, 4.465749], [-75.666236, 4.46575], [-75.666236, 4.465471]], [[-75.665969, 4.45989], [-75.665968, 4.460169], [-75.666247, 4.460169], [-75.666247, 4.45989], [-75.665969, 4.45989]], [[-75.66621, 4.479422], [-75.666209, 4.479701], [-75.667043, 4.479703], [-75.667044, 4.479424], [-75.66621, 4.479422]], [[-75.667084, 4.458217], [-75.667362, 4.458218], [-75.667363, 4.457939], [-75.667085, 4.457938], [-75.667084, 4.458217]], [[-75.666806, 4.458217], [-75.666806, 4.458496], [-75.667084, 4.458497], [-75.667084, 4.458217], [-75.666806, 4.458217]], [[-75.666807, 4.457659], [-75.666529, 4.457658], [-75.666528, 4.458216], [-75.666806, 4.458217], [-75.666807, 4.457659]], [[-75.66653, 4.4571], [-75.666252, 4.4571], [-75.666251, 4.457658], [-75.666529, 4.457658], [-75.66653, 4.4571]], [[-75.666783, 4.470494], [-75.667061, 4.470495], [-75.667061, 4.470216], [-75.667339, 4.470216], [-75.66734, 4.469658], [-75.667062, 4.469658], [-75.667062, 4.469937], [-75.666506, 4.469936], [-75.666505, 4.470215], [-75.666783, 4.470215], [-75.666783, 4.470494]], [[-75.666505, 4.470494], [-75.666504, 4.470773], [-75.666782, 4.470773], [-75.666783, 4.470494], [-75.666505, 4.470494]], [[-75.668196, 4.45822], [-75.668474, 4.45822], [-75.668475, 4.457941], [-75.668197, 4.457941], [-75.668196, 4.45822]], [[-75.667918, 4.458219], [-75.667918, 4.458498], [-75.668196, 4.458499], [-75.668196, 4.45822], [-75.667918, 4.458219]], [[-75.667362, 4.458497], [-75.667361, 4.458776], [-75.667083, 4.458776], [-75.667082, 4.459613], [-75.66736, 4.459613], [-75.66736, 4.459334], [-75.667638, 4.459335], [-75.667639, 4.458777], [-75.667917, 4.458777], [-75.667918, 4.458498], [-75.667362, 4.458497]], [[-75.666526, 4.459612], [-75.666525, 4.459891], [-75.667081, 4.459892], [-75.667082, 4.459613], [-75.666526, 4.459612]], [[-75.66681, 4.456264], [-75.666532, 4.456263], [-75.666531, 4.456542], [-75.666809, 4.456543], [-75.66681, 4.456264]], [[-75.669316, 4.454315], [-75.669594, 4.454316], [-75.669594, 4.454037], [-75.669316, 4.454036], [-75.669316, 4.454315]], [[-75.669038, 4.454315], [-75.669038, 4.454036], [-75.668482, 4.454035], [-75.668482, 4.454314], [-75.668204, 4.454313], [-75.668204, 4.454034], [-75.666814, 4.454032], [-75.666814, 4.454311], [-75.666536, 4.45431], [-75.666533, 4.455705], [-75.666811, 4.455706], [-75.666811, 4.455985], [-75.667367, 4.455986], [-75.667368, 4.455428], [-75.668202, 4.455429], [-75.668202, 4.45515], [-75.66848, 4.455151], [-75.668479, 4.455709], [-75.668201, 4.455708], [-75.668201, 4.455987], [-75.667923, 4.455987], [-75.667922, 4.456266], [-75.6682, 4.456266], [-75.6682, 4.456545], [-75.668478, 4.456546], [-75.668479, 4.455988], [-75.669035, 4.455989], [-75.669036, 4.455431], [-75.669314, 4.455431], [-75.669314, 4.455152], [-75.669592, 4.455153], [-75.669593, 4.454595], [-75.669315, 4.454594], [-75.669316, 4.454315], [-75.669038, 4.454315]], [[-75.666767, 4.478586], [-75.666767, 4.478865], [-75.667045, 4.478866], [-75.667045, 4.478587], [-75.666767, 4.478586]], [[-75.667001, 4.501746], [-75.667, 4.502025], [-75.667278, 4.502025], [-75.667279, 4.501746], [-75.667001, 4.501746]], [[-75.672906, 4.467158], [-75.672907, 4.466321], [-75.672629, 4.46632], [-75.672629, 4.466599], [-75.672073, 4.466598], [-75.672074, 4.465761], [-75.671796, 4.46576], [-75.671797, 4.465481], [-75.671519, 4.465481], [-75.671517, 4.466318], [-75.670961, 4.466317], [-75.67096, 4.466875], [-75.670682, 4.466874], [-75.670682, 4.466595], [-75.670404, 4.466595], [-75.670404, 4.466874], [-75.670126, 4.466873], [-75.670126, 4.466594], [-75.66957, 4.466593], [-75.669572, 4.465756], [-75.669294, 4.465756], [-75.669295, 4.465476], [-75.669017, 4.465476], [-75.669016, 4.465755], [-75.668738, 4.465754], [-75.668737, 4.466033], [-75.668459, 4.466033], [-75.668459, 4.466312], [-75.669293, 4.466314], [-75.669292, 4.466872], [-75.66818, 4.466869], [-75.668179, 4.467149], [-75.667901, 4.467148], [-75.667901, 4.467427], [-75.667623, 4.467426], [-75.667623, 4.467147], [-75.667345, 4.467147], [-75.667344, 4.467705], [-75.6679, 4.467706], [-75.6679, 4.467985], [-75.668178, 4.467986], [-75.668179, 4.467428], [-75.669291, 4.46743], [-75.66929, 4.467709], [-75.669568, 4.467709], [-75.669569, 4.467151], [-75.669847, 4.467152], [-75.669847, 4.467431], [-75.670125, 4.467431], [-75.670124, 4.46771], [-75.670958, 4.467712], [-75.670959, 4.467433], [-75.671237, 4.467433], [-75.671238, 4.466875], [-75.671794, 4.466876], [-75.671793, 4.467434], [-75.671515, 4.467434], [-75.671514, 4.467713], [-75.67207, 4.467714], [-75.672071, 4.467435], [-75.672349, 4.467436], [-75.67235, 4.467157], [-75.672906, 4.467158]], [[-75.667903, 4.466032], [-75.667625, 4.466031], [-75.667625, 4.46631], [-75.667347, 4.46631], [-75.667346, 4.466589], [-75.667902, 4.46659], [-75.667903, 4.466032]], [[-75.667651, 4.452638], [-75.667373, 4.452637], [-75.667372, 4.452916], [-75.66765, 4.452917], [-75.667651, 4.452638]], [[-75.667905, 4.465195], [-75.667627, 4.465194], [-75.667626, 4.465473], [-75.667904, 4.465474], [-75.667905, 4.465195]], [[-75.668488, 4.450965], [-75.667932, 4.450964], [-75.667932, 4.451243], [-75.668488, 4.451244], [-75.668488, 4.450965]], [[-75.668667, 4.502865], [-75.668945, 4.502866], [-75.668945, 4.502587], [-75.668667, 4.502586], [-75.668667, 4.502865]], [[-75.668111, 4.502864], [-75.66811, 4.503143], [-75.668666, 4.503144], [-75.668667, 4.502865], [-75.668111, 4.502864]], [[-75.66839, 4.502307], [-75.668112, 4.502306], [-75.668111, 4.502585], [-75.668389, 4.502586], [-75.66839, 4.502307]], [[-75.668176, 4.469102], [-75.668175, 4.469381], [-75.668453, 4.469381], [-75.668454, 4.469102], [-75.668176, 4.469102]], [[-75.668462, 4.464917], [-75.668184, 4.464916], [-75.668183, 4.465195], [-75.668461, 4.465196], [-75.668462, 4.464917]], [[-75.668752, 4.4585], [-75.668474, 4.458499], [-75.668473, 4.458778], [-75.668751, 4.458779], [-75.668752, 4.4585]], [[-75.670409, 4.464363], [-75.670408, 4.464642], [-75.671242, 4.464643], [-75.671241, 4.465201], [-75.671797, 4.465202], [-75.671798, 4.464923], [-75.672076, 4.464924], [-75.672077, 4.464366], [-75.671799, 4.464365], [-75.6718, 4.463528], [-75.671244, 4.463527], [-75.671243, 4.464085], [-75.670965, 4.464085], [-75.670965, 4.464364], [-75.670409, 4.464363]], [[-75.670409, 4.464083], [-75.669853, 4.464082], [-75.669854, 4.463803], [-75.670132, 4.463804], [-75.670132, 4.463525], [-75.669576, 4.463524], [-75.669576, 4.463803], [-75.669298, 4.463802], [-75.669299, 4.463244], [-75.669021, 4.463244], [-75.669019, 4.46436], [-75.669575, 4.464361], [-75.669574, 4.464919], [-75.669852, 4.464919], [-75.669852, 4.46464], [-75.67013, 4.464641], [-75.670131, 4.464362], [-75.670409, 4.464363], [-75.670409, 4.464083]], [[-75.669041, 4.452641], [-75.66904, 4.45292], [-75.669318, 4.45292], [-75.669319, 4.452641], [-75.669041, 4.452641]], [[-75.670123, 4.468547], [-75.670122, 4.468826], [-75.6704, 4.468827], [-75.670401, 4.468548], [-75.670123, 4.468547]], [[-75.670123, 4.468268], [-75.669845, 4.468268], [-75.669846, 4.467989], [-75.66929, 4.467988], [-75.669289, 4.468267], [-75.669567, 4.468267], [-75.669567, 4.468546], [-75.670123, 4.468547], [-75.670123, 4.468268]], [[-75.670059, 4.502031], [-75.670058, 4.502589], [-75.670336, 4.502589], [-75.670337, 4.502031], [-75.670059, 4.502031]], [[-75.670133, 4.462967], [-75.670133, 4.463246], [-75.670411, 4.463246], [-75.670411, 4.462967], [-75.670133, 4.462967]], [[-75.670649, 4.483895], [-75.670371, 4.483894], [-75.670371, 4.484174], [-75.670649, 4.484174], [-75.670649, 4.483895]], [[-75.670651, 4.483337], [-75.67065, 4.483616], [-75.670928, 4.483617], [-75.670929, 4.483337], [-75.670651, 4.483337]], [[-75.670651, 4.483058], [-75.670373, 4.483057], [-75.670373, 4.483336], [-75.670651, 4.483337], [-75.670651, 4.483058]], [[-75.670413, 4.46213], [-75.670412, 4.462688], [-75.671246, 4.46269], [-75.671247, 4.462132], [-75.670969, 4.462131], [-75.67097, 4.461852], [-75.671248, 4.461853], [-75.671249, 4.461016], [-75.670971, 4.461015], [-75.670971, 4.461294], [-75.670693, 4.461294], [-75.670691, 4.462131], [-75.670413, 4.46213]], [[-75.670689, 4.462968], [-75.670689, 4.463247], [-75.670967, 4.463247], [-75.670967, 4.462968], [-75.670689, 4.462968]], [[-75.671172, 4.501475], [-75.671171, 4.501754], [-75.671449, 4.501754], [-75.67145, 4.501475], [-75.671172, 4.501475]], [[-75.671462, 4.495058], [-75.67174, 4.495058], [-75.671741, 4.494779], [-75.671463, 4.494779], [-75.671462, 4.495058]], [[-75.671184, 4.495057], [-75.671184, 4.495336], [-75.671462, 4.495337], [-75.671462, 4.495058], [-75.671184, 4.495057]], [[-75.672036, 4.485851], [-75.671758, 4.48585], [-75.671758, 4.485571], [-75.67148, 4.485571], [-75.671481, 4.485292], [-75.671203, 4.485291], [-75.671202, 4.485849], [-75.67148, 4.48585], [-75.671479, 4.486129], [-75.672035, 4.48613], [-75.672036, 4.485851]], [[-75.671801, 4.46297], [-75.671801, 4.463249], [-75.672357, 4.46325], [-75.672357, 4.462971], [-75.671801, 4.46297]], [[-75.673189, 4.464089], [-75.672911, 4.464088], [-75.672911, 4.464367], [-75.672633, 4.464367], [-75.672632, 4.464646], [-75.67291, 4.464646], [-75.67291, 4.464925], [-75.673188, 4.464926], [-75.673188, 4.464647], [-75.673466, 4.464647], [-75.673467, 4.464368], [-75.673189, 4.464368], [-75.673189, 4.464089]], [[-75.672912, 4.463809], [-75.672634, 4.463809], [-75.672633, 4.464088], [-75.672911, 4.464088], [-75.672912, 4.463809]], [[-75.674525, 4.492552], [-75.674247, 4.492552], [-75.674248, 4.492273], [-75.67397, 4.492272], [-75.673969, 4.492551], [-75.673691, 4.492551], [-75.673691, 4.49283], [-75.673413, 4.492829], [-75.673413, 4.49255], [-75.672857, 4.492549], [-75.672856, 4.493107], [-75.674246, 4.49311], [-75.674247, 4.492831], [-75.674525, 4.492831], [-75.674525, 4.492552]], [[-75.67313, 4.49534], [-75.673129, 4.495898], [-75.673407, 4.495899], [-75.673408, 4.495341], [-75.67313, 4.49534]], [[-75.673452, 4.472181], [-75.673452, 4.47246], [-75.67373, 4.472461], [-75.67373, 4.472182], [-75.673452, 4.472181]], [[-75.675966, 4.466047], [-75.675966, 4.465768], [-75.675688, 4.465768], [-75.67569, 4.464652], [-75.674578, 4.46465], [-75.674578, 4.464929], [-75.6743, 4.464928], [-75.674299, 4.465207], [-75.673743, 4.465206], [-75.673742, 4.465764], [-75.673464, 4.465764], [-75.673464, 4.466043], [-75.673742, 4.466043], [-75.673741, 4.466322], [-75.674019, 4.466323], [-75.674019, 4.466602], [-75.675409, 4.466604], [-75.675408, 4.466883], [-75.67652, 4.466885], [-75.676521, 4.466327], [-75.676243, 4.466327], [-75.676244, 4.466048], [-75.675966, 4.466047]], [[-75.673471, 4.462415], [-75.67347, 4.462694], [-75.673748, 4.462695], [-75.673749, 4.462416], [-75.673471, 4.462415]], [[-75.674522, 4.494506], [-75.6748, 4.494506], [-75.6748, 4.494227], [-75.674522, 4.494227], [-75.674522, 4.494506]], [[-75.673965, 4.494505], [-75.673965, 4.494784], [-75.674521, 4.494785], [-75.674522, 4.494506], [-75.673965, 4.494505]], [[-75.674529, 4.490599], [-75.674251, 4.490599], [-75.67425, 4.490878], [-75.674528, 4.490878], [-75.674529, 4.490599]], [[-75.674296, 4.46716], [-75.674295, 4.467718], [-75.674573, 4.467719], [-75.674574, 4.467161], [-75.674296, 4.46716]], [[-75.675367, 4.488369], [-75.675089, 4.488368], [-75.67509, 4.488089], [-75.674534, 4.488088], [-75.674533, 4.488646], [-75.675367, 4.488648], [-75.675367, 4.488369]], [[-75.674876, 4.454605], [-75.674872, 4.456279], [-75.675428, 4.45628], [-75.675428, 4.456559], [-75.676262, 4.456561], [-75.676262, 4.456282], [-75.67654, 4.456282], [-75.676541, 4.455724], [-75.676819, 4.455725], [-75.67682, 4.455446], [-75.677098, 4.455446], [-75.677099, 4.455167], [-75.677377, 4.455168], [-75.677377, 4.454889], [-75.677099, 4.454888], [-75.6771, 4.454609], [-75.676266, 4.454608], [-75.676266, 4.454329], [-75.675154, 4.454327], [-75.675154, 4.454606], [-75.674876, 4.454605]], [[-75.676771, 4.481396], [-75.67677, 4.481675], [-75.677048, 4.481675], [-75.677049, 4.481396], [-75.676771, 4.481396]], [[-75.676771, 4.481116], [-75.676493, 4.481116], [-75.676493, 4.481395], [-75.676771, 4.481396], [-75.676771, 4.481116]], [[-75.676215, 4.481394], [-75.676214, 4.481673], [-75.675102, 4.481671], [-75.6751, 4.482508], [-75.675379, 4.482509], [-75.675378, 4.482788], [-75.675656, 4.482789], [-75.675655, 4.483068], [-75.676212, 4.483069], [-75.676212, 4.48279], [-75.67649, 4.48279], [-75.676491, 4.482232], [-75.676769, 4.482233], [-75.67677, 4.481954], [-75.676492, 4.481953], [-75.676493, 4.481395], [-75.676215, 4.481394]], [[-75.676761, 4.486697], [-75.676483, 4.486697], [-75.676483, 4.486417], [-75.676761, 4.486418], [-75.676762, 4.486139], [-75.676206, 4.486138], [-75.676204, 4.486975], [-75.676482, 4.486976], [-75.676482, 4.487255], [-75.67676, 4.487255], [-75.676761, 4.486697]], [[-75.676756, 4.489208], [-75.676754, 4.490045], [-75.677032, 4.490046], [-75.677034, 4.489209], [-75.676756, 4.489208]], [[-75.676756, 4.488929], [-75.677312, 4.48893], [-75.677313, 4.488651], [-75.677591, 4.488652], [-75.677592, 4.488373], [-75.67787, 4.488373], [-75.67787, 4.488094], [-75.678148, 4.488095], [-75.678149, 4.487816], [-75.678427, 4.487816], [-75.678427, 4.487537], [-75.677871, 4.487536], [-75.677871, 4.487815], [-75.677593, 4.487815], [-75.677592, 4.488094], [-75.677314, 4.488093], [-75.677314, 4.488372], [-75.676757, 4.488371], [-75.676757, 4.48865], [-75.676479, 4.48865], [-75.676478, 4.489208], [-75.676756, 4.489208], [-75.676756, 4.488929]], [[-75.677307, 4.492], [-75.677306, 4.492279], [-75.677584, 4.492279], [-75.677584, 4.492558], [-75.676749, 4.492557], [-75.676749, 4.492836], [-75.678139, 4.492838], [-75.678141, 4.492001], [-75.677307, 4.492]], [[-75.677596, 4.486141], [-75.677595, 4.48642], [-75.677873, 4.48642], [-75.677874, 4.486141], [-75.677596, 4.486141]], [[-75.677597, 4.485583], [-75.677875, 4.485583], [-75.677875, 4.485304], [-75.677319, 4.485303], [-75.677318, 4.48614], [-75.677596, 4.486141], [-75.677597, 4.485583]], [[-75.67704, 4.48614], [-75.677039, 4.486419], [-75.677317, 4.486419], [-75.677318, 4.48614], [-75.67704, 4.48614]], [[-75.677588, 4.490047], [-75.677866, 4.490048], [-75.677866, 4.490327], [-75.678144, 4.490327], [-75.678145, 4.48949], [-75.677867, 4.489489], [-75.677868, 4.48921], [-75.67759, 4.48921], [-75.677588, 4.490047]], [[-75.67731, 4.490046], [-75.67731, 4.490326], [-75.677588, 4.490326], [-75.677588, 4.490047], [-75.67731, 4.490046]], [[-75.678133, 4.496187], [-75.677855, 4.496186], [-75.677854, 4.496465], [-75.678132, 4.496466], [-75.678133, 4.496187]], [[-75.678161, 4.481119], [-75.677883, 4.481119], [-75.677883, 4.481398], [-75.678161, 4.481398], [-75.678161, 4.481119]], [[-75.67844, 4.480562], [-75.677884, 4.480561], [-75.677884, 4.48084], [-75.67844, 4.480841], [-75.67844, 4.480562]], [[-75.678445, 4.47805], [-75.677889, 4.478049], [-75.677888, 4.478607], [-75.678444, 4.478608], [-75.678445, 4.47805]], [[-75.67813, 4.497582], [-75.678129, 4.497861], [-75.678408, 4.497861], [-75.678407, 4.49814], [-75.678685, 4.498141], [-75.678686, 4.497583], [-75.67813, 4.497582]], [[-75.679529, 4.49312], [-75.678973, 4.493119], [-75.678972, 4.493398], [-75.678694, 4.493397], [-75.678695, 4.492839], [-75.678417, 4.492839], [-75.678417, 4.493118], [-75.678139, 4.493117], [-75.678137, 4.493675], [-75.678694, 4.493677], [-75.678692, 4.494235], [-75.67897, 4.494235], [-75.678971, 4.493956], [-75.679249, 4.493957], [-75.67925, 4.493399], [-75.679528, 4.493399], [-75.679529, 4.49312]], [[-75.678438, 4.481678], [-75.678716, 4.481678], [-75.678717, 4.481399], [-75.678439, 4.481399], [-75.678438, 4.481678]], [[-75.67816, 4.481677], [-75.67816, 4.481956], [-75.678438, 4.481957], [-75.678438, 4.481678], [-75.67816, 4.481677]], [[-75.678727, 4.476098], [-75.679005, 4.476098], [-75.679006, 4.475819], [-75.678728, 4.475819], [-75.678727, 4.476098]], [[-75.678449, 4.476097], [-75.678448, 4.476376], [-75.678726, 4.476377], [-75.678727, 4.476098], [-75.678449, 4.476097]], [[-75.67817, 4.476376], [-75.67817, 4.476655], [-75.678448, 4.476655], [-75.678448, 4.476376], [-75.67817, 4.476376]], [[-75.678697, 4.491723], [-75.678696, 4.492281], [-75.678974, 4.492282], [-75.678975, 4.492003], [-75.679253, 4.492003], [-75.679253, 4.491724], [-75.678697, 4.491723]], [[-75.679281, 4.477215], [-75.67928, 4.477494], [-75.679558, 4.477494], [-75.679559, 4.477215], [-75.679281, 4.477215]], [[-75.679282, 4.476657], [-75.679004, 4.476656], [-75.679003, 4.476935], [-75.678725, 4.476935], [-75.678725, 4.477214], [-75.679281, 4.477215], [-75.679282, 4.476657]], [[-75.679001, 4.478051], [-75.679001, 4.47833], [-75.679279, 4.478331], [-75.679279, 4.478052], [-75.679001, 4.478051]], [[-75.680092, 4.489215], [-75.68037, 4.489215], [-75.680371, 4.488657], [-75.679815, 4.488656], [-75.679815, 4.488935], [-75.680093, 4.488936], [-75.680092, 4.489215]], [[-75.679814, 4.489214], [-75.679813, 4.490051], [-75.680091, 4.490052], [-75.680092, 4.489215], [-75.679814, 4.489214]], [[-75.679535, 4.490051], [-75.679533, 4.490609], [-75.679811, 4.490609], [-75.679813, 4.490051], [-75.679535, 4.490051]], [[-75.68038, 4.484193], [-75.680936, 4.484194], [-75.680935, 4.484473], [-75.681213, 4.484473], [-75.681214, 4.484194], [-75.681492, 4.484195], [-75.681493, 4.483358], [-75.681215, 4.483357], [-75.681216, 4.483078], [-75.680938, 4.483078], [-75.680937, 4.483636], [-75.680659, 4.483635], [-75.680659, 4.483356], [-75.679825, 4.483355], [-75.679824, 4.484192], [-75.679546, 4.484191], [-75.679545, 4.48447], [-75.679823, 4.484471], [-75.679823, 4.48475], [-75.680379, 4.484751], [-75.68038, 4.484193]], [[-75.680109, 4.480286], [-75.680108, 4.480844], [-75.680386, 4.480844], [-75.680387, 4.480286], [-75.680109, 4.480286]], [[-75.68011, 4.479728], [-75.680666, 4.479729], [-75.680668, 4.478892], [-75.680946, 4.478892], [-75.680946, 4.478613], [-75.679834, 4.478611], [-75.679831, 4.480285], [-75.680109, 4.480286], [-75.68011, 4.479728]], [[-75.680117, 4.476379], [-75.680116, 4.476658], [-75.680394, 4.476659], [-75.680395, 4.47638], [-75.680117, 4.476379]], [[-75.682033, 4.492009], [-75.682311, 4.492009], [-75.682312, 4.49173], [-75.682034, 4.49173], [-75.682033, 4.492009]], [[-75.681477, 4.492008], [-75.681476, 4.492287], [-75.681198, 4.492286], [-75.681198, 4.492565], [-75.68092, 4.492565], [-75.680919, 4.492844], [-75.680641, 4.492843], [-75.680641, 4.493122], [-75.680363, 4.493122], [-75.680362, 4.493401], [-75.68064, 4.493401], [-75.68064, 4.49368], [-75.680918, 4.493681], [-75.680918, 4.493402], [-75.681196, 4.493402], [-75.681197, 4.492844], [-75.681475, 4.492845], [-75.681476, 4.492566], [-75.681754, 4.492566], [-75.681754, 4.492287], [-75.682033, 4.492288], [-75.682033, 4.492009], [-75.681477, 4.492008]], [[-75.681236, 4.472754], [-75.681234, 4.473312], [-75.681512, 4.473313], [-75.681514, 4.472755], [-75.681236, 4.472754]], [[-75.681236, 4.472475], [-75.680402, 4.472473], [-75.680401, 4.473032], [-75.680957, 4.473033], [-75.680957, 4.472754], [-75.681236, 4.472754], [-75.681236, 4.472475]], [[-75.680929, 4.487542], [-75.680651, 4.487542], [-75.680651, 4.487821], [-75.680929, 4.487821], [-75.680929, 4.487542]], [[-75.680955, 4.474149], [-75.680677, 4.474148], [-75.680676, 4.474706], [-75.680954, 4.474707], [-75.680955, 4.474149]], [[-75.680944, 4.479729], [-75.680944, 4.480008], [-75.681778, 4.48001], [-75.681779, 4.479173], [-75.681223, 4.479172], [-75.681222, 4.47973], [-75.680944, 4.479729]], [[-75.682339, 4.477221], [-75.682338, 4.477779], [-75.682616, 4.477779], [-75.682617, 4.477221], [-75.682339, 4.477221]], [[-75.68234, 4.476942], [-75.682618, 4.476942], [-75.682619, 4.476384], [-75.682341, 4.476384], [-75.68234, 4.476663], [-75.681784, 4.476662], [-75.681784, 4.476941], [-75.68095, 4.476939], [-75.680949, 4.477218], [-75.681227, 4.477219], [-75.681227, 4.477498], [-75.681783, 4.477499], [-75.681782, 4.477778], [-75.68206, 4.477778], [-75.682061, 4.47722], [-75.682339, 4.477221], [-75.68234, 4.476942]], [[-75.683426, 4.490337], [-75.68287, 4.490336], [-75.682871, 4.489778], [-75.682315, 4.489777], [-75.682314, 4.490335], [-75.68148, 4.490334], [-75.681479, 4.490892], [-75.682313, 4.490893], [-75.682314, 4.490614], [-75.682592, 4.490615], [-75.682591, 4.491173], [-75.683147, 4.491174], [-75.683147, 4.490895], [-75.683425, 4.490895], [-75.683426, 4.490337]], [[-75.682051, 4.482522], [-75.68205, 4.48308], [-75.682606, 4.483081], [-75.682608, 4.482244], [-75.68233, 4.482243], [-75.682329, 4.482522], [-75.682051, 4.482522]], [[-75.683162, 4.483361], [-75.68344, 4.483361], [-75.68344, 4.483082], [-75.683162, 4.483082], [-75.683162, 4.483361]], [[-75.682606, 4.48336], [-75.682605, 4.483639], [-75.682327, 4.483638], [-75.682326, 4.483917], [-75.682882, 4.483918], [-75.682883, 4.483639], [-75.683161, 4.48364], [-75.683162, 4.483361], [-75.682606, 4.48336]], [[-75.682872, 4.48922], [-75.682594, 4.48922], [-75.682594, 4.489499], [-75.682872, 4.489499], [-75.682872, 4.48922]], [[-75.682873, 4.488662], [-75.682873, 4.488941], [-75.683151, 4.488942], [-75.683152, 4.488663], [-75.682873, 4.488662]], [[-75.682896, 4.476664], [-75.682896, 4.476943], [-75.683174, 4.476943], [-75.683174, 4.476664], [-75.682896, 4.476664]]], [[[-75.620676, 4.448361], [-75.620675, 4.44864], [-75.620397, 4.44864], [-75.620397, 4.448919], [-75.620119, 4.448918], [-75.620118, 4.449197], [-75.62, 4.449196575539568], [-75.62, 4.448359784172662], [-75.620676, 4.448361]]], [[[-75.620676, 4.448082], [-75.62012, 4.448081], [-75.62012021774194, 4.448], [-75.62234430465949, 4.448], [-75.622344, 4.448085], [-75.622622, 4.448086], [-75.622622, 4.448365], [-75.622344, 4.448364], [-75.622343, 4.448643], [-75.622065, 4.448643], [-75.622064, 4.449201], [-75.621786, 4.4492], [-75.621785, 4.449758], [-75.621507, 4.449758], [-75.621506, 4.450316], [-75.621228, 4.450315], [-75.621231, 4.448641], [-75.620953, 4.448641], [-75.620954, 4.448362], [-75.620676, 4.448361], [-75.620676, 4.448082]]], [[[-75.620952, 4.449199], [-75.62095, 4.450594], [-75.620672, 4.450593], [-75.620672, 4.450314], [-75.620116, 4.450313], [-75.620114, 4.451429], [-75.62, 4.451428863309353], [-75.62, 4.449475575539568], [-75.620118, 4.449476], [-75.620118, 4.449197], [-75.620952, 4.449199]]], [[[-75.661821, 4.448162], [-75.661265, 4.448161], [-75.66126557706093, 4.448], [-75.66182158064517, 4.448], [-75.661821, 4.448162]]], [[[-75.667548, 4.50649], [-75.667547, 4.506769], [-75.667825, 4.50677], [-75.667826, 4.506491], [-75.668104, 4.506491], [-75.668104, 4.506212], [-75.668382, 4.506213], [-75.668383, 4.505934], [-75.668661, 4.505934], [-75.668662, 4.505655], [-75.66894, 4.505656], [-75.66894, 4.505377], [-75.669218, 4.505377], [-75.669219, 4.505098], [-75.669497, 4.505099], [-75.669498, 4.504541], [-75.67061, 4.504543], [-75.670611, 4.503985], [-75.671167, 4.503986], [-75.671166, 4.504544], [-75.671444, 4.504545], [-75.671443, 4.504824], [-75.670887, 4.504823], [-75.670886, 4.50566], [-75.67033, 4.505659], [-75.670329, 4.506217], [-75.670607, 4.506217], [-75.670606, 4.506496], [-75.671162, 4.506497], [-75.671163, 4.506218], [-75.671997, 4.50622], [-75.671998, 4.505662], [-75.672276, 4.505662], [-75.672276, 4.505383], [-75.672554, 4.505384], [-75.672555, 4.505105], [-75.673389, 4.505107], [-75.67339, 4.504548], [-75.672556, 4.504547], [-75.672557, 4.504268], [-75.673391, 4.504269], [-75.673391, 4.50399], [-75.673669, 4.503991], [-75.67367, 4.503712], [-75.673948, 4.503712], [-75.673948, 4.503433], [-75.675339, 4.503436], [-75.675339, 4.503157], [-75.677007, 4.50316], [-75.677007, 4.503439], [-75.676729, 4.503439], [-75.676728, 4.503997], [-75.677284, 4.503998], [-75.677283, 4.504277], [-75.678117, 4.504279], [-75.678118, 4.504], [-75.678396, 4.504], [-75.678396, 4.503721], [-75.678674, 4.503722], [-75.678674, 4.504001], [-75.678952, 4.504001], [-75.678952, 4.503722], [-75.679508, 4.503723], [-75.679509, 4.503444], [-75.679787, 4.503445], [-75.679788, 4.503166], [-75.680066, 4.503166], [-75.680066, 4.502887], [-75.680344, 4.502888], [-75.680343, 4.503446], [-75.680899, 4.503447], [-75.680899, 4.503726], [-75.681455, 4.503727], [-75.681454, 4.504006], [-75.681732, 4.504006], [-75.681733, 4.503727], [-75.682011, 4.503728], [-75.682012, 4.50317], [-75.681456, 4.503169], [-75.681455, 4.503448], [-75.681177, 4.503447], [-75.681179, 4.50261], [-75.681457, 4.502611], [-75.681456, 4.50289], [-75.682568, 4.502892], [-75.682567, 4.50345], [-75.682845, 4.503451], [-75.682845, 4.50373], [-75.683401, 4.503731], [-75.6834, 4.504289], [-75.683122, 4.504288], [-75.683121, 4.504567], [-75.682565, 4.504566], [-75.682565, 4.504845], [-75.682287, 4.504845], [-75.682285, 4.505682], [-75.682007, 4.505681], [-75.682006, 4.50596], [-75.682285, 4.505961], [-75.682283, 4.506519], [-75.682561, 4.506519], [-75.68256, 4.507356], [-75.682282, 4.507356], [-75.682279, 4.50903], [-75.683947, 4.509033], [-75.683947, 4.508754], [-75.684, 4.5087541906474815], [-75.684, 4.5120000000000005], [-75.664757, 4.5120000000000005], [-75.664757, 4.511786], [-75.665035, 4.511787], [-75.665036, 4.511508], [-75.665314, 4.511509], [-75.665314, 4.511229], [-75.665592, 4.51123], [-75.665593, 4.510951], [-75.665871, 4.510952], [-75.665872, 4.510393], [-75.665594, 4.510393], [-75.665595, 4.510114], [-75.666151, 4.510115], [-75.666151, 4.509836], [-75.665595, 4.509835], [-75.665596, 4.509556], [-75.665874, 4.509556], [-75.665875, 4.508719], [-75.666153, 4.50872], [-75.666153, 4.508999], [-75.666431, 4.508999], [-75.666431, 4.50872], [-75.666987, 4.508721], [-75.666988, 4.508163], [-75.667267, 4.508164], [-75.667266, 4.508443], [-75.667544, 4.508444], [-75.667546, 4.507606], [-75.666712, 4.507605], [-75.666712, 4.507326], [-75.666434, 4.507325], [-75.666435, 4.507046], [-75.666713, 4.507047], [-75.666713, 4.506768], [-75.667269, 4.506769], [-75.66727, 4.50649], [-75.667548, 4.50649]], [[-75.680065, 4.503445], [-75.680065, 4.503724], [-75.680343, 4.503725], [-75.680343, 4.503446], [-75.680065, 4.503445]], [[-75.667539, 4.511234], [-75.667817, 4.511234], [-75.667818, 4.510676], [-75.66754, 4.510676], [-75.667539, 4.510955], [-75.667261, 4.510954], [-75.667261, 4.511233], [-75.666983, 4.511233], [-75.666982, 4.511512], [-75.667538, 4.511513], [-75.667539, 4.511234]], [[-75.669493, 4.507052], [-75.669492, 4.507331], [-75.66977, 4.507332], [-75.669771, 4.507053], [-75.669493, 4.507052]], [[-75.669493, 4.506773], [-75.668937, 4.506772], [-75.668935, 4.507888], [-75.669213, 4.507889], [-75.669211, 4.509284], [-75.669489, 4.509284], [-75.669492, 4.50761], [-75.669214, 4.50761], [-75.669215, 4.507052], [-75.669493, 4.507052], [-75.669493, 4.506773]], [[-75.668657, 4.507888], [-75.668657, 4.508167], [-75.668935, 4.508167], [-75.668935, 4.507888], [-75.668657, 4.507888]], [[-75.668379, 4.508166], [-75.668378, 4.508445], [-75.668656, 4.508446], [-75.668657, 4.508167], [-75.668379, 4.508166]], [[-75.6681, 4.508445], [-75.6681, 4.508724], [-75.668378, 4.508724], [-75.668378, 4.508445], [-75.6681, 4.508445]], [[-75.668654, 4.509562], [-75.668376, 4.509561], [-75.668375, 4.50984], [-75.668653, 4.509841], [-75.668654, 4.509562]], [[-75.669484, 4.511517], [-75.669484, 4.511796], [-75.669762, 4.511796], [-75.669762, 4.511517], [-75.669484, 4.511517]], [[-75.669485, 4.511238], [-75.669207, 4.511237], [-75.669206, 4.511516], [-75.669484, 4.511517], [-75.669485, 4.511238]], [[-75.669763, 4.511238], [-75.669763, 4.510959], [-75.669485, 4.510959], [-75.669485, 4.511238], [-75.669763, 4.511238]], [[-75.669773, 4.505937], [-75.670051, 4.505937], [-75.670052, 4.505658], [-75.669774, 4.505658], [-75.669773, 4.505937]], [[-75.669495, 4.505936], [-75.669495, 4.506215], [-75.669773, 4.506216], [-75.669773, 4.505937], [-75.669495, 4.505936]], [[-75.669217, 4.506215], [-75.669216, 4.506494], [-75.669494, 4.506494], [-75.669495, 4.506215], [-75.669217, 4.506215]], [[-75.67005, 4.506495], [-75.669772, 4.506495], [-75.669771, 4.506774], [-75.67005, 4.506774], [-75.67005, 4.506495]], [[-75.671438, 4.507614], [-75.670882, 4.507613], [-75.670881, 4.507892], [-75.671438, 4.507893], [-75.671438, 4.507614]], [[-75.671162, 4.506776], [-75.671161, 4.507055], [-75.671439, 4.507056], [-75.67144, 4.506777], [-75.671162, 4.506776]], [[-75.672824, 4.50957], [-75.672546, 4.509569], [-75.672547, 4.50929], [-75.671991, 4.509289], [-75.671989, 4.510405], [-75.671711, 4.510405], [-75.67171, 4.510684], [-75.672266, 4.510685], [-75.672267, 4.510406], [-75.672545, 4.510406], [-75.672546, 4.509848], [-75.672824, 4.509849], [-75.672824, 4.50957]], [[-75.671995, 4.507057], [-75.671995, 4.507336], [-75.672273, 4.507337], [-75.672273, 4.507058], [-75.671995, 4.507057]], [[-75.673106, 4.507617], [-75.673105, 4.508175], [-75.673661, 4.508176], [-75.673662, 4.507897], [-75.673384, 4.507897], [-75.673384, 4.507618], [-75.673106, 4.507617]], [[-75.675612, 4.505669], [-75.675334, 4.505668], [-75.675335, 4.505389], [-75.675057, 4.505389], [-75.675055, 4.506226], [-75.675333, 4.506226], [-75.675334, 4.505947], [-75.675612, 4.505948], [-75.675612, 4.505669]], [[-75.676451, 4.503438], [-75.676173, 4.503438], [-75.676172, 4.503996], [-75.67645, 4.503996], [-75.676451, 4.503438]]], [[[-75.683951, 4.506801], [-75.683952, 4.506522], [-75.684, 4.506522115107914], [-75.684, 4.5068011762589935], [-75.683951, 4.506801]]], [[[-75.63642, 4.50057], [-75.636421, 4.500291], [-75.636143, 4.50029], [-75.63614, 4.501685], [-75.635862, 4.501685], [-75.635861, 4.501964], [-75.635305, 4.501963], [-75.635306, 4.501684], [-75.635584, 4.501684], [-75.635584, 4.501405], [-75.635306, 4.501405], [-75.635307, 4.501126], [-75.635029, 4.501125], [-75.635029, 4.500846], [-75.634473, 4.500845], [-75.634474, 4.500566], [-75.634752, 4.500566], [-75.634754, 4.499729], [-75.634476, 4.499729], [-75.634477, 4.499171], [-75.634199, 4.49917], [-75.634199, 4.498891], [-75.634755, 4.498892], [-75.634756, 4.498613], [-75.633922, 4.498612], [-75.633921, 4.498891], [-75.633643, 4.49889], [-75.633643, 4.499169], [-75.633921, 4.49917], [-75.63392, 4.499449], [-75.633364, 4.499448], [-75.633363, 4.499727], [-75.63392, 4.499728], [-75.633918, 4.500565], [-75.63364, 4.500564], [-75.633639, 4.501122], [-75.633083, 4.501121], [-75.633082, 4.5014], [-75.632526, 4.501399], [-75.632527, 4.500841], [-75.632249, 4.50084], [-75.63225, 4.500282], [-75.631972, 4.500282], [-75.631973, 4.500003], [-75.632807, 4.500005], [-75.632807, 4.499726], [-75.632251, 4.499724], [-75.632256, 4.497492], [-75.631978, 4.497492], [-75.631978, 4.497213], [-75.632534, 4.497214], [-75.632535, 4.496935], [-75.633369, 4.496936], [-75.63337, 4.496657], [-75.633926, 4.496658], [-75.633925, 4.496937], [-75.633647, 4.496937], [-75.633646, 4.497495], [-75.63448, 4.497497], [-75.634481, 4.497218], [-75.634759, 4.497218], [-75.634757, 4.497776], [-75.635035, 4.497777], [-75.635035, 4.498056], [-75.635313, 4.498056], [-75.635312, 4.498335], [-75.635868, 4.498336], [-75.635868, 4.498615], [-75.636146, 4.498616], [-75.636145, 4.498895], [-75.636701, 4.498896], [-75.6367, 4.499454], [-75.636978, 4.499455], [-75.636978, 4.499734], [-75.6367, 4.499733], [-75.636699, 4.500012], [-75.636977, 4.500013], [-75.636976, 4.500571], [-75.63642, 4.50057]], [[-75.635032, 4.49973], [-75.635032, 4.499451], [-75.634754, 4.49945], [-75.634754, 4.499729], [-75.635032, 4.49973]], [[-75.63559, 4.498615], [-75.635034, 4.498614], [-75.635033, 4.499172], [-75.635311, 4.499172], [-75.635309, 4.500009], [-75.635587, 4.50001], [-75.63559, 4.498615]]], [[[-75.634175, 4.511168], [-75.634174, 4.511447], [-75.633896, 4.511447], [-75.633897, 4.511168], [-75.634175, 4.511168]]], [[[-75.625276, 4.511988], [-75.626389, 4.51199], [-75.62638896415771, 4.5120000000000005], [-75.625276, 4.5120000000000005], [-75.625276, 4.511988]]], [[[-75.629462, 4.504183], [-75.629463, 4.503904], [-75.629741, 4.503905], [-75.62974, 4.504184], [-75.629462, 4.504183]]], [[[-75.633075, 4.505028], [-75.633074, 4.505307], [-75.632796, 4.505306], [-75.632797, 4.505027], [-75.633075, 4.505028]]], [[[-75.633909, 4.505308], [-75.633908, 4.505587], [-75.63363, 4.505587], [-75.633629, 4.505866], [-75.633351, 4.505865], [-75.633352, 4.505586], [-75.633074, 4.505586], [-75.633074, 4.505307], [-75.633909, 4.505308]]], [[[-75.633073, 4.505865], [-75.633073, 4.506144], [-75.632795, 4.506143], [-75.632795, 4.505864], [-75.633073, 4.505865]]], [[[-75.631395, 4.510884], [-75.631395, 4.511163], [-75.630839, 4.511162], [-75.630839, 4.510883], [-75.631395, 4.510884]]], [[[-75.633343, 4.51005], [-75.633344, 4.509771], [-75.633622, 4.509772], [-75.633621, 4.510051], [-75.633343, 4.51005]]], [[[-75.633902, 4.508377], [-75.633902, 4.508656], [-75.633624, 4.508656], [-75.633624, 4.508377], [-75.633902, 4.508377]]], [[[-75.634198, 4.499449], [-75.634198, 4.499728], [-75.63392, 4.499728], [-75.63392, 4.499449], [-75.634198, 4.499449]]], [[[-75.635313, 4.497777], [-75.635592, 4.497778], [-75.635591, 4.498057], [-75.635313, 4.498056], [-75.635313, 4.497777]]], [[[-75.639474, 4.502808], [-75.639473, 4.503087], [-75.639195, 4.503086], [-75.639196, 4.502807], [-75.639474, 4.502808]]], [[[-75.639205, 4.498064], [-75.638927, 4.498063], [-75.638926, 4.498901], [-75.638648, 4.4989], [-75.638647, 4.499179], [-75.638369, 4.499178], [-75.638368, 4.499458], [-75.63809, 4.499457], [-75.63809, 4.499736], [-75.637812, 4.499735], [-75.637811, 4.500293], [-75.637255, 4.500292], [-75.637255, 4.500013], [-75.637533, 4.500014], [-75.637534, 4.499456], [-75.637812, 4.499456], [-75.637814, 4.498619], [-75.637258, 4.498618], [-75.637259, 4.498339], [-75.636424, 4.498338], [-75.636426, 4.49778], [-75.636148, 4.497779], [-75.636148, 4.4975], [-75.635592, 4.497499], [-75.635594, 4.496662], [-75.636428, 4.496663], [-75.636427, 4.496942], [-75.636983, 4.496944], [-75.636983, 4.497223], [-75.637539, 4.497224], [-75.637539, 4.496945], [-75.637817, 4.496945], [-75.637818, 4.496666], [-75.638096, 4.496667], [-75.638096, 4.496388], [-75.638653, 4.496389], [-75.63865, 4.497784], [-75.639206, 4.497785], [-75.639205, 4.498064]], [[-75.638094, 4.497504], [-75.637538, 4.497503], [-75.637538, 4.497782], [-75.638094, 4.497783], [-75.638094, 4.497504]]], [[[-75.635317, 4.496103], [-75.635318, 4.495545], [-75.635874, 4.495546], [-75.635873, 4.495825], [-75.636151, 4.495826], [-75.636151, 4.496105], [-75.635317, 4.496103]]], [[[-75.635611, 4.487733], [-75.635612, 4.487454], [-75.63589, 4.487455], [-75.635889, 4.487734], [-75.635611, 4.487733]]], [[[-75.634825, 4.463456], [-75.634547, 4.463456], [-75.634548, 4.462898], [-75.634826, 4.462898], [-75.634825, 4.463456]]], [[[-75.634548, 4.462898], [-75.633992, 4.462897], [-75.633992, 4.462618], [-75.634548, 4.462619], [-75.634548, 4.462898]]], [[[-75.633991, 4.463176], [-75.633713, 4.463175], [-75.633714, 4.462896], [-75.633992, 4.462897], [-75.633991, 4.463176]]], [[[-75.628983, 4.465119], [-75.628705, 4.465118], [-75.628706, 4.464839], [-75.629262, 4.46484], [-75.62926, 4.465678], [-75.628982, 4.465677], [-75.628983, 4.465119]]], [[[-75.629262, 4.464561], [-75.62954, 4.464562], [-75.62954, 4.464841], [-75.629262, 4.46484], [-75.629262, 4.464561]]], [[[-75.625922, 4.466508], [-75.6262, 4.466509], [-75.6262, 4.466788], [-75.625922, 4.466787], [-75.625922, 4.466508]]], [[[-75.620953, 4.44892], [-75.620675, 4.448919], [-75.620675, 4.44864], [-75.620953, 4.448641], [-75.620953, 4.44892]]], [[[-75.622341, 4.450038], [-75.622619, 4.450039], [-75.622619, 4.44976], [-75.622897, 4.449761], [-75.622896, 4.450598], [-75.62234, 4.450597], [-75.622341, 4.450038]]], [[[-75.622063, 4.450038], [-75.622063, 4.449759], [-75.622341, 4.449759], [-75.622341, 4.450038], [-75.622063, 4.450038]]], [[[-75.622062, 4.450317], [-75.621784, 4.450316], [-75.621785, 4.450037], [-75.622063, 4.450038], [-75.622062, 4.450317]]], [[[-75.63729, 4.482156], [-75.63729, 4.482435], [-75.637012, 4.482434], [-75.637012, 4.482155], [-75.63729, 4.482156]]], [[[-75.620551, 4.511699], [-75.620551, 4.51142], [-75.621107, 4.511421], [-75.621107, 4.5117], [-75.620551, 4.511699]]], [[[-75.62054992114696, 4.5120000000000005], [-75.6202719194991, 4.5120000000000005], [-75.620273, 4.511698], [-75.620551, 4.511699], [-75.62054992114696, 4.5120000000000005]]], [[[-75.621941, 4.511702], [-75.62194, 4.511981], [-75.621384, 4.51198], [-75.621385, 4.511701], [-75.621663, 4.511701], [-75.621941, 4.511702]]], [[[-75.621732, 4.476824], [-75.621732, 4.476545], [-75.621454, 4.476544], [-75.621455, 4.476265], [-75.622011, 4.476266], [-75.622012, 4.475987], [-75.621734, 4.475986], [-75.621735, 4.475149], [-75.622013, 4.47515], [-75.622014, 4.474871], [-75.622292, 4.474871], [-75.62229, 4.475709], [-75.622568, 4.475709], [-75.622566, 4.476825], [-75.621732, 4.476824]]], [[[-75.622309, 4.465943], [-75.62231, 4.465664], [-75.622588, 4.465664], [-75.622587, 4.465943], [-75.622309, 4.465943]]], [[[-75.625386, 4.456462], [-75.625387, 4.455904], [-75.625665, 4.455905], [-75.625664, 4.456463], [-75.625386, 4.456462]]], [[[-75.628418, 4.469582], [-75.62842, 4.469024], [-75.627586, 4.469022], [-75.627586, 4.468743], [-75.62703, 4.468742], [-75.627029, 4.4693], [-75.626751, 4.4693], [-75.626753, 4.468463], [-75.627865, 4.468465], [-75.627866, 4.467628], [-75.6287, 4.46763], [-75.628701, 4.467351], [-75.629257, 4.467352], [-75.629256, 4.467631], [-75.628978, 4.46763], [-75.628978, 4.467909], [-75.6287, 4.467909], [-75.628699, 4.468467], [-75.628977, 4.468467], [-75.628976, 4.468746], [-75.629532, 4.468747], [-75.629532, 4.469026], [-75.628698, 4.469025], [-75.628696, 4.469583], [-75.628418, 4.469582]], [[-75.628421, 4.468187], [-75.628143, 4.468187], [-75.628143, 4.468466], [-75.628421, 4.468466], [-75.628421, 4.468187]]], [[[-75.627033, 4.467347], [-75.627033, 4.467068], [-75.626755, 4.467068], [-75.626756, 4.466789], [-75.62759, 4.46679], [-75.627589, 4.467348], [-75.627033, 4.467347]]], [[[-75.628343, 4.507808], [-75.628344, 4.507529], [-75.6289, 4.50753], [-75.628899, 4.508088], [-75.628621, 4.508088], [-75.628621, 4.507809], [-75.628343, 4.507808]]], [[[-75.628342, 4.508366], [-75.628064, 4.508366], [-75.628064, 4.508087], [-75.627786, 4.508086], [-75.627787, 4.507807], [-75.627509, 4.507807], [-75.62751, 4.507249], [-75.627788, 4.507249], [-75.627788, 4.507528], [-75.628066, 4.507529], [-75.628065, 4.507808], [-75.628343, 4.507808], [-75.628342, 4.508366]]], [[[-75.627232, 4.507248], [-75.627231, 4.507527], [-75.626953, 4.507527], [-75.62696, 4.504457], [-75.627238, 4.504458], [-75.627237, 4.504737], [-75.627515, 4.504737], [-75.627516, 4.504458], [-75.62835, 4.50446], [-75.628348, 4.505297], [-75.62807, 4.505297], [-75.628069, 4.505576], [-75.627791, 4.505575], [-75.627791, 4.505854], [-75.627513, 4.505853], [-75.627512, 4.506133], [-75.628624, 4.506135], [-75.628624, 4.506414], [-75.628346, 4.506413], [-75.628345, 4.506692], [-75.628067, 4.506692], [-75.628066, 4.50725], [-75.627788, 4.507249], [-75.627789, 4.506691], [-75.627511, 4.506691], [-75.62751, 4.507249], [-75.627232, 4.507248]]], [[[-75.627239, 4.5039], [-75.627238, 4.504179], [-75.62696, 4.504178], [-75.626961, 4.503899], [-75.627239, 4.5039]]], [[[-75.62814, 4.469582], [-75.628139, 4.47014], [-75.627305, 4.470138], [-75.627306, 4.469859], [-75.627862, 4.46986], [-75.627862, 4.469581], [-75.62814, 4.469582]]], [[[-75.627873, 4.464001], [-75.627873, 4.46428], [-75.627595, 4.464279], [-75.627595, 4.464], [-75.627873, 4.464001]]], [[[-75.628351, 4.503902], [-75.62835, 4.504181], [-75.627794, 4.50418], [-75.627795, 4.503901], [-75.628351, 4.503902]]], [[[-75.628154, 4.462606], [-75.628155, 4.462048], [-75.627877, 4.462047], [-75.627878, 4.461768], [-75.628434, 4.46177], [-75.628434, 4.461491], [-75.628712, 4.461491], [-75.628712, 4.46177], [-75.62899, 4.461771], [-75.628988, 4.462608], [-75.628154, 4.462606]]], [[[-75.629184, 4.504462], [-75.629183, 4.504741], [-75.628905, 4.50474], [-75.628906, 4.504461], [-75.629184, 4.504462]]], [[[-75.629192, 4.500276], [-75.629193, 4.499997], [-75.628915, 4.499997], [-75.628915, 4.499718], [-75.629193, 4.499718], [-75.629194, 4.499439], [-75.629472, 4.49944], [-75.629472, 4.499161], [-75.62975, 4.499161], [-75.629748, 4.500277], [-75.629192, 4.500276]]], [[[-75.62946, 4.505578], [-75.629459, 4.505857], [-75.629181, 4.505857], [-75.629182, 4.505578], [-75.62946, 4.505578]]], [[[-75.629524, 4.472654], [-75.629525, 4.472375], [-75.629247, 4.472374], [-75.629248, 4.472095], [-75.630082, 4.472097], [-75.630081, 4.472376], [-75.629803, 4.472375], [-75.629802, 4.472654], [-75.629524, 4.472654]]], [[[-75.629527, 4.471259], [-75.629527, 4.471538], [-75.629805, 4.471538], [-75.629804, 4.471817], [-75.629248, 4.471816], [-75.62925, 4.4707], [-75.630084, 4.470702], [-75.630084, 4.470981], [-75.629806, 4.47098], [-75.629805, 4.471259], [-75.629527, 4.471259]]], [[[-75.630083, 4.47126], [-75.630083, 4.471539], [-75.629805, 4.471538], [-75.629805, 4.471259], [-75.630083, 4.47126]]], [[[-75.629742, 4.503347], [-75.629741, 4.503626], [-75.629463, 4.503625], [-75.629464, 4.503346], [-75.629742, 4.503347]]], [[[-75.630365, 4.469307], [-75.630364, 4.469865], [-75.630086, 4.469865], [-75.630085, 4.470423], [-75.629529, 4.470421], [-75.62953, 4.469863], [-75.629808, 4.469864], [-75.629809, 4.469585], [-75.630087, 4.469585], [-75.630087, 4.469306], [-75.630365, 4.469307]]], [[[-75.629827, 4.460098], [-75.629549, 4.460098], [-75.62955, 4.45954], [-75.629828, 4.45954], [-75.629829, 4.459261], [-75.630107, 4.459262], [-75.630106, 4.459541], [-75.630384, 4.459541], [-75.630384, 4.45982], [-75.629828, 4.459819], [-75.629827, 4.460098]]], [[[-75.630105, 4.460099], [-75.630105, 4.460378], [-75.629827, 4.460377], [-75.629827, 4.460098], [-75.630105, 4.460099]]], [[[-75.630368, 4.467912], [-75.630367, 4.468191], [-75.630089, 4.46819], [-75.63009, 4.467911], [-75.630368, 4.467912]]], [[[-75.630583, 4.5], [-75.630582, 4.500279], [-75.630304, 4.500279], [-75.630305, 4.5], [-75.630583, 4.5]]], [[[-75.630657, 4.462332], [-75.630656, 4.462611], [-75.630378, 4.46261], [-75.630379, 4.462331], [-75.630657, 4.462332]]], [[[-75.630664, 4.458705], [-75.630663, 4.459263], [-75.630385, 4.459262], [-75.630386, 4.458704], [-75.630664, 4.458705]]], [[[-75.630863, 4.498606], [-75.630863, 4.498885], [-75.630585, 4.498884], [-75.630585, 4.498605], [-75.630863, 4.498606]]], [[[-75.631195, 4.471541], [-75.631195, 4.471262], [-75.630917, 4.471261], [-75.630918, 4.470982], [-75.631196, 4.470983], [-75.631197, 4.470146], [-75.631475, 4.470146], [-75.631473, 4.471541], [-75.631195, 4.471541]]], [[[-75.631206, 4.46596], [-75.631205, 4.466239], [-75.630927, 4.466239], [-75.630928, 4.46596], [-75.631206, 4.46596]]], [[[-75.631477, 4.469588], [-75.631476, 4.469867], [-75.631198, 4.469867], [-75.631199, 4.469588], [-75.631477, 4.469588]]], [[[-75.631478, 4.468751], [-75.631477, 4.469309], [-75.631199, 4.469309], [-75.6312, 4.468751], [-75.631478, 4.468751]]], [[[-75.631498, 4.458427], [-75.631497, 4.459264], [-75.631219, 4.459264], [-75.63122, 4.458427], [-75.631498, 4.458427]]], [[[-75.631778, 4.457591], [-75.631778, 4.45787], [-75.6315, 4.457869], [-75.6315, 4.45759], [-75.631778, 4.457591]]], [[[-75.632509, 4.510049], [-75.632508, 4.510328], [-75.63223, 4.510327], [-75.632231, 4.510048], [-75.632509, 4.510049]]], [[[-75.632884, 4.460662], [-75.632884, 4.460941], [-75.632606, 4.460941], [-75.632606, 4.460662], [-75.632884, 4.460662]]], [[[-75.633357, 4.503075], [-75.633357, 4.502796], [-75.633079, 4.502795], [-75.63308, 4.502516], [-75.633636, 4.502517], [-75.633635, 4.503075], [-75.633357, 4.503075]]], [[[-75.633135, 4.474335], [-75.633137, 4.473498], [-75.633415, 4.473498], [-75.633414, 4.473777], [-75.633692, 4.473778], [-75.633693, 4.473499], [-75.633971, 4.473499], [-75.63397, 4.474058], [-75.633414, 4.474056], [-75.633413, 4.474335], [-75.633135, 4.474335]]], [[[-75.633418, 4.471824], [-75.633418, 4.472103], [-75.63314, 4.472103], [-75.63314, 4.471824], [-75.633418, 4.471824]]], [[[-75.63342, 4.470987], [-75.633419, 4.471266], [-75.633141, 4.471266], [-75.633142, 4.470987], [-75.63342, 4.470987]]], [[[-75.633424, 4.469034], [-75.633424, 4.468755], [-75.633702, 4.468756], [-75.633702, 4.469035], [-75.633424, 4.469034]]], [[[-75.633423, 4.469592], [-75.633701, 4.469593], [-75.6337, 4.469872], [-75.633422, 4.469871], [-75.633422, 4.47015], [-75.633144, 4.47015], [-75.633146, 4.469033], [-75.633424, 4.469034], [-75.633423, 4.469592]]], [[[-75.633429, 4.466244], [-75.63343, 4.465965], [-75.633152, 4.465964], [-75.633152, 4.465685], [-75.63343, 4.465686], [-75.633431, 4.465407], [-75.633709, 4.465407], [-75.633707, 4.466244], [-75.633429, 4.466244]]], [[[-75.633429, 4.466523], [-75.633151, 4.466522], [-75.633151, 4.466243], [-75.633429, 4.466244], [-75.633429, 4.466523]]], [[[-75.633705, 4.46736], [-75.633704, 4.467918], [-75.633426, 4.467918], [-75.633427, 4.46736], [-75.633705, 4.46736]]], [[[-75.633911, 4.503913], [-75.633912, 4.503634], [-75.634746, 4.503636], [-75.634745, 4.503915], [-75.633911, 4.503913]]], [[[-75.633911, 4.504192], [-75.633633, 4.504192], [-75.633633, 4.503913], [-75.633911, 4.503913], [-75.633911, 4.504192]]], [[[-75.633972, 4.472941], [-75.633972, 4.47322], [-75.633694, 4.47322], [-75.633694, 4.472941], [-75.633972, 4.472941]]], [[[-75.634249, 4.4735], [-75.634251, 4.472384], [-75.633695, 4.472383], [-75.633696, 4.472104], [-75.634252, 4.472105], [-75.634253, 4.471268], [-75.634531, 4.471268], [-75.634532, 4.470989], [-75.63481, 4.47099], [-75.634808, 4.472106], [-75.635086, 4.472107], [-75.635085, 4.472386], [-75.634807, 4.472385], [-75.634806, 4.472943], [-75.634528, 4.472943], [-75.634527, 4.473501], [-75.634249, 4.4735]]], [[[-75.633981, 4.468198], [-75.633981, 4.468477], [-75.633703, 4.468477], [-75.633703, 4.468198], [-75.633981, 4.468198]]], [[[-75.634191, 4.503077], [-75.63419, 4.503356], [-75.633912, 4.503355], [-75.633913, 4.503076], [-75.634191, 4.503077]]], [[[-75.634538, 4.46792], [-75.634537, 4.468199], [-75.634259, 4.468199], [-75.63426, 4.46792], [-75.634538, 4.46792]]], [[[-75.634539, 4.467362], [-75.634539, 4.467641], [-75.634261, 4.467641], [-75.634261, 4.467362], [-75.634539, 4.467362]]], [[[-75.634823, 4.464572], [-75.634822, 4.464851], [-75.634266, 4.46485], [-75.634267, 4.464571], [-75.634823, 4.464572]]], [[[-75.635021, 4.50531], [-75.63502, 4.505589], [-75.634464, 4.505588], [-75.634465, 4.505309], [-75.635021, 4.50531]]], [[[-75.634819, 4.466247], [-75.634541, 4.466246], [-75.634542, 4.465967], [-75.63482, 4.465967], [-75.634819, 4.466247]]], [[[-75.635097, 4.466247], [-75.635096, 4.467084], [-75.63454, 4.467083], [-75.634541, 4.466525], [-75.634819, 4.466526], [-75.634819, 4.466247], [-75.635097, 4.466247]]], [[[-75.635106, 4.461783], [-75.634828, 4.461782], [-75.634829, 4.461503], [-75.635107, 4.461504], [-75.635106, 4.461783]]], [[[-75.635039, 4.495824], [-75.635039, 4.496103], [-75.634761, 4.496102], [-75.634761, 4.495823], [-75.635039, 4.495824]]], [[[-75.635565, 4.511171], [-75.635565, 4.51145], [-75.635287, 4.511449], [-75.635287, 4.51117], [-75.635565, 4.511171]]], [[[-75.635578, 4.504474], [-75.635578, 4.504753], [-75.6353, 4.504753], [-75.6353, 4.504474], [-75.635578, 4.504474]]], [[[-75.636232, 4.454809], [-75.635954, 4.454809], [-75.635954, 4.45453], [-75.636232, 4.45453], [-75.636232, 4.454809]]], [[[-75.6362, 4.470993], [-75.6362, 4.471272], [-75.635922, 4.471271], [-75.635922, 4.470992], [-75.6362, 4.470993]]], [[[-75.637788, 4.511733], [-75.638344, 4.511735], [-75.638344, 4.5120000000000005], [-75.637788, 4.5120000000000005], [-75.637788, 4.511733]]], [[[-75.640057, 4.488858], [-75.640335, 4.488858], [-75.640335, 4.489137], [-75.640057, 4.489137], [-75.640056, 4.489416], [-75.6395, 4.489415], [-75.6395, 4.489694], [-75.639222, 4.489693], [-75.639221, 4.489972], [-75.638943, 4.489972], [-75.638944, 4.489414], [-75.639222, 4.489414], [-75.639223, 4.489135], [-75.638945, 4.489135], [-75.638945, 4.488856], [-75.639501, 4.488857], [-75.639502, 4.488578], [-75.640058, 4.488579], [-75.640057, 4.488858]]], [[[-75.638088, 4.500852], [-75.638089, 4.500294], [-75.638645, 4.500295], [-75.638645, 4.500016], [-75.638923, 4.500017], [-75.638925, 4.499459], [-75.639759, 4.49946], [-75.639758, 4.499739], [-75.639202, 4.499738], [-75.639201, 4.500017], [-75.639757, 4.500018], [-75.639756, 4.500855], [-75.638644, 4.500853], [-75.638644, 4.500574], [-75.638366, 4.500574], [-75.638366, 4.500853], [-75.638088, 4.500852]]], [[[-75.638666, 4.489413], [-75.638665, 4.49025], [-75.638109, 4.490249], [-75.638109, 4.48997], [-75.638387, 4.489971], [-75.638388, 4.489413], [-75.638666, 4.489413]]], [[[-75.639209, 4.496111], [-75.638375, 4.496109], [-75.638376, 4.49583], [-75.638932, 4.495831], [-75.638932, 4.495552], [-75.63921, 4.495553], [-75.639209, 4.496111]]], [[[-75.639487, 4.496111], [-75.639487, 4.49639], [-75.639209, 4.49639], [-75.639209, 4.496111], [-75.639487, 4.496111]]], [[[-75.639208, 4.496669], [-75.63893, 4.496668], [-75.638931, 4.496389], [-75.639209, 4.49639], [-75.639208, 4.496669]]], [[[-75.639207, 4.496948], [-75.639207, 4.497227], [-75.638929, 4.497226], [-75.638929, 4.496947], [-75.639207, 4.496948]]], [[[-75.645868, 4.5031], [-75.645869, 4.502821], [-75.646147, 4.502821], [-75.646146, 4.5031], [-75.645868, 4.5031]]], [[[-75.647597, 4.471852], [-75.647596, 4.472131], [-75.64704, 4.47213], [-75.647041, 4.471851], [-75.647597, 4.471852]]], [[[-75.648158, 4.469342], [-75.648157, 4.4699], [-75.647879, 4.469899], [-75.64788, 4.469341], [-75.648158, 4.469342]]], [[[-75.65038, 4.470183], [-75.650379, 4.470741], [-75.650101, 4.470741], [-75.650102, 4.470183], [-75.65038, 4.470183]]], [[[-75.651212, 4.471301], [-75.651211, 4.472138], [-75.650933, 4.472138], [-75.650932, 4.472417], [-75.650654, 4.472416], [-75.650656, 4.471579], [-75.650934, 4.47158], [-75.650934, 4.471301], [-75.651212, 4.471301]]], [[[-75.650936, 4.470184], [-75.650658, 4.470184], [-75.650659, 4.469905], [-75.650937, 4.469905], [-75.650936, 4.470184]]], [[[-75.651214, 4.470185], [-75.651214, 4.470464], [-75.650936, 4.470463], [-75.650936, 4.470184], [-75.651214, 4.470185]]], [[[-75.65204, 4.474651], [-75.652038, 4.475488], [-75.65176, 4.475488], [-75.651762, 4.47465], [-75.65204, 4.474651]]], [[[-75.652883, 4.470188], [-75.652882, 4.470467], [-75.652326, 4.470466], [-75.652325, 4.470745], [-75.651769, 4.470744], [-75.65177, 4.470465], [-75.652048, 4.470466], [-75.652049, 4.470187], [-75.652883, 4.470188]]], [[[-75.652837, 4.493626], [-75.652837, 4.493905], [-75.652559, 4.493905], [-75.65256, 4.493347], [-75.652838, 4.493347], [-75.652838, 4.493068], [-75.653116, 4.493069], [-75.653115, 4.493627], [-75.652837, 4.493626]]], [[[-75.653159, 4.471026], [-75.653157, 4.472142], [-75.652601, 4.472141], [-75.652603, 4.471025], [-75.653159, 4.471026]]], [[[-75.65428, 4.466564], [-75.65428, 4.466285], [-75.654002, 4.466284], [-75.654003, 4.466005], [-75.654837, 4.466007], [-75.654836, 4.466286], [-75.654558, 4.466285], [-75.654558, 4.466564], [-75.65428, 4.466564]]], [[[-75.654538, 4.476888], [-75.654537, 4.477167], [-75.654259, 4.477167], [-75.65426, 4.476888], [-75.654538, 4.476888]]], [[[-75.655379, 4.472983], [-75.655378, 4.473541], [-75.654822, 4.47354], [-75.654823, 4.472982], [-75.655379, 4.472983]]], [[[-75.655391, 4.466845], [-75.655392, 4.466566], [-75.655114, 4.466565], [-75.655115, 4.466007], [-75.655949, 4.466009], [-75.655948, 4.466567], [-75.65567, 4.466566], [-75.655669, 4.466845], [-75.655391, 4.466845]]], [[[-75.65566, 4.471589], [-75.655662, 4.470752], [-75.656496, 4.470753], [-75.656495, 4.471311], [-75.656773, 4.471312], [-75.656772, 4.471591], [-75.65566, 4.471589]]], [[[-75.655659, 4.471868], [-75.655381, 4.471867], [-75.655382, 4.471588], [-75.65566, 4.471589], [-75.655659, 4.471868]]], [[[-75.655951, 4.464893], [-75.65595, 4.465172], [-75.655394, 4.465171], [-75.655395, 4.464892], [-75.655951, 4.464893]]], [[[-75.658962, 4.489174], [-75.658684, 4.489173], [-75.658685, 4.488894], [-75.658963, 4.488895], [-75.658962, 4.489174]]], [[[-75.663486, 4.450119], [-75.663486, 4.44984], [-75.664042, 4.449841], [-75.664042, 4.45012], [-75.663486, 4.450119]]], [[[-75.663205, 4.451234], [-75.663483, 4.451235], [-75.663483, 4.451514], [-75.662927, 4.451513], [-75.662928, 4.450955], [-75.663206, 4.450955], [-75.663205, 4.451234]]], [[[-75.662642, 4.454861], [-75.662364, 4.45486], [-75.662364, 4.455139], [-75.662086, 4.455139], [-75.662088, 4.454022], [-75.66181, 4.454022], [-75.661811, 4.453743], [-75.662645, 4.453744], [-75.662642, 4.454861]]], [[[-75.65986, 4.455971], [-75.659582, 4.455971], [-75.659583, 4.455692], [-75.659027, 4.455691], [-75.659027, 4.455412], [-75.659305, 4.455412], [-75.659307, 4.454575], [-75.659585, 4.454576], [-75.659584, 4.454855], [-75.659862, 4.454855], [-75.659863, 4.454576], [-75.660141, 4.454577], [-75.66014, 4.454856], [-75.660418, 4.454856], [-75.660417, 4.455414], [-75.660139, 4.455414], [-75.66014, 4.455135], [-75.659862, 4.455134], [-75.659861, 4.455692], [-75.660139, 4.455693], [-75.660138, 4.456251], [-75.660416, 4.456251], [-75.660415, 4.45653], [-75.659859, 4.456529], [-75.65986, 4.455971]]], [[[-75.659308, 4.454017], [-75.659307, 4.454296], [-75.659029, 4.454296], [-75.65903, 4.454017], [-75.659308, 4.454017]]], [[[-75.660146, 4.451786], [-75.659868, 4.451786], [-75.659869, 4.451507], [-75.660147, 4.451507], [-75.660146, 4.451786]]], [[[-75.660702, 4.451788], [-75.660704, 4.45095], [-75.660982, 4.450951], [-75.660979, 4.452346], [-75.660701, 4.452346], [-75.660702, 4.452067], [-75.660146, 4.452066], [-75.660146, 4.451786], [-75.660702, 4.451788]]], [[[-75.660149, 4.450391], [-75.660148, 4.450949], [-75.65987, 4.450949], [-75.659871, 4.450391], [-75.660149, 4.450391]]], [[[-75.660423, 4.452345], [-75.660423, 4.452624], [-75.660145, 4.452624], [-75.660145, 4.452345], [-75.660423, 4.452345]]], [[[-75.662098, 4.448721], [-75.662099, 4.448442], [-75.662377, 4.448442], [-75.662375, 4.44928], [-75.662097, 4.449279], [-75.662097, 4.449558], [-75.661819, 4.449557], [-75.661818, 4.449837], [-75.661262, 4.449835], [-75.661262, 4.450114], [-75.660705, 4.450113], [-75.660706, 4.449834], [-75.660984, 4.449835], [-75.660985, 4.449556], [-75.661263, 4.449556], [-75.661263, 4.449277], [-75.661541, 4.449278], [-75.661542, 4.448999], [-75.66182, 4.448999], [-75.66182, 4.44872], [-75.662098, 4.448721]]], [[[-75.661264, 4.448719], [-75.661264, 4.448998], [-75.660986, 4.448998], [-75.660987, 4.44844], [-75.661821, 4.448441], [-75.66182, 4.44872], [-75.661264, 4.448719]]], [[[-75.660985, 4.449277], [-75.660707, 4.449276], [-75.660708, 4.448997], [-75.660986, 4.448998], [-75.660985, 4.449277]]], [[[-75.661533, 4.453742], [-75.661532, 4.454021], [-75.661254, 4.454021], [-75.661255, 4.453742], [-75.661533, 4.453742]]], [[[-75.661814, 4.45179], [-75.661814, 4.452069], [-75.661258, 4.452068], [-75.661258, 4.451789], [-75.661814, 4.45179]]], [[[-75.661815, 4.451232], [-75.661815, 4.451511], [-75.661537, 4.45151], [-75.661537, 4.451231], [-75.661815, 4.451232]]], [[[-75.662918, 4.456256], [-75.662917, 4.456814], [-75.662639, 4.456814], [-75.66264, 4.456256], [-75.662918, 4.456256]]], [[[-75.662932, 4.448723], [-75.662931, 4.449281], [-75.662653, 4.44928], [-75.662654, 4.448722], [-75.662932, 4.448723]]], [[[-75.68395, 4.507638], [-75.683951, 4.50708], [-75.684, 4.507080176258993], [-75.684, 4.507638179856115], [-75.68395, 4.507638]]], [[[-75.681733, 4.503448], [-75.681733, 4.503727], [-75.681455, 4.503727], [-75.681455, 4.503448], [-75.681733, 4.503448]]], [[[-75.671721, 4.504824], [-75.67172, 4.505382], [-75.671442, 4.505382], [-75.671443, 4.504824], [-75.671721, 4.504824]]], [[[-75.665315, 4.51095], [-75.665316, 4.510392], [-75.665594, 4.510393], [-75.665593, 4.510951], [-75.665315, 4.51095]]], [[[-75.666434, 4.507604], [-75.666155, 4.507604], [-75.666156, 4.507325], [-75.666434, 4.507325], [-75.666434, 4.507604]]], [[[-75.664527, 4.486952], [-75.664527, 4.487232], [-75.664249, 4.487231], [-75.664249, 4.486952], [-75.664527, 4.486952]]], [[[-75.668144, 4.485843], [-75.668145, 4.485006], [-75.668423, 4.485007], [-75.668424, 4.484728], [-75.66898, 4.484729], [-75.668979, 4.485008], [-75.668701, 4.485007], [-75.668701, 4.485286], [-75.668423, 4.485286], [-75.668422, 4.485844], [-75.668144, 4.485843]]], [[[-75.668705, 4.482775], [-75.668706, 4.482496], [-75.668984, 4.482497], [-75.668983, 4.482776], [-75.668705, 4.482775]]], [[[-75.664482, 4.510112], [-75.664482, 4.510391], [-75.664204, 4.51039], [-75.664204, 4.510111], [-75.664482, 4.510112]]], [[[-75.665053, 4.502858], [-75.665331, 4.502859], [-75.66533, 4.503138], [-75.665052, 4.503137], [-75.665053, 4.502858]]], [[[-75.665318, 4.509555], [-75.665317, 4.510113], [-75.665039, 4.510113], [-75.665038, 4.510392], [-75.66476, 4.510391], [-75.664761, 4.509833], [-75.665039, 4.509834], [-75.66504, 4.509555], [-75.665318, 4.509555]]], [[[-75.665597, 4.508998], [-75.665596, 4.509277], [-75.665318, 4.509276], [-75.665319, 4.508997], [-75.665597, 4.508998]]], [[[-75.666154, 4.508162], [-75.666154, 4.508441], [-75.665876, 4.50844], [-75.665876, 4.508161], [-75.666154, 4.508162]]], [[[-75.669315, 4.454873], [-75.669037, 4.454873], [-75.669037, 4.454594], [-75.669315, 4.454594], [-75.669315, 4.454873]]], [[[-75.667646, 4.455149], [-75.667647, 4.454591], [-75.667369, 4.454591], [-75.66737, 4.454312], [-75.667926, 4.454313], [-75.667925, 4.454592], [-75.668203, 4.454592], [-75.668202, 4.45515], [-75.667646, 4.455149]]], [[[-75.66876, 4.454314], [-75.668759, 4.454593], [-75.668481, 4.454593], [-75.668482, 4.454314], [-75.66876, 4.454314]]], [[[-75.672072, 4.467156], [-75.672072, 4.466877], [-75.67235, 4.466877], [-75.67235, 4.467157], [-75.672072, 4.467156]]], [[[-75.671794, 4.466876], [-75.671795, 4.466597], [-75.672073, 4.466598], [-75.672072, 4.466877], [-75.671794, 4.466876]]], [[[-75.668704, 4.483612], [-75.668703, 4.48417], [-75.668425, 4.48417], [-75.668426, 4.483612], [-75.668704, 4.483612]]], [[[-75.670681, 4.467153], [-75.670681, 4.467432], [-75.670403, 4.467432], [-75.670403, 4.467153], [-75.670681, 4.467153]]], [[[-75.671211, 4.481106], [-75.67121, 4.481664], [-75.670932, 4.481663], [-75.670933, 4.481105], [-75.671211, 4.481106]]], [[[-75.672882, 4.479714], [-75.672881, 4.479993], [-75.672603, 4.479992], [-75.672604, 4.479713], [-75.672882, 4.479714]]], [[[-75.673188, 4.464647], [-75.67291, 4.464646], [-75.672911, 4.464367], [-75.673189, 4.464368], [-75.673188, 4.464647]]], [[[-75.675936, 4.481952], [-75.675935, 4.482231], [-75.675657, 4.48223], [-75.675658, 4.481951], [-75.675936, 4.481952]]], [[[-75.676455, 4.500927], [-75.676454, 4.501485], [-75.676176, 4.501485], [-75.676177, 4.500926], [-75.676455, 4.500927]]], [[[-75.676732, 4.501765], [-75.676731, 4.502044], [-75.676453, 4.502043], [-75.676454, 4.501764], [-75.676732, 4.501765]]], [[[-75.677069, 4.470514], [-75.677069, 4.470793], [-75.676791, 4.470792], [-75.676791, 4.470513], [-75.677069, 4.470514]]], [[[-75.677563, 4.50344], [-75.677562, 4.503719], [-75.677284, 4.503719], [-75.677285, 4.50344], [-75.677563, 4.50344]]], [[[-75.67874, 4.469401], [-75.67874, 4.469122], [-75.679018, 4.469122], [-75.679018, 4.469402], [-75.67874, 4.469401]]], [[[-75.678739, 4.46968], [-75.678461, 4.469679], [-75.678461, 4.469959], [-75.678183, 4.469958], [-75.678184, 4.4694], [-75.67874, 4.469401], [-75.678739, 4.46968]]], [[[-75.678182, 4.470237], [-75.677904, 4.470236], [-75.677905, 4.469957], [-75.678183, 4.469958], [-75.678182, 4.470237]]], [[[-75.677627, 4.469957], [-75.677627, 4.469678], [-75.677349, 4.469677], [-75.67735, 4.469398], [-75.677906, 4.469399], [-75.677905, 4.469957], [-75.677627, 4.469957]]], [[[-75.677904, 4.470516], [-75.677625, 4.470515], [-75.677626, 4.470236], [-75.677904, 4.470236], [-75.677904, 4.470516]]], [[[-75.678677, 4.502326], [-75.678676, 4.502605], [-75.678398, 4.502605], [-75.678399, 4.502326], [-75.678677, 4.502326]]], [[[-75.680412, 4.467172], [-75.680411, 4.467451], [-75.680133, 4.46745], [-75.680134, 4.467171], [-75.680412, 4.467172]]], [[[-75.681459, 4.501216], [-75.681459, 4.501495], [-75.681181, 4.501494], [-75.681181, 4.501215], [-75.681459, 4.501216]]], [[[-75.683405, 4.501777], [-75.683404, 4.502335], [-75.683126, 4.502335], [-75.683127, 4.501777], [-75.683405, 4.501777]]], [[[-75.683673, 4.5068], [-75.683673, 4.50708], [-75.683395, 4.507079], [-75.683395, 4.5068], [-75.683673, 4.5068]]], [[[-75.683949, 4.507917], [-75.683948, 4.508196], [-75.68367, 4.508196], [-75.683671, 4.507917], [-75.683949, 4.507917]]], [[[-75.683682, 4.502057], [-75.683683, 4.501778], [-75.684, 4.501778570143885], [-75.684, 4.502057571942446], [-75.683682, 4.502057]]]]}}, {"type": "Feature", "properties": {"CATAME": "Muy Alta", "PLANCHA": "243"}, "geometry": {"type": "MultiPolygon", "coordinates": [[[[-75.635339, 4.484663], [-75.635338, 4.485221], [-75.63506, 4.485221], [-75.635059, 4.485779], [-75.634781, 4.485778], [-75.63478, 4.486057], [-75.63339, 4.486054], [-75.633391, 4.485496], [-75.633669, 4.485497], [-75.633669, 4.485776], [-75.634503, 4.485778], [-75.634504, 4.485499], [-75.634782, 4.485499], [-75.634782, 4.48522], [-75.634504, 4.48522], [-75.634505, 4.484941], [-75.633671, 4.484939], [-75.63367, 4.485218], [-75.63228, 4.485215], [-75.632277, 4.486889], [-75.632555, 4.48689], [-75.632555, 4.486611], [-75.632833, 4.486611], [-75.632832, 4.487169], [-75.632554, 4.487169], [-75.632553, 4.487727], [-75.632275, 4.487726], [-75.632274, 4.488005], [-75.631996, 4.488005], [-75.631995, 4.488842], [-75.632551, 4.488843], [-75.63255, 4.489122], [-75.634218, 4.489125], [-75.634218, 4.489404], [-75.63394, 4.489404], [-75.633939, 4.489683], [-75.634217, 4.489683], [-75.634217, 4.489962], [-75.633105, 4.48996], [-75.633104, 4.490239], [-75.632826, 4.490239], [-75.632826, 4.490518], [-75.633382, 4.490519], [-75.633381, 4.490798], [-75.633103, 4.490797], [-75.633102, 4.491076], [-75.633659, 4.491077], [-75.633657, 4.491635], [-75.633101, 4.491634], [-75.633101, 4.491913], [-75.633379, 4.491914], [-75.633378, 4.492193], [-75.633656, 4.492194], [-75.633657, 4.491915], [-75.633935, 4.491915], [-75.633934, 4.492473], [-75.632822, 4.492471], [-75.632821, 4.493029], [-75.632543, 4.493028], [-75.632542, 4.493307], [-75.632264, 4.493307], [-75.632263, 4.493586], [-75.632542, 4.493586], [-75.632541, 4.493865], [-75.632819, 4.493866], [-75.632817, 4.494703], [-75.633095, 4.494704], [-75.633094, 4.495262], [-75.63365, 4.495263], [-75.633649, 4.4961], [-75.633371, 4.496099], [-75.63337, 4.496378], [-75.633092, 4.496378], [-75.633093, 4.496099], [-75.632815, 4.496098], [-75.632815, 4.495819], [-75.632537, 4.495819], [-75.632537, 4.496098], [-75.632259, 4.496097], [-75.632258, 4.496376], [-75.63198, 4.496376], [-75.631979, 4.496655], [-75.632257, 4.496655], [-75.632256, 4.497213], [-75.631978, 4.497213], [-75.631978, 4.497492], [-75.6317, 4.497491], [-75.631699, 4.49777], [-75.631143, 4.497769], [-75.631143, 4.498048], [-75.630865, 4.498048], [-75.630864, 4.498327], [-75.630586, 4.498326], [-75.630585, 4.498605], [-75.630029, 4.498604], [-75.630029, 4.498883], [-75.629751, 4.498882], [-75.629752, 4.498324], [-75.629474, 4.498324], [-75.629474, 4.498045], [-75.629752, 4.498045], [-75.629755, 4.496929], [-75.629477, 4.496929], [-75.629478, 4.496371], [-75.6292, 4.49637], [-75.629198, 4.497207], [-75.62892, 4.497207], [-75.628918, 4.498323], [-75.629196, 4.498323], [-75.629193, 4.499718], [-75.628915, 4.499718], [-75.628915, 4.499997], [-75.628637, 4.499996], [-75.628636, 4.500275], [-75.628358, 4.500275], [-75.628357, 4.500833], [-75.628079, 4.500832], [-75.628078, 4.50139], [-75.6278, 4.50139], [-75.627799, 4.501948], [-75.627521, 4.501947], [-75.627519, 4.502505], [-75.627241, 4.502505], [-75.627239, 4.503621], [-75.626961, 4.50362], [-75.626962, 4.503341], [-75.626684, 4.503341], [-75.626683, 4.50362], [-75.626127, 4.503619], [-75.626126, 4.504177], [-75.62557, 4.504175], [-75.625569, 4.504454], [-75.625291, 4.504454], [-75.625291, 4.504733], [-75.625013, 4.504732], [-75.625012, 4.505011], [-75.624734, 4.505011], [-75.624734, 4.50529], [-75.625568, 4.505292], [-75.625568, 4.505013], [-75.625846, 4.505013], [-75.625845, 4.50585], [-75.625567, 4.50585], [-75.625566, 4.506129], [-75.625288, 4.506128], [-75.625288, 4.506407], [-75.625009, 4.506407], [-75.625008, 4.507244], [-75.62473, 4.507243], [-75.624729, 4.507801], [-75.623895, 4.507799], [-75.623894, 4.508078], [-75.623616, 4.508078], [-75.623615, 4.508357], [-75.623337, 4.508356], [-75.623337, 4.508635], [-75.625005, 4.508639], [-75.625005, 4.508918], [-75.62417, 4.508916], [-75.624169, 4.509474], [-75.624447, 4.509475], [-75.624448, 4.509196], [-75.62556, 4.509198], [-75.625558, 4.510314], [-75.625836, 4.510315], [-75.625835, 4.510594], [-75.625557, 4.510593], [-75.625557, 4.510872], [-75.624723, 4.51087], [-75.624723, 4.510591], [-75.624445, 4.510591], [-75.624446, 4.510312], [-75.624168, 4.510311], [-75.624167, 4.51059], [-75.623611, 4.510589], [-75.623609, 4.511426], [-75.623053, 4.511425], [-75.623054, 4.511146], [-75.622776, 4.511145], [-75.622775, 4.511704], [-75.623609, 4.511705], [-75.62360847132616, 4.5120000000000005], [-75.622496, 4.5120000000000005], [-75.622496, 4.511982], [-75.62194, 4.511981], [-75.621941, 4.511702], [-75.622219, 4.511702], [-75.622219, 4.511423], [-75.621663, 4.511422], [-75.621663, 4.511701], [-75.621385, 4.511701], [-75.621385, 4.511422], [-75.621107, 4.511421], [-75.621108, 4.511142], [-75.620552, 4.511141], [-75.620551, 4.51142], [-75.62, 4.511419008992806], [-75.62, 4.51114], [-75.620274, 4.51114], [-75.620274, 4.510861], [-75.620552, 4.510862], [-75.620553, 4.510583], [-75.621109, 4.510584], [-75.621109, 4.510305], [-75.621387, 4.510306], [-75.62139, 4.50919], [-75.621668, 4.50919], [-75.621669, 4.508632], [-75.621391, 4.508631], [-75.621391, 4.508352], [-75.621669, 4.508353], [-75.62167, 4.508074], [-75.621114, 4.508073], [-75.621113, 4.508631], [-75.620835, 4.50863], [-75.620834, 4.508909], [-75.621112, 4.50891], [-75.621111, 4.509468], [-75.620555, 4.509467], [-75.620554, 4.510025], [-75.620276, 4.510024], [-75.620279, 4.508629], [-75.620001, 4.508629], [-75.620001, 4.50835], [-75.62, 4.5083499964028775], [-75.62, 4.480168], [-75.620057, 4.480168], [-75.620058, 4.479889], [-75.620336, 4.47989], [-75.620336, 4.479611], [-75.620614, 4.479612], [-75.620615, 4.479333], [-75.620893, 4.479333], [-75.620893, 4.479054], [-75.621171, 4.479055], [-75.621172, 4.478776], [-75.62145, 4.478776], [-75.621451, 4.478497], [-75.622007, 4.478498], [-75.622007, 4.478219], [-75.622285, 4.47822], [-75.622285, 4.478499], [-75.622563, 4.478499], [-75.622564, 4.477662], [-75.622842, 4.477663], [-75.622843, 4.477384], [-75.623121, 4.477384], [-75.623121, 4.477105], [-75.623399, 4.477106], [-75.6234, 4.476827], [-75.623678, 4.476827], [-75.623678, 4.476548], [-75.623957, 4.476549], [-75.623957, 4.47627], [-75.624513, 4.476271], [-75.624514, 4.475992], [-75.624792, 4.475993], [-75.624792, 4.475714], [-75.62507, 4.475714], [-75.625071, 4.475435], [-75.625905, 4.475437], [-75.625904, 4.475716], [-75.625626, 4.475715], [-75.625625, 4.476273], [-75.625903, 4.476274], [-75.625901, 4.47739], [-75.626179, 4.47739], [-75.626177, 4.478227], [-75.626733, 4.478229], [-75.626736, 4.477112], [-75.626458, 4.477112], [-75.626458, 4.476833], [-75.626736, 4.476833], [-75.626737, 4.476275], [-75.627015, 4.476276], [-75.627014, 4.476834], [-75.627292, 4.476835], [-75.627292, 4.477114], [-75.627014, 4.477113], [-75.627012, 4.47795], [-75.62729, 4.477951], [-75.627289, 4.47823], [-75.627567, 4.47823], [-75.627567, 4.478509], [-75.627845, 4.47851], [-75.627849, 4.476557], [-75.627571, 4.476556], [-75.627571, 4.476277], [-75.627849, 4.476278], [-75.62785, 4.47572], [-75.627572, 4.475719], [-75.627573, 4.47544], [-75.627851, 4.475441], [-75.627853, 4.474324], [-75.628131, 4.474325], [-75.628132, 4.473767], [-75.628688, 4.473768], [-75.628689, 4.47321], [-75.628967, 4.473211], [-75.628968, 4.472932], [-75.629524, 4.472933], [-75.629524, 4.472654], [-75.630359, 4.472655], [-75.63036, 4.472097], [-75.630916, 4.472098], [-75.630914, 4.472935], [-75.631192, 4.472936], [-75.63119, 4.473773], [-75.631468, 4.473774], [-75.631467, 4.474611], [-75.631745, 4.474611], [-75.631743, 4.475448], [-75.632021, 4.475449], [-75.632019, 4.476286], [-75.632297, 4.476286], [-75.632296, 4.477124], [-75.632574, 4.477124], [-75.632573, 4.477682], [-75.632851, 4.477683], [-75.63285, 4.478241], [-75.631738, 4.478239], [-75.631737, 4.478518], [-75.631459, 4.478517], [-75.631459, 4.478796], [-75.631737, 4.478797], [-75.631736, 4.479076], [-75.632292, 4.479077], [-75.632291, 4.479356], [-75.632569, 4.479356], [-75.632568, 4.479914], [-75.632846, 4.479915], [-75.632846, 4.480194], [-75.632568, 4.480193], [-75.632567, 4.480472], [-75.633123, 4.480473], [-75.633119, 4.482706], [-75.633675, 4.482707], [-75.633678, 4.481312], [-75.633956, 4.481312], [-75.633955, 4.48187], [-75.634233, 4.481871], [-75.634232, 4.482429], [-75.63451, 4.482429], [-75.634509, 4.482708], [-75.634787, 4.482709], [-75.634786, 4.483267], [-75.635064, 4.483268], [-75.635061, 4.484663], [-75.635339, 4.484663]], [[-75.623612, 4.51031], [-75.62389, 4.510311], [-75.62389, 4.510032], [-75.624168, 4.510032], [-75.624169, 4.509753], [-75.622779, 4.50975], [-75.622778, 4.510308], [-75.623056, 4.510309], [-75.623054, 4.510867], [-75.623332, 4.510868], [-75.623333, 4.510589], [-75.623611, 4.510589], [-75.623612, 4.51031]], [[-75.625899, 4.478227], [-75.625898, 4.478785], [-75.626176, 4.478786], [-75.626177, 4.478227], [-75.625899, 4.478227]], [[-75.62562, 4.478784], [-75.62562, 4.479063], [-75.625898, 4.479064], [-75.625898, 4.478785], [-75.62562, 4.478784]], [[-75.625621, 4.478505], [-75.625343, 4.478505], [-75.625342, 4.478784], [-75.62562, 4.478784], [-75.625621, 4.478505]], [[-75.634783, 4.484662], [-75.634783, 4.484941], [-75.635061, 4.484942], [-75.635061, 4.484663], [-75.634783, 4.484662]], [[-75.621401, 4.50333], [-75.620845, 4.503329], [-75.620844, 4.503887], [-75.621122, 4.503888], [-75.621122, 4.504167], [-75.6214, 4.504167], [-75.621401, 4.50333]], [[-75.621413, 4.497192], [-75.621135, 4.497191], [-75.621135, 4.49747], [-75.621413, 4.497471], [-75.621413, 4.497192]], [[-75.621433, 4.487147], [-75.621433, 4.487426], [-75.621711, 4.487426], [-75.621711, 4.487147], [-75.621433, 4.487147]], [[-75.621724, 4.481009], [-75.621446, 4.481008], [-75.621445, 4.481287], [-75.621723, 4.481288], [-75.621724, 4.481009]], [[-75.621943, 4.510307], [-75.621942, 4.510865], [-75.62222, 4.510865], [-75.622221, 4.510307], [-75.621943, 4.510307]], [[-75.621944, 4.510028], [-75.621666, 4.510027], [-75.621665, 4.510306], [-75.621943, 4.510307], [-75.621944, 4.510028]], [[-75.6225, 4.510029], [-75.622501, 4.50975], [-75.621945, 4.509749], [-75.621944, 4.510028], [-75.6225, 4.510029]], [[-75.621673, 4.5064], [-75.621672, 4.506958], [-75.62195, 4.506958], [-75.62195, 4.507237], [-75.622228, 4.507238], [-75.622229, 4.50668], [-75.621951, 4.506679], [-75.621951, 4.5064], [-75.621673, 4.5064]], [[-75.622225, 4.508354], [-75.621947, 4.508354], [-75.621947, 4.508633], [-75.622225, 4.508633], [-75.622225, 4.508354]], [[-75.622522, 4.499147], [-75.6228, 4.499148], [-75.622801, 4.498589], [-75.622523, 4.498589], [-75.622522, 4.499147]], [[-75.621966, 4.499146], [-75.621965, 4.499704], [-75.622243, 4.499704], [-75.622243, 4.499425], [-75.622521, 4.499426], [-75.622522, 4.499147], [-75.621966, 4.499146]], [[-75.622246, 4.497751], [-75.621968, 4.497751], [-75.621968, 4.49803], [-75.622246, 4.49803], [-75.622246, 4.497751]], [[-75.622511, 4.504727], [-75.622233, 4.504727], [-75.622232, 4.505006], [-75.62251, 4.505006], [-75.622511, 4.504727]], [[-75.623066, 4.505287], [-75.623344, 4.505287], [-75.623345, 4.504729], [-75.623067, 4.504729], [-75.623066, 4.505287]], [[-75.622788, 4.505286], [-75.622787, 4.505565], [-75.623065, 4.505566], [-75.623066, 4.505287], [-75.622788, 4.505286]], [[-75.622509, 4.505564], [-75.622508, 4.505843], [-75.622786, 4.505844], [-75.622787, 4.505565], [-75.622509, 4.505564]], [[-75.622835, 4.481569], [-75.622557, 4.481569], [-75.622555, 4.482406], [-75.622833, 4.482406], [-75.622835, 4.481569]], [[-75.62306, 4.508077], [-75.623338, 4.508077], [-75.623339, 4.507798], [-75.623061, 4.507798], [-75.62306, 4.508077]], [[-75.622782, 4.508076], [-75.622781, 4.508355], [-75.623059, 4.508356], [-75.62306, 4.508077], [-75.622782, 4.508076]], [[-75.623363, 4.495242], [-75.623085, 4.495242], [-75.623086, 4.494963], [-75.622808, 4.494962], [-75.622806, 4.495799], [-75.623084, 4.4958], [-75.623085, 4.495521], [-75.623363, 4.495521], [-75.623363, 4.495242]], [[-75.623093, 4.491335], [-75.622815, 4.491335], [-75.622815, 4.491614], [-75.623093, 4.491614], [-75.623093, 4.491335]], [[-75.623939, 4.485478], [-75.624217, 4.485478], [-75.624217, 4.485199], [-75.623939, 4.485199], [-75.623939, 4.485478]], [[-75.623105, 4.485476], [-75.623104, 4.486034], [-75.623382, 4.486035], [-75.623381, 4.486314], [-75.623937, 4.486315], [-75.623938, 4.486036], [-75.624216, 4.486036], [-75.624216, 4.485757], [-75.623938, 4.485757], [-75.623939, 4.485478], [-75.623105, 4.485476]], [[-75.622825, 4.486312], [-75.622825, 4.486592], [-75.623381, 4.486593], [-75.623381, 4.486314], [-75.622825, 4.486312]], [[-75.623935, 4.487431], [-75.624213, 4.487431], [-75.624214, 4.487152], [-75.623936, 4.487152], [-75.623935, 4.487431]], [[-75.623657, 4.48743], [-75.623658, 4.487151], [-75.62338, 4.487151], [-75.62338, 4.486872], [-75.623102, 4.486871], [-75.623101, 4.487429], [-75.623379, 4.48743], [-75.623378, 4.487709], [-75.623934, 4.48771], [-75.623935, 4.487431], [-75.623657, 4.48743]], [[-75.624221, 4.483246], [-75.624499, 4.483247], [-75.6245, 4.482968], [-75.624222, 4.482967], [-75.624221, 4.483246]], [[-75.623943, 4.483245], [-75.623942, 4.483804], [-75.624498, 4.483805], [-75.624499, 4.483526], [-75.624221, 4.483525], [-75.624221, 4.483246], [-75.623943, 4.483245]], [[-75.623944, 4.482687], [-75.623388, 4.482686], [-75.623389, 4.482407], [-75.623111, 4.482407], [-75.623109, 4.483244], [-75.623387, 4.483244], [-75.623387, 4.483523], [-75.623109, 4.483523], [-75.623108, 4.484081], [-75.623386, 4.484081], [-75.623386, 4.483802], [-75.623664, 4.483803], [-75.623665, 4.483245], [-75.623943, 4.483245], [-75.623944, 4.482687]], [[-75.623675, 4.478502], [-75.623119, 4.4785], [-75.623118, 4.478779], [-75.623396, 4.47878], [-75.623395, 4.479338], [-75.623673, 4.479339], [-75.623675, 4.478502]], [[-75.623625, 4.503614], [-75.624181, 4.503615], [-75.624183, 4.502778], [-75.623905, 4.502777], [-75.623904, 4.503056], [-75.623626, 4.503055], [-75.623625, 4.503614]], [[-75.623347, 4.503613], [-75.623346, 4.503892], [-75.623624, 4.503893], [-75.623625, 4.503614], [-75.623347, 4.503613]], [[-75.623655, 4.488546], [-75.623377, 4.488546], [-75.623376, 4.488825], [-75.623654, 4.488825], [-75.623655, 4.488546]], [[-75.623664, 4.484082], [-75.623663, 4.484361], [-75.623941, 4.484362], [-75.623942, 4.484083], [-75.623664, 4.484082]], [[-75.624226, 4.481014], [-75.623948, 4.481013], [-75.623949, 4.480176], [-75.623671, 4.480176], [-75.623669, 4.481571], [-75.623947, 4.481571], [-75.623947, 4.481292], [-75.624225, 4.481293], [-75.624226, 4.481014]], [[-75.624185, 4.501382], [-75.623907, 4.501382], [-75.623907, 4.501661], [-75.624185, 4.501661], [-75.624185, 4.501382]], [[-75.623914, 4.498034], [-75.623913, 4.498313], [-75.624191, 4.498313], [-75.624192, 4.498034], [-75.623914, 4.498034]], [[-75.625593, 4.492736], [-75.625871, 4.492736], [-75.625871, 4.492457], [-75.625593, 4.492457], [-75.625593, 4.492736]], [[-75.625315, 4.492735], [-75.625312, 4.49413], [-75.625034, 4.49413], [-75.625032, 4.494967], [-75.624754, 4.494966], [-75.624754, 4.495245], [-75.624476, 4.495245], [-75.624473, 4.496361], [-75.623917, 4.49636], [-75.623917, 4.496639], [-75.624195, 4.496639], [-75.624194, 4.497197], [-75.62475, 4.497198], [-75.624749, 4.497477], [-75.625027, 4.497478], [-75.625028, 4.49692], [-75.62475, 4.496919], [-75.624753, 4.495524], [-75.625309, 4.495525], [-75.625309, 4.495804], [-75.625587, 4.495805], [-75.625588, 4.495247], [-75.62531, 4.495246], [-75.625311, 4.494409], [-75.625867, 4.49441], [-75.625868, 4.494131], [-75.62559, 4.494131], [-75.62559, 4.493852], [-75.625868, 4.493852], [-75.625869, 4.493573], [-75.625591, 4.493573], [-75.625593, 4.492736], [-75.625315, 4.492735]], [[-75.625035, 4.493572], [-75.624757, 4.493571], [-75.624756, 4.494129], [-75.625034, 4.49413], [-75.625035, 4.493572]], [[-75.624201, 4.49357], [-75.6242, 4.493849], [-75.624478, 4.493849], [-75.624479, 4.49357], [-75.624201, 4.49357]], [[-75.624205, 4.491338], [-75.624205, 4.491617], [-75.624483, 4.491617], [-75.624483, 4.491338], [-75.624205, 4.491338]], [[-75.624211, 4.488547], [-75.62421, 4.488826], [-75.624488, 4.488827], [-75.624489, 4.488548], [-75.624211, 4.488547]], [[-75.624498, 4.484084], [-75.62422, 4.484083], [-75.624219, 4.484641], [-75.624497, 4.484642], [-75.624498, 4.484084]], [[-75.624745, 4.49943], [-75.625023, 4.499431], [-75.625024, 4.499152], [-75.626136, 4.499154], [-75.626139, 4.497759], [-75.625861, 4.497759], [-75.625859, 4.498596], [-75.625581, 4.498595], [-75.625582, 4.498316], [-75.625304, 4.498315], [-75.625303, 4.498594], [-75.625025, 4.498594], [-75.625024, 4.498873], [-75.624746, 4.498872], [-75.624745, 4.49943]], [[-75.624467, 4.49943], [-75.624467, 4.499709], [-75.624745, 4.499709], [-75.624745, 4.49943], [-75.624467, 4.49943]], [[-75.624787, 4.478225], [-75.624509, 4.478224], [-75.624509, 4.478503], [-75.624787, 4.478504], [-75.624787, 4.478225]], [[-75.624741, 4.501384], [-75.62474, 4.501942], [-75.625296, 4.501943], [-75.625297, 4.501385], [-75.624741, 4.501384]], [[-75.625051, 4.48548], [-75.625329, 4.48548], [-75.625331, 4.484364], [-75.625887, 4.484365], [-75.625888, 4.483807], [-75.62561, 4.483807], [-75.62561, 4.484086], [-75.625332, 4.484085], [-75.625333, 4.483527], [-75.625055, 4.483527], [-75.625054, 4.483806], [-75.624776, 4.483805], [-75.624774, 4.484921], [-75.625052, 4.484922], [-75.625051, 4.48548]], [[-75.625056, 4.482969], [-75.624778, 4.482968], [-75.624777, 4.483247], [-75.625055, 4.483248], [-75.625056, 4.482969]], [[-75.625003, 4.509476], [-75.625003, 4.509755], [-75.625281, 4.509755], [-75.625281, 4.509476], [-75.625003, 4.509476]], [[-75.625319, 4.490503], [-75.625041, 4.490502], [-75.62504, 4.490781], [-75.625318, 4.490782], [-75.625319, 4.490503]], [[-75.625045, 4.488549], [-75.625042, 4.489944], [-75.62532, 4.489945], [-75.625321, 4.489387], [-75.626433, 4.489389], [-75.626434, 4.48911], [-75.625322, 4.489108], [-75.625323, 4.48855], [-75.625045, 4.488549]], [[-75.625327, 4.486597], [-75.625049, 4.486596], [-75.625048, 4.486875], [-75.625326, 4.486876], [-75.625327, 4.486597]], [[-75.625339, 4.480458], [-75.625061, 4.480457], [-75.62506, 4.480736], [-75.625338, 4.480737], [-75.625339, 4.480458]], [[-75.625586, 4.496084], [-75.625308, 4.496083], [-75.625307, 4.496362], [-75.625585, 4.496363], [-75.625586, 4.496084]], [[-75.625594, 4.491898], [-75.625594, 4.492178], [-75.625872, 4.492178], [-75.625872, 4.491899], [-75.625594, 4.491898]], [[-75.625876, 4.490225], [-75.626432, 4.490226], [-75.626432, 4.489947], [-75.626154, 4.489946], [-75.626155, 4.489667], [-75.625599, 4.489666], [-75.625598, 4.489945], [-75.625876, 4.489946], [-75.625876, 4.490225]], [[-75.625598, 4.490224], [-75.625597, 4.490503], [-75.625875, 4.490504], [-75.625876, 4.490225], [-75.625598, 4.490224]], [[-75.625851, 4.502502], [-75.625851, 4.502781], [-75.626129, 4.502781], [-75.626128, 4.50306], [-75.626406, 4.503061], [-75.626407, 4.502782], [-75.626685, 4.502783], [-75.626685, 4.502504], [-75.626963, 4.502504], [-75.626965, 4.501946], [-75.626686, 4.501946], [-75.626686, 4.502225], [-75.62613, 4.502223], [-75.626129, 4.502502], [-75.625851, 4.502502]], [[-75.625855, 4.500828], [-75.625854, 4.501107], [-75.62641, 4.501108], [-75.626411, 4.500829], [-75.625855, 4.500828]], [[-75.625862, 4.4972], [-75.625861, 4.497479], [-75.626139, 4.49748], [-75.62614, 4.497201], [-75.625862, 4.4972]], [[-75.625879, 4.488551], [-75.625878, 4.48883], [-75.626156, 4.48883], [-75.626157, 4.488551], [-75.625879, 4.488551]], [[-75.625893, 4.481575], [-75.625892, 4.481854], [-75.62617, 4.481855], [-75.626171, 4.481576], [-75.625893, 4.481575]], [[-75.626427, 4.492737], [-75.626149, 4.492737], [-75.626148, 4.493016], [-75.626426, 4.493016], [-75.626427, 4.492737]], [[-75.626444, 4.484088], [-75.626166, 4.484087], [-75.626165, 4.484366], [-75.626443, 4.484367], [-75.626444, 4.484088]], [[-75.626993, 4.487437], [-75.626437, 4.487436], [-75.626437, 4.487715], [-75.626993, 4.487716], [-75.626993, 4.487437]], [[-75.626451, 4.48046], [-75.62645, 4.480739], [-75.627284, 4.480741], [-75.627284, 4.48102], [-75.627562, 4.48102], [-75.627561, 4.481299], [-75.627839, 4.4813], [-75.627841, 4.480463], [-75.626451, 4.48046]], [[-75.627009, 4.479345], [-75.626731, 4.479345], [-75.626731, 4.479624], [-75.626453, 4.479623], [-75.626452, 4.479902], [-75.627008, 4.479903], [-75.627009, 4.479345]], [[-75.626707, 4.491343], [-75.626707, 4.491622], [-75.626985, 4.491622], [-75.626985, 4.491343], [-75.626707, 4.491343]], [[-75.62701, 4.478787], [-75.62701, 4.479066], [-75.627288, 4.479067], [-75.627288, 4.478788], [-75.62701, 4.478787]], [[-75.627011, 4.478508], [-75.626733, 4.478508], [-75.626732, 4.478787], [-75.62701, 4.478787], [-75.627011, 4.478508]], [[-75.627003, 4.482414], [-75.627003, 4.482694], [-75.627281, 4.482694], [-75.627281, 4.482415], [-75.627003, 4.482414]], [[-75.628099, 4.490787], [-75.627821, 4.490787], [-75.627822, 4.490229], [-75.627544, 4.490228], [-75.627545, 4.48967], [-75.627267, 4.48967], [-75.627265, 4.490507], [-75.627543, 4.490507], [-75.627542, 4.491065], [-75.628098, 4.491066], [-75.628099, 4.490787]], [[-75.62727, 4.487995], [-75.62727, 4.488275], [-75.627548, 4.488275], [-75.627548, 4.487996], [-75.62727, 4.487995]], [[-75.627553, 4.485485], [-75.627553, 4.485764], [-75.627275, 4.485763], [-75.627273, 4.486321], [-75.627829, 4.486322], [-75.627829, 4.486601], [-75.628107, 4.486602], [-75.62811, 4.485207], [-75.627832, 4.485206], [-75.627831, 4.485485], [-75.627553, 4.485485]], [[-75.62728, 4.482973], [-75.627279, 4.483252], [-75.627836, 4.483253], [-75.627835, 4.483532], [-75.628113, 4.483533], [-75.628114, 4.482975], [-75.62728, 4.482973]], [[-75.627819, 4.491624], [-75.627818, 4.491903], [-75.628096, 4.491903], [-75.628097, 4.491624], [-75.627819, 4.491624]], [[-75.629771, 4.488559], [-75.629493, 4.488558], [-75.629493, 4.488837], [-75.629215, 4.488836], [-75.629214, 4.489394], [-75.629492, 4.489395], [-75.629491, 4.489674], [-75.629213, 4.489673], [-75.629212, 4.489953], [-75.629768, 4.489954], [-75.62977, 4.489396], [-75.630048, 4.489396], [-75.630049, 4.488838], [-75.629771, 4.488838], [-75.629771, 4.488559]], [[-75.629216, 4.488278], [-75.628382, 4.488277], [-75.628382, 4.487998], [-75.627826, 4.487997], [-75.627825, 4.488834], [-75.628381, 4.488835], [-75.628381, 4.488556], [-75.628659, 4.488556], [-75.628659, 4.488835], [-75.629215, 4.488836], [-75.629216, 4.488278]], [[-75.628656, 4.489951], [-75.628656, 4.49023], [-75.629212, 4.490232], [-75.629212, 4.489953], [-75.628656, 4.489951]], [[-75.628646, 4.495253], [-75.628368, 4.495252], [-75.628365, 4.496647], [-75.628643, 4.496648], [-75.628646, 4.495253]], [[-75.628664, 4.486045], [-75.628662, 4.486882], [-75.628384, 4.486882], [-75.628384, 4.487161], [-75.628662, 4.487161], [-75.628661, 4.48744], [-75.628939, 4.487441], [-75.628942, 4.486046], [-75.628664, 4.486045]], [[-75.628665, 4.485766], [-75.628943, 4.485767], [-75.628943, 4.485488], [-75.628665, 4.485487], [-75.628666, 4.485208], [-75.628388, 4.485207], [-75.628386, 4.486045], [-75.628664, 4.486045], [-75.628665, 4.485766]], [[-75.629224, 4.484093], [-75.629223, 4.484372], [-75.629501, 4.484373], [-75.629502, 4.484094], [-75.629224, 4.484093]], [[-75.629225, 4.483814], [-75.628946, 4.483813], [-75.628947, 4.483534], [-75.628391, 4.483533], [-75.62839, 4.483812], [-75.628668, 4.483813], [-75.628668, 4.484092], [-75.629224, 4.484093], [-75.629225, 4.483814]], [[-75.62976, 4.494418], [-75.629482, 4.494417], [-75.629482, 4.494138], [-75.628648, 4.494137], [-75.628648, 4.494416], [-75.628926, 4.494416], [-75.628925, 4.494695], [-75.629481, 4.494696], [-75.629481, 4.494975], [-75.629759, 4.494976], [-75.62976, 4.494418]], [[-75.628933, 4.49051], [-75.628655, 4.490509], [-75.628654, 4.491068], [-75.628932, 4.491068], [-75.628933, 4.49051]], [[-75.631455, 4.48047], [-75.631733, 4.480471], [-75.631734, 4.480192], [-75.631456, 4.480191], [-75.631455, 4.48047]], [[-75.631177, 4.48047], [-75.631178, 4.480191], [-75.6309, 4.48019], [-75.630899, 4.480469], [-75.630343, 4.480468], [-75.630344, 4.47991], [-75.630066, 4.479909], [-75.630067, 4.47963], [-75.630345, 4.479631], [-75.630345, 4.479352], [-75.629789, 4.479351], [-75.62979, 4.479072], [-75.630346, 4.479073], [-75.630346, 4.478794], [-75.62979, 4.478793], [-75.629792, 4.478235], [-75.629514, 4.478234], [-75.629512, 4.478792], [-75.629234, 4.478792], [-75.629234, 4.479071], [-75.629512, 4.479071], [-75.629511, 4.479629], [-75.628955, 4.479628], [-75.628954, 4.479907], [-75.62951, 4.479908], [-75.629509, 4.480466], [-75.628953, 4.480465], [-75.628954, 4.480186], [-75.628676, 4.480186], [-75.628674, 4.481023], [-75.628952, 4.481023], [-75.628951, 4.481302], [-75.628673, 4.481302], [-75.628672, 4.48186], [-75.62895, 4.48186], [-75.62895, 4.482139], [-75.629784, 4.482141], [-75.629783, 4.48242], [-75.630339, 4.482421], [-75.63034, 4.482142], [-75.630618, 4.482143], [-75.630618, 4.481864], [-75.63034, 4.481863], [-75.630342, 4.481026], [-75.63062, 4.481027], [-75.63062, 4.481306], [-75.631176, 4.481307], [-75.631176, 4.481028], [-75.631732, 4.481029], [-75.631733, 4.48075], [-75.631455, 4.480749], [-75.631455, 4.48047], [-75.631177, 4.48047]], [[-75.629484, 4.493301], [-75.629762, 4.493302], [-75.629763, 4.492744], [-75.630041, 4.492744], [-75.630044, 4.491349], [-75.629488, 4.491348], [-75.629485, 4.492743], [-75.629207, 4.492743], [-75.629206, 4.493022], [-75.629484, 4.493022], [-75.629484, 4.493301]], [[-75.629775, 4.486605], [-75.630053, 4.486606], [-75.630054, 4.486327], [-75.629776, 4.486326], [-75.629775, 4.486605]], [[-75.629219, 4.486604], [-75.629218, 4.486883], [-75.629496, 4.486884], [-75.629496, 4.487163], [-75.630052, 4.487164], [-75.630053, 4.486885], [-75.629774, 4.486884], [-75.629775, 4.486605], [-75.629219, 4.486604]], [[-75.629776, 4.486047], [-75.62922, 4.486046], [-75.62922, 4.486325], [-75.629776, 4.486326], [-75.629776, 4.486047]], [[-75.629767, 4.490791], [-75.630045, 4.490791], [-75.630045, 4.490512], [-75.629767, 4.490512], [-75.629767, 4.490791]], [[-75.629489, 4.49079], [-75.629488, 4.491069], [-75.629766, 4.49107], [-75.629767, 4.490791], [-75.629489, 4.49079]], [[-75.629768, 4.490233], [-75.62949, 4.490232], [-75.629489, 4.490511], [-75.629767, 4.490512], [-75.629768, 4.490233]], [[-75.629495, 4.487721], [-75.629494, 4.488], [-75.629772, 4.488], [-75.629773, 4.487721], [-75.629495, 4.487721]], [[-75.629793, 4.477398], [-75.630349, 4.477399], [-75.63035, 4.47712], [-75.630072, 4.477119], [-75.630072, 4.47684], [-75.63035, 4.476841], [-75.630351, 4.476562], [-75.629795, 4.476561], [-75.629794, 4.47684], [-75.629516, 4.476839], [-75.629514, 4.477955], [-75.629792, 4.477956], [-75.629793, 4.477398]], [[-75.629801, 4.473491], [-75.629523, 4.473491], [-75.629522, 4.47377], [-75.6298, 4.47377], [-75.629801, 4.473491]], [[-75.630077, 4.474608], [-75.629799, 4.474607], [-75.629798, 4.474886], [-75.630076, 4.474887], [-75.630077, 4.474608]], [[-75.630335, 4.484653], [-75.630057, 4.484653], [-75.630056, 4.484932], [-75.630334, 4.484932], [-75.630335, 4.484653]], [[-75.631152, 4.493305], [-75.631151, 4.493584], [-75.630873, 4.493583], [-75.630873, 4.493862], [-75.630595, 4.493862], [-75.630594, 4.494141], [-75.630316, 4.49414], [-75.630313, 4.495535], [-75.630592, 4.495536], [-75.63059, 4.496094], [-75.630868, 4.496094], [-75.63087, 4.495257], [-75.630592, 4.495257], [-75.630593, 4.494978], [-75.631149, 4.494979], [-75.63115, 4.494421], [-75.631706, 4.494422], [-75.631705, 4.494701], [-75.631983, 4.494701], [-75.631984, 4.494143], [-75.632262, 4.494144], [-75.632263, 4.493865], [-75.631707, 4.493864], [-75.631707, 4.493585], [-75.631985, 4.493585], [-75.631986, 4.493306], [-75.631152, 4.493305]], [[-75.632839, 4.483542], [-75.633117, 4.483543], [-75.633118, 4.483264], [-75.63284, 4.483263], [-75.632839, 4.483542]], [[-75.632561, 4.483542], [-75.632561, 4.483821], [-75.632005, 4.48382], [-75.632004, 4.484099], [-75.630892, 4.484096], [-75.630892, 4.484375], [-75.630613, 4.484375], [-75.630613, 4.484654], [-75.630891, 4.484654], [-75.63089, 4.484933], [-75.631446, 4.484935], [-75.631446, 4.485214], [-75.631724, 4.485214], [-75.631724, 4.484935], [-75.632559, 4.484937], [-75.632559, 4.484658], [-75.632837, 4.484658], [-75.632838, 4.484379], [-75.633116, 4.48438], [-75.633117, 4.483822], [-75.632839, 4.483821], [-75.632839, 4.483542], [-75.632561, 4.483542]], [[-75.631723, 4.485493], [-75.632001, 4.485494], [-75.632002, 4.485215], [-75.631724, 4.485214], [-75.631723, 4.485493]], [[-75.630623, 4.479631], [-75.630622, 4.47991], [-75.6309, 4.479911], [-75.630901, 4.479632], [-75.630623, 4.479631]], [[-75.631157, 4.490793], [-75.631435, 4.490794], [-75.631435, 4.490515], [-75.631157, 4.490514], [-75.631157, 4.490793]], [[-75.630879, 4.490793], [-75.630877, 4.49163], [-75.631155, 4.491631], [-75.631157, 4.490793], [-75.630879, 4.490793]], [[-75.631159, 4.489956], [-75.630881, 4.489956], [-75.630879, 4.490514], [-75.631157, 4.490514], [-75.631159, 4.489956]], [[-75.630885, 4.487445], [-75.630885, 4.487724], [-75.631163, 4.487724], [-75.631163, 4.487445], [-75.630885, 4.487445]], [[-75.630887, 4.486887], [-75.630886, 4.487166], [-75.631442, 4.487167], [-75.631443, 4.486888], [-75.630887, 4.486887]], [[-75.630897, 4.481585], [-75.630895, 4.482422], [-75.631451, 4.482423], [-75.631452, 4.481865], [-75.631174, 4.481865], [-75.631175, 4.481586], [-75.630897, 4.481585]], [[-75.630907, 4.476284], [-75.630906, 4.476842], [-75.631462, 4.476843], [-75.631464, 4.476006], [-75.631186, 4.476005], [-75.631185, 4.476284], [-75.630907, 4.476284]], [[-75.631426, 4.495258], [-75.631426, 4.495537], [-75.631704, 4.495538], [-75.631704, 4.495259], [-75.631426, 4.495258]], [[-75.631432, 4.492468], [-75.631431, 4.492747], [-75.631709, 4.492748], [-75.63171, 4.492469], [-75.631432, 4.492468]], [[-75.631989, 4.491632], [-75.631989, 4.491911], [-75.632545, 4.491912], [-75.632545, 4.491633], [-75.631989, 4.491632]], [[-75.633094, 4.495541], [-75.633093, 4.49582], [-75.633371, 4.49582], [-75.633372, 4.495541], [-75.633094, 4.495541]]], [[[-75.625837, 4.509477], [-75.626116, 4.509478], [-75.626116, 4.509199], [-75.62556, 4.509198], [-75.625561, 4.508919], [-75.626117, 4.50892], [-75.626117, 4.508641], [-75.626395, 4.508642], [-75.626396, 4.508362], [-75.626674, 4.508363], [-75.626674, 4.508084], [-75.626952, 4.508085], [-75.626951, 4.508922], [-75.627229, 4.508922], [-75.627228, 4.509201], [-75.626672, 4.5092], [-75.626672, 4.509479], [-75.62695, 4.50948], [-75.626948, 4.510038], [-75.62667, 4.510037], [-75.62667, 4.510316], [-75.625836, 4.510315], [-75.625837, 4.509477]], [[-75.626115, 4.509757], [-75.626393, 4.509758], [-75.626394, 4.509479], [-75.626116, 4.509478], [-75.626115, 4.509757]], [[-75.626395, 4.508921], [-75.626673, 4.508921], [-75.626673, 4.508642], [-75.626395, 4.508642], [-75.626395, 4.508921]]], [[[-75.625006, 4.50836], [-75.625562, 4.508361], [-75.625563, 4.507803], [-75.625285, 4.507802], [-75.625285, 4.507523], [-75.626119, 4.507525], [-75.62612, 4.507246], [-75.626398, 4.507246], [-75.626397, 4.507525], [-75.626675, 4.507526], [-75.626674, 4.508084], [-75.626396, 4.508083], [-75.626396, 4.508362], [-75.626118, 4.508362], [-75.626117, 4.508641], [-75.625561, 4.50864], [-75.625561, 4.508919], [-75.625283, 4.508918], [-75.625283, 4.508639], [-75.625005, 4.508639], [-75.625006, 4.50836]], [[-75.626118, 4.508083], [-75.62584, 4.508082], [-75.62584, 4.508361], [-75.626118, 4.508362], [-75.626118, 4.508083]]], [[[-75.632847, 4.479636], [-75.633125, 4.479636], [-75.633124, 4.479915], [-75.632846, 4.479915], [-75.632847, 4.479636]]], [[[-75.625904, 4.475716], [-75.626182, 4.475716], [-75.626181, 4.476274], [-75.625903, 4.476274], [-75.625904, 4.475716]]], [[[-75.620275, 4.510582], [-75.62, 4.510582], [-75.62, 4.510024], [-75.620276, 4.510024], [-75.620275, 4.510582]]], [[[-75.621113, 4.508631], [-75.621391, 4.508631], [-75.62139, 4.508911], [-75.621112, 4.50891], [-75.621113, 4.508631]]], [[[-75.624445, 4.510591], [-75.624445, 4.51087], [-75.624167, 4.510869], [-75.624167, 4.51059], [-75.624445, 4.510591]]], [[[-75.625835, 4.510873], [-75.625834, 4.511431], [-75.625556, 4.51143], [-75.625557, 4.510872], [-75.625835, 4.510873]]], [[[-75.632551, 4.488564], [-75.633107, 4.488565], [-75.633107, 4.488844], [-75.632551, 4.488843], [-75.632551, 4.488564]]], [[[-75.63311, 4.48717], [-75.63311, 4.487449], [-75.632832, 4.487448], [-75.632832, 4.487169], [-75.63311, 4.48717]]], [[[-75.633948, 4.485218], [-75.633948, 4.485498], [-75.633669, 4.485497], [-75.63367, 4.485218], [-75.633948, 4.485218]]], [[[-75.627227, 4.510038], [-75.627227, 4.509759], [-75.627505, 4.50976], [-75.627506, 4.509481], [-75.627784, 4.509481], [-75.627783, 4.50976], [-75.628061, 4.509761], [-75.628061, 4.51004], [-75.628339, 4.510041], [-75.628338, 4.51032], [-75.627782, 4.510318], [-75.627781, 4.510876], [-75.627503, 4.510876], [-75.627502, 4.511155], [-75.62778, 4.511155], [-75.62778, 4.511435], [-75.627224, 4.511433], [-75.627226, 4.510317], [-75.626948, 4.510317], [-75.626948, 4.510038], [-75.627227, 4.510038]]], [[[-75.627223, 4.511991], [-75.626945, 4.511991], [-75.626946, 4.511433], [-75.627224, 4.511433], [-75.627223, 4.511991]]], [[[-75.625555, 4.511709], [-75.625277, 4.511709], [-75.625278, 4.511429], [-75.625556, 4.51143], [-75.625555, 4.511709]]], [[[-75.624443, 4.511707], [-75.6244424749104, 4.5120000000000005], [-75.62416447311828, 4.5120000000000005], [-75.624165, 4.511706], [-75.624443, 4.511707]]], [[[-75.627019, 4.474602], [-75.627018, 4.474881], [-75.62674, 4.47488], [-75.62674, 4.474601], [-75.627019, 4.474602]]], [[[-75.627295, 4.475439], [-75.627294, 4.475718], [-75.627016, 4.475718], [-75.627017, 4.475439], [-75.627295, 4.475439]]], [[[-75.627569, 4.477393], [-75.627568, 4.477672], [-75.62729, 4.477672], [-75.627291, 4.477393], [-75.627569, 4.477393]]], [[[-75.628057, 4.511993], [-75.628335, 4.511994], [-75.62833498924732, 4.5120000000000005], [-75.6280569749104, 4.5120000000000005], [-75.628057, 4.511993]]], [[[-75.62977, 4.489117], [-75.629492, 4.489116], [-75.629493, 4.488837], [-75.629771, 4.488838], [-75.62977, 4.489117]]], [[[-75.628103, 4.488555], [-75.628104, 4.488276], [-75.628382, 4.488277], [-75.628381, 4.488556], [-75.628103, 4.488555]]], [[[-75.63034, 4.482142], [-75.630062, 4.482142], [-75.630062, 4.481863], [-75.63034, 4.481863], [-75.63034, 4.482142]]], [[[-75.628951, 4.481302], [-75.629507, 4.481303], [-75.629507, 4.481582], [-75.629229, 4.481582], [-75.629228, 4.481861], [-75.62895, 4.48186], [-75.628951, 4.481302]]], [[[-75.628953, 4.480744], [-75.629231, 4.480745], [-75.62923, 4.481024], [-75.628952, 4.481023], [-75.628953, 4.480744]]], [[[-75.630065, 4.480467], [-75.629787, 4.480467], [-75.629788, 4.479909], [-75.630066, 4.479909], [-75.630065, 4.480467]]], [[[-75.630892, 4.484375], [-75.631448, 4.484376], [-75.631447, 4.484655], [-75.630891, 4.484654], [-75.630892, 4.484375]]], [[[-75.632282, 4.484099], [-75.632282, 4.484378], [-75.632004, 4.484378], [-75.632004, 4.484099], [-75.632282, 4.484099]]], [[[-75.632835, 4.485774], [-75.632834, 4.486053], [-75.632556, 4.486053], [-75.632557, 4.485774], [-75.632835, 4.485774]]], [[[-75.633942, 4.488288], [-75.633941, 4.488567], [-75.633663, 4.488566], [-75.633664, 4.488287], [-75.633942, 4.488288]]], [[[-75.633944, 4.487451], [-75.633943, 4.48773], [-75.633665, 4.487729], [-75.633666, 4.487171], [-75.634222, 4.487172], [-75.634222, 4.487451], [-75.633944, 4.487451]]], [[[-75.6345, 4.487452], [-75.634498, 4.488568], [-75.63422, 4.488567], [-75.634221, 4.488009], [-75.633943, 4.488009], [-75.633943, 4.48773], [-75.634221, 4.48773], [-75.634222, 4.487451], [-75.6345, 4.487452]]], [[[-75.634763, 4.494707], [-75.634763, 4.494986], [-75.634485, 4.494985], [-75.634484, 4.495264], [-75.634206, 4.495264], [-75.634206, 4.495543], [-75.633928, 4.495542], [-75.633929, 4.494984], [-75.634207, 4.494985], [-75.634207, 4.494706], [-75.634763, 4.494707]]], [[[-75.634223, 4.486614], [-75.634223, 4.486893], [-75.633945, 4.486893], [-75.633945, 4.486614], [-75.634223, 4.486614]]], [[[-75.634774, 4.489405], [-75.635052, 4.489406], [-75.635051, 4.489685], [-75.635329, 4.489686], [-75.635329, 4.489965], [-75.635051, 4.489964], [-75.63505, 4.490243], [-75.634494, 4.490242], [-75.634495, 4.489684], [-75.634773, 4.489685], [-75.634774, 4.489405]]], [[[-75.635333, 4.487732], [-75.635334, 4.487174], [-75.635056, 4.487174], [-75.635056, 4.487453], [-75.634778, 4.487452], [-75.634778, 4.487173], [-75.6345, 4.487173], [-75.634501, 4.486894], [-75.635057, 4.486895], [-75.635057, 4.486616], [-75.635335, 4.486616], [-75.635335, 4.486895], [-75.635613, 4.486896], [-75.635612, 4.487175], [-75.63589, 4.487176], [-75.63589, 4.487455], [-75.635612, 4.487454], [-75.635611, 4.487733], [-75.635333, 4.487732]]], [[[-75.636162, 4.490245], [-75.636161, 4.490803], [-75.635883, 4.490803], [-75.635884, 4.490245], [-75.636162, 4.490245]]], [[[-75.635606, 4.490244], [-75.635607, 4.489965], [-75.635885, 4.489966], [-75.635884, 4.490245], [-75.635606, 4.490244]]], [[[-75.635606, 4.490523], [-75.635328, 4.490523], [-75.635328, 4.490244], [-75.635606, 4.490244], [-75.635606, 4.490523]]], [[[-75.635882, 4.49164], [-75.635048, 4.491638], [-75.635048, 4.491359], [-75.635326, 4.49136], [-75.635327, 4.491081], [-75.635605, 4.491081], [-75.635605, 4.490802], [-75.635883, 4.490803], [-75.635882, 4.49164]]], [[[-75.639564, 4.456769], [-75.639563, 4.457327], [-75.639285, 4.457326], [-75.639286, 4.456768], [-75.639564, 4.456769]]], [[[-75.643741, 4.453429], [-75.643739, 4.453987], [-75.643461, 4.453986], [-75.643463, 4.453428], [-75.643741, 4.453429]]], [[[-75.64402, 4.452592], [-75.64402, 4.452871], [-75.643742, 4.452871], [-75.643742, 4.452592], [-75.64402, 4.452592]]], [[[-75.650976, 4.449816], [-75.650975, 4.450095], [-75.650697, 4.450094], [-75.650698, 4.449815], [-75.650976, 4.449816]]]]}}]}