{"type": "FeatureCollection", "name": "limites_area_estudio", "crs": {"type": "name", "properties": {"name": "urn:ogc:def:crs:OGC:1.3:CRS84"}}, "features": [{"type": "Feature", "properties": {"MpNombre": "Cajamarca", "Depto": "Tolima", "MpCodigo": "73124", "area_ha": 508.34, "trazado_m": 22299.3, "pct_trazado": 42.7, "rol": "area de estudio", "marca": "CP"}, "geometry": {"type": "Polygon", "coordinates": [[[-75.48451343588962, 4.581816322600412], [-75.48459277596099, 4.581883473886405], [-75.48464430035742, 4.581830340780949], [-75.48477853963921, 4.581471199809559], [-75.48488747755815, 4.579850433244058], [-75.4849937785501, 4.579420749800559], [-75.48513454263153, 4.579287153678046], [-75.48537945973756, 4.579105980412979], [-75.48573655995838, 4.578878040223363], [-75.48594855689203, 4.5788231456161865], [-75.48608458986256, 4.578592427085617], [-75.48647921019318, 4.577923133888017], [-75.48666495358403, 4.5776081032662495], [-75.48725864234832, 4.577116962722037], [-75.48753049797513, 4.576687073820868], [-75.48779268661882, 4.575955819339322], [-75.48793618703259, 4.575236624694842], [-75.48805216944614, 4.574567980444676], [-75.48828950081307, 4.574041286769807], [-75.48856258598461, 4.5735145203989624], [-75.48875226918427, 4.572999879077421], [-75.48884634881661, 4.572353869090479], [-75.48905951603362, 4.571659785416655], [-75.48974809222912, 4.57029502217551], [-75.49012838994913, 4.569744126284369], [-75.49061620802888, 4.56932457394259], [-75.4911636382717, 4.568916865243247], [-75.49210691869312, 4.568408477347963], [-75.49312219925073, 4.5679221400927945], [-75.49325064525134, 4.567852362973966], [-75.49364509322339, 4.567331691088239], [-75.49393337224699, 4.567184322127761], [-75.49455875324183, 4.567044748293145], [-75.49491707969771, 4.566982106779777], [-75.49520534280298, 4.566841784780462], [-75.49583081610423, 4.566659920281956], [-75.49650526696058, 4.56656273505846], [-75.49694819662929, 4.566352275342036], [-75.49730698600504, 4.566078199302415], [-75.4978278488882, 4.565557801997591], [-75.49936235775274, 4.563989493650303], [-75.5000099745653, 4.563314321052056], [-75.50093881358544, 4.5625058531645095], [-75.50168492403613, 4.561753360847401], [-75.50324654165003, 4.5606291204304625], [-75.50446355665262, 4.559715556894215], [-75.50536386518968, 4.55910435899078], [-75.50589836713381, 4.558767230288019], [-75.50642533855564, 4.558662662697251], [-75.50694490608805, 4.558734281098159], [-75.50746412033654, 4.5589679953277855], [-75.50790618698157, 4.5591522082564095], [-75.50819407873128, 4.559181029265378], [-75.50843306823289, 4.559089927731302], [-75.50870764824028, 4.558780419718479], [-75.50911632592013, 4.558168141654957], [-75.50949629933389, 4.557837715328631], [-75.50997424457633, 4.557669609991381], [-75.51046613179773, 4.557550866041688], [-75.51106376319994, 4.557249108359461], [-75.51172495504773, 4.556785386270719], [-75.51233658614689, 4.556504798295668], [-75.51287056528989, 4.556407289753683], [-75.5136925584477, 4.556282215690699], [-75.5143674290377, 4.555987672789918], [-75.51503550433753, 4.555587389006466], [-75.51533844644484, 4.555151072927031], [-75.51572642724167, 4.554362544775756], [-75.51622772055268, 4.553137286345044], [-75.51654561939856, 4.552278122745275], [-75.51694834111137, 4.5511654175754055], [-75.51724493864522, 4.550411928738978], [-75.51793574595334, 4.5492364143030075], [-75.51838727591891, 4.548285915383219], [-75.51866318015459, 4.547356179951118], [-75.51871429669275, 4.54644710227247], [-75.51886950342484, 4.546123228977733], [-75.51924945016216, 4.545799844173736], [-75.5196079641096, 4.545645563802392], [-75.5207462602582, 4.545394298756685], [-75.52142779437105, 4.545261857997905], [-75.52268589074929, 4.54482055505577], [-75.52336780188118, 4.5445119126475255], [-75.5239799629695, 4.5439775837584735], [-75.52431823565634, 4.543435617092302], [-75.52456517817228, 4.542907549346371], [-75.52467875393015, 4.542343954347614], [-75.52465251568586, 4.541476992597675], [-75.52450735159036, 4.540391289921017], [-75.52432663497112, 4.539509898689939], [-75.52376804272285, 4.537986328278074], [-75.52313222758934, 4.536448496261976], [-75.52296472887234, 4.535954775338212], [-75.5228953721641, 4.535545845419351], [-75.52264441094584, 4.534671350329422], [-75.52257503973941, 4.534269467311409], [-75.52255514573444, 4.533719678919689], [-75.52265468932934, 4.53314900465493], [-75.52283092776534, 4.532839272034792], [-75.52294392882551, 4.532543502831874], [-75.52293060630085, 4.532205169381777], [-75.52267910318406, 4.531584404061832], [-75.52243519428757, 4.530695830753018], [-75.5223525603758, 4.529927422581524], [-75.5222767971214, 4.529229508859456], [-75.52215152840166, 4.528693588996926], [-75.52201209221897, 4.52821402624785], [-75.52198509858452, 4.5276994658910565], [-75.52201415430329, 4.527248455417875], [-75.52220469256173, 4.526818935961605], [-75.52255008312044, 4.526227647383928], [-75.52277536006495, 4.525974404946297], [-75.52316915807373, 4.525735617976064], [-75.52366832966788, 4.5254829631053815], [-75.52434364701051, 4.524962860910142], [-75.52468865935923, 4.524547769324767], [-75.52478788163455, 4.524125104449703], [-75.52476079563269, 4.523652829593517], [-75.52463580878687, 4.522983001150087], [-75.52458868971753, 4.5220243686767985], [-75.52458321293498, 4.5212984139328505], [-75.5247739279733, 4.520784316658533], [-75.5252109401781, 4.520038165829322], [-75.52546566874106, 4.519143615989071], [-75.52567769141066, 4.518516797847662], [-75.52598115996902, 4.517819695909455], [-75.52633327874658, 4.517362326866789], [-75.5269599199492, 4.516609530154757], [-75.5274954996577, 4.515743768798465], [-75.52773559543826, 4.515124059797754], [-75.52784197025964, 4.514637972264566], [-75.52778668519197, 4.5142149722081175], [-75.52768911240857, 4.513862362972078], [-75.52752087700124, 4.513713995203798], [-75.52716342922702, 4.513374926445042], [-75.52691136804556, 4.513014940256752], [-75.52647683440841, 4.512598178906468], [-75.52607042058634, 4.512167379588759], [-75.52597250535793, 4.511976876249885], [-75.52581180202333, 4.511588889946561], [-75.52576322587437, 4.511313913228098], [-75.52584154033397, 4.510813671803976], [-75.52588444041884, 4.510454314729443], [-75.52585016283363, 4.510059554408178], [-75.52573197165859, 4.509495459715235], [-75.52565539373845, 4.509178136205627], [-75.52546704943019, 4.508578652336794], [-75.52534878292188, 4.508049799104957], [-75.52522333016297, 4.50759845937467], [-75.52507048764437, 4.506815801732013], [-75.52504304008839, 4.506512681365682], [-75.5250512443541, 4.505955904989823], [-75.52498930987059, 4.505356694116331], [-75.52494169078422, 4.504630646138119], [-75.52495003244097, 4.5043361418391905], [-75.52492192442183, 4.503909028445646], [-75.52480642830875, 4.5036467258907305], [-75.52454615521614, 4.503248234757848], [-75.5243730033166, 4.502811104177685], [-75.52427717840929, 4.502393552179043], [-75.52425874211602, 4.501966460044906], [-75.52433672759754, 4.501675454275291], [-75.52456977793851, 4.501229486028056], [-75.52466737229364, 4.500812344641119], [-75.52469759923433, 4.500239770004313], [-75.5246030688359, 4.499210757969967], [-75.52452742897859, 4.498395313406759], [-75.52462512606205, 4.497929644445876], [-75.52485772093542, 4.497697200365195], [-75.52531285079358, 4.497416703406881], [-75.52598055609285, 4.49722401222662], [-75.52647381373623, 4.49720565131182], [-75.52750897379548, 4.497033154202091], [-75.52825396358884, 4.4968794453733025], [-75.52915409873249, 4.4965319522139255], [-75.5298317202705, 4.496222807036198], [-75.53047071787772, 4.4958844630685935], [-75.53095448993415, 4.495778728428308], [-75.53139925011949, 4.495828199814174], [-75.53188279668367, 4.495829226743412], [-75.53226983892185, 4.495732992391281], [-75.53271505023828, 4.495568936173571], [-75.53341176609779, 4.495376298374741], [-75.53418593064596, 4.4951449990559835], [-75.53464056683174, 4.495097434365766], [-75.53510509873011, 4.4949431263573665], [-75.53560849832638, 4.494701544692531], [-75.53603491686252, 4.494275393435065], [-75.53659735969752, 4.493548648256057], [-75.53694726601721, 4.492714684714239], [-75.53759829169765, 4.491250480828405], [-75.5379770450857, 4.49049422642397], [-75.53846168840022, 4.489971135758235], [-75.53906266576742, 4.489312407344455], [-75.54001236319317, 4.488382650140732], [-75.54082609676762, 4.487724365922404], [-75.54178513613516, 4.486949917778918], [-75.54281245680906, 4.485894142424557], [-75.54324853677905, 4.485468001825873], [-75.54350070938996, 4.485119122927593], [-75.5436562520056, 4.484731216029703], [-75.54382201274689, 4.48408126865673], [-75.54417307673155, 4.482684365806297], [-75.54445518991716, 4.48188907702762], [-75.544795104366, 4.481200671905311], [-75.54515411590879, 4.4806287806494405], [-75.54570690728356, 4.479882588420953], [-75.54626910543476, 4.479262591017244], [-75.5473159705811, 4.478100079284286], [-75.54813996155572, 4.477150628123624], [-75.54908951008146, 4.476279082875189], [-75.54940916880146, 4.476027396297152], [-75.5498349842881, 4.475882699682301], [-75.55032867496953, 4.4756507872173925], [-75.55055162563923, 4.475398900802719], [-75.55091048863004, 4.474894941629403], [-75.55166679691027, 4.473935637797225], [-75.55215113767734, 4.473548412923733], [-75.55259655436618, 4.4732775743157305], [-75.55333203207798, 4.473036459617401], [-75.55420308017662, 4.47270827128968], [-75.55516140461384, 4.47226379493804], [-75.55567234494877, 4.472134468296354], [-75.55631945640896, 4.472234388401566], [-75.55693910298179, 4.4722237142141035], [-75.55735620634631, 4.472200664574739], [-75.55774955056603, 4.4721416840032], [-75.55831001313037, 4.4719395403778766], [-75.55884656983645, 4.471773225306037], [-75.55977634899912, 4.471607726132089], [-75.56026548795428, 4.47132171891252], [-75.56056392384185, 4.471059234598019], [-75.56076737925056, 4.47062912604689], [-75.56105488221797, 4.469888254712033], [-75.56121069656513, 4.469446086362502], [-75.56148571897215, 4.468980246579213], [-75.56185572190228, 4.468682032834344], [-75.56240441258115, 4.468408108243319], [-75.56269090843888, 4.468157556254922], [-75.56302533523852, 4.467775554775414], [-75.56361099831892, 4.466903741703584], [-75.56408425894962, 4.466328611738558], [-75.56473754575558, 4.465734251823928], [-75.56630313296662, 4.464613181186688], [-75.56656276818227, 4.464378785284527], [-75.56715789237042, 4.463608103807835], [-75.56803817360273, 4.462384928808114], [-75.5686261713549, 4.4615414792149], [-75.56879116414409, 4.461269148442667], [-75.56885599230054, 4.461032489425468], [-75.56889997162843, 4.460501593359871], [-75.56892922938381, 4.4601787512271995], [-75.56915863970009, 4.459870674326463], [-75.56954596564735, 4.459254374999842], [-75.56984783571546, 4.458472861727901], [-75.57005703971181, 4.457554819933913], [-75.57029389130166, 4.457103247699173], [-75.5706949583663, 4.456759644420244], [-75.57129628089272, 4.456380576846596], [-75.57208338377716, 4.456052111808021], [-75.57274156513033, 4.455838195789466], [-75.57317783779595, 4.455760155908293], [-75.57417905769714, 4.455611519338404], [-75.57482282338172, 4.4554549752949475], [-75.575245001052, 4.455276448258334], [-75.57568906439299, 4.454882703149399], [-75.57618349216267, 4.454331195331389], [-75.57649181669511, 4.45388693801029], [-75.57657079517136, 4.453722060754966], [-75.57671440820762, 4.453413807036969], [-75.57708688679563, 4.453062966359858], [-75.57734502065347, 4.452690361163345], [-75.57753899803278, 4.452224344125172], [-75.57756861271565, 4.451722114653067], [-75.57752737325532, 4.45090401611533], [-75.57748807905058, 4.450621634644773], [-75.57722232025694, 4.449970317336996], [-75.57685926285062, 4.448602108037758], [-75.576651870165, 4.447853483664818], [-75.5765472078581, 4.447001332688545], [-75.57646848955483, 4.44625244711265], [-75.57627309831399, 4.445401456968931], [-75.57608604064347, 4.4445878031887815], [-75.57592383484655, 4.444161386667447], [-75.5759485273338, 4.443644753083114], [-75.5760558561788, 4.443223161825023], [-75.57632177320158, 4.44253485106821], [-75.57649516897436, 4.441638258956814], [-75.57668310861402, 4.4406197115617925], [-75.5766850229806, 4.439672540319386], [-75.57665082779633, 4.438904686415635], [-75.57655266722402, 4.437950133669914], [-75.57666809761274, 4.4374337302738605], [-75.57694140639617, 4.436623445113921], [-75.57755249071548, 4.434938429098451], [-75.57801963431739, 4.433726707239614], [-75.57825633762931, 4.433339708226961], [-75.57857867368011, 4.4330318142157505], [-75.57915148969752, 4.432595262870988], [-75.57961715373702, 4.432115447328666], [-75.58020500426557, 4.431312972285613], [-75.58097176921281, 4.430417578102777], [-75.58174539281826, 4.429665709121468], [-75.58254777023859, 4.428834966909658], [-75.58291319784877, 4.42842669394858], [-75.5830640497873, 4.4280682199810855], [-75.58318665121593, 4.427537475286964], [-75.58324541434655, 4.426755454396178], [-75.58319734228019, 4.425772301045804], [-75.58311982389822, 4.425212450427471], [-75.58302776298746, 4.424774550952646], [-75.582899770441, 4.4244298683090895], [-75.58270531388594, 4.424200507378142], [-75.58217202915927, 4.423696484426931], [-75.58129388513603, 4.423099136958829], [-75.58064432564431, 4.4225955320524015], [-75.58033762060283, 4.422243308991606], [-75.5801240417262, 4.421797991145095], [-75.58003205526789, 4.421324216687855], [-75.57962098210365, 4.419543841109032], [-75.5793164100583, 4.418129636394047], [-75.57907587811042, 4.416866248726651], [-75.57906238722643, 4.416464388337665], [-75.5791420482957, 4.415955081703357], [-75.57930006066958, 4.415589446716424], [-75.57970158590562, 4.415001860634648], [-75.58005302372618, 4.414435700571005], [-75.58021093537508, 4.414120293139581], [-75.58074484174465, 4.413610876630057], [-75.58099362291618, 4.413137789748864], [-75.58106580259978, 4.412793508429717], [-75.58100941570837, 4.412391561064282], [-75.58095314326246, 4.411932212981653], [-75.5808251796154, 4.411573174927167], [-75.58069733227747, 4.411156730658312], [-75.58064103083268, 4.410711731868793], [-75.58051321103154, 4.4102809397304075], [-75.58022802833806, 4.409892882262115], [-75.57988539488795, 4.409633869642481], [-75.57939961089768, 4.409460676007515], [-75.57907098919361, 4.409345203076414], [-75.57895721013546, 4.409043600850788], [-75.5789294481561, 4.408627361794168], [-75.57898781780949, 4.408039079798203], [-75.57906054259252, 4.407422127799845], [-75.57919040300781, 4.406833990822291], [-75.57930584898142, 4.406303231130119], [-75.579364017009, 4.405815410394804], [-75.57946479129795, 4.405471186247568], [-75.57962269906753, 4.405155777144651], [-75.57970911839762, 4.404840229421653], [-75.57969536480371, 4.40456752634399], [-75.57989685464895, 4.403907779176669], [-75.58044347163472, 4.402258496219889], [-75.58068785335959, 4.401598835716662], [-75.58109016826981, 4.4006094119458545], [-75.58130572425327, 4.4000645042003415], [-75.58136380330527, 4.399619732769117], [-75.58135042181505, 4.399160466733015], [-75.58132277063694, 4.398686822158351], [-75.5813377276276, 4.398356776757333], [-75.5815244862835, 4.397912264969823], [-75.5822713427238, 4.396220324551773], [-75.58264499918675, 4.395259549027313], [-75.58281822916965, 4.3944275268299515], [-75.58283464155963, 4.393365570917674], [-75.58280759021457, 4.392590551626264], [-75.5827953207756, 4.391571593173207], [-75.58288264888508, 4.3907968038509715], [-75.58292676881187, 4.390179794129043], [-75.58295613538579, 4.389792370420612], [-75.58277140901929, 4.3892179496941734], [-75.5827436712827, 4.388787358337773], [-75.58272988682697, 4.388529010607651], [-75.58283071243288, 4.388156080173491], [-75.58283139718709, 4.38781165477858], [-75.58280365814771, 4.387381065213985], [-75.58280457084867, 4.386921825913213], [-75.58296267076653, 4.386505958328312], [-75.58330649566871, 4.386162217911804], [-75.58390813111207, 4.385589374337005], [-75.58442372420059, 4.385145519244559], [-75.58522609177312, 4.384286051055191], [-75.58581365508273, 4.383598366718988], [-75.58644479092622, 4.382566340022714], [-75.58711921610849, 4.381333482014527], [-75.58776404942465, 4.380602854983253], [-75.58941222419838, 4.378596969422413], [-75.59008595805112, 4.377708530801252], [-75.59044438428717, 4.377206950910049], [-75.59047360163393, 4.376891280891668], [-75.59036001659592, 4.376489219798009], [-75.5898322606557, 4.37585671640714], [-75.58930467632557, 4.375138105721301], [-75.58874835589515, 4.3744911918261655], [-75.58846337356178, 4.374002684003466], [-75.58825002021177, 4.3734425611276], [-75.58822272908824, 4.372782351724966], [-75.58825268398715, 4.372093550311329], [-75.58835387013607, 4.371534054192321], [-75.58861258035465, 4.3708457121134], [-75.58898586505788, 4.370057132718781], [-75.5892741019574, 4.3688952584294185], [-75.5895478988387, 4.367805105043542], [-75.58967812936308, 4.367016045967091], [-75.58972232111377, 4.366355977914772], [-75.5900114286317, 4.364749210966401], [-75.59024125708963, 4.364204318639079], [-75.59045701334568, 4.3635445902562475], [-75.5910302528505, 4.362856866641472], [-75.59168910361325, 4.3622554186141596], [-75.59201872711834, 4.361854235396177], [-75.5922495293639, 4.361590514337069], [-75.59252025296566, 4.361281179026934], [-75.59299388799548, 4.3603492830671815], [-75.593252615324, 4.359646582016754], [-75.59345446333852, 4.3587859048783555], [-75.59352732783884, 4.358082837430159], [-75.59372937211418, 4.35712170063398], [-75.59393099265526, 4.356375834293757], [-75.5939467521279, 4.355629598363169], [-75.5940052896797, 4.354940854064321], [-75.59410699923549, 4.35410868241931], [-75.59418025405652, 4.353204692839348], [-75.59418182779795, 4.352401024880062], [-75.59395498666628, 4.351424690006508], [-75.59374185417852, 4.350749760423823], [-75.59344277223941, 4.350160769617828], [-75.59315823936575, 4.349442646271689], [-75.59307355261467, 4.348882775926611], [-75.5930744521383, 4.348423539110072], [-75.59334758131763, 4.347663458700339], [-75.59369208073676, 4.346960925598341], [-75.59403716934617, 4.345957016362594], [-75.59421035728614, 4.345124983244123], [-75.59436908012553, 4.3443790287936395], [-75.594570411974, 4.343776670712942], [-75.59481609240035, 4.3424281342954725], [-75.59527652830923, 4.340922155193555], [-75.59590874610008, 4.339301701809678], [-75.59625332128314, 4.338556111355844], [-75.59664039431432, 4.338011521789072], [-75.59728533660919, 4.337194764220097], [-75.59790165804206, 4.33639230010041], [-75.59877514863308, 4.335676445334367], [-75.59959131218555, 4.335032233877772], [-75.60004966871512, 4.334588240773346], [-75.60027911105425, 4.334229907424105], [-75.60032272595133, 4.3338568570702405], [-75.60020860268213, 4.333727473667964], [-75.59966627989827, 4.33323846711315], [-75.5989392996239, 4.332131994368173], [-75.59821399409351, 4.330164443070591], [-75.59748855241857, 4.328268649826722], [-75.59699087942046, 4.326875599237623], [-75.59666325899018, 4.326257853857636], [-75.5962926672991, 4.325683077245925], [-75.59563692730492, 4.324705902167354], [-75.59533781827261, 4.324131264930687], [-75.59519588625068, 4.323599989424209], [-75.59518211993841, 4.323327286836073], [-75.59536439836702, 4.322945376086509], [-75.5957801627083, 4.322343434993955], [-75.59611006669572, 4.321784379726303], [-75.59616783724839, 4.321483117717904], [-75.59598284765019, 4.321037864029305], [-75.59569764599578, 4.320664173814121], [-75.59496950779533, 4.320160452335285], [-75.59425524922845, 4.319872028646053], [-75.59346970494066, 4.319483005338855], [-75.5930843191282, 4.3191665216087545], [-75.5929561818646, 4.318893596123977], [-75.5930710827531, 4.318621146818122], [-75.59361484384978, 4.31836389035109], [-75.59395845632373, 4.318106237775528], [-75.59431653236281, 4.31776250784612], [-75.59476080384182, 4.317203676853765], [-75.59507635172388, 4.316673299118183], [-75.59529160289533, 4.316257531946407], [-75.59543495631138, 4.3160568918853555], [-75.5959648079008, 4.3155986858176965], [-75.59713929634445, 4.3144672286833865], [-75.59756934966268, 4.313865309888176], [-75.5977992294098, 4.313277356638314], [-75.5980484477383, 4.312544731128213], [-75.59814570025209, 4.311540324585456], [-75.5981472716253, 4.3107270902244315], [-75.59786296780975, 4.309889376341771], [-75.59748358809225, 4.308931879015261], [-75.5969848421593, 4.308093746576082], [-75.59665730901777, 4.307432950777432], [-75.59622067226549, 4.306513614381502], [-75.59607859924421, 4.306054097551753], [-75.59593660121529, 4.3055563081195265], [-75.5959276257542, 4.305269264193083], [-75.59589681389951, 4.304887516187728], [-75.59611031877037, 4.304437243122242], [-75.59631105508466, 4.304131472771048], [-75.59667370201664, 4.303883424176055], [-75.59703594197599, 4.303845861726332], [-75.5977982309687, 4.30393345389892], [-75.59836996234796, 4.303991967593396], [-75.5989132122792, 4.303993025811127], [-75.59920897808105, 4.303830951565054], [-75.59974387802887, 4.303219667952408], [-75.60031673423957, 4.302694566864368], [-75.60073735559143, 4.30203522107478], [-75.60090013318562, 4.301643270443038], [-75.60114938626221, 4.3008879128381325], [-75.60132185862356, 4.300409870221723], [-75.60140857499648, 4.299922095242375], [-75.60147628339072, 4.299405578432034], [-75.6015726580519, 4.298850845302719], [-75.60163046671204, 4.29852565937862], [-75.60183116295497, 4.298239022787259], [-75.6022321120006, 4.297895368933897], [-75.60255666930878, 4.297628105352143], [-75.60291938516471, 4.297341780957379], [-75.60308182843407, 4.297122037721572], [-75.60315857007545, 4.296863862622632], [-75.60318763864962, 4.296615163831538], [-75.60328401100773, 4.296060431422491], [-75.60334303201473, 4.295103787728038], [-75.60334481424833, 4.294175736103708], [-75.60327075408061, 4.293037052064132], [-75.60322420258426, 4.29246290776574], [-75.60324405286597, 4.292051540016296], [-75.60333054415597, 4.291678573773572], [-75.60345502925055, 4.2913726515648705], [-75.60371350991734, 4.290770392726832], [-75.60403857620346, 4.290235236767987], [-75.60435584543357, 4.28966576939169], [-75.60441232063265, 4.289164390091203], [-75.6042510167007, 4.288790943189738], [-75.603280295811, 4.288061933075615], [-75.6025764872231, 4.287304736616842], [-75.6016724656651, 4.2865854201888896], [-75.60105393795303, 4.286086710883047], [-75.60003524241826, 4.285529821601052], [-75.59860686612396, 4.284905166268849], [-75.5978169230339, 4.284339151027605], [-75.59718897983026, 4.283783017648851], [-75.59678947391491, 4.28338040494614], [-75.59629468297825, 4.282968041135693], [-75.59616179093995, 4.282690328321887], [-75.5963062192627, 4.281925203954657], [-75.5964983548358, 4.2811314686152535], [-75.59669063587678, 4.280261193965708], [-75.59710189519184, 4.279506153860122], [-75.59718791392066, 4.2793994966660645], [-75.59719796194392, 4.278386758766278], [-75.59715982505116, 4.27761490489778], [-75.5970123474493, 4.277100575927228], [-75.59701147807107, 4.276659474361889], [-75.59715670992031, 4.27603429023168], [-75.59719194903752, 4.275335805807891], [-75.59715410311301, 4.274710985636939], [-75.5969327441522, 4.273865978237278], [-75.59660190065306, 4.273204979985106], [-75.59634414609623, 4.272470317151615], [-75.59590367474067, 4.271919810371771], [-75.59535386543126, 4.271626831171411], [-75.59465730261618, 4.271187107321724], [-75.59414439830114, 4.27104108832855], [-75.59374104999864, 4.27074781900834], [-75.59249547362069, 4.2704194519072285], [-75.59154332698279, 4.270347818326606], [-75.59103063789294, 4.270312074285719], [-75.59030449358357, 4.270254755210919], [-75.5900007350255, 4.270167967684977], [-75.58923930738298, 4.270072788169768], [-75.5888751398759, 4.27003891286718], [-75.58872292493753, 4.269838761586856], [-75.58835547636336, 4.269177829248572], [-75.58813492031919, 4.268737160184475], [-75.58787760628364, 4.268223041924694], [-75.58765705102599, 4.267782370572189], [-75.58740031225133, 4.267562323581176], [-75.58688661893117, 4.267011953673354], [-75.5864463725826, 4.266571715316536], [-75.58611575822503, 4.266020985917728], [-75.58563861083798, 4.265433782304571], [-75.58534432592639, 4.264735942930195], [-75.58505032909972, 4.264185139304418], [-75.58486560400769, 4.263340047347122], [-75.5846440508215, 4.262384752174727], [-75.58453255933749, 4.261539517828776], [-75.5844942965617, 4.260694139835619], [-75.58438280569307, 4.259848906093253], [-75.58427152981524, 4.25911394691494], [-75.58427081495466, 4.258746362924666], [-75.58372094515978, 4.258416607999701], [-75.58335415089303, 4.2580864988901], [-75.5828773695769, 4.257683083649762], [-75.5825110053885, 4.257573525308701], [-75.58188854925868, 4.257574745090296], [-75.58137586735302, 4.257538990033662], [-75.5805702640609, 4.257503805433753], [-75.5800575817359, 4.257468050334446], [-75.57961805780019, 4.257395390344812], [-75.57925169329398, 4.257285830082233], [-75.57888518570849, 4.257102749757034], [-75.57837214775935, 4.256883200007628], [-75.5781288968491, 4.256779100857693], [-75.57767539424782, 4.256333174840929], [-75.57734514575273, 4.255966231241415], [-75.57723487402762, 4.255745890668067], [-75.57741738082366, 4.255451462876916], [-75.5776728323181, 4.255009857343859], [-75.57792842466166, 4.254641769076776], [-75.57822034900995, 4.254126574390683], [-75.57862211673695, 4.253611165169067], [-75.57887735441314, 4.253059284772757], [-75.5790966155645, 4.252838302299231], [-75.5792056073392, 4.252396982288183], [-75.57909476605234, 4.251882572633465], [-75.57872797720644, 4.251552458172238], [-75.57839787458904, 4.251259032101373], [-75.57792117123115, 4.250892372240293], [-75.5776642991848, 4.250598798698369], [-75.57726068311307, 4.250158477615395], [-75.5769668417617, 4.249681183780284], [-75.5769662737282, 4.249387113921916], [-75.57703829611697, 4.248762070339936], [-75.57722030407324, 4.2482103318641995], [-75.57740273827714, 4.247879146048353], [-75.57765825975015, 4.247474301919939], [-75.57787737932895, 4.247179802421547], [-75.57787617214976, 4.246554903139169], [-75.5778384211939, 4.245966833893825], [-75.57761816582304, 4.245673189205709], [-75.57725116880468, 4.245232794616737], [-75.57684798312376, 4.24501302588794], [-75.57644486819778, 4.2448300149947675], [-75.57574919240923, 4.24483136806204], [-75.5752365876654, 4.244832362710732], [-75.57472398362029, 4.244833358823952], [-75.5743580512437, 4.244944347057538], [-75.5738820607367, 4.244945270951094], [-75.57344247439823, 4.244835847158447], [-75.57300267398486, 4.2446161463778], [-75.5727460176336, 4.24443284996185], [-75.57270827238996, 4.2438447770946075], [-75.57270749430867, 4.243440432226055], [-75.57288929401577, 4.2427784141989076], [-75.57314453440854, 4.242226532552748], [-75.57350990127688, 4.241821474849723], [-75.57372880986944, 4.241416701705841], [-75.57376500042693, 4.241196076909746], [-75.57372725428662, 4.240608006237175], [-75.57372626381728, 4.240093381430841], [-75.573688942095, 4.239725863029043], [-75.57335821140359, 4.239101602342551], [-75.57321083462264, 4.238624018830061], [-75.57295368833063, 4.2381834077973775], [-75.57269689273473, 4.237926591627638], [-75.5725498707923, 4.237632808158234], [-75.57236644686812, 4.237449363683098], [-75.57207367437752, 4.237523452333644], [-75.57170781296063, 4.23767119579119], [-75.57160209692954, 4.237710209814976], [-75.57119577806769, 4.23796625704363], [-75.57066304120531, 4.238453746822292], [-75.57034071585277, 4.238793143262936], [-75.57012326040021, 4.239021686732679], [-75.56957648757356, 4.239558004299382], [-75.56905857768838, 4.239997573435491], [-75.56862252380918, 4.240409574942607], [-75.56796773116237, 4.240657537289161], [-75.56739463737732, 4.240795693596607], [-75.56665793477708, 4.241043812214356], [-75.56611229995914, 4.241264149625125], [-75.56583937703165, 4.241319496959753], [-75.56529316418414, 4.241238318593582], [-75.56428264698498, 4.241075802964567], [-75.56343589371619, 4.240885560212886], [-75.56267115430445, 4.2407499785721425], [-75.5619885844314, 4.240751294227749], [-75.56138786977509, 4.240725037724598], [-75.56065079814738, 4.240781276391181], [-75.55994102992052, 4.240837461762004], [-75.55923110394006, 4.240811415073828], [-75.55882124830086, 4.240647737749506], [-75.55830249390546, 4.240648732611551], [-75.55748288740568, 4.240376200677497], [-75.55685486890563, 4.240349992017988], [-75.55669079064288, 4.240213255677859], [-75.55614390129912, 4.239775731318532], [-75.55562452191006, 4.239447799018409], [-75.55518705203376, 4.239119705144729], [-75.55472201922241, 4.238654612391444], [-75.55431190442825, 4.238353877807484], [-75.55384744373912, 4.238190303918148], [-75.55319165659542, 4.237917448814029], [-75.55253613022509, 4.237781647552157], [-75.55212231380234, 4.23760825560721], [-75.55159528859926, 4.237833297043406], [-75.54974872336034, 4.23857423284336], [-75.54862399856788, 4.239120549351328], [-75.54774983642152, 4.239875681868728], [-75.54679252044733, 4.240756552972958], [-75.54600103241776, 4.241134794366501], [-75.54504260480142, 4.2414296338071305], [-75.54370892490898, 4.241725186087899], [-75.54290657861307, 4.242105051110656], [-75.54195931790868, 4.242565699917527], [-75.54108467084016, 4.243069675695908], [-75.53950168037268, 4.243826148019073], [-75.53828319886563, 4.244605131681952], [-75.53779422991691, 4.244917735268005], [-75.53687819487408, 4.2455892203547245], [-75.53658750856103, 4.246217665996793], [-75.53633874399526, 4.246803451055904], [-75.53613137733329, 4.247558035169046], [-75.5357577706496, 4.248437793887234], [-75.53517498033536, 4.2489412146407695], [-75.53363429307785, 4.250032481357532], [-75.53267686673244, 4.250871481222207], [-75.53009432988223, 4.2522577290751125], [-75.528803096971, 4.252971780853], [-75.52875978881475, 4.2529257583458575], [-75.52874055089798, 4.252970591384545], [-75.52733477325526, 4.253750261699675], [-75.52613937336203, 4.25415279861089], [-75.52560230443756, 4.254243702255638], [-75.52529529678556, 4.254295666929238], [-75.5217078991567, 4.254867519629041], [-75.52088736071775, 4.255057426811735], [-75.52044234901962, 4.255387907863161], [-75.5200211409215, 4.255906714971147], [-75.51988910834851, 4.25645668925406], [-75.51987849321165, 4.256500906435315], [-75.51987854069205, 4.256527678816783], [-75.51987922790381, 4.2569113222269985], [-75.51988015001197, 4.25742633564827], [-75.51999379974063, 4.258080785060814], [-75.52028700307426, 4.258554296326916], [-75.52076017979027, 4.259072618619043], [-75.52127824628255, 4.259545709065938], [-75.5216616900123, 4.260177074802096], [-75.52191025974057, 4.260831264003002], [-75.52209501198324, 4.261637757612554], [-75.52210017268595, 4.262535420115569], [-75.52171237995441, 4.263317706448743], [-75.52095388178104, 4.264694417399512], [-75.5195873119117, 4.266492501672332], [-75.51871500484158, 4.2680604404108475], [-75.5182616396427, 4.269818605570048], [-75.51788302837956, 4.2708507839253205], [-75.5177303118219, 4.271313608806295], [-75.51742894894723, 4.272226924230988], [-75.51709031271716, 4.274290495019287], [-75.51671269730036, 4.275857504103484], [-75.51625840201734, 4.277119040445558], [-75.515765694581, 4.278189639012893], [-75.51474201074652, 4.2802162950615585], [-75.51417305094637, 4.281210627337963], [-75.51326259816582, 4.2827404391872745], [-75.51250343413633, 4.283773332225597], [-75.51205329405961, 4.284622623874175], [-75.51201150976011, 4.284701460029314], [-75.51140265232762, 4.285850204362075], [-75.51132787584274, 4.285991286909697], [-75.51094911028942, 4.286947063667048], [-75.51095153111513, 4.288245944059085], [-75.51095198227105, 4.2884882884186455], [-75.51095331084748, 4.289201003917258], [-75.51095459301024, 4.289888646709781], [-75.51041563498633, 4.290739685929193], [-75.51000078609387, 4.291223071177544], [-75.50950109881164, 4.291889320246394], [-75.50743096758157, 4.294816057429769], [-75.50633641597987, 4.296077173886908], [-75.50445664216133, 4.2986469900570565], [-75.50414731244163, 4.298837348325182], [-75.50393316011638, 4.299027706200639], [-75.50379039336094, 4.299218059735255], [-75.50371900916006, 4.299456006921558], [-75.50371900923102, 4.299812926618065], [-75.50381418714598, 4.300169846791695], [-75.50409972159356, 4.300907478171375], [-75.5049801231274, 4.302287567186446], [-75.5052180689814, 4.303072788069704], [-75.50521806929449, 4.303453503576421], [-75.50500391823756, 4.304095957596748], [-75.50445664206973, 4.305047740820509], [-75.50417110639609, 4.305357071275211], [-75.50407592839778, 4.305618810234091], [-75.50409972239223, 4.305856757742105], [-75.50409972234357, 4.30614229211268], [-75.5040759277492, 4.306499212338717], [-75.50390936568732, 4.306903719278882], [-75.503719009367, 4.307070282348711], [-75.5034334726676, 4.307189257392138], [-75.50317173291374, 4.3074509958198615], [-75.50310034925914, 4.30780791582625], [-75.50300517013302, 4.308355194146008], [-75.50274343035795, 4.3086407281189985], [-75.50231512674513, 4.30887867243819], [-75.50164887801563, 4.309211795808376], [-75.501387136668, 4.309449744387628], [-75.50129195836645, 4.309687689319437], [-75.50129195774558, 4.309949430677369], [-75.50133954793597, 4.310258760613112], [-75.50136334214756, 4.310615681106879], [-75.50124436935845, 4.311115368149578], [-75.50045914717344, 4.312662014790989], [-75.50022120056583, 4.31323308828036], [-75.49988272640427, 4.313740799814595], [-75.499015420428, 4.314824934033798], [-75.49764975209985, 4.3163406498601615], [-75.49650727468395, 4.317765478893529], [-75.49540640777023, 4.319257446710726], [-75.49438044404525, 4.320099830162639], [-75.49360629237704, 4.320360477982122], [-75.49289716134477, 4.320599237806115], [-75.49179451275442, 4.321136136345539], [-75.49088391413378, 4.322627747619201], [-75.49064844799067, 4.3231556379101015], [-75.49023724968606, 4.323794584433866], [-75.48986843415476, 4.324294270913331], [-75.48886906015657, 4.325840920596088], [-75.48879767626683, 4.326483375198229], [-75.48870249831877, 4.327102034796346], [-75.48863111435101, 4.327554131727938], [-75.48825039975841, 4.328196590418813], [-75.48798865991178, 4.328958016443419], [-75.48789348080682, 4.329767031637702], [-75.48777647861394, 4.330498294016419], [-75.48672695459926, 4.331776079265202], [-75.48654092655339, 4.332091922625658], [-75.48579320463065, 4.333320204832162], [-75.48512902133135, 4.334659866130188], [-75.48477794589547, 4.336205327931173], [-75.4843022318149, 4.3375305303208265], [-75.48379641364258, 4.338016894740088], [-75.48341876260939, 4.33838001928138], [-75.48161947570621, 4.339053148897164], [-75.480585009946, 4.339183294551378], [-75.47913733779411, 4.339365427597213], [-75.47679274769465, 4.3397052232974085], [-75.47383652643312, 4.34038481409572], [-75.47179775240899, 4.341064404913314], [-75.47105780933201, 4.341512012769153], [-75.47062083464917, 4.342097378020876], [-75.4699968348711, 4.342933280610533], [-75.46853322638059, 4.34476996729732], [-75.46636102073745, 4.34697685316691], [-75.46510377719133, 4.3479622567123695], [-75.46350673804089, 4.348777767056549], [-75.4626232690234, 4.3498651152058905], [-75.46218153508539, 4.350850519848288], [-75.46187571886027, 4.350918480656593], [-75.46150194258344, 4.350680623963067], [-75.4607883731998, 4.350102971630313], [-75.45963306742301, 4.349967053096209], [-75.45823990500266, 4.350272867306818], [-75.45647296804331, 4.35071460228705], [-75.45504582642144, 4.351292254009763], [-75.45324490894455, 4.35156409131833], [-75.45147797219428, 4.351428173318292], [-75.45066246158981, 4.35153011059297], [-75.44998287058141, 4.351869909908698], [-75.44936168224888, 4.351998391795422], [-75.44815753056362, 4.351807258001162], [-75.44764146612339, 4.3516352360506545], [-75.4470298338025, 4.351444102935059], [-75.44637997470704, 4.351597009231848], [-75.44445284973949, 4.352303462696783], [-75.44264693958227, 4.353248609345243], [-75.44146780411684, 4.3536612667085075], [-75.44093262606219, 4.353699495295872], [-75.44045478823097, 4.353967082785112], [-75.4400342906211, 4.354521375413921], [-75.43942265862654, 4.355094780253907], [-75.43867723217849, 4.355668186399759], [-75.43785535067524, 4.356547406612085], [-75.43682322170791, 4.358305852395681], [-75.43512212042197, 4.360752379889962], [-75.43447358003995, 4.361565800667556], [-75.43344013227892, 4.362587275054578], [-75.43200661926723, 4.3636767469825735], [-75.43076424105053, 4.364823554373065], [-75.42986590559708, 4.365301391960545], [-75.4292902666404, 4.365402130350111], [-75.42833682582688, 4.365568983070875], [-75.42661660989224, 4.366027707150596], [-75.4255080267499, 4.365913024318028], [-75.42407451420843, 4.365588097306609], [-75.42388266042228, 4.3655425213913945], [-75.42253987770565, 4.365223543680593], [-75.42146626962369, 4.365045909006831], [-75.42062996279034, 4.36512373628863], [-75.41979190457619, 4.365201725721855], [-75.41861238516213, 4.365394857996673], [-75.41610123844775, 4.3658577897317485], [-75.414389211628, 4.36624288561179], [-75.41329272275128, 4.366914969318115], [-75.41293890795039, 4.367635400283037], [-75.41253752373845, 4.368710533677858], [-75.41220781557189, 4.368954233949726], [-75.41174909230237, 4.369169258427841], [-75.41145650184461, 4.369252855815433], [-75.41111834569958, 4.369355616091361], [-75.41098573261515, 4.369448937859304], [-75.41073129757366, 4.369627981729978], [-75.41051627085538, 4.369986363085404], [-75.41010055212608, 4.370230057905756], [-75.4097278392175, 4.370674446889524], [-75.40968483321777, 4.372064954277192], [-75.40954148189178, 4.372925064845719], [-75.40916083335384, 4.373723153620051], [-75.40876066506557, 4.374053506112372], [-75.40813171220796, 4.374472808003225], [-75.40763983701186, 4.374642143643751], [-75.40716409024519, 4.374593763393382], [-75.40655932670666, 4.374666332204502], [-75.40626904112912, 4.3747872869015545], [-75.40602713527558, 4.374859856978694], [-75.4055352614122, 4.374932429951085], [-75.40490033037233, 4.3751039479346865], [-75.40460830011196, 4.375121631895403], [-75.4040825430664, 4.375223464182], [-75.40356672140403, 4.375376464592202], [-75.40270973166983, 4.375712786279229], [-75.4019315448773, 4.376123651036123], [-75.40147626139927, 4.376415825373125], [-75.40110239960454, 4.376702856052466], [-75.40040325808012, 4.377324014705839], [-75.39988526383267, 4.377737357246733], [-75.39943873769516, 4.378035586072493], [-75.39877235892044, 4.378395603697781], [-75.39820108383154, 4.378676579003984], [-75.39797325741057, 4.378734564723294], [-75.39689601262009, 4.378983721109257], [-75.39568023617743, 4.3792485726011945], [-75.39464683683309, 4.37955149305643], [-75.39400612222681, 4.379875111257478], [-75.39332995184617, 4.380342773989387], [-75.39274270531791, 4.380846442152057], [-75.39196573386708, 4.381640004854275], [-75.39137799292084, 4.382325723953606], [-75.3908460016864, 4.383082060662953], [-75.39056688563586, 4.3837037223529185], [-75.39037122387779, 4.384389198837896], [-75.39019482410129, 4.385424134391458], [-75.39006428844581, 4.386356868732176], [-75.39001309339069, 4.3868987333960385], [-75.38997653184249, 4.3876126240785664], [-75.38995742373848, 4.388794378413692], [-75.38988557744553, 4.389271651385502], [-75.38969444255541, 4.3896676099429985], [-75.38929286939008, 4.390100608851245], [-75.38888371321598, 4.3903954895494754], [-75.38855230578805, 4.390565261048807], [-75.38786676720747, 4.390671952364908], [-75.387605653206, 4.390844486040232], [-75.38748117381614, 4.390926739284013], [-75.3871969351722, 4.391126310196855], [-75.38693083932536, 4.391186785000231], [-75.3865861236279, 4.391186785132635], [-75.38627161878124, 4.391170547319793], [-75.3856064078855, 4.391410549346371], [-75.3850863111861, 4.391749215071747], [-75.38450573918892, 4.392384215982978], [-75.38420335733467, 4.39294664572347], [-75.3840763571276, 4.39358769482982], [-75.38412072539639, 4.393975335076429], [-75.38429407192157, 4.395208461040745], [-75.38422754833302, 4.395740654282376], [-75.38404611919901, 4.396266797211096], [-75.38382457821446, 4.396596470644375], [-75.38322364071088, 4.397397705400748], [-75.38235882898759, 4.3979782756565236], [-75.38185259566784, 4.398263843966678], [-75.38061711075639, 4.398957993751771], [-75.37978623279311, 4.399438110117117], [-75.37926445714604, 4.399851027906559], [-75.37897417111881, 4.40003245676011], [-75.37863550339993, 4.4003590300731386], [-75.37839359810263, 4.400752124422903], [-75.37813959716239, 4.400915409750048], [-75.37797788360211, 4.400966864241272], [-75.37755902540397, 4.4011270777909335], [-75.3771901186722, 4.401417362833758], [-75.37683330940237, 4.401895125770925], [-75.3766337372503, 4.402209603727028], [-75.3766150783263, 4.402356547760175], [-75.37660349882339, 4.402868796041737], [-75.37656116460967, 4.403304224962353], [-75.37641602239098, 4.40369732129442], [-75.37633135502655, 4.403908988607312], [-75.37629507022993, 4.40433837043396], [-75.37622249833882, 4.404586323450951], [-75.37602292585943, 4.4051729450771715], [-75.3757749732308, 4.406364327384198], [-75.37553877868767, 4.407466677218482], [-75.37527574783958, 4.408191251086654], [-75.37509486572947, 4.408424303234097], [-75.37494518836365, 4.4086737674474525], [-75.37489983015351, 4.409177231847393], [-75.37482725888637, 4.409798625575787], [-75.37470479439122, 4.410111593564058], [-75.37463675783181, 4.410397342563287], [-75.37469118655994, 4.410592377799484], [-75.37492250944058, 4.410982450388504], [-75.37508008311765, 4.411225564267189], [-75.37539422378447, 4.411680952269831], [-75.3755529750572, 4.412089170232476], [-75.37574328421051, 4.412715875147131], [-75.37578316666372, 4.412847214051596], [-75.37586189582903, 4.413130643527692], [-75.37589753334184, 4.4132773115540145], [-75.37592614414162, 4.4134532849270816], [-75.37594763157377, 4.413630727042094], [-75.37596382820625, 4.413819014689703], [-75.37598027630276, 4.4140101571968176], [-75.37600928297509, 4.414347312815885], [-75.37604265516715, 4.414655166162295], [-75.37614275540427, 4.415424528972434], [-75.3761496833657, 4.415481666287595], [-75.37622348479523, 4.416048763095188], [-75.37620901619626, 4.4164104994190065], [-75.37649455110103, 4.417309936107204], [-75.37650882806136, 4.41752408723512], [-75.37646599691163, 4.417695408409994], [-75.37628039901955, 4.418080880957324], [-75.37580926558554, 4.418780443122007], [-75.375595114917, 4.419280130303537], [-75.37560939126149, 4.419651326309248], [-75.37566649763936, 4.420165289593085], [-75.37566649791731, 4.420322333428433], [-75.37556656143636, 4.4204651013454175], [-75.37522391885214, 4.420622145228574], [-75.37495265965212, 4.420879130071786], [-75.3747527849144, 4.4211503875824585], [-75.37446725021907, 4.42135025955646], [-75.37418171525391, 4.421393092927857], [-75.37319661763782, 4.4216643507106435], [-75.37272548478428, 4.421864224359016], [-75.3724542257314, 4.421921333237903], [-75.37225435128458, 4.421921332922698], [-75.37114076424557, 4.421335983622095], [-75.37095516558225, 4.42132170665272], [-75.37081239809342, 4.421378817380405], [-75.37074101427919, 4.421478750755965], [-75.37068390687993, 4.421878501227968], [-75.37044120200898, 4.422249697237786], [-75.37022705079872, 4.422278252864844], [-75.36964170334363, 4.422321081229614], [-75.36935616821992, 4.422349633756266], [-75.36912773961059, 4.422492401620371], [-75.36891358841001, 4.422535233546853], [-75.36849956217834, 4.42250667837114], [-75.36804270505674, 4.422421019699], [-75.36701477800773, 4.4224638482245995], [-75.3669148412965, 4.422578062731597], [-75.36744308126777, 4.425019389244207], [-75.36745735827822, 4.425247817551517], [-75.36742880410705, 4.425490523083339], [-75.3673288667023, 4.425733229319131], [-75.36678634957234, 4.426918199084842], [-75.36662930475828, 4.427617762593728], [-75.36665785924683, 4.427846192307364], [-75.36680062693642, 4.428174555265138], [-75.36687201133748, 4.4286885178951785], [-75.36694339444749, 4.428959776769793], [-75.36718609927898, 4.429402357849438], [-75.36735742055461, 4.4297307220382995], [-75.36760012641703, 4.430287518438367], [-75.36805698227138, 4.431458210805468], [-75.36832824089699, 4.431800855008728], [-75.36861377596107, 4.432043561165292], [-75.36914201606625, 4.432486137593072], [-75.36919912288158, 4.432643182407863], [-75.36887075839718, 4.432942996155765], [-75.36864232978711, 4.433371297038265], [-75.36845673157146, 4.43389953792077], [-75.36837107066746, 4.434413500722422], [-75.36844245489088, 4.435113063682213], [-75.36881365131951, 4.436212376582674], [-75.36902780173939, 4.436826274836672], [-75.36911346277456, 4.437183194332664], [-75.36908490941198, 4.437411623207324], [-75.36901352537838, 4.43771143439857], [-75.36871371321025, 4.438425273374858], [-75.36864233044105, 4.438710808036874], [-75.36862805283637, 4.439124834129935], [-75.36872798999062, 4.439681629148405], [-75.36886599856795, 4.440000477827487], [-75.36955604268414, 4.441106925328373], [-75.36961552914721, 4.441392463212791], [-75.36963932366407, 4.441630406627174], [-75.36959173385755, 4.442034917275471], [-75.36950845326729, 4.443307929768239], [-75.36959173374343, 4.443914688706173], [-75.36966311768883, 4.444164532817111], [-75.3699843458797, 4.444747500225508], [-75.37084095120531, 4.445592208878557], [-75.37160237922905, 4.44654399635048], [-75.37256606067987, 4.447947875586694], [-75.37338697508541, 4.449268476320599], [-75.37363681822632, 4.44943504159085], [-75.37388666158932, 4.449494528016582], [-75.37408891612696, 4.449446937368842], [-75.37496931620022, 4.449149503055353], [-75.37549279794376, 4.448994840589996], [-75.3758497170085, 4.448994840661109], [-75.37613525219194, 4.449042428436884], [-75.37638509612367, 4.44913760801493], [-75.37671821978832, 4.449304169553338], [-75.37727739340501, 4.449542114329941], [-75.378431432436, 4.450065596418281], [-75.37883593974797, 4.450113186826933], [-75.37933562720423, 4.4501012877134265], [-75.37979962210647, 4.450148876755998], [-75.38006136310085, 4.4502321576267745], [-75.3809893530053, 4.450708050202375], [-75.38137006607718, 4.450945997920155], [-75.38196493203853, 4.451148251113685], [-75.38234564475874, 4.451219634102477], [-75.38279774319044, 4.451457580835751], [-75.38390419208268, 4.452349877916678], [-75.38426111235248, 4.452528341298977], [-75.3848797710524, 4.452730594301515], [-75.38524858772126, 4.4528852571584], [-75.38548653405114, 4.453051818746182], [-75.3860695023666, 4.4535039197348745], [-75.3878659949493, 4.454562780238539], [-75.38842516770634, 4.454907799953053], [-75.38856793581384, 4.455038671744357], [-75.39053099101294, 4.458762525667851], [-75.39069755361128, 4.459071858681561], [-75.3910544732356, 4.459761899240284], [-75.3914113920136, 4.46027348640917], [-75.39158985134152, 4.460701787180033], [-75.39192297571287, 4.461403728040079], [-75.39219661382266, 4.461998596207122], [-75.39227989527261, 4.462426896658086], [-75.39244645659824, 4.462831403857863], [-75.39274388955668, 4.46322401516455], [-75.39305322024592, 4.463497652681266], [-75.39351721461071, 4.4638664721434935], [-75.39376705771993, 4.464187697011527], [-75.39395741505152, 4.464473231597539], [-75.39462366380756, 4.465936600690993], [-75.39476643240806, 4.466341108929958], [-75.39515402336133, 4.467149801324945], [-75.39544215075844, 4.467459270750193], [-75.3961357915688, 4.467811427825555], [-75.39782023268755, 4.4686045987170555], [-75.3985688721937, 4.468867896018916], [-75.398782299762, 4.469070653946811], [-75.39902774295713, 4.4694228118403645], [-75.39925184182904, 4.469742951282384], [-75.39949728363331, 4.469935035877015], [-75.39991346912436, 4.470073764189591], [-75.40021226796271, 4.470425921696479], [-75.40040575381835, 4.470802601207627], [-75.40076894470243, 4.471572421839739], [-75.40113000924693, 4.472208044875158], [-75.4020169930785, 4.473879700413178], [-75.40228552858663, 4.474300405679058], [-75.40272572896528, 4.475513932935874], [-75.4031183402907, 4.477203352389144], [-75.40311833999, 4.477726829807343], [-75.40290418927869, 4.478761896415853], [-75.40286849707435, 4.478987944375571], [-75.40288039389826, 4.4791188148590875], [-75.40297557188052, 4.479225890146633], [-75.40315403238318, 4.479261582402438], [-75.40359423194312, 4.479416247828525], [-75.40392735722816, 4.479666091731301], [-75.40418909674526, 4.480130087768274], [-75.40422478887363, 4.480570285564173], [-75.40412961097798, 4.481331716209666], [-75.40393925358384, 4.481902783788931], [-75.40396304872166, 4.482057450866376], [-75.40401063843011, 4.482176422242387], [-75.40426048105499, 4.48248575220174], [-75.4047482709539, 4.483080616606681], [-75.40514088210438, 4.483354255183221], [-75.40527175170749, 4.4834494360912585], [-75.4053312387807, 4.483592203002211], [-75.40537882802829, 4.483770660776799], [-75.40546210876226, 4.4841037850236045], [-75.40562867062474, 4.484222761778841], [-75.40597369265777, 4.484341733329404], [-75.40634251025035, 4.48443690966545], [-75.40655666137746, 4.484603472342573], [-75.40672322285195, 4.4849365972059925], [-75.40678271038125, 4.485222132158207], [-75.40679460743046, 4.485579051387382], [-75.4068184016316, 4.485769409391876], [-75.4069730672674, 4.4860192516789645], [-75.4077344939724, 4.48664981138804], [-75.40804382428458, 4.486840168719262], [-75.40830556542275, 4.4870305229335115], [-75.40844833264934, 4.487244675333575], [-75.40853161384223, 4.487411236709939], [-75.40866248433701, 4.488196457590554], [-75.40867438076673, 4.488945989406168], [-75.40862679225138, 4.489207728703065], [-75.40835315440425, 4.489778801399089], [-75.4081033107236, 4.490242797408368], [-75.40807951613226, 4.490528331110554], [-75.40811520821846, 4.490682995164761], [-75.40824607760698, 4.490837661144989], [-75.40836505183901, 4.49101611994431], [-75.4083769488357, 4.491206477099814], [-75.40836505243463, 4.4913968342315185], [-75.40830556496527, 4.491527704819161], [-75.40816279713322, 4.491670472025573], [-75.40797244026659, 4.4916942679212015], [-75.40780587829434, 4.491741855345771], [-75.40772259696507, 4.49182513559921], [-75.407722596891, 4.49203928844479], [-75.40775828855251, 4.4922058496423425], [-75.40796054329961, 4.492467594275511], [-75.40809141410091, 4.492657947879921], [-75.40840074289227, 4.492765023771523], [-75.4087457646246, 4.492872099899015], [-75.40898371099092, 4.493133839847116], [-75.40915027401996, 4.493478863191586], [-75.40935252759266, 4.494204598962958], [-75.40940011703137, 4.494692386828693], [-75.40936442513619, 4.495251559891091], [-75.40917406835034, 4.495667965911173], [-75.40891232812322, 4.495965399260491], [-75.40815090019095, 4.496369909118549], [-75.40778208417171, 4.496595957688286], [-75.40761552141358, 4.496810107280093], [-75.4074965481557, 4.497642919274577], [-75.40747275403184, 4.498249681088301], [-75.40756793228978, 4.498463833625618], [-75.40769880191746, 4.498582805804159], [-75.40824607774412, 4.498987316619299], [-75.40826987331583, 4.499165774244647], [-75.40826987302817, 4.499272851060045], [-75.40799623484031, 4.499772538383261], [-75.40793674891604, 4.50001048162719], [-75.40793674938554, 4.5001413527141985], [-75.40815090012657, 4.501021755875963], [-75.40817469497208, 4.501224007721142], [-75.4081390030239, 4.501378671898453], [-75.40790105716954, 4.501878358937754], [-75.40790105665741, 4.5020568203338165], [-75.40791295393909, 4.502151996802542], [-75.40806761854982, 4.502604095049121], [-75.4081152082747, 4.502830146371061], [-75.40788915920915, 4.503163267938348], [-75.40759172736274, 4.503353625427367], [-75.40716342414696, 4.503472599605769], [-75.40697306691364, 4.503662954937198], [-75.40684219578581, 4.503984183340669], [-75.40679460723614, 4.504840789937098], [-75.40685409403187, 4.505173915124393], [-75.40683029855747, 4.5054237578121805], [-75.40674701800687, 4.505637908193331], [-75.406425790705, 4.5066253850714455], [-75.4063663039691, 4.5072083538287515], [-75.40641389377822, 4.507446297974517], [-75.40653286676931, 4.507612859577556], [-75.4066756344458, 4.507719936152961], [-75.40700875879031, 4.50793408870041], [-75.40730619126091, 4.508219622764428], [-75.40754413656391, 4.508636028773782], [-75.4076631112159, 4.50910002530107], [-75.40771070003207, 4.509433149677176], [-75.4077106995669, 4.510063705412147], [-75.40775828863406, 4.510254062437076], [-75.40785346674116, 4.510396830358677], [-75.40819848927131, 4.510872722065005], [-75.40835315438741, 4.511396202696093], [-75.40838884606627, 4.51183640415747], [-75.4083888460591, 4.51201486273546], [-75.40836505233784, 4.512157633918126], [-75.40782967308562, 4.513918434147518], [-75.40784156996446, 4.514132582620867], [-75.40791295399471, 4.514299145753321], [-75.40810331141284, 4.51450140196482], [-75.40862679229181, 4.515108161731166], [-75.40895991682866, 4.515714924982388], [-75.40905509518635, 4.516095639870004], [-75.40903130123915, 4.516345483256027], [-75.40897181373128, 4.516464455020118], [-75.4087338678907, 4.516976038880021], [-75.40871007274072, 4.517178294777574], [-75.40876956008246, 4.517356752623193], [-75.40890043032194, 4.517475726239754], [-75.40929304090636, 4.51778505927942], [-75.40978083062531, 4.518189564977474], [-75.40984031729035, 4.5183442319593325], [-75.4098879067209, 4.518534586415113], [-75.40991170101303, 4.518724943174051], [-75.4098998040314, 4.519652935989774], [-75.40988790729656, 4.52012882714433], [-75.4100068797789, 4.520735591120288], [-75.410030673836, 4.520949739301633], [-75.41013774958294, 4.5210449203928], [-75.41032810681394, 4.521163892318586], [-75.41106573962828, 4.5214375310318164], [-75.41127989080488, 4.5215802979640705], [-75.41136317179821, 4.521699268999844], [-75.41136317229396, 4.521865831867716], [-75.41132747996464, 4.521972907950503], [-75.41118471316042, 4.522032394352658], [-75.41095866361573, 4.5221513669668045], [-75.41091107464712, 4.52227034272175], [-75.41091107535247, 4.522389313651929], [-75.41093486928443, 4.5225201828790444], [-75.41108953398876, 4.522662952592003], [-75.4112560967919, 4.522770030201551], [-75.41136317173267, 4.522841411278233], [-75.4113869665529, 4.522900896997109], [-75.41139886362527, 4.52298417766059], [-75.41144645401532, 4.523150741052597], [-75.41154163183637, 4.523341098229447], [-75.41162491268027, 4.523483865082802], [-75.41185096191109, 4.523626633392658], [-75.4121127033609, 4.523745608674702], [-75.41237444325247, 4.523769399946182], [-75.41277895206325, 4.523805094896718], [-75.41305258974005, 4.523840784885711], [-75.41321915162153, 4.523924065791178], [-75.4133738171964, 4.524054938442707], [-75.4135284821264, 4.5242215013389275], [-75.41361176341194, 4.524459444251208], [-75.41364745505388, 4.524697392217056], [-75.41370694124184, 4.525078104243749], [-75.41382591497069, 4.525339845928271], [-75.41407575760154, 4.525589690350537], [-75.41442078012544, 4.52567297079259], [-75.41480149367968, 4.525684867038153], [-75.41509892591986, 4.525684866572146], [-75.41533687226126, 4.525613485232825], [-75.41546774339932, 4.525613484840865], [-75.41559861307013, 4.525649175584794], [-75.41566999721938, 4.525768148157577], [-75.41566999739112, 4.5259347095823035], [-75.41569379075388, 4.526862700405095], [-75.4157532779125, 4.526981674671917], [-75.4158365585944, 4.527041161022242], [-75.41599122357513, 4.527100645693913], [-75.41613399241021, 4.527148236864256], [-75.41628865699283, 4.527172032121262], [-75.41651470511793, 4.527112542704407], [-75.41677644591284, 4.527041160749656], [-75.41702629014394, 4.527053057083681], [-75.41721664561362, 4.5272077231859225], [-75.41732372209755, 4.527386180552276], [-75.41740700270007, 4.527695510698776], [-75.41743079807208, 4.527933457717232], [-75.41749028357137, 4.52799294376038], [-75.41771633278654, 4.527992943564206], [-75.4180018687338, 4.5279334580646795], [-75.41822791682277, 4.527945354749692], [-75.41839448009384, 4.528004841386416], [-75.41866811828844, 4.528171402750568], [-75.41879898834978, 4.528207097102364], [-75.41906072880445, 4.5281357106134905], [-75.42009579374627, 4.528040535205928], [-75.42059548070279, 4.527957253804171], [-75.4213688059138, 4.527826381619263], [-75.42147588242285, 4.527838281586719], [-75.42154726629298, 4.527873972143358], [-75.42165434079021, 4.5279215603675285], [-75.42195177408374, 4.527957253898963], [-75.42283217406178, 4.5280048406916436], [-75.4231296070701, 4.528076224644464], [-75.42343893729318, 4.52813571135315], [-75.42359360161007, 4.528123815668257], [-75.42389103488837, 4.528052430071569], [-75.42416467271414, 4.528028636145109], [-75.42431933773793, 4.528064330028407], [-75.4244502083376, 4.528147611109089], [-75.42455728361314, 4.528314173928534], [-75.42467625704538, 4.528456940819509], [-75.4249498947541, 4.528587808936077], [-75.42522353342311, 4.5286353981250596], [-75.42546147873014, 4.528635397967508], [-75.42568752768926, 4.5285759121596865], [-75.42608013860671, 4.528409349711398], [-75.4270557177663, 4.528123815943818], [-75.42732935573972, 4.528088122099127], [-75.42753161013562, 4.528147611119239], [-75.4277576590442, 4.528278478661604], [-75.42799560504469, 4.528373659597809], [-75.42845960039557, 4.528456940741677], [-75.42904579257292, 4.528512079926651], [-75.42933132792855, 4.528583463799729], [-75.42964065824205, 4.528619155410543], [-75.43017603677136, 4.528654847181787], [-75.43118730802973, 4.528761923203155], [-75.43148473996526, 4.528785718170017], [-75.4318178652738, 4.528738131693451], [-75.432507909381, 4.528428799106163], [-75.43272206032414, 4.528369311695887], [-75.4329481089302, 4.528369312086177], [-75.43338830855667, 4.528416902319025], [-75.43372143414805, 4.528381211106504], [-75.43395938001821, 4.52833362062375], [-75.43437578522513, 4.528167057792752], [-75.43500634331656, 4.52802429139272], [-75.43537515874822, 4.528000496450109], [-75.43562500324205, 4.528036187885782], [-75.43583915374543, 4.528131368152068], [-75.43639832678375, 4.528357416362041], [-75.43685042490188, 4.528381211208435], [-75.43726683142354, 4.528333621081736], [-75.43754046901601, 4.528262235722867], [-75.43780220924728, 4.528178954682168], [-75.43809964219905, 4.528190853689799], [-75.43834948533471, 4.5281670580106885], [-75.43921798889518, 4.527976701102322], [-75.43974147013189, 4.527917215034867], [-75.43995562168891, 4.5278458335537906], [-75.44013408088259, 4.527714961759883], [-75.44031254122969, 4.5274651179876875], [-75.44069325384488, 4.527143890359735], [-75.44099068673265, 4.526763178554425], [-75.44120483944528, 4.526382463162933], [-75.44146657880547, 4.526120720867913], [-75.4418116010827, 4.525930366716743], [-75.44229939136554, 4.525740008636013], [-75.44277528264952, 4.5256805229551995], [-75.44332255891749, 4.525692418082845], [-75.44385793790799, 4.525775700362565], [-75.44404829442263, 4.525799495294089], [-75.44423865129248, 4.5257638043557655], [-75.44445280328254, 4.525668623993682], [-75.4448811058146, 4.525502062188992], [-75.44510715481238, 4.525454474783735], [-75.44528561355186, 4.525454475368455], [-75.44547597132157, 4.525502061710275], [-75.44566632763906, 4.525597242379474], [-75.44585668511162, 4.525632931801611], [-75.44597565758399, 4.5256448294451666], [-75.44616601494728, 4.52560913716469], [-75.44636826856855, 4.525549650819922], [-75.44689175004521, 4.52541878014653], [-75.44781973996236, 4.525157041005655], [-75.44874773010349, 4.524823915940576], [-75.44966382204926, 4.524110077367188], [-75.44985417871166, 4.524086282084294], [-75.45006833130724, 4.524133870749734], [-75.45019920142637, 4.524217153194586], [-75.45035386556454, 4.524336129327324], [-75.45066319615697, 4.524502688277726], [-75.45103201332266, 4.524538382013707], [-75.45141272555348, 4.524466996233882], [-75.45213846206777, 4.524205256701809], [-75.45247158603938, 4.524074385436878], [-75.45268573830246, 4.523884027853783], [-75.45284040324208, 4.523634184894687], [-75.45297127335057, 4.523301059667534], [-75.45309024557443, 4.523122602381228], [-75.45324491078945, 4.522991730328727], [-75.45367321440061, 4.522848963183426], [-75.45354234384341, 4.522848963006011], [-75.45374459830354, 4.522777582225429], [-75.45397064656629, 4.522789477293485], [-75.4544227441164, 4.522944140974418], [-75.45524365793959, 4.523491417142965], [-75.4560764696524, 4.524431304679154], [-75.4561597512668, 4.524526482982761], [-75.45633821059388, 4.52453838216796], [-75.45644528612955, 4.5245264826073015], [-75.45699256188949, 4.524478896021927], [-75.45734948069749, 4.524490790915509], [-75.45746845501387, 4.524550277009213], [-75.45756363276026, 4.524669249584328], [-75.45774209264543, 4.524954788340993], [-75.45792055162988, 4.525109450840869], [-75.45814660123062, 4.525276012732953], [-75.4584678277659, 4.525430679768634], [-75.4591221799001, 4.525704317976823], [-75.4593363313921, 4.5258351863055415], [-75.45945530417424, 4.525894672771788], [-75.4596218671708, 4.525918467372508], [-75.4597646339841, 4.5259660566376665], [-75.45993119686666, 4.526144515894815], [-75.46129938677898, 4.527286657056809], [-75.46148974395575, 4.527500808590793], [-75.4616801006374, 4.527738756922934], [-75.4619775329576, 4.527893420148524], [-75.46341710665592, 4.528547773799085], [-75.46371453965952, 4.528690541103232], [-75.4640000749282, 4.528714336426489], [-75.46423802076842, 4.528666745092388], [-75.46441648071996, 4.5285715657299646], [-75.46472581099195, 4.528523977679568], [-75.46504703818789, 4.5285953612089695], [-75.46527308703747, 4.528761922998827], [-75.46557051884017, 4.529059356088078], [-75.46602261737661, 4.529713710811826], [-75.46628435777352, 4.529951653638193], [-75.46641522820173, 4.530011140155088], [-75.4666293787075, 4.530046832095889], [-75.46701009256394, 4.530106320719959], [-75.46729562834828, 4.530260984155984], [-75.46760495794041, 4.530582213367102], [-75.46784290535737, 4.530760670318634], [-75.46847346224772, 4.531105692096845], [-75.46868761343352, 4.53129604871318], [-75.46878279183876, 4.531486405938931], [-75.46886607311143, 4.531771941181786], [-75.46908022387602, 4.532307321815824], [-75.46917540314153, 4.532902186013758], [-75.46928247803848, 4.533092542982445], [-75.46968698728368, 4.533604126095876], [-75.46982975394539, 4.533972943129254], [-75.46986544625932, 4.534341761189293], [-75.46986544556124, 4.534877139450922], [-75.46991303567847, 4.535376826038597], [-75.46998441862394, 4.535602874218007], [-75.47004390575799, 4.535817026736513], [-75.47013908444924, 4.535935999315438], [-75.47030564689898, 4.536102560560593], [-75.47074584734617, 4.536495172337386], [-75.47082912803735, 4.5366736312025395], [-75.47080533342914, 4.5369234736027515], [-75.47072205178065, 4.5372803944469835], [-75.47078153922494, 4.537684904358536], [-75.47092430719513, 4.537922848281337], [-75.47105517707872, 4.538232177893417], [-75.47111466266463, 4.539540882173654], [-75.47120984238072, 4.540873379989524], [-75.47135261029779, 4.541277889648371], [-75.47165004162014, 4.541848959340187], [-75.47197126879418, 4.542122597436767], [-75.47219731776833, 4.542158289103605], [-75.47231629122912, 4.5421225972086186], [-75.47245905870258, 4.541956033977667], [-75.47254234028831, 4.541896549385901], [-75.4726494157559, 4.541944138844086], [-75.47278028607941, 4.542051216136274], [-75.47287546459388, 4.5422058781801455], [-75.47311341077085, 4.542705565187318], [-75.47325617830784, 4.542824537759249], [-75.47338704874329, 4.542824537826256], [-75.47351791912995, 4.5428007429880815], [-75.4737201733365, 4.542860231932737], [-75.47402950275273, 4.543169561816245], [-75.47477903337376, 4.543693041026764], [-75.47496938963938, 4.543907191656533], [-75.47540959072653, 4.544085654690285], [-75.47575461239558, 4.544264111803157], [-75.476016352944, 4.544502060890343], [-75.47620670978641, 4.544858977154087], [-75.47639706713151, 4.5453705632647425], [-75.47712280224103, 4.546239064943029], [-75.47720608359505, 4.546488908719845], [-75.4772298777198, 4.546691162314465], [-75.4772655697893, 4.547167054171761], [-75.47733695437744, 4.547321720670862], [-75.47761059186207, 4.547631049716267], [-75.47780094893176, 4.547809508160653], [-75.47822925242745, 4.548095047348676], [-75.47844340333636, 4.548309195274791], [-75.47899067910471, 4.549106315821814], [-75.47960933914598, 4.549879642177068], [-75.47977590144629, 4.550117586163681], [-75.479894874839, 4.550415020106631], [-75.47996625843409, 4.550771940430628], [-75.4801090256603, 4.55092660228167], [-75.48023989600105, 4.55103367942282], [-75.48071578928725, 4.551200241307564], [-75.48098942685078, 4.5513430078667305], [-75.48134634589971, 4.551640441996296], [-75.482440897986, 4.5527944789194565], [-75.4837139091883, 4.554222155636403], [-75.48392806114921, 4.554626664768428], [-75.48396375261865, 4.554852712990152], [-75.48399944536176, 4.555197738247069], [-75.48397565027878, 4.555411885906358], [-75.48391616361916, 4.555578449155629], [-75.48385667664465, 4.555697424844049], [-75.48334509285259, 4.556446951622276], [-75.48302386598711, 4.556946638824303], [-75.48295248169781, 4.557101305271044], [-75.4829048931575, 4.557244071669346], [-75.48292868715625, 4.557374944372143], [-75.48296437890865, 4.557529606802089], [-75.48313094116011, 4.5577913503449246], [-75.48324991483821, 4.557946012236411], [-75.48324991526862, 4.55806498482805], [-75.48321422305114, 4.558172061451781], [-75.48311904358987, 4.558291036825473], [-75.48294058524425, 4.558457595767883], [-75.48260745983849, 4.558647952627592], [-75.4821910540191, 4.55883830985614], [-75.4819412113417, 4.558933490884843], [-75.4813106543007, 4.559540250972888], [-75.48117978297552, 4.559813888936128], [-75.48117978259073, 4.56008752658693], [-75.48125116697965, 4.560206500307213], [-75.48134634639575, 4.560242195164405], [-75.48148911308442, 4.560254089866696], [-75.48158429222276, 4.560349267886659], [-75.48164377770735, 4.560468242879463], [-75.48165567564882, 4.560944135145741], [-75.48169136831065, 4.561491408839735], [-75.48176275096677, 4.561634178922608], [-75.4817984428435, 4.561907815033621], [-75.4817746489441, 4.562026789588344], [-75.48163188131603, 4.562324221154894], [-75.48154859965427, 4.562550268931054], [-75.48152480493228, 4.5629666748967885], [-75.48153670310175, 4.563740000342545], [-75.48151290824292, 4.56391846176165], [-75.48141772958543, 4.564120715389043], [-75.48119168138531, 4.56456091623464], [-75.48116788584775, 4.564810760093159], [-75.48113219407104, 4.565346136722368], [-75.48104891285695, 4.56577443903851], [-75.48097752908836, 4.565929105054912], [-75.48087045360177, 4.56605997420002], [-75.48072768583535, 4.5661789492599665], [-75.48052543237173, 4.566297921328655], [-75.4803826637053, 4.566452587593684], [-75.48033507528656, 4.566607249966013], [-75.4803350753739, 4.566797607941284], [-75.48038266386529, 4.566987964859112], [-75.48047784190189, 4.567154527749832], [-75.48058491818082, 4.567380576053765], [-75.48058491827432, 4.567535240068533], [-75.48057302142605, 4.567701805570204], [-75.48048974021535, 4.567856467671508], [-75.48023989589281, 4.568451333282817], [-75.48023989567788, 4.568594099961198], [-75.48025179427503, 4.5687249705639426], [-75.48034697202212, 4.56892722457286], [-75.48064440495868, 4.56959347357159], [-75.48083476161241, 4.569926598786233], [-75.48107270797804, 4.570343004189518], [-75.48110840012588, 4.570509565707204], [-75.48110840015947, 4.5705928481699445], [-75.48108460482446, 4.5707118238046185], [-75.48101322102022, 4.5708902811840435], [-75.4808942475979, 4.571175816124393], [-75.48078717230746, 4.571675502275321], [-75.48077527467588, 4.572448828125816], [-75.48094183713306, 4.573305435353137], [-75.48115598891312, 4.574352396055567], [-75.48122737299798, 4.57488777759902], [-75.48119168109618, 4.575518332359602], [-75.48120357804626, 4.576018019228575], [-75.48129875712355, 4.576315453112835], [-75.48164377759662, 4.577195852249883], [-75.48175085430805, 4.577528976445128], [-75.48175085434094, 4.5779215883497795], [-75.4817151624278, 4.57830230112162], [-75.48166757304413, 4.578659220714335], [-75.48160808634022, 4.579087523290189], [-75.48159618907563, 4.579408751693855], [-75.48167434839428, 4.5799496391923125], [-75.48178754418163, 4.580153391805262], [-75.48191445366652, 4.580381831801301], [-75.4819942172216, 4.580490081256291], [-75.48225060364226, 4.580838034037337], [-75.48272281260692, 4.581062132759736], [-75.48336309734769, 4.581286233581918], [-75.48367260963714, 4.581361114115488], [-75.48403473834959, 4.581472071361091], [-75.48429150902007, 4.581630384634953], [-75.48451343588962, 4.581816322600412]]]}}, {"type": "Feature", "properties": {"MpNombre": "Ibagué", "Depto": "Tolima", "MpCodigo": "73001", "area_ha": 1376.57, "trazado_m": 20481.1, "pct_trazado": 39.2, "rol": "area de estudio", "marca": "CP"}, "geometry": {"type": "Polygon", "coordinates": [[[-75.38684160798599, 4.69905046178244], [-75.38620343344972, 4.700691308227659], [-75.38667415129882, 4.700220590606469], [-75.38695724285279, 4.699983583438844], [-75.38708891385542, 4.699786075689086], [-75.38720083367643, 4.699628071895237], [-75.38724691896195, 4.699391064029323], [-75.38722058539584, 4.699061888829986], [-75.38768143305883, 4.698699793249663], [-75.38826736796756, 4.698337698386115], [-75.38879405108827, 4.698080941055906], [-75.38918906315078, 4.697883433904584], [-75.3896038274071, 4.697606925039205], [-75.39017659490146, 4.6972579971538275], [-75.39069011070887, 4.6969749046095135], [-75.39103903778276, 4.696843236157765], [-75.39149988635383, 4.69676423411899], [-75.39184223043543, 4.696744480713574], [-75.39207265375732, 4.696731317119959], [-75.3923228292483, 4.6967049803775565], [-75.39263225456105, 4.69653380736143], [-75.39313260415665, 4.696184882649331], [-75.39392262869924, 4.695546277438383], [-75.39444272892388, 4.695177598267894], [-75.39508133231269, 4.694802335947424], [-75.39608202973623, 4.694282236759753], [-75.39649679284456, 4.694045229136047], [-75.39695764109206, 4.693617298727756], [-75.39737898773289, 4.693182788227156], [-75.39764891260249, 4.692833859679378], [-75.39810976135404, 4.6922610899325825], [-75.39824143207012, 4.6919779973509845], [-75.39833360123693, 4.691760741229842], [-75.39846527215774, 4.691438146742404], [-75.398550858341, 4.691359147961695], [-75.39888003456711, 4.691293308640164], [-75.39923554575991, 4.691280142235244], [-75.39968322702194, 4.691240643590145], [-75.40008482298016, 4.691141888016399], [-75.40046008476541, 4.690937797956423], [-75.40067734212215, 4.69070079070188], [-75.40088143139323, 4.690424281654046], [-75.40101968593316, 4.690016103415128], [-75.40109868764209, 4.689654007644602], [-75.40116452367319, 4.689179992851486], [-75.40119085796782, 4.688890318294419], [-75.40139494705566, 4.688113460850028], [-75.40158586975598, 4.687632860849346], [-75.40173729225016, 4.6873563524248185], [-75.40201380024128, 4.687053509096876], [-75.40239564630949, 4.686730915612295], [-75.40285649286055, 4.686283235952987], [-75.40342267830808, 4.685710469977331], [-75.4037716060686, 4.685374706354749], [-75.40510848874611, 4.6836437539965186], [-75.40578698384961, 4.682877114066015], [-75.40635920763836, 4.681869018112938], [-75.406869549705, 4.680673178358124], [-75.40740742597458, 4.679129003571176], [-75.40777435409926, 4.678334813327604], [-75.40815819891513, 4.677915863222032], [-75.40874648583454, 4.677640334323754], [-75.40920083894375, 4.677525284787033], [-75.40946379982992, 4.677367193043801], [-75.40978144783122, 4.67673160275275], [-75.41034500939082, 4.675616284346767], [-75.41076482359689, 4.675045549080603], [-75.41108587623303, 4.674822979665808], [-75.41143332256476, 4.674734473737709], [-75.41184319903685, 4.674601451391943], [-75.41236903157073, 4.674379366355116], [-75.41275854463093, 4.674114228044134], [-75.4136629856529, 4.673131774694529], [-75.41500157927877, 4.671830688295595], [-75.4159257791974, 4.670899641431261], [-75.41613532479916, 4.670555907808636], [-75.41640392083988, 4.669922277633842], [-75.4167892909729, 4.6688511891460935], [-75.41694197236431, 4.668288750411355], [-75.41699667428131, 4.667743948342689], [-75.41698942968614, 4.667038198236309], [-75.41685852500889, 4.665912285249543], [-75.41679757567046, 4.665264666018603], [-75.41678925119552, 4.6650813206142745], [-75.41686098062124, 4.664867092084024], [-75.41709343484773, 4.664456706196226], [-75.41754903807865, 4.663805648727129], [-75.41801358619313, 4.663136748089661], [-75.4187993663516, 4.662164868380664], [-75.42009393162088, 4.660640321782509], [-75.42081719415552, 4.659748690635989], [-75.42118338069334, 4.659258218906776], [-75.42151430920035, 4.658615797041156], [-75.42155995478369, 4.658133503019897], [-75.42149915738288, 4.657481226843477], [-75.42156361208974, 4.656570175870139], [-75.42167241544772, 4.655730693074558], [-75.4219506522945, 4.654775481231878], [-75.42235399197294, 4.65362402413272], [-75.42251558595244, 4.653052666899108], [-75.42251784341221, 4.652792346628077], [-75.42243683368015, 4.652462881738071], [-75.422269655047, 4.6516138171511905], [-75.42204945324502, 4.650594895118209], [-75.42199801468104, 4.6497461063031915], [-75.42216959460805, 4.648710237169157], [-75.42243024838001, 4.647656713300458], [-75.42259467321958, 4.645870424996512], [-75.4224818903351, 4.6446016205725655], [-75.42231429282201, 4.643931225963405], [-75.4219770566364, 4.643465897619599], [-75.42135473426721, 4.643080302094465], [-75.42004885363787, 4.642456384608963], [-75.41958990009117, 4.642117014400907], [-75.419192485362, 4.641675275965889], [-75.41875518609308, 4.6408131440344365], [-75.41796174698807, 4.639335099907287], [-75.41710746734334, 4.637662143140539], [-75.41664021744403, 4.636502651904684], [-75.41655953906621, 4.636051409434843], [-75.41649979706791, 4.63538493897075], [-75.4163679886901, 4.634954076430546], [-75.41621553278522, 4.634615428647827], [-75.41598182459173, 4.634071564069723], [-75.41590093207341, 4.633712580060075], [-75.41599388460847, 4.633282247817259], [-75.41624065707462, 4.6326062479276535], [-75.41673443995373, 4.6311517301931975], [-75.41688912035666, 4.630537020872358], [-75.4168289224005, 4.6300653221176455], [-75.41666636910936, 4.629675394073681], [-75.4163915082195, 4.629254445640747], [-75.4161476083834, 4.628700308559121], [-75.41590370819479, 4.628146167572469], [-75.41574146661176, 4.627622975174126], [-75.41566140988083, 4.62690520079454], [-75.41557163912113, 4.625972127581541], [-75.41553237628968, 4.625285206396315], [-75.41545179342667, 4.624792957963394], [-75.41539123685254, 4.624475024744715], [-75.41543332088015, 4.623952310789006], [-75.41546502082447, 4.623501330924938], [-75.41543587694214, 4.622855436384573], [-75.41548801009299, 4.622404506193637], [-75.41566275989739, 4.621943608154378], [-75.41590916679638, 4.621421375628757], [-75.41642176804505, 4.6206537327565185], [-75.41691372015804, 4.619978305637249], [-75.41721108691283, 4.619507446425493], [-75.41730403396431, 4.619077112553551], [-75.41742758156009, 4.618667349657857], [-75.41767346058855, 4.6183706418618975], [-75.41789883696386, 4.618104634954035], [-75.41834963514032, 4.617552122048586], [-75.41886196730609, 4.616897240787418], [-75.41927258917627, 4.616047348021492], [-75.41955059095862, 4.61511513358669], [-75.41962102317795, 4.614505796592136], [-75.41966568036447, 4.613946763228968], [-75.41996396890367, 4.613076099943317], [-75.4202512556809, 4.612543705307644], [-75.42070307006556, 4.61155038868953], [-75.42100092831399, 4.6108642505935284], [-75.42123642011563, 4.61063927294739], [-75.42157383556815, 4.610517043624797], [-75.42193161175491, 4.610425615203924], [-75.42333240143488, 4.609916316908092], [-75.42462043422256, 4.609570769985642], [-75.42555068872365, 4.6093166530374345], [-75.4267571810387, 4.608888906285091], [-75.4274730879737, 4.608552276846767], [-75.42805630287849, 4.608164078643387], [-75.42874245807634, 4.607437829386251], [-75.42920990743973, 4.606746062868212], [-75.42970245516071, 4.606082193783987], [-75.4301664500574, 4.6052755547401665], [-75.43048767688225, 4.60463310062615], [-75.43072324372595, 4.603933541107928], [-75.43098022570514, 4.6028699197444025], [-75.43118723895759, 4.602348817583443], [-75.43146563623691, 4.601792024948726], [-75.43196532213354, 4.601278062260737], [-75.4323222419499, 4.601056770775704], [-75.43247214823208, 4.6010853235916525], [-75.43289331172282, 4.601320891367428], [-75.43414966767065, 4.602191773983724], [-75.43488492138056, 4.602584385365685], [-75.43585574058515, 4.602948442572212], [-75.4366552397812, 4.603069796042313], [-75.43711209722431, 4.603062656704809], [-75.43792587208695, 4.60299127285536], [-75.43821854634692, 4.6029769962889535], [-75.43868967862684, 4.6029627188422895], [-75.43910370536065, 4.603012691030666], [-75.4393821020167, 4.603084071803415], [-75.43966763824537, 4.603091210250134], [-75.44006738674246, 4.602991273213679], [-75.44048855171062, 4.602812814253096], [-75.44085974794838, 4.602577246201851], [-75.4410667608251, 4.602434480126176], [-75.44123808160097, 4.602370233226122], [-75.44156644787356, 4.6024202033384745], [-75.44198047379169, 4.6025772460122605], [-75.44253726791663, 4.602712876179906], [-75.44320113715246, 4.602827090439823], [-75.44387214541474, 4.602869920432628], [-75.4444432157524, 4.602869919677935], [-75.44571384792084, 4.602827089748657], [-75.44667753008277, 4.602762844073363], [-75.44704872627327, 4.602734291157361], [-75.44767690302055, 4.602848505209115], [-75.44869055423236, 4.6029984106635125], [-75.44999687844863, 4.602934166795419], [-75.45083920717546, 4.602791399579028], [-75.45188141121173, 4.60252014203993], [-75.4525095887162, 4.602241742084178], [-75.45290933791665, 4.602006179116681], [-75.45330194885047, 4.601806301850135], [-75.45351610108209, 4.601713501844249], [-75.45381591275475, 4.601670673152823], [-75.45487953183046, 4.601763473054736], [-75.45632148481934, 4.601849130742241], [-75.45682831017015, 4.601949069262568], [-75.45770633239137, 4.60205614467759], [-75.45820601819683, 4.602120389608115], [-75.45842017032022, 4.602077559424144], [-75.45865573573798, 4.601949069249297], [-75.45902693222581, 4.601527905735012], [-75.45930532909269, 4.601220954252735], [-75.45961228006647, 4.601071047005854], [-75.46064020688593, 4.600878313205939], [-75.46210357467115, 4.600635607767187], [-75.46338848394892, 4.60039290290828], [-75.464195121973, 4.600107368708266], [-75.46528015572106, 4.59972189269173], [-75.4661224847686, 4.599450634680496], [-75.46713613509453, 4.599107993965159], [-75.46762868444834, 4.598958085864651], [-75.46823544640459, 4.598636858574295], [-75.46887076330286, 4.598322770131323], [-75.46902066896334, 4.598201420069831], [-75.4691991281034, 4.597808805877942], [-75.46925623531484, 4.597266289406774], [-75.46937758788646, 4.59686654034267], [-75.46966312322301, 4.596316886977812], [-75.47021277876219, 4.594839239259315], [-75.47028220355102, 4.594054320696048], [-75.47040311808041, 4.593378004285583], [-75.47060805967882, 4.5928146421863385], [-75.47083386674036, 4.59234294789384], [-75.47106747026321, 4.5915259293613815], [-75.47125945226954, 4.590476234951797], [-75.47132367140607, 4.590025319901096], [-75.47157122412241, 4.589250617945616], [-75.47190286901433, 4.588560679991569], [-75.47211429512656, 4.58823695586246], [-75.47248037820586, 4.5878501496676085], [-75.47280435190741, 4.587449150677649], [-75.47324778573052, 4.587020231057364], [-75.47352941359786, 4.586710760733946], [-75.47384626921252, 4.586352035135255], [-75.47418411472027, 4.586028591798051], [-75.47476770128307, 4.585740944393493], [-75.47495769391662, 4.585579268079967], [-75.47511304106871, 4.585206082948034], [-75.47529666989276, 4.5847483858492275], [-75.47552895906868, 4.584516327689376], [-75.47597213898885, 4.5842001722305605], [-75.47635880130456, 4.5840318895535175], [-75.47659778461858, 4.583947851131814], [-75.47772185526088, 4.583802365137718], [-75.47857919426862, 4.5835858025965575], [-75.47931702529382, 4.583418305289948], [-75.48003389602337, 4.583201427170685], [-75.48096820913078, 4.583111894628819], [-75.48169174413555, 4.583057124577748], [-75.48193719392042, 4.583014224825456], [-75.48216952223297, 4.582973618432347], [-75.48288648565597, 4.5827144478993285], [-75.48360369856837, 4.582342514444096], [-75.48442607629, 4.582055384164861], [-75.48459277596099, 4.581883473886405], [-75.48451343588962, 4.581816322600412], [-75.48429150902007, 4.581630384634953], [-75.48403473834959, 4.581472071361091], [-75.48367260963714, 4.581361114115488], [-75.48336309734769, 4.581286233581918], [-75.48272281260692, 4.581062132759736], [-75.48225060364226, 4.580838034037337], [-75.4819942172216, 4.580490081256291], [-75.48191445366652, 4.580381831801301], [-75.48178754418163, 4.580153391805262], [-75.48167434839428, 4.5799496391923125], [-75.48159618907563, 4.579408751693855], [-75.48160808634022, 4.579087523290189], [-75.48166757304413, 4.578659220714335], [-75.4817151624278, 4.57830230112162], [-75.48175085434094, 4.5779215883497795], [-75.48175085430805, 4.577528976445128], [-75.48164377759662, 4.577195852249883], [-75.48129875712355, 4.576315453112835], [-75.48120357804626, 4.576018019228575], [-75.48119168109618, 4.575518332359602], [-75.48122737299798, 4.57488777759902], [-75.48115598891312, 4.574352396055567], [-75.48094183713306, 4.573305435353137], [-75.48077527467588, 4.572448828125816], [-75.48078717230746, 4.571675502275321], [-75.4808942475979, 4.571175816124393], [-75.48101322102022, 4.5708902811840435], [-75.48108460482446, 4.5707118238046185], [-75.48110840015947, 4.5705928481699445], [-75.48110840012588, 4.570509565707204], [-75.48107270797804, 4.570343004189518], [-75.48083476161241, 4.569926598786233], [-75.48064440495868, 4.56959347357159], [-75.48034697202212, 4.56892722457286], [-75.48025179427503, 4.5687249705639426], [-75.48023989567788, 4.568594099961198], [-75.48023989589281, 4.568451333282817], [-75.48048974021535, 4.567856467671508], [-75.48057302142605, 4.567701805570204], [-75.48058491827432, 4.567535240068533], [-75.48058491818082, 4.567380576053765], [-75.48047784190189, 4.567154527749832], [-75.48038266386529, 4.566987964859112], [-75.4803350753739, 4.566797607941284], [-75.48033507528656, 4.566607249966013], [-75.4803826637053, 4.566452587593684], [-75.48052543237173, 4.566297921328655], [-75.48072768583535, 4.5661789492599665], [-75.48087045360177, 4.56605997420002], [-75.48097752908836, 4.565929105054912], [-75.48104891285695, 4.56577443903851], [-75.48113219407104, 4.565346136722368], [-75.48116788584775, 4.564810760093159], [-75.48119168138531, 4.56456091623464], [-75.48141772958543, 4.564120715389043], [-75.48151290824292, 4.56391846176165], [-75.48153670310175, 4.563740000342545], [-75.48152480493228, 4.5629666748967885], [-75.48154859965427, 4.562550268931054], [-75.48163188131603, 4.562324221154894], [-75.4817746489441, 4.562026789588344], [-75.4817984428435, 4.561907815033621], [-75.48176275096677, 4.561634178922608], [-75.48169136831065, 4.561491408839735], [-75.48165567564882, 4.560944135145741], [-75.48164377770735, 4.560468242879463], [-75.48158429222276, 4.560349267886659], [-75.48148911308442, 4.560254089866696], [-75.48134634639575, 4.560242195164405], [-75.48125116697965, 4.560206500307213], [-75.48117978259073, 4.56008752658693], [-75.48117978297552, 4.559813888936128], [-75.4813106543007, 4.559540250972888], [-75.4819412113417, 4.558933490884843], [-75.4821910540191, 4.55883830985614], [-75.48260745983849, 4.558647952627592], [-75.48294058524425, 4.558457595767883], [-75.48311904358987, 4.558291036825473], [-75.48321422305114, 4.558172061451781], [-75.48324991526862, 4.55806498482805], [-75.48324991483821, 4.557946012236411], [-75.48313094116011, 4.5577913503449246], [-75.48296437890865, 4.557529606802089], [-75.48292868715625, 4.557374944372143], [-75.4829048931575, 4.557244071669346], [-75.48295248169781, 4.557101305271044], [-75.48302386598711, 4.556946638824303], [-75.48334509285259, 4.556446951622276], [-75.48385667664465, 4.555697424844049], [-75.48391616361916, 4.555578449155629], [-75.48397565027878, 4.555411885906358], [-75.48399944536176, 4.555197738247069], [-75.48396375261865, 4.554852712990152], [-75.48392806114921, 4.554626664768428], [-75.4837139091883, 4.554222155636403], [-75.482440897986, 4.5527944789194565], [-75.48134634589971, 4.551640441996296], [-75.48098942685078, 4.5513430078667305], [-75.48071578928725, 4.551200241307564], [-75.48023989600105, 4.55103367942282], [-75.4801090256603, 4.55092660228167], [-75.47996625843409, 4.550771940430628], [-75.479894874839, 4.550415020106631], [-75.47977590144629, 4.550117586163681], [-75.47960933914598, 4.549879642177068], [-75.47899067910471, 4.549106315821814], [-75.47844340333636, 4.548309195274791], [-75.47822925242745, 4.548095047348676], [-75.47780094893176, 4.547809508160653], [-75.47761059186207, 4.547631049716267], [-75.47733695437744, 4.547321720670862], [-75.4772655697893, 4.547167054171761], [-75.4772298777198, 4.546691162314465], [-75.47720608359505, 4.546488908719845], [-75.47712280224103, 4.546239064943029], [-75.47639706713151, 4.5453705632647425], [-75.47620670978641, 4.544858977154087], [-75.476016352944, 4.544502060890343], [-75.47575461239558, 4.544264111803157], [-75.47540959072653, 4.544085654690285], [-75.47496938963938, 4.543907191656533], [-75.47477903337376, 4.543693041026764], [-75.47402950275273, 4.543169561816245], [-75.4737201733365, 4.542860231932737], [-75.47351791912995, 4.5428007429880815], [-75.47338704874329, 4.542824537826256], [-75.47325617830784, 4.542824537759249], [-75.47311341077085, 4.542705565187318], [-75.47287546459388, 4.5422058781801455], [-75.47278028607941, 4.542051216136274], [-75.4726494157559, 4.541944138844086], [-75.47254234028831, 4.541896549385901], [-75.47245905870258, 4.541956033977667], [-75.47231629122912, 4.5421225972086186], [-75.47219731776833, 4.542158289103605], [-75.47197126879418, 4.542122597436767], [-75.47165004162014, 4.541848959340187], [-75.47135261029779, 4.541277889648371], [-75.47120984238072, 4.540873379989524], [-75.47111466266463, 4.539540882173654], [-75.47105517707872, 4.538232177893417], [-75.47092430719513, 4.537922848281337], [-75.47078153922494, 4.537684904358536], [-75.47072205178065, 4.5372803944469835], [-75.47080533342914, 4.5369234736027515], [-75.47082912803735, 4.5366736312025395], [-75.47074584734617, 4.536495172337386], [-75.47030564689898, 4.536102560560593], [-75.47013908444924, 4.535935999315438], [-75.47004390575799, 4.535817026736513], [-75.46998441862394, 4.535602874218007], [-75.46991303567847, 4.535376826038597], [-75.46986544556124, 4.534877139450922], [-75.46986544625932, 4.534341761189293], [-75.46982975394539, 4.533972943129254], [-75.46968698728368, 4.533604126095876], [-75.46928247803848, 4.533092542982445], [-75.46917540314153, 4.532902186013758], [-75.46908022387602, 4.532307321815824], [-75.46886607311143, 4.531771941181786], [-75.46878279183876, 4.531486405938931], [-75.46868761343352, 4.53129604871318], [-75.46847346224772, 4.531105692096845], [-75.46784290535737, 4.530760670318634], [-75.46760495794041, 4.530582213367102], [-75.46729562834828, 4.530260984155984], [-75.46701009256394, 4.530106320719959], [-75.4666293787075, 4.530046832095889], [-75.46641522820173, 4.530011140155088], [-75.46628435777352, 4.529951653638193], [-75.46602261737661, 4.529713710811826], [-75.46557051884017, 4.529059356088078], [-75.46527308703747, 4.528761922998827], [-75.46504703818789, 4.5285953612089695], [-75.46472581099195, 4.528523977679568], [-75.46441648071996, 4.5285715657299646], [-75.46423802076842, 4.528666745092388], [-75.4640000749282, 4.528714336426489], [-75.46371453965952, 4.528690541103232], [-75.46341710665592, 4.528547773799085], [-75.4619775329576, 4.527893420148524], [-75.4616801006374, 4.527738756922934], [-75.46148974395575, 4.527500808590793], [-75.46129938677898, 4.527286657056809], [-75.45993119686666, 4.526144515894815], [-75.4597646339841, 4.5259660566376665], [-75.4596218671708, 4.525918467372508], [-75.45945530417424, 4.525894672771788], [-75.4593363313921, 4.5258351863055415], [-75.4591221799001, 4.525704317976823], [-75.4584678277659, 4.525430679768634], [-75.45814660123062, 4.525276012732953], [-75.45792055162988, 4.525109450840869], [-75.45774209264543, 4.524954788340993], [-75.45756363276026, 4.524669249584328], [-75.45746845501387, 4.524550277009213], [-75.45734948069749, 4.524490790915509], [-75.45699256188949, 4.524478896021927], [-75.45644528612955, 4.5245264826073015], [-75.45633821059388, 4.52453838216796], [-75.4561597512668, 4.524526482982761], [-75.4560764696524, 4.524431304679154], [-75.45524365793959, 4.523491417142965], [-75.4544227441164, 4.522944140974418], [-75.45397064656629, 4.522789477293485], [-75.45374459830354, 4.522777582225429], [-75.45354234384341, 4.522848963006011], [-75.45367321440061, 4.522848963183426], [-75.45324491078945, 4.522991730328727], [-75.45309024557443, 4.523122602381228], [-75.45297127335057, 4.523301059667534], [-75.45284040324208, 4.523634184894687], [-75.45268573830246, 4.523884027853783], [-75.45247158603938, 4.524074385436878], [-75.45213846206777, 4.524205256701809], [-75.45141272555348, 4.524466996233882], [-75.45103201332266, 4.524538382013707], [-75.45066319615697, 4.524502688277726], [-75.45035386556454, 4.524336129327324], [-75.45019920142637, 4.524217153194586], [-75.45006833130724, 4.524133870749734], [-75.44985417871166, 4.524086282084294], [-75.44966382204926, 4.524110077367188], [-75.44874773010349, 4.524823915940576], [-75.44781973996236, 4.525157041005655], [-75.44689175004521, 4.52541878014653], [-75.44636826856855, 4.525549650819922], [-75.44616601494728, 4.52560913716469], [-75.44597565758399, 4.5256448294451666], [-75.44585668511162, 4.525632931801611], [-75.44566632763906, 4.525597242379474], [-75.44547597132157, 4.525502061710275], [-75.44528561355186, 4.525454475368455], [-75.44510715481238, 4.525454474783735], [-75.4448811058146, 4.525502062188992], [-75.44445280328254, 4.525668623993682], [-75.44423865129248, 4.5257638043557655], [-75.44404829442263, 4.525799495294089], [-75.44385793790799, 4.525775700362565], [-75.44332255891749, 4.525692418082845], [-75.44277528264952, 4.5256805229551995], [-75.44229939136554, 4.525740008636013], [-75.4418116010827, 4.525930366716743], [-75.44146657880547, 4.526120720867913], [-75.44120483944528, 4.526382463162933], [-75.44099068673265, 4.526763178554425], [-75.44069325384488, 4.527143890359735], [-75.44031254122969, 4.5274651179876875], [-75.44013408088259, 4.527714961759883], [-75.43995562168891, 4.5278458335537906], [-75.43974147013189, 4.527917215034867], [-75.43921798889518, 4.527976701102322], [-75.43834948533471, 4.5281670580106885], [-75.43809964219905, 4.528190853689799], [-75.43780220924728, 4.528178954682168], [-75.43754046901601, 4.528262235722867], [-75.43726683142354, 4.528333621081736], [-75.43685042490188, 4.528381211208435], [-75.43639832678375, 4.528357416362041], [-75.43583915374543, 4.528131368152068], [-75.43562500324205, 4.528036187885782], [-75.43537515874822, 4.528000496450109], [-75.43500634331656, 4.52802429139272], [-75.43437578522513, 4.528167057792752], [-75.43395938001821, 4.52833362062375], [-75.43372143414805, 4.528381211106504], [-75.43338830855667, 4.528416902319025], [-75.4329481089302, 4.528369312086177], [-75.43272206032414, 4.528369311695887], [-75.432507909381, 4.528428799106163], [-75.4318178652738, 4.528738131693451], [-75.43148473996526, 4.528785718170017], [-75.43118730802973, 4.528761923203155], [-75.43017603677136, 4.528654847181787], [-75.42964065824205, 4.528619155410543], [-75.42933132792855, 4.528583463799729], [-75.42904579257292, 4.528512079926651], [-75.42845960039557, 4.528456940741677], [-75.42799560504469, 4.528373659597809], [-75.4277576590442, 4.528278478661604], [-75.42753161013562, 4.528147611119239], [-75.42732935573972, 4.528088122099127], [-75.4270557177663, 4.528123815943818], [-75.42608013860671, 4.528409349711398], [-75.42568752768926, 4.5285759121596865], [-75.42546147873014, 4.528635397967508], [-75.42522353342311, 4.5286353981250596], [-75.4249498947541, 4.528587808936077], [-75.42467625704538, 4.528456940819509], [-75.42455728361314, 4.528314173928534], [-75.4244502083376, 4.528147611109089], [-75.42431933773793, 4.528064330028407], [-75.42416467271414, 4.528028636145109], [-75.42389103488837, 4.528052430071569], [-75.42359360161007, 4.528123815668257], [-75.42343893729318, 4.52813571135315], [-75.4231296070701, 4.528076224644464], [-75.42283217406178, 4.5280048406916436], [-75.42195177408374, 4.527957253898963], [-75.42165434079021, 4.5279215603675285], [-75.42154726629298, 4.527873972143358], [-75.42147588242285, 4.527838281586719], [-75.4213688059138, 4.527826381619263], [-75.42059548070279, 4.527957253804171], [-75.42009579374627, 4.528040535205928], [-75.41906072880445, 4.5281357106134905], [-75.41879898834978, 4.528207097102364], [-75.41866811828844, 4.528171402750568], [-75.41839448009384, 4.528004841386416], [-75.41822791682277, 4.527945354749692], [-75.4180018687338, 4.5279334580646795], [-75.41771633278654, 4.527992943564206], [-75.41749028357137, 4.52799294376038], [-75.41743079807208, 4.527933457717232], [-75.41740700270007, 4.527695510698776], [-75.41732372209755, 4.527386180552276], [-75.41721664561362, 4.5272077231859225], [-75.41702629014394, 4.527053057083681], [-75.41677644591284, 4.527041160749656], [-75.41651470511793, 4.527112542704407], [-75.41628865699283, 4.527172032121262], [-75.41613399241021, 4.527148236864256], [-75.41599122357513, 4.527100645693913], [-75.4158365585944, 4.527041161022242], [-75.4157532779125, 4.526981674671917], [-75.41569379075388, 4.526862700405095], [-75.41566999739112, 4.5259347095823035], [-75.41566999721938, 4.525768148157577], [-75.41559861307013, 4.525649175584794], [-75.41546774339932, 4.525613484840865], [-75.41533687226126, 4.525613485232825], [-75.41509892591986, 4.525684866572146], [-75.41480149367968, 4.525684867038153], [-75.41442078012544, 4.52567297079259], [-75.41407575760154, 4.525589690350537], [-75.41382591497069, 4.525339845928271], [-75.41370694124184, 4.525078104243749], [-75.41364745505388, 4.524697392217056], [-75.41361176341194, 4.524459444251208], [-75.4135284821264, 4.5242215013389275], [-75.4133738171964, 4.524054938442707], [-75.41321915162153, 4.523924065791178], [-75.41305258974005, 4.523840784885711], [-75.41277895206325, 4.523805094896718], [-75.41237444325247, 4.523769399946182], [-75.4121127033609, 4.523745608674702], [-75.41185096191109, 4.523626633392658], [-75.41162491268027, 4.523483865082802], [-75.41154163183637, 4.523341098229447], [-75.41144645401532, 4.523150741052597], [-75.41139886362527, 4.52298417766059], [-75.4113869665529, 4.522900896997109], [-75.41136317173267, 4.522841411278233], [-75.4112560967919, 4.522770030201551], [-75.41108953398876, 4.522662952592003], [-75.41093486928443, 4.5225201828790444], [-75.41091107535247, 4.522389313651929], [-75.41091107464712, 4.52227034272175], [-75.41095866361573, 4.5221513669668045], [-75.41118471316042, 4.522032394352658], [-75.41132747996464, 4.521972907950503], [-75.41136317229396, 4.521865831867716], [-75.41136317179821, 4.521699268999844], [-75.41127989080488, 4.5215802979640705], [-75.41106573962828, 4.5214375310318164], [-75.41032810681394, 4.521163892318586], [-75.41013774958294, 4.5210449203928], [-75.410030673836, 4.520949739301633], [-75.4100068797789, 4.520735591120288], [-75.40988790729656, 4.52012882714433], [-75.4098998040314, 4.519652935989774], [-75.40991170101303, 4.518724943174051], [-75.4098879067209, 4.518534586415113], [-75.40984031729035, 4.5183442319593325], [-75.40978083062531, 4.518189564977474], [-75.40929304090636, 4.51778505927942], [-75.40890043032194, 4.517475726239754], [-75.40876956008246, 4.517356752623193], [-75.40871007274072, 4.517178294777574], [-75.4087338678907, 4.516976038880021], [-75.40897181373128, 4.516464455020118], [-75.40903130123915, 4.516345483256027], [-75.40905509518635, 4.516095639870004], [-75.40895991682866, 4.515714924982388], [-75.40862679229181, 4.515108161731166], [-75.40810331141284, 4.51450140196482], [-75.40791295399471, 4.514299145753321], [-75.40784156996446, 4.514132582620867], [-75.40782967308562, 4.513918434147518], [-75.40836505233784, 4.512157633918126], [-75.4083888460591, 4.51201486273546], [-75.40838884606627, 4.51183640415747], [-75.40835315438741, 4.511396202696093], [-75.40819848927131, 4.510872722065005], [-75.40785346674116, 4.510396830358677], [-75.40775828863406, 4.510254062437076], [-75.4077106995669, 4.510063705412147], [-75.40771070003207, 4.509433149677176], [-75.4076631112159, 4.50910002530107], [-75.40754413656391, 4.508636028773782], [-75.40730619126091, 4.508219622764428], [-75.40700875879031, 4.50793408870041], [-75.4066756344458, 4.507719936152961], [-75.40653286676931, 4.507612859577556], [-75.40641389377822, 4.507446297974517], [-75.4063663039691, 4.5072083538287515], [-75.406425790705, 4.5066253850714455], [-75.40674701800687, 4.505637908193331], [-75.40683029855747, 4.5054237578121805], [-75.40685409403187, 4.505173915124393], [-75.40679460723614, 4.504840789937098], [-75.40684219578581, 4.503984183340669], [-75.40697306691364, 4.503662954937198], [-75.40716342414696, 4.503472599605769], [-75.40759172736274, 4.503353625427367], [-75.40788915920915, 4.503163267938348], [-75.4081152082747, 4.502830146371061], [-75.40806761854982, 4.502604095049121], [-75.40791295393909, 4.502151996802542], [-75.40790105665741, 4.5020568203338165], [-75.40790105716954, 4.501878358937754], [-75.4081390030239, 4.501378671898453], [-75.40817469497208, 4.501224007721142], [-75.40815090012657, 4.501021755875963], [-75.40793674938554, 4.5001413527141985], [-75.40793674891604, 4.50001048162719], [-75.40799623484031, 4.499772538383261], [-75.40826987302817, 4.499272851060045], [-75.40826987331583, 4.499165774244647], [-75.40824607774412, 4.498987316619299], [-75.40769880191746, 4.498582805804159], [-75.40756793228978, 4.498463833625618], [-75.40747275403184, 4.498249681088301], [-75.4074965481557, 4.497642919274577], [-75.40761552141358, 4.496810107280093], [-75.40778208417171, 4.496595957688286], [-75.40815090019095, 4.496369909118549], [-75.40891232812322, 4.495965399260491], [-75.40917406835034, 4.495667965911173], [-75.40936442513619, 4.495251559891091], [-75.40940011703137, 4.494692386828693], [-75.40935252759266, 4.494204598962958], [-75.40915027401996, 4.493478863191586], [-75.40898371099092, 4.493133839847116], [-75.4087457646246, 4.492872099899015], [-75.40840074289227, 4.492765023771523], [-75.40809141410091, 4.492657947879921], [-75.40796054329961, 4.492467594275511], [-75.40775828855251, 4.4922058496423425], [-75.407722596891, 4.49203928844479], [-75.40772259696507, 4.49182513559921], [-75.40780587829434, 4.491741855345771], [-75.40797244026659, 4.4916942679212015], [-75.40816279713322, 4.491670472025573], [-75.40830556496527, 4.491527704819161], [-75.40836505243463, 4.4913968342315185], [-75.4083769488357, 4.491206477099814], [-75.40836505183901, 4.49101611994431], [-75.40824607760698, 4.490837661144989], [-75.40811520821846, 4.490682995164761], [-75.40807951613226, 4.490528331110554], [-75.4081033107236, 4.490242797408368], [-75.40835315440425, 4.489778801399089], [-75.40862679225138, 4.489207728703065], [-75.40867438076673, 4.488945989406168], [-75.40866248433701, 4.488196457590554], [-75.40853161384223, 4.487411236709939], [-75.40844833264934, 4.487244675333575], [-75.40830556542275, 4.4870305229335115], [-75.40804382428458, 4.486840168719262], [-75.4077344939724, 4.48664981138804], [-75.4069730672674, 4.4860192516789645], [-75.4068184016316, 4.485769409391876], [-75.40679460743046, 4.485579051387382], [-75.40678271038125, 4.485222132158207], [-75.40672322285195, 4.4849365972059925], [-75.40655666137746, 4.484603472342573], [-75.40634251025035, 4.48443690966545], [-75.40597369265777, 4.484341733329404], [-75.40562867062474, 4.484222761778841], [-75.40546210876226, 4.4841037850236045], [-75.40537882802829, 4.483770660776799], [-75.4053312387807, 4.483592203002211], [-75.40527175170749, 4.4834494360912585], [-75.40514088210438, 4.483354255183221], [-75.4047482709539, 4.483080616606681], [-75.40426048105499, 4.48248575220174], [-75.40401063843011, 4.482176422242387], [-75.40396304872166, 4.482057450866376], [-75.40393925358384, 4.481902783788931], [-75.40412961097798, 4.481331716209666], [-75.40422478887363, 4.480570285564173], [-75.40418909674526, 4.480130087768274], [-75.40392735722816, 4.479666091731301], [-75.40359423194312, 4.479416247828525], [-75.40315403238318, 4.479261582402438], [-75.40297557188052, 4.479225890146633], [-75.40288039389826, 4.4791188148590875], [-75.40286849707435, 4.478987944375571], [-75.40290418927869, 4.478761896415853], [-75.40311833999, 4.477726829807343], [-75.4031183402907, 4.477203352389144], [-75.40272572896528, 4.475513932935874], [-75.40228552858663, 4.474300405679058], [-75.4020169930785, 4.473879700413178], [-75.40113000924693, 4.472208044875158], [-75.40076894470243, 4.471572421839739], [-75.40040575381835, 4.470802601207627], [-75.40021226796271, 4.470425921696479], [-75.39991346912436, 4.470073764189591], [-75.39949728363331, 4.469935035877015], [-75.39925184182904, 4.469742951282384], [-75.39902774295713, 4.4694228118403645], [-75.398782299762, 4.469070653946811], [-75.3985688721937, 4.468867896018916], [-75.39782023268755, 4.4686045987170555], [-75.3961357915688, 4.467811427825555], [-75.39544215075844, 4.467459270750193], [-75.39515402336133, 4.467149801324945], [-75.39476643240806, 4.466341108929958], [-75.39462366380756, 4.465936600690993], [-75.39395741505152, 4.464473231597539], [-75.39376705771993, 4.464187697011527], [-75.39351721461071, 4.4638664721434935], [-75.39305322024592, 4.463497652681266], [-75.39274388955668, 4.46322401516455], [-75.39244645659824, 4.462831403857863], [-75.39227989527261, 4.462426896658086], [-75.39219661382266, 4.461998596207122], [-75.39192297571287, 4.461403728040079], [-75.39158985134152, 4.460701787180033], [-75.3914113920136, 4.46027348640917], [-75.3910544732356, 4.459761899240284], [-75.39069755361128, 4.459071858681561], [-75.39053099101294, 4.458762525667851], [-75.38856793581384, 4.455038671744357], [-75.38842516770634, 4.454907799953053], [-75.3878659949493, 4.454562780238539], [-75.3860695023666, 4.4535039197348745], [-75.38548653405114, 4.453051818746182], [-75.38524858772126, 4.4528852571584], [-75.3848797710524, 4.452730594301515], [-75.38426111235248, 4.452528341298977], [-75.38390419208268, 4.452349877916678], [-75.38279774319044, 4.451457580835751], [-75.38234564475874, 4.451219634102477], [-75.38196493203853, 4.451148251113685], [-75.38137006607718, 4.450945997920155], [-75.3809893530053, 4.450708050202375], [-75.38006136310085, 4.4502321576267745], [-75.37979962210647, 4.450148876755998], [-75.37933562720423, 4.4501012877134265], [-75.37883593974797, 4.450113186826933], [-75.378431432436, 4.450065596418281], [-75.37727739340501, 4.449542114329941], [-75.37671821978832, 4.449304169553338], [-75.37638509612367, 4.44913760801493], [-75.37613525219194, 4.449042428436884], [-75.3758497170085, 4.448994840661109], [-75.37549279794376, 4.448994840589996], [-75.37496931620022, 4.449149503055353], [-75.37408891612696, 4.449446937368842], [-75.37388666158932, 4.449494528016582], [-75.37363681822632, 4.44943504159085], [-75.37338697508541, 4.449268476320599], [-75.37256606067987, 4.447947875586694], [-75.37160237922905, 4.44654399635048], [-75.37084095120531, 4.445592208878557], [-75.3699843458797, 4.444747500225508], [-75.36966311768883, 4.444164532817111], [-75.36959173374343, 4.443914688706173], [-75.36950845326729, 4.443307929768239], [-75.36959173385755, 4.442034917275471], [-75.36963932366407, 4.441630406627174], [-75.36961552914721, 4.441392463212791], [-75.36955604268414, 4.441106925328373], [-75.36886599856795, 4.440000477827487], [-75.36872798999062, 4.439681629148405], [-75.36862805283637, 4.439124834129935], [-75.36864233044105, 4.438710808036874], [-75.36871371321025, 4.438425273374858], [-75.36901352537838, 4.43771143439857], [-75.36908490941198, 4.437411623207324], [-75.36911346277456, 4.437183194332664], [-75.36902780173939, 4.436826274836672], [-75.36881365131951, 4.436212376582674], [-75.36844245489088, 4.435113063682213], [-75.36837107066746, 4.434413500722422], [-75.36845673157146, 4.43389953792077], [-75.36864232978711, 4.433371297038265], [-75.36887075839718, 4.432942996155765], [-75.36919912288158, 4.432643182407863], [-75.36914201606625, 4.432486137593072], [-75.36861377596107, 4.432043561165292], [-75.36832824089699, 4.431800855008728], [-75.36805698227138, 4.431458210805468], [-75.36760012641703, 4.430287518438367], [-75.36735742055461, 4.4297307220382995], [-75.36718609927898, 4.429402357849438], [-75.36694339444749, 4.428959776769793], [-75.36687201133748, 4.4286885178951785], [-75.36680062693642, 4.428174555265138], [-75.36665785924683, 4.427846192307364], [-75.36662930475828, 4.427617762593728], [-75.36678634957234, 4.426918199084842], [-75.3673288667023, 4.425733229319131], [-75.36742880410705, 4.425490523083339], [-75.36745735827822, 4.425247817551517], [-75.36744308126777, 4.425019389244207], [-75.3669148412965, 4.422578062731597], [-75.36701477800773, 4.4224638482245995], [-75.36804270505674, 4.422421019699], [-75.36849956217834, 4.42250667837114], [-75.36891358841001, 4.422535233546853], [-75.36912773961059, 4.422492401620371], [-75.36935616821992, 4.422349633756266], [-75.36964170334363, 4.422321081229614], [-75.37022705079872, 4.422278252864844], [-75.37044120200898, 4.422249697237786], [-75.37068390687993, 4.421878501227968], [-75.37074101427919, 4.421478750755965], [-75.37081239809342, 4.421378817380405], [-75.37095516558225, 4.42132170665272], [-75.37114076424557, 4.421335983622095], [-75.37225435128458, 4.421921332922698], [-75.3724542257314, 4.421921333237903], [-75.37272548478428, 4.421864224359016], [-75.37319661763782, 4.4216643507106435], [-75.37418171525391, 4.421393092927857], [-75.37446725021907, 4.42135025955646], [-75.3747527849144, 4.4211503875824585], [-75.37495265965212, 4.420879130071786], [-75.37522391885214, 4.420622145228574], [-75.37556656143636, 4.4204651013454175], [-75.37566649791731, 4.420322333428433], [-75.37566649763936, 4.420165289593085], [-75.37560939126149, 4.419651326309248], [-75.375595114917, 4.419280130303537], [-75.37580926558554, 4.418780443122007], [-75.37628039901955, 4.418080880957324], [-75.37646599691163, 4.417695408409994], [-75.37650882806136, 4.41752408723512], [-75.37649455110103, 4.417309936107204], [-75.37620901619626, 4.4164104994190065], [-75.37622348479523, 4.416048763095188], [-75.3761496833657, 4.415481666287595], [-75.37614275540427, 4.415424528972434], [-75.37604265516715, 4.414655166162295], [-75.37600928297509, 4.414347312815885], [-75.37598027630276, 4.4140101571968176], [-75.37596382820625, 4.413819014689703], [-75.37594763157377, 4.413630727042094], [-75.37592614414162, 4.4134532849270816], [-75.37589753334184, 4.4132773115540145], [-75.37586189582903, 4.413130643527692], [-75.37578316666372, 4.412847214051596], [-75.37574328421051, 4.412715875147131], [-75.3755529750572, 4.412089170232476], [-75.37539422378447, 4.411680952269831], [-75.37508008311765, 4.411225564267189], [-75.37492250944058, 4.410982450388504], [-75.37469118655994, 4.410592377799484], [-75.37463675783181, 4.410397342563287], [-75.37470479439122, 4.410111593564058], [-75.37482725888637, 4.409798625575787], [-75.37489983015351, 4.409177231847393], [-75.37494518836365, 4.4086737674474525], [-75.37509486572947, 4.408424303234097], [-75.37527574783958, 4.408191251086654], [-75.37553877868767, 4.407466677218482], [-75.3757749732308, 4.406364327384198], [-75.37602292585943, 4.4051729450771715], [-75.37622249833882, 4.404586323450951], [-75.37629507022993, 4.40433837043396], [-75.37633135502655, 4.403908988607312], [-75.37641602239098, 4.40369732129442], [-75.37656116460967, 4.403304224962353], [-75.37660349882339, 4.402868796041737], [-75.3766150783263, 4.402356547760175], [-75.3766337372503, 4.402209603727028], [-75.37683330940237, 4.401895125770925], [-75.3771901186722, 4.401417362833758], [-75.37755902540397, 4.4011270777909335], [-75.37797788360211, 4.400966864241272], [-75.37813959716239, 4.400915409750048], [-75.37839359810263, 4.400752124422903], [-75.37863550339993, 4.4003590300731386], [-75.37897417111881, 4.40003245676011], [-75.37926445714604, 4.399851027906559], [-75.37978623279311, 4.399438110117117], [-75.38061711075639, 4.398957993751771], [-75.38185259566784, 4.398263843966678], [-75.38235882898759, 4.3979782756565236], [-75.38322364071088, 4.397397705400748], [-75.38382457821446, 4.396596470644375], [-75.38404611919901, 4.396266797211096], [-75.38422754833302, 4.395740654282376], [-75.38429407192157, 4.395208461040745], [-75.38412072539639, 4.393975335076429], [-75.3840763571276, 4.39358769482982], [-75.38420335733467, 4.39294664572347], [-75.38450573918892, 4.392384215982978], [-75.3850863111861, 4.391749215071747], [-75.3856064078855, 4.391410549346371], [-75.38627161878124, 4.391170547319793], [-75.3865861236279, 4.391186785132635], [-75.38693083932536, 4.391186785000231], [-75.3871969351722, 4.391126310196855], [-75.38748117381614, 4.390926739284013], [-75.387605653206, 4.390844486040232], [-75.38786676720747, 4.390671952364908], [-75.38855230578805, 4.390565261048807], [-75.38888371321598, 4.3903954895494754], [-75.38929286939008, 4.390100608851245], [-75.38969444255541, 4.3896676099429985], [-75.38988557744553, 4.389271651385502], [-75.38995742373848, 4.388794378413692], [-75.38997653184249, 4.3876126240785664], [-75.39001309339069, 4.3868987333960385], [-75.39006428844581, 4.386356868732176], [-75.39019482410129, 4.385424134391458], [-75.39037122387779, 4.384389198837896], [-75.39056688563586, 4.3837037223529185], [-75.3908460016864, 4.383082060662953], [-75.39137799292084, 4.382325723953606], [-75.39196573386708, 4.381640004854275], [-75.39274270531791, 4.380846442152057], [-75.39332995184617, 4.380342773989387], [-75.39400612222681, 4.379875111257478], [-75.39464683683309, 4.37955149305643], [-75.39568023617743, 4.3792485726011945], [-75.39689601262009, 4.378983721109257], [-75.39797325741057, 4.378734564723294], [-75.39820108383154, 4.378676579003984], [-75.39877235892044, 4.378395603697781], [-75.39943873769516, 4.378035586072493], [-75.39988526383267, 4.377737357246733], [-75.40040325808012, 4.377324014705839], [-75.40110239960454, 4.376702856052466], [-75.40147626139927, 4.376415825373125], [-75.4019315448773, 4.376123651036123], [-75.40270973166983, 4.375712786279229], [-75.40356672140403, 4.375376464592202], [-75.4040825430664, 4.375223464182], [-75.40460830011196, 4.375121631895403], [-75.40490033037233, 4.3751039479346865], [-75.4055352614122, 4.374932429951085], [-75.40602713527558, 4.374859856978694], [-75.40626904112912, 4.3747872869015545], [-75.40655932670666, 4.374666332204502], [-75.40716409024519, 4.374593763393382], [-75.40763983701186, 4.374642143643751], [-75.40813171220796, 4.374472808003225], [-75.40876066506557, 4.374053506112372], [-75.40916083335384, 4.373723153620051], [-75.40954148189178, 4.372925064845719], [-75.40968483321777, 4.372064954277192], [-75.4097278392175, 4.370674446889524], [-75.41010055212608, 4.370230057905756], [-75.41051627085538, 4.369986363085404], [-75.41073129757366, 4.369627981729978], [-75.41098573261515, 4.369448937859304], [-75.41111834569958, 4.369355616091361], [-75.41145650184461, 4.369252855815433], [-75.41174909230237, 4.369169258427841], [-75.41220781557189, 4.368954233949726], [-75.41253752373845, 4.368710533677858], [-75.41293890795039, 4.367635400283037], [-75.41329272275128, 4.366914969318115], [-75.414389211628, 4.36624288561179], [-75.41610123844775, 4.3658577897317485], [-75.41861238516213, 4.365394857996673], [-75.41979190457619, 4.365201725721855], [-75.42062996279034, 4.36512373628863], [-75.42146626962369, 4.365045909006831], [-75.42253987770565, 4.365223543680593], [-75.42388266042228, 4.3655425213913945], [-75.42407451420843, 4.365588097306609], [-75.4255080267499, 4.365913024318028], [-75.42661660989224, 4.366027707150596], [-75.42833682582688, 4.365568983070875], [-75.4292902666404, 4.365402130350111], [-75.42986590559708, 4.365301391960545], [-75.43076424105053, 4.364823554373065], [-75.43200661926723, 4.3636767469825735], [-75.43344013227892, 4.362587275054578], [-75.43447358003995, 4.361565800667556], [-75.43512212042197, 4.360752379889962], [-75.43682322170791, 4.358305852395681], [-75.43785535067524, 4.356547406612085], [-75.43867723217849, 4.355668186399759], [-75.43942265862654, 4.355094780253907], [-75.4400342906211, 4.354521375413921], [-75.44045478823097, 4.353967082785112], [-75.44093262606219, 4.353699495295872], [-75.44146780411684, 4.3536612667085075], [-75.44264693958227, 4.353248609345243], [-75.44445284973949, 4.352303462696783], [-75.44637997470704, 4.351597009231848], [-75.4470298338025, 4.351444102935059], [-75.44764146612339, 4.3516352360506545], [-75.44815753056362, 4.351807258001162], [-75.44936168224888, 4.351998391795422], [-75.44998287058141, 4.351869909908698], [-75.45066246158981, 4.35153011059297], [-75.45147797219428, 4.351428173318292], [-75.45324490894455, 4.35156409131833], [-75.45504582642144, 4.351292254009763], [-75.45647296804331, 4.35071460228705], [-75.45823990500266, 4.350272867306818], [-75.45963306742301, 4.349967053096209], [-75.4607883731998, 4.350102971630313], [-75.46150194258344, 4.350680623963067], [-75.46187571886027, 4.350918480656593], [-75.46218153508539, 4.350850519848288], [-75.4626232690234, 4.3498651152058905], [-75.46350673804089, 4.348777767056549], [-75.46510377719133, 4.3479622567123695], [-75.46636102073745, 4.34697685316691], [-75.46853322638059, 4.34476996729732], [-75.4699968348711, 4.342933280610533], [-75.47062083464917, 4.342097378020876], [-75.47105780933201, 4.341512012769153], [-75.47179775240899, 4.341064404913314], [-75.47383652643312, 4.34038481409572], [-75.47679274769465, 4.3397052232974085], [-75.47913733779411, 4.339365427597213], [-75.480585009946, 4.339183294551378], [-75.48161947570621, 4.339053148897164], [-75.48341876260939, 4.33838001928138], [-75.48379641364258, 4.338016894740088], [-75.4843022318149, 4.3375305303208265], [-75.48477794589547, 4.336205327931173], [-75.48512902133135, 4.334659866130188], [-75.48579320463065, 4.333320204832162], [-75.48654092655339, 4.332091922625658], [-75.48672695459926, 4.331776079265202], [-75.48777647861394, 4.330498294016419], [-75.48789348080682, 4.329767031637702], [-75.48798865991178, 4.328958016443419], [-75.48825039975841, 4.328196590418813], [-75.48863111435101, 4.327554131727938], [-75.48870249831877, 4.327102034796346], [-75.48879767626683, 4.326483375198229], [-75.48886906015657, 4.325840920596088], [-75.48986843415476, 4.324294270913331], [-75.49023724968606, 4.323794584433866], [-75.49064844799067, 4.3231556379101015], [-75.49088391413378, 4.322627747619201], [-75.49179451275442, 4.321136136345539], [-75.49289716134477, 4.320599237806115], [-75.49360629237704, 4.320360477982122], [-75.49438044404525, 4.320099830162639], [-75.49540640777023, 4.319257446710726], [-75.49650727468395, 4.317765478893529], [-75.49764975209985, 4.3163406498601615], [-75.499015420428, 4.314824934033798], [-75.49988272640427, 4.313740799814595], [-75.50022120056583, 4.31323308828036], [-75.50045914717344, 4.312662014790989], [-75.50124436935845, 4.311115368149578], [-75.50136334214756, 4.310615681106879], [-75.50133954793597, 4.310258760613112], [-75.50129195774558, 4.309949430677369], [-75.50129195836645, 4.309687689319437], [-75.501387136668, 4.309449744387628], [-75.50164887801563, 4.309211795808376], [-75.50231512674513, 4.30887867243819], [-75.50274343035795, 4.3086407281189985], [-75.50300517013302, 4.308355194146008], [-75.50310034925914, 4.30780791582625], [-75.50317173291374, 4.3074509958198615], [-75.5034334726676, 4.307189257392138], [-75.503719009367, 4.307070282348711], [-75.50390936568732, 4.306903719278882], [-75.5040759277492, 4.306499212338717], [-75.50409972234357, 4.30614229211268], [-75.50409972239223, 4.305856757742105], [-75.50407592839778, 4.305618810234091], [-75.50417110639609, 4.305357071275211], [-75.50445664206973, 4.305047740820509], [-75.50500391823756, 4.304095957596748], [-75.50521806929449, 4.303453503576421], [-75.5052180689814, 4.303072788069704], [-75.5049801231274, 4.302287567186446], [-75.50409972159356, 4.300907478171375], [-75.50381418714598, 4.300169846791695], [-75.50371900923102, 4.299812926618065], [-75.50371900916006, 4.299456006921558], [-75.50379039336094, 4.299218059735255], [-75.50393316011638, 4.299027706200639], [-75.50414731244163, 4.298837348325182], [-75.50445664216133, 4.2986469900570565], [-75.50633641597987, 4.296077173886908], [-75.50743096758157, 4.294816057429769], [-75.50950109881164, 4.291889320246394], [-75.51000078609387, 4.291223071177544], [-75.51041563498633, 4.290739685929193], [-75.51095459301024, 4.289888646709781], [-75.51095331084748, 4.289201003917258], [-75.51095198227105, 4.2884882884186455], [-75.51095153111513, 4.288245944059085], [-75.51094911028942, 4.286947063667048], [-75.51132787584274, 4.285991286909697], [-75.51140265232762, 4.285850204362075], [-75.51201150976011, 4.284701460029314], [-75.51205329405961, 4.284622623874175], [-75.51250343413633, 4.283773332225597], [-75.51326259816582, 4.2827404391872745], [-75.51417305094637, 4.281210627337963], [-75.51474201074652, 4.2802162950615585], [-75.515765694581, 4.278189639012893], [-75.51625840201734, 4.277119040445558], [-75.51671269730036, 4.275857504103484], [-75.51709031271716, 4.274290495019287], [-75.51742894894723, 4.272226924230988], [-75.5177303118219, 4.271313608806295], [-75.51788302837956, 4.2708507839253205], [-75.5182616396427, 4.269818605570048], [-75.51871500484158, 4.2680604404108475], [-75.5195873119117, 4.266492501672332], [-75.52095388178104, 4.264694417399512], [-75.52171237995441, 4.263317706448743], [-75.52210017268595, 4.262535420115569], [-75.52209501198324, 4.261637757612554], [-75.52191025974057, 4.260831264003002], [-75.5216616900123, 4.260177074802096], [-75.52127824628255, 4.259545709065938], [-75.52076017979027, 4.259072618619043], [-75.52028700307426, 4.258554296326916], [-75.51999379974063, 4.258080785060814], [-75.51988015001197, 4.25742633564827], [-75.51987922790381, 4.2569113222269985], [-75.51987854069205, 4.256527678816783], [-75.51987849321165, 4.256500906435315], [-75.51988910834851, 4.25645668925406], [-75.51923309391847, 4.256649503071832], [-75.51588862191896, 4.257397915719456], [-75.51583046482344, 4.257410930079448], [-75.51577995084081, 4.257448147680128], [-75.51507056270721, 4.2576809717861455], [-75.51437645762853, 4.25804938360396], [-75.51317780563993, 4.258905125649835], [-75.51313135867642, 4.258930968917738], [-75.51296236001076, 4.2591148880812355], [-75.51259106078052, 4.2595189699363285], [-75.51111061229656, 4.261130123034761], [-75.50940112934603, 4.263051501148308], [-75.5079207221701, 4.264715394742968], [-75.50695531875422, 4.266089052260692], [-75.50684070720558, 4.26644098159366], [-75.5062226118646, 4.267383476707194], [-75.50570783289236, 4.2682210567190655], [-75.50519304409296, 4.269058627111145], [-75.50447343135589, 4.270419018396666], [-75.50416767079577, 4.271464029939316], [-75.5039670329212, 4.272717091346909], [-75.50366067988288, 4.273657786301474], [-75.503355530882, 4.274807126021031], [-75.50336092083833, 4.27574601761696], [-75.50315908813421, 4.276790445547632], [-75.50274822471198, 4.27762742392577], [-75.5018189722531, 4.278676055223652], [-75.50120147000519, 4.279722887286049], [-75.50058217222497, 4.280456759231787], [-75.49996286432442, 4.281190616918537], [-75.49923904599872, 4.281820768422068], [-75.49820166293723, 4.282139759767789], [-75.49726700229226, 4.282249498286921], [-75.49633174843748, 4.282254915270125], [-75.49539648490533, 4.282260333856419], [-75.49446122158291, 4.282265747684169], [-75.49331751408262, 4.282168048828818], [-75.49238225119085, 4.2821734636615725], [-75.49144697860513, 4.282178874672287], [-75.4905117161406, 4.282184281796313], [-75.48957644402945, 4.282189699565181], [-75.48864117211207, 4.282195107150373], [-75.48770590042382, 4.282200515402081], [-75.4867706280555, 4.282205921610685], [-75.4858353558876, 4.282211319443959], [-75.48490306569924, 4.282738343243758], [-75.48397018399683, 4.283161045106103], [-75.48293337527646, 4.283584351081515], [-75.48220952171498, 4.284214501324366], [-75.48127663080125, 4.284637201797845], [-75.48034134996833, 4.284642600070231], [-75.47940666225539, 4.284752320893096], [-75.47847137188955, 4.284757732358311], [-75.47753488740557, 4.284554476037793], [-75.47670113397697, 4.284141970247249], [-75.47597010171997, 4.283520221382696], [-75.47503063532598, 4.282795335138653], [-75.47429960357842, 4.282173574993178], [-75.47336252713544, 4.281865988700972], [-75.47201155040482, 4.281873770384684], [-75.47107626091531, 4.281879158111124], [-75.4700370435801, 4.281885143860741], [-75.46910174634854, 4.2818905237779665], [-75.46785468624606, 4.281897700038977], [-75.46671332262723, 4.282217257853305], [-75.46578041320132, 4.282639952879654], [-75.46495141193282, 4.28306204162925], [-75.46412360618291, 4.283692787005559], [-75.46340150442511, 4.284635907796001], [-75.46299057897015, 4.28547291579945], [-75.46226668918496, 4.286103063044688], [-75.46143887413552, 4.286733815870775], [-75.46050534369157, 4.2870521786939015], [-75.45967634278945, 4.287474270574544], [-75.45874340719718, 4.287896954761133], [-75.45770713672333, 4.2884245708113395], [-75.45677479429658, 4.2889515847477515], [-75.45605089530513, 4.289581736287688], [-75.45522307097617, 4.290212488308289], [-75.45439464516264, 4.290738910958174], [-75.45346289426818, 4.291370254865183], [-75.45253113431828, 4.292001610281026], [-75.45170210588148, 4.292423701788602], [-75.4508730869532, 4.292845791069351], [-75.4500446518451, 4.293372213208705], [-75.44900657602086, 4.293586848680788], [-75.44807184267262, 4.293696549874266], [-75.44703376795566, 4.293911175071735], [-75.44589175845097, 4.294126393313952], [-75.44495642299768, 4.29413176766342], [-75.44402107876058, 4.294137137279694], [-75.44308573477024, 4.294142509367552], [-75.4421486126119, 4.2938348806180215], [-75.4412120736629, 4.293631586029993], [-75.4398598309488, 4.293430676568653], [-75.43871484837157, 4.29312423417083], [-75.43756927076579, 4.292713471615065], [-75.43663155592292, 4.2923015022469295], [-75.4355910908299, 4.292098790599084], [-75.43475669978392, 4.291581898218052], [-75.43381957708749, 4.2912742618379225], [-75.43298518643854, 4.290757363604329], [-75.4318390171111, 4.290242240433765], [-75.43100463529902, 4.289725341308101], [-75.430158645228, 4.289447607309496], [-75.42994752117865, 4.289418371660288], [-75.42826540112871, 4.2891854378148935], [-75.42730683378859, 4.289264657436972], [-75.4259521650138, 4.289676606115764], [-75.42529463487809, 4.289922186591274], [-75.42461333962633, 4.290270758843613], [-75.4243677558692, 4.290571795026202], [-75.42420931619932, 4.290833221659571], [-75.4238607460528, 4.291284780871071], [-75.4233775006794, 4.291934384806915], [-75.42241859830555, 4.292589930908414], [-75.42218722965923, 4.292697105068027], [-75.42135875012558, 4.2932235170849555], [-75.42042752037612, 4.293959189609001], [-75.41949332567263, 4.294173187639269], [-75.41845284279552, 4.2939704568838755], [-75.41751569383797, 4.293662793023054], [-75.41657796089048, 4.293250796252423], [-75.41543472016592, 4.293257310352672], [-75.41456753138957, 4.293195314254149], [-75.41324521062563, 4.292726589451272], [-75.41153404987375, 4.292449319697686], [-75.41079729955219, 4.292330488172193], [-75.40960899372516, 4.292211656713846], [-75.40887224375074, 4.2921324389691415], [-75.40827016872426, 4.292203735401963], [-75.40720069343952, 4.29222750217919], [-75.40611537424536, 4.292084906879023], [-75.4052835596915, 4.29187101187676], [-75.40407148667641, 4.2916571170047915], [-75.40336642583517, 4.291649193853407], [-75.40212322303876, 4.291872341166304], [-75.40129529110979, 4.29250307568779], [-75.40057129444544, 4.2931332258127695], [-75.39974747644769, 4.294494316407194], [-75.39944097055654, 4.2954351070414525], [-75.39892601134814, 4.296272747411305], [-75.39820200514008, 4.296902897426398], [-75.39737347993126, 4.29742930961857], [-75.39671454198412, 4.298106267652484], [-75.39617927387722, 4.2985710029165105], [-75.3948294601632, 4.300136796415724], [-75.39122546274304, 4.301706480907521], [-75.38749849242446, 4.303276369031467], [-75.3871804876627, 4.30341207359638], [-75.38430395999193, 4.304639607708555], [-75.38295263513463, 4.305341372304767], [-75.38221559905969, 4.305754075386331], [-75.38135588640446, 4.306331564329193], [-75.38061933743921, 4.307032272757852], [-75.37902334998115, 4.308475040673141], [-75.37808263823392, 4.309628680136118], [-75.37782880005979, 4.309808389891112], [-75.37714206686603, 4.310459955579372], [-75.37693629587248, 4.31076962793015], [-75.37638703489925, 4.311163965661882], [-75.37538709711245, 4.311290719008263], [-75.37390831583166, 4.311220300662863], [-75.37272529058916, 4.311361136946457], [-75.37210561167623, 4.311445638834741], [-75.3715986007968, 4.311699143549758], [-75.37107750666792, 4.312107572027352], [-75.37066908069906, 4.312023070143455], [-75.37028882292246, 4.311854064439975], [-75.36980998017454, 4.311854063698209], [-75.36909171486727, 4.311980817020976], [-75.36831711480467, 4.312149819657016], [-75.36733126124922, 4.3121216539765514], [-75.3665848293125, 4.312065318948471], [-75.36616232012902, 4.311938566280902], [-75.36588469434665, 4.311720633873973], [-75.3655567236804, 4.31144563936323], [-75.36502154616498, 4.311178051675255], [-75.36416244476317, 4.310980879377563], [-75.3629935040663, 4.3105442887590195], [-75.36210623508548, 4.310276698302244], [-75.36074701101931, 4.309810684833201], [-75.36027536364371, 4.309614769379744], [-75.35943034557796, 4.3091500091513515], [-75.3590923388819, 4.308868335005063], [-75.35878430393103, 4.308610015412464], [-75.35831160791422, 4.3082136108383216], [-75.3576417247397, 4.3076430586178445], [-75.35695162710338, 4.307262804111459], [-75.35658545313625, 4.307319135828305], [-75.3561911107816, 4.30747405626954], [-75.35593384399152, 4.307770081264663], [-75.35564184971349, 4.308009234358984], [-75.35528975883528, 4.308262739413833], [-75.35490950076121, 4.308333156921031], [-75.3543743228488, 4.308319072957962], [-75.35383984113963, 4.3083667977502325], [-75.35362789086216, 4.308459911292327], [-75.35336030241744, 4.308671167230447], [-75.35324763343374, 4.309093672604451], [-75.35312277182604, 4.310000171586959], [-75.35300077410038, 4.310576394277104], [-75.35287911756079, 4.3113583393971755], [-75.3526392539222, 4.312044313423567], [-75.35234628073744, 4.31288217200153], [-75.35175476776294, 4.313755355580975], [-75.35050241838047, 4.314727139642222], [-75.34927605019881, 4.316332659762512], [-75.34892395912566, 4.31667066507486], [-75.34716350530782, 4.317938191951245], [-75.34655790909913, 4.3188536270374325], [-75.3463748223748, 4.319459225325212], [-75.34621804956312, 4.319890755595517], [-75.34607186459469, 4.320293144125833], [-75.34592682242167, 4.320627461675187], [-75.3451904255516, 4.3214515819292085], [-75.34445423364396, 4.322399136076576], [-75.34428163093507, 4.322566204389647], [-75.3441476660636, 4.322784091577572], [-75.34394387507272, 4.323050955185451], [-75.34336237257646, 4.323812429046084], [-75.34296962960624, 4.324326725246301], [-75.34276982157999, 4.324588371551843], [-75.34208210716181, 4.325488929716421], [-75.3415365240627, 4.326624428298791], [-75.3408158699996, 4.3281242852996815], [-75.34051216119181, 4.32872123358546], [-75.33999878377462, 4.329730282624324], [-75.33889416790421, 4.330966460662379], [-75.33787156004189, 4.331693621405515], [-75.33750222800263, 4.331956246984187], [-75.33615065861808, 4.33257566757522], [-75.33508545700236, 4.332865454347193], [-75.33422553096835, 4.333360619948752], [-75.33312008626297, 4.33410305845085], [-75.33271223524517, 4.334447232219162], [-75.3316056422497, 4.335381057052068], [-75.3312265256642, 4.3357374286249835], [-75.33108335192202, 4.335872015154299], [-75.32938996556263, 4.33702151006412], [-75.32846044677791, 4.337979195391223], [-75.32765767994422, 4.338612957801099], [-75.3276013450388, 4.339077717708753], [-75.3276999308806, 4.339626979872092], [-75.32767176395318, 4.340486080621486], [-75.32768584669321, 4.3412465972213665], [-75.32777034941202, 4.341838111693458], [-75.32785485091641, 4.3423732874014185], [-75.32785485064666, 4.343161970137449], [-75.32771401410822, 4.3438520683951936], [-75.32741825801426, 4.344288660705893], [-75.3266577420957, 4.344668919901693], [-75.32627748361108, 4.344683002671182], [-75.3256437214458, 4.344683003346387], [-75.32523529584657, 4.344894259306627], [-75.32444661266042, 4.345232263912728], [-75.32347484167889, 4.345443520214993], [-75.32237631903526, 4.345908279666305], [-75.32137638195844, 4.346232202923594], [-75.31986943321999, 4.3462181195497545], [-75.31810897964658, 4.346302620660282], [-75.31708087517222, 4.3460913653779825], [-75.31626402404937, 4.346218119929074], [-75.31570067912769, 4.3464997900482425], [-75.31515141811457, 4.346570207800125], [-75.31388389068172, 4.346598378773605], [-75.31350363260418, 4.346542042737282], [-75.31333462961673, 4.34635895431327], [-75.31325012785126, 4.346020946970812], [-75.31315154287388, 4.34593644485385], [-75.31305295677537, 4.346077282583969], [-75.31288395371686, 4.346119532030154], [-75.31274311692381, 4.346063200431085], [-75.31272903357376, 4.345682940702184], [-75.3125177789588, 4.345415351121102], [-75.31213752061804, 4.345190016018554], [-75.31170092870813, 4.344964677211706], [-75.31105308230349, 4.344612583748406], [-75.31050382012386, 4.344302743745368], [-75.30947571616147, 4.343894319649628], [-75.30855561695981, 4.3435474191856], [-75.3081986975726, 4.34345224282122], [-75.30798454612376, 4.343380857107019], [-75.30786557259795, 4.34323809002457], [-75.30781798390285, 4.342785992658563], [-75.30772280577993, 4.3424290732503845], [-75.30760383281093, 4.342143538814525], [-75.30734209225007, 4.342095947980574], [-75.30691378906236, 4.342024563643028], [-75.30641410177263, 4.341715234349198], [-75.3061761557272, 4.34162005670708], [-75.30586682565284, 4.341715234445689], [-75.30534334490231, 4.341929385738495], [-75.30515298832752, 4.341929385730796], [-75.304915041735, 4.341905591378911], [-75.30443914914854, 4.34152487700556], [-75.30417740881599, 4.341382108595184], [-75.30391566838489, 4.341382109422835], [-75.30372531075035, 4.341358318303985], [-75.30244040227902, 4.34062068202193], [-75.30170276895505, 4.34019238069339], [-75.30108410902199, 4.33993063808425], [-75.30072718975879, 4.339764076433327], [-75.29965643260148, 4.339716490144666], [-75.29841911273824, 4.339692694431729], [-75.29801460498318, 4.3398830519250895], [-75.29772906874605, 4.340168585998842], [-75.29756250719133, 4.3402399677538455], [-75.29746732886083, 4.340287558174912], [-75.29732456083201, 4.340263763016092], [-75.29715799903906, 4.3401685856741565], [-75.29703902602026, 4.339954433197183], [-75.29687246342003, 4.339859256643276], [-75.29668210739678, 4.3398116662880675], [-75.29649174993746, 4.339859257165996], [-75.29620621395111, 4.339954432864482], [-75.29589688391589, 4.340311352746092], [-75.29573032211557, 4.340358944294523], [-75.29561134912524, 4.340311353326766], [-75.2953734027682, 4.340144790715782], [-75.29525442981118, 4.340097199661646], [-75.29513545742032, 4.340097200172838], [-75.29501648431851, 4.340192381149738], [-75.29482612684909, 4.340668272631786], [-75.2945881806017, 4.3411917523819294], [-75.29430264629788, 4.341405903625446], [-75.2941122887446, 4.341477289550508], [-75.29396952095999, 4.3414772900846605], [-75.29387434287, 4.3413107273914635], [-75.29363639609176, 4.341048985436618], [-75.29279010231467, 4.340189999970099], [-75.29258070855583, 4.339961570625309], [-75.29242842305949, 4.339961570722841], [-75.2920286738378, 4.340494573053929], [-75.29195253079719, 4.3408372130525965], [-75.29195253075689, 4.341255997750208], [-75.29219999516613, 4.342245854364182], [-75.29229517402982, 4.343007281355588], [-75.29221903104958, 4.344130387289341], [-75.29221903105999, 4.344568207829351], [-75.29214288808538, 4.34487277970036], [-75.29197156676216, 4.3449679573501445], [-75.2912101390804, 4.345177351548567], [-75.29070569362295, 4.345201143555193], [-75.29032022120413, 4.34517259112425], [-75.28993474842632, 4.345086933251877], [-75.28963493631925, 4.345058376736587], [-75.2891780802749, 4.3450583767622275], [-75.28854990166123, 4.345172591438532], [-75.28822153582364, 4.34518686668439], [-75.28783606374081, 4.345158313828522], [-75.28730782296286, 4.345029822667836], [-75.2868224132894, 4.3447871177702195], [-75.28640838679956, 4.344672903631006], [-75.28523769206888, 4.344301707621389], [-75.2844810238758, 4.344001896152621], [-75.28390995322982, 4.343587872402856], [-75.2836672478959, 4.343316614126765], [-75.28249655311784, 4.344273153711931], [-75.28199686576687, 4.344901332303278], [-75.28154000955338, 4.345886430444033], [-75.28131158240032, 4.346942909671901], [-75.28128302781884, 4.3470999540171915], [-75.28048352915187, 4.347028571126372], [-75.2782849073208, 4.346343284788559], [-75.27735691674336, 4.346114860207695], [-75.27677156998615, 4.346100579810036], [-75.27495842135774, 4.34641466987354], [-75.27420175179117, 4.346386116782828], [-75.27327376244757, 4.34618624083492], [-75.27241715631659, 4.345900705720815], [-75.27197457690615, 4.345672276629443], [-75.27164621116206, 4.34542957219255], [-75.27141778305572, 4.345386743008819], [-75.27117507769759, 4.345386742652221], [-75.27081815890004, 4.345472405187845], [-75.2703898558175, 4.345757939084546], [-75.27016142727894, 4.345943536285196], [-75.26981878476836, 4.34607202728463], [-75.26921916070032, 4.34614341182488], [-75.2682197867667, 4.346029197348144], [-75.2667492798184, 4.345815044758053], [-75.2660925490674, 4.345658001383516], [-75.26497896134076, 4.345443849185649], [-75.2627660627314, 4.3450583769944835], [-75.26199511679769, 4.344758565250781], [-75.26172385876822, 4.3446586266218485], [-75.26155253737384, 4.3446586265812615], [-75.26103857356578, 4.344758564856175], [-75.26052461016215, 4.344844227833807], [-75.259682281152, 4.344815671976891], [-75.25905410326058, 4.344829948038928], [-75.2584402024214, 4.344815672298447], [-75.25816894398413, 4.344872780176666], [-75.25798334591137, 4.345015547232788], [-75.25779774837487, 4.345129760577599], [-75.2574551062328, 4.345129760583587], [-75.25689831198856, 4.34495843886251], [-75.25651283917291, 4.344815672440801], [-75.25597032174177, 4.344758565371371], [-75.2555420194393, 4.344730013171348], [-75.2552850368557, 4.3447585651959875], [-75.25464258334694, 4.345001270642001], [-75.25411434163857, 4.345401018716534], [-75.25385736063214, 4.345486681563614], [-75.25321490560076, 4.345743663240078], [-75.25277232644886, 4.346043473163204], [-75.25251534487334, 4.346129135742889], [-75.25222980925453, 4.34612913635841], [-75.25192999694856, 4.346200517985096], [-75.25138747970962, 4.346486055638722], [-75.25104483820935, 4.346942909802232], [-75.25074502576344, 4.347257000594772], [-75.25045948959838, 4.347385492141174], [-75.2500311871673, 4.347456873222501], [-75.24981703584395, 4.347456873178691], [-75.24957433062545, 4.347271276953437], [-75.24881766210461, 4.34641467024552], [-75.24806099368126, 4.345201143681278], [-75.24768979763579, 4.344373092752275], [-75.24753275319802, 4.343773468313267], [-75.24747564606332, 4.343173843083703], [-75.2473043251792, 4.34283120269696], [-75.24697595886745, 4.342174472691824], [-75.24684746795192, 4.341589122572194], [-75.24676180827711, 4.340703963252681], [-75.24673325435958, 4.340289938774457], [-75.2466761465801, 4.339933018584167], [-75.24651910292754, 4.339633204654741], [-75.24627639839295, 4.339390503187513], [-75.24593375490188, 4.339147797198968], [-75.24536268482039, 4.33894792111353], [-75.24511997999511, 4.3387766011301725], [-75.24500576597889, 4.338533896153683], [-75.24496293461452, 4.337934270342065], [-75.245020041573, 4.337263264221764], [-75.24500576557331, 4.336278166341429], [-75.2449343816901, 4.3358926932333075], [-75.24474878416216, 4.335393005759526], [-75.24443469513642, 4.335007532646655], [-75.24397783780894, 4.3347362763635084], [-75.24359236572398, 4.334536400411982], [-75.2433353836559, 4.334522123055641], [-75.24303557176896, 4.334436465810529], [-75.24252160826782, 4.334108098053544], [-75.24229317999243, 4.333822563685208], [-75.24185059992324, 4.333622686868182], [-75.2415222345643, 4.333508472693792], [-75.24116531565832, 4.333494196280189], [-75.2407941196644, 4.333451367330594], [-75.24052286110728, 4.333294321159084], [-75.24032298582321, 4.333194386362641], [-75.24005172755504, 4.33282318904531], [-75.23983757630194, 4.3324948223122695], [-75.23968053202466, 4.331695324025275], [-75.2394663797582, 4.331209913191529], [-75.23926650581888, 4.3308958267511715], [-75.23920939875369, 4.330653121831734], [-75.23926650577285, 4.330453244999874], [-75.2393236127457, 4.330181986623401], [-75.23929505889117, 4.329767962178873], [-75.23919512216739, 4.329311103789086], [-75.23910946057643, 4.329168335823627], [-75.2388953097426, 4.328939908230703], [-75.23873826489056, 4.3286686493543565], [-75.2386526051915, 4.328226068800482], [-75.23868115839869, 4.327626447070872], [-75.23880964873622, 4.327098206759286], [-75.23893814016111, 4.3267270112285425], [-75.23902380067207, 4.326527134075997], [-75.23900952407494, 4.326298705744856], [-75.2389524165754, 4.325984618077572], [-75.23860977402553, 4.325484931141735], [-75.23812436377571, 4.324799647701058], [-75.23789079530694, 4.324016354363775], [-75.23792746731783, 4.323868107146763], [-75.23786761770991, 4.323688785087719], [-75.23778393858598, 4.323509500017275], [-75.23779536285882, 4.3231865337435105], [-75.23775415805407, 4.32297117130893], [-75.23768860529061, 4.32287666740728], [-75.23760411874731, 4.322792116731203], [-75.23747288772833, 4.3226846703010535], [-75.2372821722674, 4.32263711605062], [-75.23707961436034, 4.322637428099176], [-75.23693644931177, 4.322518036798791], [-75.23665004841686, 4.3222314120316225], [-75.23645911490672, 4.322040328729004], [-75.23635160508047, 4.3218610810755465], [-75.23617256901571, 4.3216580168279615], [-75.23613848302867, 4.321536127122899], [-75.23606038276094, 4.321256839437665], [-75.23602880598838, 4.321143915318393], [-75.2360162907897, 4.320749222553384], [-75.23587281880084, 4.320426496239556], [-75.23563191058508, 4.320295659837953], [-75.23524120642548, 4.320355694928269], [-75.23516160084314, 4.320383800360559], [-75.23500302862644, 4.3204397859471], [-75.23475279313529, 4.320428208032625], [-75.234597658985, 4.3202729518472065], [-75.23443050317503, 4.320045950437036], [-75.2342037696487, 4.319819036970952], [-75.23389364862818, 4.319604211876521], [-75.23344047378698, 4.31934176439651], [-75.23302322620627, 4.319198867981449], [-75.23294448343034, 4.319139769705424], [-75.23278465225032, 4.3190198192382985], [-75.23264358345006, 4.318898112314986], [-75.23243507962682, 4.318717166026045], [-75.23214025603168, 4.318374904891221], [-75.23197288268653, 4.31800437041049], [-75.23188891680498, 4.317633708608221], [-75.23178124740697, 4.317346810440919], [-75.23163720173953, 4.317135420252681], [-75.23160212180134, 4.31708393892504], [-75.23143491333994, 4.3168210539183915], [-75.23104122481121, 4.316498705575926], [-75.2307907191672, 4.316307709683331], [-75.23067127877466, 4.316116517867463], [-75.23064697902097, 4.315805566588329], [-75.23066987075741, 4.315183563080798], [-75.23077631298668, 4.314657118914144], [-75.23082688055659, 4.314543415161461], [-75.23093068643557, 4.314310013856816], [-75.23118059637174, 4.314106298794254], [-75.23137098479552, 4.313938554282829], [-75.23170440902881, 4.313806473706152], [-75.23183936099109, 4.3138062692100645], [-75.23203362191782, 4.313805973343663], [-75.2321690972653, 4.313805768152848], [-75.23247892618708, 4.3138292196057115], [-75.23258178435921, 4.313864959116337], [-75.2327531166483, 4.313924487833535], [-75.23309863738075, 4.313912001443968], [-75.23326564501079, 4.313813863429161], [-75.23371723625837, 4.313584042116097], [-75.23430544659102, 4.313411735089152], [-75.23460252416041, 4.313275079728149], [-75.23486989307143, 4.31297206403743], [-75.23495626133217, 4.312806949830985], [-75.23505077178818, 4.31262920129269], [-75.23505019333743, 4.3122464529525235], [-75.23491865713399, 4.3119356665966615], [-75.23470030615147, 4.311636248583041], [-75.23456352568874, 4.311419921304617], [-75.2344049889099, 4.311063299963402], [-75.23424956886305, 4.310716667005006], [-75.23410617280717, 4.310441782825274], [-75.23397828716139, 4.310146138604158], [-75.23391486365983, 4.309999518184983], [-75.23385413506412, 4.3098755286015304], [-75.23362801808638, 4.309413867297243], [-75.233430184089, 4.3089655586277065], [-75.23326934030808, 4.308601067223426], [-75.23288715725539, 4.308003600076247], [-75.23277627024616, 4.307837174184067], [-75.23272299024798, 4.307757208291096], [-75.23267220039713, 4.307680980016206], [-75.23227875207034, 4.307514125709717], [-75.23187362509286, 4.307502779190681], [-75.23179312338411, 4.307444192623768], [-75.23161120666862, 4.307311802648866], [-75.23145571733868, 4.306917326736782], [-75.23145533828828, 4.3066661448055354], [-75.23128818631712, 4.306439139692814], [-75.23106147711587, 4.306224187247372], [-75.23081106484084, 4.3060929973160045], [-75.23068826817804, 4.306058956927783], [-75.23059650494798, 4.306033517204869], [-75.23046945233249, 4.305946531765961], [-75.2303698873332, 4.305878366722502], [-75.23027424276881, 4.30566321357663], [-75.23026177032283, 4.305292442722393], [-75.23027017902379, 4.304704645588019], [-75.23027255122324, 4.304538884825251], [-75.23028236240789, 4.304108416881551], [-75.23028372835732, 4.304048465566527], [-75.230247623835, 4.3038093013692675], [-75.2300872366657, 4.303568579993268], [-75.23005655286885, 4.30352252684081], [-75.22978225776555, 4.303355490309048], [-75.22946021256016, 4.30312871774591], [-75.22930567078265, 4.302968523018527], [-75.22912498005162, 4.3027801182959875], [-75.22887508669658, 4.302268412001822], [-75.22869586105185, 4.301933774809075], [-75.22862374307948, 4.301515251639869], [-75.22858911249719, 4.301211018446789], [-75.22869424529968, 4.300857290655959], [-75.22899163232964, 4.300533890764792], [-75.22927726585671, 4.300318161422907], [-75.22953907022273, 4.300102465713032], [-75.2295780376267, 4.300055379940929], [-75.22971746992364, 4.299886898659017], [-75.22986012475705, 4.299671385725587], [-75.22976442898906, 4.299420348950112], [-75.22966447065147, 4.299239120441713], [-75.22957326999983, 4.299073770319632], [-75.22945352920776, 4.298679236620515], [-75.22933530518911, 4.298388358921189], [-75.2292980606599, 4.298296719719305], [-75.22897589312545, 4.2979862230921695], [-75.22851080076526, 4.297711821664363], [-75.22818875891305, 4.297485053429885], [-75.22803347208655, 4.297222141598816], [-75.22797346667264, 4.29693516886802], [-75.2279727856555, 4.2964806532421065], [-75.22795561029918, 4.296121571590811], [-75.22794818606694, 4.295966366891014], [-75.22782851770376, 4.295619677262322], [-75.22772569339129, 4.295478871391358], [-75.22760349768194, 4.295330927040726], [-75.22750167764815, 4.295228206262134], [-75.2268745146279, 4.294595496223408], [-75.22675690741403, 4.294487630351539], [-75.22667091778335, 4.294377478952427], [-75.22655425673118, 4.2942072390885135], [-75.22638433699822, 4.293959275637539], [-75.22620509569786, 4.293612676979601], [-75.22599036122327, 4.293433584852689], [-75.22578764881236, 4.293326241302127], [-75.2254661644312, 4.2934702586660585], [-75.2253048543273, 4.293583975043956], [-75.22522811814441, 4.293638070259195], [-75.22482333635936, 4.293853978939242], [-75.22440646132094, 4.293950295403626], [-75.22395396591504, 4.294130391951673], [-75.2234181912798, 4.294394338975047], [-75.22303714859909, 4.294550403906507], [-75.22257273815929, 4.2947305166637015], [-75.22241809861352, 4.294813287658501], [-75.22195046520164, 4.295110393756746], [-75.2218466108505, 4.295186128910628], [-75.22170748984982, 4.29533933990944], [-75.22146596028131, 4.295605334599711], [-75.22124002310879, 4.295904700129404], [-75.2208352916277, 4.296156489346806], [-75.22052597107658, 4.2962190763815284], [-75.22029928274907, 4.296264943023977], [-75.22017750280588, 4.296280734722286], [-75.2197393920737, 4.296337549102271], [-75.21940021799077, 4.2963288555914785], [-75.21929852386305, 4.296326248966464], [-75.21882108744508, 4.296218484092124], [-75.21866682221145, 4.296183665059877], [-75.21819124063927, 4.296005444067164], [-75.21809458792593, 4.295969220796172], [-75.21759371965756, 4.295670943949483], [-75.21711669902896, 4.295384592689232], [-75.2169192704241, 4.295200164375274], [-75.21675875587012, 4.295050219717427], [-75.21647244480616, 4.294811427802605], [-75.21623404111985, 4.294740016143496], [-75.21587687895034, 4.294931925857492], [-75.21551980628031, 4.295183642068867], [-75.21496044509068, 4.295615075007114], [-75.21453200533226, 4.295950623892777], [-75.21402033767623, 4.2964059082229005], [-75.21374687998366, 4.296801033088874], [-75.2136279247627, 4.296932781223855], [-75.21356211761739, 4.296942318313211], [-75.21348150886033, 4.296954001995252], [-75.21342254532738, 4.297092067284964], [-75.21340186418257, 4.297270830090186], [-75.21329650656351, 4.2974193699434435], [-75.21317001882674, 4.297557336740868], [-75.21300122243187, 4.297642376158419], [-75.21282177434378, 4.297663843033623], [-75.21275629570086, 4.297660811999639], [-75.21260004811334, 4.297653572677408], [-75.2124530033382, 4.297542728067429], [-75.21234627196198, 4.2973889904098685], [-75.21231433333627, 4.297208861071357], [-75.21233518176537, 4.297028656112362], [-75.21226487493074, 4.296858013860687], [-75.21205482195134, 4.296707867290668], [-75.21173294267535, 4.296588735291719], [-75.211327730365, 4.296517569712116], [-75.21081538863322, 4.296518333044553], [-75.2105899549356, 4.296556395090635], [-75.21038655779792, 4.296590739447003], [-75.20999350743996, 4.296687012189479], [-75.20966001297438, 4.296771233913044], [-75.20921935492348, 4.296903460393514], [-75.2088186385298, 4.2971290395927735], [-75.2085409630508, 4.29741879513192], [-75.20846955543625, 4.297482703632827], [-75.20832677611855, 4.297610490684071], [-75.20806477117785, 4.297694606807503], [-75.20779062067575, 4.297623247410813], [-75.20748053285391, 4.297420368610336], [-75.20732802740953, 4.2971855957832235], [-75.20718204356608, 4.297002173326019], [-75.20705069760267, 4.296810993156849], [-75.2067647568809, 4.296823377152107], [-75.20646688374664, 4.296823818087196], [-75.20630021636447, 4.296919753287066], [-75.20596680875015, 4.297063782420864], [-75.20564540416837, 4.297267594777979], [-75.20537157160705, 4.297411534385945], [-75.2051097939056, 4.297651142745031], [-75.20491938400359, 4.297806922198599], [-75.20461430078949, 4.297972415770385], [-75.20455580219442, 4.297999588046219], [-75.20434788679175, 4.298094832212911], [-75.20402421325197, 4.298164960602207], [-75.20393680641565, 4.298167206939877], [-75.20374032957639, 4.298167497268483], [-75.20353908670917, 4.29809712342997], [-75.20350190839719, 4.298084124836262], [-75.20334676694213, 4.297916896214808], [-75.20310804655682, 4.297630185334293], [-75.20295267861623, 4.297307462284052], [-75.20288082404659, 4.29708417610075], [-75.20284495316125, 4.296972713258089], [-75.20268983114936, 4.2968174446373615], [-75.20241556001419, 4.296662356909327], [-75.20211740622298, 4.296471418944399], [-75.20200227155938, 4.29640510110687], [-75.20172388014375, 4.296244737904825], [-75.20140217602304, 4.296245213989424], [-75.20111635827998, 4.296341326357932], [-75.20083087239448, 4.296664695223967], [-75.20054543785058, 4.297023948776018], [-75.20031091177842, 4.2972246660235385], [-75.19990264226794, 4.297443536105416], [-75.19958112980122, 4.2975755846617965], [-75.1993202463971, 4.297654570802513], [-75.199267527832, 4.297670529844655], [-75.19922383917842, 4.297683757799531], [-75.19878300232818, 4.29769636944962], [-75.1987449946386, 4.297692611201047], [-75.1987012051811, 4.2976882790902895], [-75.19867897964042, 4.297667031586825], [-75.19862040900192, 4.297584970064136], [-75.19857917485749, 4.297567567707716], [-75.1984214340797, 4.297444955305588], [-75.1982758981217, 4.2973146203772705], [-75.19814566199189, 4.297184263830662], [-75.19796188922226, 4.297061664916622], [-75.19785161976371, 4.297006516731659], [-75.19779347219753, 4.296977436943115], [-75.19760984399741, 4.2969546692588665], [-75.19742616078017, 4.296893506228938], [-75.19726094527141, 4.296795646170297], [-75.19711986871867, 4.296686610610445], [-75.19697434514579, 4.296563956110114], [-75.19689077316097, 4.296493515387357], [-75.19682882071439, 4.296441301560249], [-75.19666042620159, 4.296372432230337], [-75.19647673103162, 4.2963035879898746], [-75.19630071971767, 4.296257770573679], [-75.19611711478933, 4.296250359641389], [-75.19593352192138, 4.296250633153067], [-75.19574996160055, 4.296273939303457], [-75.19557410738932, 4.2963356295513675], [-75.19542126933617, 4.296443366005982], [-75.19526075856302, 4.296535753706814], [-75.195146101605, 4.29659735700193], [-75.19503922886747, 4.296751104269684], [-75.1949247512599, 4.296935576316352], [-75.19481793513152, 4.29712771895639], [-75.19478745168263, 4.297294975446498], [-75.19472092204373, 4.297334820760323], [-75.19455891495284, 4.297338519139924], [-75.19431436070303, 4.297344103200778], [-75.19387912330521, 4.297535314901112], [-75.19384997184754, 4.297548123568481], [-75.19343332969936, 4.297811878125571], [-75.19323630430982, 4.29796358532807], [-75.19302867161073, 4.2981234598107], [-75.19261204582483, 4.2983991791560925], [-75.19207261219537, 4.298587935759562], [-75.19202850605392, 4.29860337219221], [-75.1915998259174, 4.298783415109451], [-75.19130655679582, 4.298925010621723], [-75.19102830371193, 4.299059360329414], [-75.19092927208882, 4.299122607751235], [-75.1905402387367, 4.29937106500027], [-75.19001627231478, 4.299575167033889], [-75.18958757366701, 4.2997432497986035], [-75.18874217680211, 4.300139203636183], [-75.18861831576943, 4.300215970562002], [-75.18827790618, 4.30042694896373], [-75.18830015491106, 4.300791821680447], [-75.1883677504144, 4.301161971240618], [-75.18845768155721, 4.301520870148105], [-75.18855866014219, 4.301789997769884], [-75.18852552103206, 4.302059315973385], [-75.18838053630793, 4.3022727023910425], [-75.18809022359939, 4.302463860304068], [-75.18801627739802, 4.302519704553271], [-75.1879115946385, 4.3025987578607205], [-75.1877932810243, 4.302711837199631], [-75.1878047670104, 4.302819871912213], [-75.1876382511948, 4.30302345617976], [-75.1874240560694, 4.303215146591199], [-75.18712640335602, 4.303371077105107], [-75.18678110707198, 4.3035390372918485], [-75.18660272743948, 4.303778520021887], [-75.18648393874969, 4.304029877785521], [-75.1864485234012, 4.304257194100238], [-75.18628197109305, 4.304436852058837], [-75.18617011613348, 4.304612623902642], [-75.18599668180846, 4.304903753767093], [-75.18583040706777, 4.305274794581238], [-75.18562668169155, 4.305512723345071], [-75.18553302995787, 4.305622099768436], [-75.18530716102539, 4.30598126563884], [-75.18503389108179, 4.306519916921404], [-75.18491525767736, 4.306878923681767], [-75.1847373778625, 4.307465282112692], [-75.18463454526983, 4.307707122617188], [-75.18452363073919, 4.3079679640556074], [-75.18435735430303, 4.308339004321608], [-75.18408364979959, 4.30857862413036], [-75.18384473768666, 4.3087416009835255], [-75.18371464222518, 4.308830344703616], [-75.18325039766326, 4.309142012431887], [-75.18277413512841, 4.30938192877455], [-75.18266767542376, 4.309445595415065], [-75.1823931761875, 4.309609748827556], [-75.18209536974497, 4.3099695939598694], [-75.18177470570102, 4.310388121896226], [-75.18145337427592, 4.310651737127789], [-75.18109610558318, 4.310783828949042], [-75.18094587462146, 4.310831468002901], [-75.18091290683266, 4.3111282631465], [-75.18091326912565, 4.311379450004074], [-75.1809851915722, 4.3116783728759325], [-75.18100572005805, 4.311768442625618], [-75.1810451476275, 4.311941433982061], [-75.1810487120889, 4.312007591589979], [-75.18105709008641, 4.312163098092937], [-75.18098494521132, 4.3123879133540735], [-75.1809743472794, 4.312419981822063], [-75.18090309673762, 4.312587543045552], [-75.18077606536363, 4.312721828440898], [-75.18066515325957, 4.312839074016364], [-75.18043891844789, 4.312947053698538], [-75.18027213862408, 4.312971219949202], [-75.18016988940093, 4.312986033808155], [-75.1800392354386, 4.313273292712431], [-75.17984902069733, 4.313572599275749], [-75.17964343614801, 4.3138637074229145], [-75.17946850679725, 4.314111405379566], [-75.17909995990766, 4.314686079667699], [-75.17862370915856, 4.3149379554067036], [-75.17830223716253, 4.315105877566126], [-75.17798055672414, 4.315130268831045], [-75.17774458516087, 4.315106108435687], [-75.17763496104652, 4.315094885069366], [-75.17731336708762, 4.315179079618643], [-75.17696799540356, 4.3152991924376405], [-75.17652712736256, 4.315299830553172], [-75.1761448038433, 4.315300385388319], [-75.17608626010042, 4.315300471123046], [-75.17558579774214, 4.31528923684183], [-75.17482314732474, 4.315242495425197], [-75.17438229741327, 4.315255093731174], [-75.17410557062732, 4.315255492090777], [-75.17404866738639, 4.315255573866346], [-75.17352447733373, 4.315316139143629], [-75.17308388324986, 4.3155081542461255], [-75.17302873997924, 4.315540090911696], [-75.17260766294461, 4.3157839522166155], [-75.17220303833042, 4.316131411725204], [-75.17163207612445, 4.316814022814146], [-75.17153401590369, 4.317165966077438], [-75.17152538566025, 4.317196937399864], [-75.17139498480576, 4.317663616314731], [-75.17127777386847, 4.317976428890956], [-75.17119319388352, 4.318202158720651], [-75.17106260434618, 4.318537262332642], [-75.17082465520409, 4.318788793662414], [-75.17059846775197, 4.318932651929402], [-75.17024102166685, 4.318945129320842], [-75.16983572696469, 4.318826102419816], [-75.1695644151325, 4.318661572118973], [-75.16953370071323, 4.318642947214358], [-75.16944217565825, 4.3185874442338825], [-75.16914396523352, 4.318360610872039], [-75.16883387387406, 4.318157715421502], [-75.1685477160725, 4.318026553141894], [-75.16850858416824, 4.318026609969706], [-75.16826174637028, 4.318026964565762], [-75.16792831862256, 4.318170978923461], [-75.16761879219496, 4.3183628054252825], [-75.16740329627964, 4.31854101939213], [-75.16728555199748, 4.318638393578742], [-75.16699982112559, 4.3188062622560155], [-75.16679717317498, 4.318746745566678], [-75.16648711630717, 4.318567772865517], [-75.16621285718858, 4.318424632973142], [-75.1659266478756, 4.318257586760268], [-75.1656757876898, 4.318195012236472], [-75.16564057492539, 4.3181862289785204], [-75.16519958519072, 4.318103135143635], [-75.16514853655498, 4.318103205956766], [-75.16464808926739, 4.318103925011429], [-75.1645799832588, 4.31810402190791], [-75.16418679482251, 4.318126930260706], [-75.1639485156939, 4.318140814160679], [-75.16340078035523, 4.318404744743709], [-75.16297981185565, 4.3189109664821475], [-75.16266336532225, 4.319350740186287], [-75.16236144169949, 4.319806755300426], [-75.16217121410372, 4.320094067550814], [-75.16169673169671, 4.320417706211138], [-75.16111376375346, 4.320727035655721], [-75.16050700106258, 4.320846011924062], [-75.15973367591882, 4.3207984207474635], [-75.1591507076277, 4.320608063261292], [-75.15891276197746, 4.320560473716808], [-75.15821082060818, 4.320810317199464], [-75.15708057696018, 4.321666923112232], [-75.15636673899479, 4.3219881498257], [-75.15568859258885, 4.322107124749958], [-75.15446316988705, 4.322226096914877], [-75.15345189912132, 4.322333172892248], [-75.15298790422851, 4.322273686842192], [-75.15258339564834, 4.32214281474474], [-75.15203612010319, 4.321821590794111], [-75.1515483299095, 4.321595538840686], [-75.15112002736697, 4.321452771584222], [-75.15059654580189, 4.321405184692324], [-75.14996598897999, 4.321464671338252], [-75.14920456061058, 4.321571747283965], [-75.1487167716916, 4.321547952221239], [-75.14831226283327, 4.321393284995889], [-75.14793154969058, 4.321083954805767], [-75.14745565676886, 4.320762730799515], [-75.14714632839164, 4.320619959710076], [-75.1468369979336, 4.320524782098245], [-75.14658715415014, 4.320560473837821], [-75.14633731107806, 4.3206675496809925], [-75.14593280160669, 4.321357594435885], [-75.14563537015646, 4.322000047832527], [-75.14545691014682, 4.322309378156754], [-75.14501670972217, 4.322713887974994], [-75.14465979132098, 4.323130294437826], [-75.14448133074164, 4.323261161945526], [-75.14423148802356, 4.323356342854511], [-75.14394595217738, 4.323368238107155], [-75.14338677867721, 4.323225470706823], [-75.14282760644181, 4.323011319353221], [-75.14262535239862, 4.322951831767382], [-75.14239930276706, 4.3229518322595375], [-75.14169736214241, 4.323237366759115], [-75.14070988582282, 4.32399879692737], [-75.14059091164017, 4.32415345988602], [-75.13993656115659, 4.324855403880157], [-75.13967481974575, 4.325176627776755], [-75.13946066760579, 4.325283704710925], [-75.13921082491687, 4.325426472148517], [-75.13905615986828, 4.325438369370632], [-75.13883011072444, 4.325426471587295], [-75.13831852731126, 4.32511714300795], [-75.1379735047042, 4.3248197092481595], [-75.13767607292392, 4.324557970035607], [-75.13747381891673, 4.324427098303047], [-75.1372953585571, 4.324403302628747], [-75.13704551610964, 4.3244389983863], [-75.1366291096383, 4.324760222713272], [-75.13624839612106, 4.324974376404873], [-75.13598665516705, 4.325010065733911], [-75.13560594221215, 4.324962476676571], [-75.13534420139169, 4.324700736715603], [-75.1348683087331, 4.324343816821303], [-75.13460656798124, 4.32424864010197], [-75.13401170304907, 4.324165358979496], [-75.13378565363104, 4.324153460364825], [-75.1335952970374, 4.324046384152569], [-75.13336924843026, 4.323832234113033], [-75.13325027491156, 4.3233682379054805], [-75.13308371320377, 4.322178507231947], [-75.13313130223236, 4.321643128773552], [-75.13310750820735, 4.321440874852384], [-75.13301232901364, 4.3211672355528234], [-75.1325007452456, 4.320489092283605], [-75.13177500900764, 4.320060787043909], [-75.13152516595443, 4.319882327623283], [-75.13068045733996, 4.3191922838115495], [-75.13003800330276, 4.318728291912976], [-75.12908621756144, 4.318157218600971], [-75.12799166630204, 4.31776460757991], [-75.12701608743747, 4.317669432196468], [-75.12574307597484, 4.3176575306409175], [-75.12477939361561, 4.317824093991648], [-75.12426780985713, 4.318097733434035], [-75.12389899266105, 4.318418959393358], [-75.1235301770497, 4.31851413916155], [-75.1230304898814, 4.318502240011233], [-75.12153143042467, 4.318418958750335], [-75.12042497959118, 4.318264294603093], [-75.11944940096839, 4.318264294692183], [-75.11829536313452, 4.318371371902258], [-75.11774808736999, 4.318454652954788], [-75.11740306532936, 4.318597419674082], [-75.11701045404946, 4.318930544740621], [-75.11629661597165, 4.319465921805537], [-75.11591590192043, 4.319644380775228], [-75.11553518761671, 4.319703871178369], [-75.11520206388802, 4.319680075384684], [-75.11489273422106, 4.319525408230577], [-75.11423838240133, 4.318633110346427], [-75.11339367296384, 4.317157844967037], [-75.11307244594492, 4.316812825335017], [-75.11226342860874, 4.3163726233279505], [-75.11173994760237, 4.316289342201324], [-75.11134733714161, 4.316348827709228], [-75.11072867738513, 4.3163964188845245], [-75.1098839680188, 4.316206060699419], [-75.10931289832112, 4.3158610410073175], [-75.10897977259225, 4.315551707886181], [-75.10863475131369, 4.315016330289201], [-75.1083492161995, 4.3145166431263675], [-75.108265935217, 4.314314389448072], [-75.10809937197045, 4.314088340993029], [-75.10771865941372, 4.313945573555568], [-75.10688584708714, 4.313767113064325], [-75.10657651742065, 4.313541064422919], [-75.10580319270377, 4.312422716899364], [-75.10535109533643, 4.311566111349132], [-75.10518453314967, 4.310638122003763], [-75.10518453317334, 4.3096625431880256], [-75.1051012519158, 4.309377009069078], [-75.1049822788703, 4.309222342404974], [-75.10462535864363, 4.3089962925612015], [-75.1043398238202, 4.3087464497241195], [-75.1041256728727, 4.30833004443475], [-75.10399480180645, 4.307806562838313], [-75.1039115212776, 4.30706893104616], [-75.10380444514594, 4.30633129721304], [-75.1036854720943, 4.305962481435628], [-75.1033166559201, 4.305605561316854], [-75.1025314336237, 4.30518915602849], [-75.1011870376808, 4.304748957815604], [-75.10029474007095, 4.304534805103681], [-75.09973556701726, 4.304308757404664], [-75.09964038933097, 4.3041540901684945], [-75.09962849066784, 4.303928040782258], [-75.09968797828684, 4.303749583802981], [-75.09985453994223, 4.303559226254991], [-75.10024715061095, 4.303368868350536], [-75.10036612406614, 4.30321420290998], [-75.10049699532956, 4.302869181200192], [-75.1004613026813, 4.3023575990375225], [-75.10022335594095, 4.301917398253099], [-75.09989023207893, 4.3017627322582035], [-75.09949762082796, 4.301667554135674], [-75.09895034513129, 4.301703245161691], [-75.09714195429058, 4.302619338370298], [-75.0968207272796, 4.302655029751067], [-75.09648760323859, 4.302619338373982], [-75.09490526084473, 4.3023338035996845], [-75.08989649630352, 4.301477197001116], [-75.08968234436263, 4.301453401593797], [-75.08938491213638, 4.301429606970847], [-75.08907558186426, 4.301322533881797], [-75.08870676491905, 4.30113217726695], [-75.08856399785562, 4.301108380823454], [-75.08836174338568, 4.300929924025147], [-75.08827846216401, 4.300549208018982], [-75.08831415432492, 4.299942444203132], [-75.08834984573309, 4.299347581082469], [-75.0883974347936, 4.298919275795975], [-75.0883736411733, 4.298717022364708], [-75.0882308727615, 4.298455282647906], [-75.08744565098424, 4.296634993179235], [-75.08706493668667, 4.296230487276823], [-75.08637489273026, 4.295552339230606], [-75.08602987176357, 4.294945579164478], [-75.08589900131192, 4.294505376646165], [-75.0858038233458, 4.293970000083113], [-75.08576813104601, 4.2933513366313365], [-75.08585141166631, 4.291971251069372], [-75.08589900143612, 4.29103136289201], [-75.08587520686156, 4.290686343059045], [-75.08578002764183, 4.290400809408674], [-75.08554208171091, 4.290162860140053], [-75.08516136791457, 4.289924913073393], [-75.08484014095252, 4.289710763685104], [-75.08387645869578, 4.2894490212008645], [-75.08298416164101, 4.288961232681211], [-75.08275811302313, 4.288509134119084], [-75.08242498762576, 4.287723911996503], [-75.08210376068858, 4.287248019723409], [-75.08163976577188, 4.286807818952163], [-75.08068798240484, 4.286272441008848], [-75.07909374255652, 4.285689472597157], [-75.07771365468076, 4.285415835026039], [-75.07677376830073, 4.28514219923136], [-75.07483450773402, 4.284309387390514], [-75.07295473299287, 4.28407143875849], [-75.07161033831643, 4.28386918605635], [-75.06990902299657, 4.283976262910234], [-75.06894534166938, 4.284249900646554], [-75.06885874959038, 4.28426170684706], [-75.06819598872872, 4.284267145234722], [-75.0674823830697, 4.28412697390176], [-75.0671383229141, 4.2839676844338], [-75.0664898535745, 4.283604733421605], [-75.0664112160776, 4.283536060932762], [-75.0661732688095, 4.28339329394668], [-75.0658282476943, 4.283298114127259], [-75.06516199887447, 4.283333807601777], [-75.06441246827268, 4.283512266405091], [-75.06346068394139, 4.28352416332559], [-75.062544591034, 4.283405189656602], [-75.06148573129636, 4.283107760345271], [-75.06035548736114, 4.282988785417407], [-75.05921334574487, 4.283012579139792], [-75.05916625275297, 4.283022673249684], [-75.05807170463778, 4.283152137312864], [-75.05742818484676, 4.283062933570785], [-75.0567528082017, 4.282782590829295], [-75.0562271218785, 4.282382024768513], [-75.05570364105292, 4.2822630485699165], [-75.05478163330082, 4.282130149636477], [-75.0542921211654, 4.282108412991524], [-75.0538346696766, 4.282088096674122], [-75.0529615788163, 4.281975772412844], [-75.04944565901631, 4.281239883778736], [-75.0492315068957, 4.281025731345179], [-75.04906494531797, 4.2807164007851695], [-75.04888648539946, 4.280549838652921], [-75.04864853917638, 4.280418966965855], [-75.04842249010268, 4.2803832756366695], [-75.04822023585186, 4.280407072403026], [-75.04795849499415, 4.280561734004115], [-75.04757778232937, 4.280835373225931], [-75.04698291619437, 4.281073317771863], [-75.04599544045, 4.281323165101987], [-75.04530539563333, 4.281620593637612], [-75.043461313799, 4.282489098075168], [-75.04252142714172, 4.282941198410691], [-75.04171241023687, 4.283202936154182], [-75.04097477669235, 4.283214833107099], [-75.04022524735166, 4.283095859653723], [-75.03928536044634, 4.282596172977611], [-75.0385120346496, 4.281965618836568], [-75.03736989444356, 4.2812755735902615], [-75.03690589887569, 4.281239884443799], [-75.03589462828951, 4.281311265000913], [-75.03521648225386, 4.2812874702215415], [-75.03456212993203, 4.281025730951127], [-75.03438175036732, 4.280905476386372], [-75.03423499706298, 4.280704490155558], [-75.03409522259419, 4.280503790999168], [-75.03400920806388, 4.280389102706114], [-75.033862265712, 4.280310256254791], [-75.03365081190738, 4.280249329919837], [-75.03350387004349, 4.280224239966279], [-75.03334617558853, 4.280260079639555], [-75.03307737921348, 4.280338926865321], [-75.0328085822929, 4.280414189585793], [-75.03269389538397, 4.2804643646835165], [-75.03264523702285, 4.280494487413719], [-75.03254695331462, 4.280561131896329], [-75.03252662580972, 4.280641080132426], [-75.03254718225952, 4.280737009369066], [-75.03261570344311, 4.280819236663603], [-75.0327101452579, 4.280899324658434], [-75.03267929703013, 4.281051933915004], [-75.03266646581129, 4.281098503331878], [-75.03262352100586, 4.28123466069361], [-75.03261356205073, 4.281278149063245], [-75.03260815696338, 4.281317681805338], [-75.03260590825401, 4.281378145676065], [-75.03260869473914, 4.281519048389409], [-75.03260358697291, 4.281688293053352], [-75.03260527343811, 4.281737389855692], [-75.0326100231446, 4.281780662728623], [-75.03261682803475, 4.281816111843694], [-75.03262647175784, 4.281852538380875], [-75.03263904439778, 4.281890278565297], [-75.03265475487895, 4.281929976732129], [-75.03268918426005, 4.2820035990247725], [-75.03277427423602, 4.282164577388371], [-75.03280911072152, 4.282236431235795], [-75.0328470953915, 4.282328489928132], [-75.03291725873613, 4.282514584551297], [-75.03294758568543, 4.282591131040135], [-75.03298187568213, 4.282669258855826], [-75.03301607923635, 4.282737166320635], [-75.03304695798685, 4.282790315254143], [-75.03308149866587, 4.282842243345488], [-75.03312098763479, 4.282894912595956], [-75.03316582260375, 4.282948808553625], [-75.03321184237711, 4.282999642415461], [-75.0332646409779, 4.283054198234571], [-75.03349993884194, 4.283281183141727], [-75.03355365387564, 4.283335438004937], [-75.0336001781532, 4.283385214953782], [-75.0336534529551, 4.283446073645371], [-75.03371164274222, 4.283515867216931], [-75.03390278056898, 4.2837557614479715], [-75.03397646810602, 4.283845707922595], [-75.03405270215976, 4.283933401787712], [-75.03412441391204, 4.284009373926405], [-75.03418388966712, 4.284066967149008], [-75.03431847937141, 4.284188975066075], [-75.0343821190162, 4.284241635014665], [-75.03444019010053, 4.28428385586767], [-75.0344723113182, 4.284304226802811], [-75.03450053905338, 4.284318316581378], [-75.0345385243568, 4.284333106655438], [-75.03465339079634, 4.284371889304139], [-75.03468566255864, 4.284386836593919], [-75.03471076027034, 4.284402950775458], [-75.03473022228908, 4.284421405376745], [-75.03474468389739, 4.284443259654443], [-75.03475533665153, 4.2844700552768105], [-75.03476199665437, 4.284501754746146], [-75.03476473308216, 4.284535897707114], [-75.03476432899241, 4.284576275440453], [-75.03475285291186, 4.284712420423643], [-75.03475063327, 4.284758553645532], [-75.03475470014456, 4.284966016649212], [-75.03475406499288, 4.285096524096049], [-75.03475072384697, 4.285183275744514], [-75.03474414457462, 4.2852778497801935], [-75.0347277927155, 4.285434526676091], [-75.03470329199325, 4.285609420611229], [-75.03467372696797, 4.28578365511886], [-75.03464144113437, 4.285941244597891], [-75.03460855813793, 4.286075397113283], [-75.03457176362308, 4.286202588366356], [-75.03452674314423, 4.286337587268264], [-75.0344729022941, 4.286481847086709], [-75.03443002081016, 4.286588267935051], [-75.034396671886, 4.286662085096172], [-75.03435805129067, 4.286739623752933], [-75.03426231889458, 4.286923129165264], [-75.0342172589113, 4.287016979108207], [-75.03418071406696, 4.287105732251909], [-75.03414340903895, 4.287215016293579], [-75.03412342480335, 4.287282232259245], [-75.03410407612037, 4.287354015035318], [-75.03406551389833, 4.287518018653538], [-75.03396290296915, 4.288013390082748], [-75.03391463592634, 4.288266818818808], [-75.03388655871264, 4.2884309527961575], [-75.03385858689505, 4.288607339421465], [-75.03383842863659, 4.2887344493113755], [-75.03382701079317, 4.288824109622895], [-75.03382122131612, 4.288901494768585], [-75.03382028869933, 4.288951177362698], [-75.03382153682338, 4.289006110047796], [-75.03383599927838, 4.2892305197120395], [-75.03383929501997, 4.289351736824638], [-75.03384006982621, 4.28949746741256], [-75.03383852718449, 4.289837566843006], [-75.03384277024021, 4.289996364177059], [-75.03384145383109, 4.290041276687115], [-75.03383763144039, 4.290080945402099], [-75.03382734189672, 4.290134259091227], [-75.03380801436924, 4.290201089844401], [-75.03378503063179, 4.290262799261724], [-75.0337315777321, 4.290390951282413], [-75.03370994393194, 4.290446636915664], [-75.0336386725766, 4.290666456186281], [-75.03358510465652, 4.290845460839818], [-75.0335652857606, 4.290921362088243], [-75.03354895894446, 4.2909924530695935], [-75.03353786521237, 4.291048637909398], [-75.0335303576377, 4.2910960687181126], [-75.0335241143702, 4.2911490342573035], [-75.03351950381041, 4.291205794238371], [-75.03351500109777, 4.2913186223553295], [-75.03351334666424, 4.291533678430794], [-75.03351127068207, 4.291620775893566], [-75.0335059797825, 4.291710512146061], [-75.03349719607765, 4.291790487573761], [-75.03348697680111, 4.291850602745042], [-75.03347150675438, 4.291912814929935], [-75.03345321026045, 4.291972617897175], [-75.033407130999, 4.292111004339642], [-75.0333878200006, 4.292177616192895], [-75.03337461622787, 4.292237903040075], [-75.03336761323506, 4.292292829706356], [-75.03336651649646, 4.292337666570788], [-75.03336870083434, 4.29237592366904], [-75.0333750788972, 4.292422219410213], [-75.03338555285868, 4.292473293421093], [-75.03339989412632, 4.292529242185225], [-75.03344217904092, 4.292679350966835], [-75.03349997409728, 4.292917149742732], [-75.03353084921517, 4.2930380563028505], [-75.0335585051269, 4.29313786009056], [-75.03358595881284, 4.293227978388214], [-75.03362468260379, 4.293340442418352], [-75.03366024159176, 4.2934258122884], [-75.03370227270315, 4.293513017245247], [-75.03380881305432, 4.293719886640158], [-75.033835362575, 4.293775776554004], [-75.03385755468072, 4.293826802975298], [-75.03388762536304, 4.293907906580124], [-75.03391867982538, 4.29400869978444], [-75.03395045224484, 4.294111820994412], [-75.03396765629975, 4.294175343378753], [-75.03398138472124, 4.294233217548897], [-75.03399207579895, 4.294287300127078], [-75.03399986566778, 4.29433830438112], [-75.03400486112842, 4.294387093799894], [-75.03400703236399, 4.2944336368066995], [-75.03400639085402, 4.294478185719711], [-75.0340029334085, 4.2945208970218305], [-75.033995550835, 4.294566841447758], [-75.03398375587923, 4.2946150660775455], [-75.03397213046793, 4.294651447964399], [-75.0339457885754, 4.2947225892234115], [-75.0339192673192, 4.294783843241939], [-75.03384524661273, 4.294945583722212], [-75.03368697362639, 4.295318060303184], [-75.03366534478607, 4.295342280197884], [-75.03363355033082, 4.295370995340479], [-75.03359603909357, 4.295398338280732], [-75.03355208636087, 4.295424868109526], [-75.03349918512286, 4.295452108323952], [-75.03342338911476, 4.295486552298678], [-75.03333525994358, 4.295526600760979], [-75.0332424796594, 4.295574391279725], [-75.03319340424764, 4.295597312349183], [-75.033120209561, 4.295627416021046], [-75.03291460412854, 4.295705778661719], [-75.03285475178606, 4.2957320198693365], [-75.03280389282818, 4.295757827343444], [-75.03274908870011, 4.2957915540800675], [-75.03272517906981, 4.2958091791921955], [-75.03270341456646, 4.295827439852168], [-75.03268412401454, 4.295845982437042], [-75.03266673470723, 4.295865267949038], [-75.03263422978699, 4.29591015518992], [-75.03260953955723, 4.295953168304175], [-75.03258730159556, 4.296000863676217], [-75.0325675391915, 4.296053189688971], [-75.0325502738064, 4.296110084780902], [-75.03253552603661, 4.296171500959876], [-75.0325233333266, 4.296237287982935], [-75.0325137223547, 4.2963073128208356], [-75.0325067222555, 4.296381349276698], [-75.03250299635884, 4.296443825029811], [-75.03250100079244, 4.296508505798991], [-75.0325009450382, 4.2965493683531815], [-75.03250316996944, 4.296588638369486], [-75.03251414621786, 4.296672482916819], [-75.03254883581056, 4.296851329990246], [-75.03256073202816, 4.29692940694834], [-75.03257584299384, 4.297135039862048], [-75.03257976276842, 4.2972471201659515], [-75.03257885187669, 4.297297459383271], [-75.03257587019684, 4.297343936590858], [-75.03257076311084, 4.297387361440456], [-75.03256348300266, 4.297428125697226], [-75.03255421583826, 4.2974656861793745], [-75.03254256033036, 4.297501952401962], [-75.03252753642114, 4.29754006732122], [-75.03250929932811, 4.297579444422526], [-75.03247590617477, 4.297641064152722], [-75.0324336320975, 4.297708850792817], [-75.03235755484492, 4.29781885092461], [-75.03231689232392, 4.297871901162881], [-75.03224892690542, 4.297949689346686], [-75.03208342402213, 4.298124745667312], [-75.03191137113701, 4.298324391372058], [-75.0318320314933, 4.298410320356063], [-75.03180390354966, 4.298438227977475], [-75.03177177671253, 4.2984673826919435], [-75.03169766814615, 4.29852710498738], [-75.03162377009718, 4.298580250272633], [-75.03152995724898, 4.298644201123829], [-75.03144913392302, 4.298699295944103], [-75.03136854369177, 4.298759059950408], [-75.03130084604764, 4.298816569055495], [-75.03127132035124, 4.298845051128203], [-75.03124427917264, 4.298873718318946], [-75.0311917187036, 4.298935181191465], [-75.031142587099, 4.298996191719813], [-75.03109827724961, 4.299055033108431], [-75.03105819108256, 4.2991124549556625], [-75.03102217601626, 4.299168678361098], [-75.03099017464285, 4.299223799352559], [-75.0309621367287, 4.299277901275949], [-75.03093803719338, 4.299331039371304], [-75.03091254377095, 4.2993991276627215], [-75.0308938061295, 4.299468294151338], [-75.03087982123076, 4.299545631661093], [-75.03087049812169, 4.299632517952299], [-75.03086500811288, 4.299743324655861], [-75.03086049192295, 4.299991168722789], [-75.0308520399678, 4.300186525664654], [-75.03084741028519, 4.300293533080654], [-75.03084462055256, 4.300457390984187], [-75.03084271194892, 4.3005695258507535], [-75.03084307458428, 4.300746221619933], [-75.0308459419763, 4.300904542591197], [-75.03085145025497, 4.301051662708874], [-75.03085970232253, 4.301190034638133], [-75.03086460626855, 4.301239967645959], [-75.03087243611152, 4.301295481602289], [-75.0308904282831, 4.301394533442673], [-75.03090781885206, 4.301490279215819], [-75.03091962499535, 4.301567292812396], [-75.03092687076732, 4.301646177283709], [-75.03092715801805, 4.3017168432671795], [-75.03092360384933, 4.301760122914247], [-75.03091430960501, 4.301826243258378], [-75.0309017715851, 4.301895348897107], [-75.030889449899, 4.301943408598898], [-75.03087530432116, 4.301985582315775], [-75.03085535591251, 4.302033374760652], [-75.03083288207829, 4.302078810552505], [-75.03080782811435, 4.302122326699512], [-75.03078683600042, 4.302154346052488], [-75.03076478801508, 4.302184361191587], [-75.03074189064249, 4.302212091177575], [-75.03071832169586, 4.3022373157477], [-75.03069289220211, 4.302261183144071], [-75.03066505126215, 4.302284225765358], [-75.03063503621406, 4.302306245801702], [-75.03060313121395, 4.302327032655522], [-75.03056814766902, 4.30234719821311], [-75.030531837627, 4.302365576447878], [-75.03049461227396, 4.302381952805176], [-75.03045689189231, 4.302396145267257], [-75.03041912474315, 4.302407989831258], [-75.03038167903864, 4.302417375167715], [-75.03034493112872, 4.302424200779259], [-75.03030921333239, 4.3024284106055015], [-75.03027813055049, 4.302430012207147], [-75.03024584373111, 4.3024297972145735], [-75.03017856539347, 4.302423959342553], [-75.03010944295784, 4.302411069657779], [-75.03004109691521, 4.302391617721385], [-75.02998973117727, 4.302372223561036], [-75.02995332031148, 4.302354589386231], [-75.0299236580895, 4.302334986237976], [-75.02985779018155, 4.302285407672864], [-75.02982603668075, 4.302265776634593], [-75.02979740402697, 4.302253553977086], [-75.02976166139469, 4.30224464711379], [-75.0297336293174, 4.302240782932592], [-75.02970186094652, 4.302238669840659], [-75.02957209860912, 4.302238617279113], [-75.02945517641496, 4.302232467718955], [-75.02941077176966, 4.302231445669137], [-75.02937844222203, 4.30223245088959], [-75.02934953035641, 4.302235236045087], [-75.02931123650794, 4.302243155627356], [-75.02927368815547, 4.302256661080365], [-75.02924761268034, 4.302271038587285], [-75.029221219949, 4.302289459954542], [-75.02919416905867, 4.302312142262016], [-75.02916736913006, 4.302338070973841], [-75.0291387246897, 4.302369038928917], [-75.02906349717327, 4.302459972315612], [-75.02900557935432, 4.302539254166069], [-75.02898147521496, 4.302576762042891], [-75.02896046458945, 4.302613058710832], [-75.02894247397796, 4.302648288177951], [-75.02892752582197, 4.3026824187276125], [-75.02891561206573, 4.302715470279812], [-75.02890672822866, 4.3027474518911815], [-75.02890093798989, 4.302777912961894], [-75.02889808496968, 4.302807342327002], [-75.02889813871657, 4.3028344475690865], [-75.02890417822738, 4.30287227027563], [-75.02891559817512, 4.302911675932737], [-75.0289585602638, 4.303019499842789], [-75.02897371206427, 4.303066360191779], [-75.02898004770347, 4.303096239887114], [-75.02898551760872, 4.3031322904293825], [-75.02899181135989, 4.30320997730211], [-75.02899313310431, 4.303272235297031], [-75.02899198088708, 4.30341111095238], [-75.02899277312659, 4.303472451410747], [-75.02900741568286, 4.303696144804538], [-75.02900986765637, 4.303785753895613], [-75.0290084313488, 4.303833676949314], [-75.02900469759255, 4.303887078224114], [-75.02898132688537, 4.304116121756086], [-75.02897385489022, 4.3042787152088895], [-75.02897207932394, 4.304352643803189], [-75.0289728673471, 4.304414420229979], [-75.02897622333647, 4.304469438781465], [-75.02898260301565, 4.304524093801603], [-75.02899500275808, 4.304600703414956], [-75.02901063499576, 4.304673461272667], [-75.02902944593048, 4.304742126022324], [-75.02905139098466, 4.304806535881022], [-75.02907457688931, 4.304862507267512], [-75.02909170620784, 4.304895322108343], [-75.02911461688278, 4.3049310646827355], [-75.02917720995863, 4.305019754336325], [-75.02919325771713, 4.305045967564636], [-75.02920589926855, 4.305070316713963], [-75.0292175725336, 4.30510123495397], [-75.02923463679599, 4.305189403071477], [-75.02924323851471, 4.305215543016701], [-75.02926202114752, 4.305245962897998], [-75.02928355189464, 4.305268586985452], [-75.0293110892022, 4.30529106026541], [-75.02934601282819, 4.305314526834309], [-75.02939118389213, 4.305340855840761], [-75.02943002465534, 4.305359747950751], [-75.0294649943711, 4.305372385081655], [-75.02949623812466, 4.305378776796278], [-75.02953188396107, 4.305375234637962], [-75.02956413117451, 4.305363172334691], [-75.02958691102074, 4.3053485141399355], [-75.02965537293129, 4.305295300897527], [-75.02968277578692, 4.305279619149434], [-75.02972396492156, 4.305264995902346], [-75.0297588220675, 4.305256918985676], [-75.0297959482625, 4.305251348644706], [-75.02983536690606, 4.305248274867174], [-75.02988653632526, 4.305247903935532], [-75.02994122676171, 4.305251240995993], [-75.02999956886933, 4.305258289316319], [-75.0300620177983, 4.305269103756991], [-75.03014154184892, 4.305286490635382], [-75.03020686919021, 4.305303658558422], [-75.03026330416823, 4.305322030573089], [-75.03031221935689, 4.305342079673841], [-75.03034206328313, 4.305357093849822], [-75.03036871308312, 4.3053730942972575], [-75.03039222919291, 4.3053901070848575], [-75.03041264413697, 4.305408165591751], [-75.03043041682069, 4.305427721734924], [-75.03044720592088, 4.305450451600612], [-75.03046281070297, 4.305476086191072], [-75.03047715602277, 4.30550448913116], [-75.03049143256023, 4.3055388925525335], [-75.03050387380385, 4.3055760287786145], [-75.03051431268811, 4.305615414360923], [-75.03052256443854, 4.305656343397118], [-75.03052850270905, 4.305698398356776], [-75.03053188663635, 4.305740108300225], [-75.03053261787123, 4.305778702174065], [-75.03053062080004, 4.305816585183959], [-75.03052610598269, 4.305854333823533], [-75.0305191037624, 4.3058928579153575], [-75.03050971187122, 4.305931638028769], [-75.03049833458732, 4.305969213258158], [-75.03048430732333, 4.306007754314611], [-75.03046872187699, 4.306043783281156], [-75.0304513969606, 4.30607790935504], [-75.03042807240396, 4.30611479654859], [-75.03040341227909, 4.306145459989204], [-75.03036335526102, 4.306182346672275], [-75.03032098406557, 4.306214322803205], [-75.03021657337383, 4.3062862897278125], [-75.03016909566495, 4.306324180307836], [-75.03013439875077, 4.306359058294333], [-75.03009083471827, 4.306413162922336], [-75.03004585676142, 4.306479066612022], [-75.0299990236446, 4.306558224942123], [-75.02989790314867, 4.30674838373805], [-75.02984117728917, 4.306851428609891], [-75.02975618402569, 4.307015186058909], [-75.02970204254981, 4.307107485176093], [-75.02967980668079, 4.30714143986732], [-75.02964850809126, 4.307182699814156], [-75.02953969124431, 4.307310035225516], [-75.02950376729596, 4.307354502144696], [-75.02947335204593, 4.307396922890251], [-75.02944846859418, 4.307437853654045], [-75.02943025309273, 4.307472872124862], [-75.02941323880084, 4.307510335806534], [-75.02939727613742, 4.307550578850889], [-75.02938211625434, 4.307594216062885], [-75.0293553636905, 4.307685960833379], [-75.02930644017044, 4.307884069867815], [-75.02928295602227, 4.307969201417937], [-75.02926360381711, 4.30802848734394], [-75.029190023373, 4.308231320332522], [-75.02916165487625, 4.308299798135778], [-75.0291328785526, 4.3083561669823], [-75.02910191596807, 4.308404219574647], [-75.02906186321339, 4.30845500898328], [-75.0290207982068, 4.308500202381507], [-75.02896955698986, 4.308551406991826], [-75.02889164869354, 4.308624667080667], [-75.0288275992222, 4.308681128363615], [-75.02877705261265, 4.308722122278326], [-75.02872883594831, 4.3087576622988335], [-75.02868209043527, 4.308788375713332], [-75.02863642122978, 4.3088145249705], [-75.02859361391805, 4.308835353678962], [-75.02855515442457, 4.308850585621285], [-75.02851175033292, 4.3088638201175105], [-75.02846313387643, 4.3088749936641735], [-75.02839368824765, 4.308886593685065], [-75.02823477862505, 4.30890747021386], [-75.02813157763572, 4.308925135357733], [-75.02799398386917, 4.308939533115034], [-75.02794803874704, 4.308945563873629], [-75.0278936218879, 4.308956506863329], [-75.02784787442177, 4.308971165809719], [-75.0278108631617, 4.308988912828254], [-75.02777372667519, 4.309013805557369], [-75.02773128481583, 4.309048120835478], [-75.02769402385603, 4.309084525189239], [-75.02766565598884, 4.309118619273352], [-75.0276406070114, 4.309159359645198], [-75.02762973630209, 4.309183124896256], [-75.02761974193736, 4.309225804968866], [-75.0276154140482, 4.309266127311029], [-75.02761700523038, 4.3093239300728055], [-75.0276234950296, 4.309382357409439], [-75.02764453341796, 4.309525463840904], [-75.02766275744864, 4.309606153414208], [-75.02771411919129, 4.309789033771846], [-75.02775012797191, 4.309950205137829], [-75.0277824851096, 4.310110394940742], [-75.02781148406935, 4.310263726908679], [-75.0278289783206, 4.310365815647155], [-75.02784181538374, 4.310454687024098], [-75.02785032112958, 4.310534990091932], [-75.02785403675982, 4.310618890402617], [-75.02785405326962, 4.310700224642157], [-75.02785018742284, 4.310890674631485], [-75.02785139830814, 4.310983082822067], [-75.02785708105498, 4.311065697133949], [-75.02786818192908, 4.311145392689018], [-75.02788253408559, 4.31122525592833], [-75.02789915483896, 4.311303365652382], [-75.02791751618167, 4.311377676437963], [-75.02792886505466, 4.31141803195822], [-75.02793984462906, 4.311457070640149], [-75.02796038407321, 4.311523700200245], [-75.02797976389573, 4.3115784263091586], [-75.02799912371626, 4.311624928956199], [-75.02802235376906, 4.311672263327349], [-75.0280593786088, 4.311738080918479], [-75.02814166497079, 4.311873321027411], [-75.02820555267887, 4.311990851774674], [-75.02823343162817, 4.312038060641601], [-75.02825391167991, 4.312068350223503], [-75.02827434289351, 4.31209449380847], [-75.02829521440624, 4.312117129554918], [-75.02831702318622, 4.312136790680803], [-75.0283486757651, 4.312159958380899], [-75.02838543228611, 4.312181667079017], [-75.02842804455227, 4.3122023932332105], [-75.02847958718922, 4.312223641813604], [-75.02864111162725, 4.312283051110481], [-75.02868699924635, 4.312296715370871], [-75.02882152788803, 4.312332420795913], [-75.028862607061, 4.31234617116303], [-75.02889831816408, 4.312360989598107], [-75.02892660917571, 4.312375356640415], [-75.02895724079583, 4.3123933796509455], [-75.02906295282247, 4.312464164448299], [-75.02910620184022, 4.312490556300043], [-75.02915724727366, 4.312517286373749], [-75.02928594367168, 4.31257911140272], [-75.02932037534285, 4.312597658772515], [-75.02935022042392, 4.3126156920026055], [-75.0293953020684, 4.31264851970878], [-75.02943768681672, 4.312688405928234], [-75.02949120534745, 4.312745273764529], [-75.02953034219068, 4.312795423623355], [-75.029554807838, 4.312836034314914], [-75.02957116539385, 4.312874975323854], [-75.0295791323253, 4.3129103552412404], [-75.02958053768852, 4.312950663118474], [-75.02957688896146, 4.312991182597603], [-75.02956067889279, 4.313103501414269], [-75.02955083672553, 4.31327674504986], [-75.02954407580332, 4.3133542098904645], [-75.02952987039005, 4.313460722031919], [-75.0295112577686, 4.313566752122313], [-75.02949208992744, 4.313584138615727], [-75.02947485203545, 4.313604236089956], [-75.0294588128792, 4.313627875907075], [-75.02944375092224, 4.313655439444782], [-75.02942261671969, 4.313704250925167], [-75.02938201542167, 4.313818254934948], [-75.02936211673209, 4.313866815284902], [-75.02933532843748, 4.313919263422683], [-75.02925615485859, 4.314066157941312], [-75.02921688427132, 4.314143151716286], [-75.02916253385023, 4.314242680189191], [-75.02914204879671, 4.314291318994101], [-75.02913431760263, 4.314321320387179], [-75.02912562529656, 4.314377890658072], [-75.02912376203656, 4.3144131928685185], [-75.02912558322322, 4.314443826258315], [-75.02913534868973, 4.314479578535822], [-75.0291637889506, 4.314517881215799], [-75.02921320874387, 4.314562788325724], [-75.02923646287223, 4.314589921016536], [-75.02925407329815, 4.314623583757213], [-75.02926471601326, 4.314650723058795], [-75.02927364244458, 4.314678593247784], [-75.0292804718963, 4.3147059996243], [-75.02928550721151, 4.314740785003993], [-75.02928560863175, 4.314787797646534], [-75.02927544343525, 4.314821725558098], [-75.02925203489079, 4.314849093462758], [-75.02922388438186, 4.31486765992701], [-75.02917533233065, 4.31488861363241], [-75.029129182965, 4.314904023696783], [-75.02907556993976, 4.314921926572044], [-75.02904648507595, 4.314928957116367], [-75.02901282956982, 4.314933681714687], [-75.02890086516021, 4.3149396541846485], [-75.02886231189655, 4.314943413237179], [-75.02882695758805, 4.3149503655789045], [-75.02879049156623, 4.314964495208725], [-75.02875678818472, 4.314983430170481], [-75.02871507211458, 4.315014921722547], [-75.02867481412243, 4.3150529541720735], [-75.02863714904989, 4.315096346853753], [-75.02861502491578, 4.315126280937552], [-75.02859518682666, 4.315156962335187], [-75.02858071528394, 4.315183279742873], [-75.02856750826882, 4.3152121272092385], [-75.02855478955674, 4.315245709213924], [-75.02854333461948, 4.315282555715215], [-75.02853302012483, 4.315323046019224], [-75.02852355711325, 4.315368297928858], [-75.02851454598701, 4.315420856808686], [-75.02851203536343, 4.315456676315479], [-75.02851363404106, 4.315504293687163], [-75.02852365190148, 4.315604220700472], [-75.02852608984549, 4.31564622716055], [-75.02852443905498, 4.315689272046934], [-75.02851744307847, 4.315726063205667], [-75.02849840819124, 4.315777598808926], [-75.02847152765712, 4.315830628799105], [-75.02843810200768, 4.315882579171083], [-75.02839963515925, 4.315931123202092], [-75.02836090630753, 4.315971257196723], [-75.02832053324497, 4.316005335590047], [-75.02827967030788, 4.316032392928712], [-75.0282392133401, 4.316051839809313], [-75.02819530369823, 4.3160651807521075], [-75.02814509107208, 4.316073619101369], [-75.02808883210908, 4.31607710170914], [-75.02802704481111, 4.316075598244536], [-75.02797836343137, 4.316071302866054], [-75.02792791898653, 4.31606437383852], [-75.02789848261571, 4.316058151084985], [-75.02786760865831, 4.316049035132839], [-75.02780804525902, 4.316025545981313], [-75.02768772399048, 4.315968144935665], [-75.02763568386865, 4.315945945326741], [-75.02742843980766, 4.315871776133492], [-75.02737593863456, 4.315855106808254], [-75.02732949711904, 4.31584264337825], [-75.02729380226499, 4.315835041721018], [-75.02726038532718, 4.315829876061819], [-75.02722889116737, 4.31582709398656], [-75.02719911792884, 4.315826684277174], [-75.02717037277378, 4.31582866235375], [-75.02714113586083, 4.315833091071557], [-75.02711152066128, 4.315839949324251], [-75.02708149925806, 4.315849242613412], [-75.02703844420624, 4.315866496695083], [-75.0269945460827, 4.3158886100784315], [-75.02694977699628, 4.315915598214443], [-75.02690408386361, 4.31594749018864], [-75.0268574783538, 4.315984269689511], [-75.02680976890925, 4.316026071996789], [-75.02676080002934, 4.316073038625181], [-75.02671022299369, 4.316125498833009], [-75.02665676925115, 4.316184839864298], [-75.02659466829832, 4.31625803801401], [-75.02648377164941, 4.316392556405173], [-75.02642989457085, 4.316463171087077], [-75.02639613222155, 4.316513939288247], [-75.02636988000098, 4.316561040554631], [-75.02635050755497, 4.316605627068335], [-75.02633783227193, 4.316648148843343], [-75.0263326269116, 4.316681356225232], [-75.02633238738116, 4.3167405043499185], [-75.02634040174306, 4.316793426588528], [-75.0263556043618, 4.316851089880484], [-75.02637989382457, 4.31691830459321], [-75.02641286989521, 4.316992282381975], [-75.02645094818219, 4.317066510631953], [-75.0264650956487, 4.317088825186785], [-75.02648616574486, 4.317122057282753], [-75.02650875931187, 4.317152517598971], [-75.02653400763573, 4.317183455615598], [-75.02659370506302, 4.3172482420731955], [-75.02665798374672, 4.317310496392902], [-75.02680089367121, 4.317441555741841], [-75.02683192616085, 4.317468280584153], [-75.02686790496952, 4.317496607593462], [-75.02699510938453, 4.317588633603455], [-75.0270427407599, 4.317625007326606], [-75.0270883367132, 4.3176640836436375], [-75.02712615882417, 4.317702182206913], [-75.02717897642742, 4.3177653598224826], [-75.02721781130823, 4.317814665770721], [-75.02724809727752, 4.317857150398628], [-75.02727239990674, 4.317896352399139], [-75.02729209641942, 4.3179348259531976], [-75.02730655126872, 4.317971767776274], [-75.02731568759299, 4.31800639570107], [-75.02732120888867, 4.318045375697114], [-75.02732297684311, 4.318086499399012], [-75.02732122831887, 4.318130745723206], [-75.02731596967115, 4.318177793563186], [-75.0273072731155, 4.3182270150181425], [-75.02729768633802, 4.318268084984425], [-75.02728723623449, 4.318300613559867], [-75.02727231259115, 4.318336196769709], [-75.02725321602182, 4.3183733549878305], [-75.02721649488069, 4.318432982378038], [-75.02711442542476, 4.318578672060813], [-75.02702899461548, 4.318711322590384], [-75.02688474046187, 4.318925917058688], [-75.0267989398887, 4.319056084889659], [-75.02663196665074, 4.319299246605182], [-75.02656514306055, 4.319399825215017], [-75.02651593930501, 4.319478517147972], [-75.02647347674967, 4.319551702671297], [-75.0264364369503, 4.319621660075833], [-75.02640429907485, 4.319689390203779], [-75.0263656561939, 4.319784061352637], [-75.02632745657786, 4.319891617426007], [-75.0262944889485, 4.319998751585002], [-75.02626604960605, 4.3201071579916], [-75.0262385126705, 4.320236110838927], [-75.02621182699949, 4.320396889114628], [-75.02619692208546, 4.320500971184234], [-75.02618990977925, 4.320582876026204], [-75.02618936071883, 4.320648920725552], [-75.0261921119833, 4.3206820082421], [-75.02619436901362, 4.320709147419625], [-75.02620342604449, 4.320762080417139], [-75.0262165043163, 4.320816706692048], [-75.02623660221701, 4.320881771765789], [-75.02626184409638, 4.320948215065393], [-75.02629336293988, 4.321018224205203], [-75.02632426821417, 4.321076703784126], [-75.02634812271414, 4.32111471126405], [-75.02637701295058, 4.321156088015798], [-75.02648971833636, 4.321304193235575], [-75.0266390167034, 4.321514649283556], [-75.02670294385715, 4.321596668122731], [-75.02673265299437, 4.3216308583784935], [-75.02676523125793, 4.321663118030079], [-75.02687806633438, 4.321759927996015], [-75.02691313421903, 4.321791883397035], [-75.02694103493448, 4.321820612715617], [-75.02696393216664, 4.321848278194668], [-75.02698674431242, 4.321882917427679], [-75.02700769618288, 4.321925818622036], [-75.02702491395243, 4.321973023371159], [-75.02703884433944, 4.322025478372548], [-75.02705096413118, 4.322092683929752], [-75.027059431837, 4.322169965203209], [-75.02706534179406, 4.322273106930683], [-75.02706798368035, 4.32238300029369], [-75.02706532010805, 4.322454482914578], [-75.02705860594479, 4.322542727319675], [-75.02704323740221, 4.322705191965204], [-75.02702888595212, 4.322824874781234], [-75.027009192276, 4.322948596834057], [-75.02698557226346, 4.323059891923634], [-75.0269670156304, 4.323127657195896], [-75.02691269296783, 4.32330662437089], [-75.02686776940638, 4.323474273063803], [-75.02684131707275, 4.323582703127431], [-75.02682610429363, 4.323654938428267], [-75.02681015119623, 4.323743566669562], [-75.02678576394644, 4.323858415717493], [-75.02677958960939, 4.323900589086778], [-75.02677777844458, 4.323948684148047], [-75.0267828570096, 4.323991548246852], [-75.02679185297919, 4.324023473945113], [-75.02681277658836, 4.324071295558236], [-75.02684299458338, 4.324122633306257], [-75.0268789288755, 4.324186928671343], [-75.02692013882336, 4.324310598847823], [-75.02693385785865, 4.324484154088907], [-75.0269476298722, 4.324701011080704], [-75.0269477340159, 4.324783899902442], [-75.02694786678951, 4.32489077179264], [-75.02690762810366, 4.32510769932198], [-75.02685383715516, 4.325283974309614], [-75.0267228703135, 4.32545532588159], [-75.02655706243094, 4.325514772853642], [-75.02640858222728, 4.325555624336211], [-75.02624654795316, 4.325555827751487], [-75.02607091011113, 4.32547471875208], [-75.02593566340097, 4.325298679580423], [-75.02586793027274, 4.3251225554360255], [-75.02578666029257, 4.32491933676906], [-75.02566500014548, 4.324811053598046], [-75.02548946415926, 4.324811274837449], [-75.0253005432551, 4.324906391833617], [-75.02507123106498, 4.325096443438178], [-75.02477462364621, 4.325462788152422], [-75.02466919597717, 4.325592852297245], [-75.02435667660723, 4.325978388356819], [-75.02416802485973, 4.326290378898437], [-75.0240466673953, 4.326426077185666], [-75.02387124768067, 4.326521177856399], [-75.023695728171, 4.32653495064336], [-75.02349313577025, 4.3264945405897235], [-75.02337371595361, 4.326467583693445], [-75.02327729272548, 4.326423534792917], [-75.0231938218732, 4.326410410681673], [-75.02308837236819, 4.3263840883850255], [-75.02305899824778, 4.32637570283345], [-75.02299610034306, 4.326357749816188], [-75.02289940344623, 4.326304960683318], [-75.02282531227942, 4.326255510108723], [-75.02273852925042, 4.32617278868286], [-75.0223999352907, 4.3258160353276605], [-75.0222633322837, 4.325689655659754], [-75.02220985285126, 4.325629584630535], [-75.02217307238232, 4.3255648443413985], [-75.02215177370833, 4.325481894353131], [-75.02214127525657, 4.3253509056444575], [-75.0221465716224, 4.3252320743517565], [-75.02217905121381, 4.3250891871826695], [-75.02227591774658, 4.3249237429132315], [-75.02230313029186, 4.324854361615041], [-75.02233316309282, 4.324716045009696], [-75.02233388705615, 4.324663900659817], [-75.02232528313795, 4.324620411798719], [-75.0222970681479, 4.3245662961497615], [-75.02224806716625, 4.324510050828319], [-75.0221740078954, 4.324448414834304], [-75.02209104498321, 4.324394358656108], [-75.02201896604002, 4.324361206685784], [-75.02194124318837, 4.3243372701687095], [-75.0218578773234, 4.324322548197372], [-75.0217687917683, 4.324317008414736], [-75.02164835508151, 4.324261534576213], [-75.02151190539958, 4.324238013590424], [-75.02136309923331, 4.3242315551605435], [-75.02103429617166, 4.324252673043518], [-75.02089154063437, 4.3242510807507655], [-75.02076812057932, 4.324231272991379], [-75.0205792897779, 4.32417037470928], [-75.02046703970646, 4.324156674877034], [-75.02033228234704, 4.324159087866516], [-75.01950676675904, 4.324213917956006], [-75.01935471865828, 4.3242166907806014], [-75.01922208939824, 4.324210590336266], [-75.0190949093112, 4.324194195882036], [-75.01895284318775, 4.324162765205173], [-75.0188172662506, 4.324159236757473], [-75.0186955931468, 4.3242170041735095], [-75.01858024034706, 4.3243209159070854], [-75.0185007744034, 4.324376449696784], [-75.01844546440091, 4.324437546736562], [-75.01841403023606, 4.324504928649726], [-75.01840775511587, 4.324575583702934], [-75.01842382756405, 4.324652129731929], [-75.01845673004432, 4.324724489231123], [-75.01861530239675, 4.324901286920161], [-75.01864406004808, 4.324941949001083], [-75.01865348635073, 4.324982346996905], [-75.0186366510466, 4.325022311269374], [-75.01855467309264, 4.3251255216659645], [-75.01848579214011, 4.325196962429682], [-75.01841055318823, 4.325257389082679], [-75.01833502211525, 4.325300394361094], [-75.01825719406915, 4.325325952858969], [-75.0181545010146, 4.325340880366154], [-75.01802075599105, 4.325349754684782], [-75.01784487644741, 4.325340363178242], [-75.01777211140114, 4.325351345948632], [-75.01770891803557, 4.325376306394217], [-75.01763728429033, 4.325416761441864], [-75.01752598722398, 4.325491935950846], [-75.01748896884413, 4.325516939635015], [-75.0174256774276, 4.325569888667096], [-75.01739600671867, 4.3256063859242895], [-75.01737829842183, 4.325640631675189], [-75.01736068861426, 4.325737963082623], [-75.0173682237195, 4.326039497800191], [-75.01740755858097, 4.32635008478079], [-75.01740448837393, 4.326425497952189], [-75.01738870272874, 4.326486918312461], [-75.01736406413491, 4.326531197905177], [-75.01731946368746, 4.32658246632691], [-75.01729816940582, 4.3266007611359925], [-75.01726366720783, 4.326630399030425], [-75.01720054703412, 4.326672163695908], [-75.0170863800598, 4.32672047459305], [-75.01695596525154, 4.326735945403624], [-75.0168239588269, 4.326723356114681], [-75.01671749699217, 4.326690477132653], [-75.01649267207023, 4.3265489577976615], [-75.01632045336541, 4.326454231786448], [-75.01624517519532, 4.326404608972737], [-75.01619078939528, 4.326356408377894], [-75.01613645004133, 4.326294086844418], [-75.01570454632872, 4.325704379077477], [-75.01558866416482, 4.325569885309269], [-75.0155102466216, 4.325504469377781], [-75.01543125697579, 4.325460878361088], [-75.01536051559668, 4.325439866619702], [-75.01524095258644, 4.325425934090735], [-75.0151517107991, 4.325433380573871], [-75.01508586219359, 4.325465608216038], [-75.01492637639397, 4.325618731808037], [-75.01476952590755, 4.32579805040166], [-75.01469655723731, 4.3258691147810895], [-75.0145397476575, 4.325981452526015], [-75.01446533392803, 4.326021243653452], [-75.01440294968552, 4.326042900372302], [-75.01432200725304, 4.326057194256067], [-75.0142234383264, 4.326061750352114], [-75.01407982520107, 4.326057170786964], [-75.0137303044284, 4.3260460229451985], [-75.01364234728973, 4.326043217143816], [-75.01329038082734, 4.326072581190975], [-75.01319315246411, 4.326063795135034], [-75.01292810290606, 4.326017018682405], [-75.01277055108552, 4.326008827259333], [-75.01266954682777, 4.32601450396154], [-75.01261967082309, 4.326027032663291], [-75.01255536621983, 4.3260445427724115], [-75.01211100238922, 4.326202997142065], [-75.01186472209727, 4.326264765746959], [-75.0117962589737, 4.3262999542078635], [-75.01159766720194, 4.326430193073467], [-75.01144783612884, 4.326489250268639], [-75.01136136340224, 4.326511584103274], [-75.01128429932484, 4.3265209686949655], [-75.01125548497993, 4.326520215911209], [-75.0112002928414, 4.326518769888198], [-75.01111075717293, 4.326504796691933], [-75.01095680823845, 4.326456961628015], [-75.01082434692472, 4.32638888666626], [-75.01075568404464, 4.326333718225634], [-75.0105927936853, 4.326173669910524], [-75.01050513814866, 4.32610081582632], [-75.01036113155098, 4.326002862738937], [-75.01015952399868, 4.325865732859126], [-75.00998319528522, 4.325745794247239], [-75.00969301221595, 4.325521357781652], [-75.0096103348439, 4.325434078182742], [-75.00953142494677, 4.325318518788828], [-75.00939978275353, 4.325087665976693], [-75.0093104485694, 4.324888913176717], [-75.00926369644657, 4.324809512040925], [-75.00922877187165, 4.324769306230462], [-75.00918381699456, 4.324732858066668], [-75.00906550098603, 4.324666342342793], [-75.00900139689948, 4.324645444319763], [-75.00893023220864, 4.324634420340871], [-75.00885905876851, 4.324633070784067], [-75.0087972335515, 4.324642325947152], [-75.00874036865164, 4.324666337326385], [-75.00870520422805, 4.324699924794948], [-75.00863856300761, 4.324763568767792], [-75.00852057405577, 4.324830771643565], [-75.00838998227586, 4.324869910935351], [-75.00826748190025, 4.324871480697145], [-75.00810931994633, 4.324847219736896], [-75.00796273297055, 4.324804943163774], [-75.00768847244514, 4.324699790636748], [-75.00742426500125, 4.324576239320088], [-75.00730555304119, 4.324538640805597], [-75.00677837967666, 4.324472867312539], [-75.00674994507372, 4.324473979273285], [-75.00672176633584, 4.324475080604992], [-75.00659249070723, 4.32449878461432], [-75.006513877122, 4.3245052250300695], [-75.00642904992242, 4.3244852717235895], [-75.00631178559398, 4.324431114310029], [-75.0061674311508, 4.32433634474851], [-75.00596413225237, 4.3241851628042545], [-75.00585777132454, 4.324093645365116], [-75.00576309502823, 4.323995619874425], [-75.00572131202148, 4.323952357615463], [-75.00559760359249, 4.323798506122418], [-75.00555173924302, 4.323726244045354], [-75.00547002923315, 4.32359750561792], [-75.00541688980675, 4.3234895471956705], [-75.00532940604958, 4.323311812416488], [-75.00528354236349, 4.323185974623083], [-75.00519250758337, 4.322868696296521], [-75.00515627538317, 4.322775521237405], [-75.00511760421026, 4.322701924900206], [-75.00502131780797, 4.322560263600039], [-75.00495182122472, 4.322485555867919], [-75.00484520794988, 4.322420266296469], [-75.00474314596495, 4.322389322627613], [-75.00466982001718, 4.322392438319052], [-75.00458324980534, 4.322419218894795], [-75.00451887566528, 4.322450473090283], [-75.00439445702855, 4.322533974996715], [-75.0041094578727, 4.322627698609089], [-75.00395348187944, 4.322698026904919], [-75.00380542696007, 4.322778007744513], [-75.00364393386297, 4.322887440004389], [-75.00339571370291, 4.3231146097072175], [-75.00329117115994, 4.323197258450225], [-75.0032466526252, 4.323223240215731], [-75.003273569168, 4.322882919213747], [-75.00347396887078, 4.3223655579567435], [-75.003485998788, 4.321924099098053], [-75.00343527035209, 4.321533170190333], [-75.00347226143968, 4.32095293972487], [-75.00378541677281, 4.320170572885431], [-75.00401099022054, 4.319691019103602], [-75.00416126968766, 4.319287229376838], [-75.00408542900318, 4.318908942138833], [-75.00396135721802, 4.318487357807323], [-75.00386052083053, 4.3183072698724985], [-75.00360673203795, 4.317862676231601], [-75.00346804070539, 4.317459239985118], [-75.00345486698217, 4.3169547476992935], [-75.00347946214421, 4.3165132736992256], [-75.00335312183749, 4.315933245181797], [-75.00318918245009, 4.315428940425022], [-75.00279857392239, 4.314496077297139], [-75.00258624983124, 4.314050274850819], [-75.00238091864911, 4.313619157188137], [-75.00232390999818, 4.313499459764752], [-75.00215618658264, 4.313147301582917], [-75.00186659432256, 4.3126305334033015], [-75.00171518859253, 4.312100984423265], [-75.00168936308606, 4.311520832382704], [-75.00174963581291, 4.311415081141692], [-75.00152555070771, 4.31115437512326], [-75.00141080328409, 4.311095614361215], [-75.00114689291811, 4.310960469915147], [-75.00078613728881, 4.310953806080098], [-75.00069805371402, 4.3109521813518406], [-75.00026921044919, 4.310802169941554], [-74.99991078714592, 4.310509362086791], [-74.9998846583497, 4.310468663597331], [-74.99965589117106, 4.310112371190116], [-74.99958644783132, 4.309821134388785], [-74.99954880687451, 4.3096632700360145], [-74.9995138315709, 4.309516593572184], [-74.99945684095023, 4.309138280858645], [-74.99951294683186, 4.308778749712342], [-74.9996290455613, 4.308379328021084], [-74.99967247708751, 4.308229906179631], [-74.99970154962355, 4.3081962159328935], [-74.99998300084712, 4.307870068799765], [-75.00000126301883, 4.307848820288346], [-75.00028411273676, 4.3075197054524645], [-75.00032213071837, 4.307479194382258], [-75.00060408207717, 4.307178776058782], [-75.0008769362405, 4.306837900201169], [-75.00098862121686, 4.3066974069164745], [-75.00114037771654, 4.306506501098539], [-75.00141323235395, 4.306165626168187], [-75.00166708066108, 4.305692345608007], [-75.0017507339189, 4.305492220632939], [-75.00189258104369, 4.305152877559234], [-75.0019324196771, 4.304965132034869], [-75.00197690884319, 4.304755478313592], [-75.00203307013011, 4.304443246121297], [-75.00202319278226, 4.304064878621539], [-75.00194742438303, 4.303743349271955], [-75.00192118580213, 4.303676719277743], [-75.00182455173992, 4.303431331635514], [-75.00176761699399, 4.303100318752743], [-75.00178237528468, 4.302908450582505], [-75.00180472885782, 4.302617837956196], [-75.00185142206438, 4.302267782231881], [-75.00184979390329, 4.301966276623899], [-75.00179408966189, 4.301605682634077], [-75.0016881103428, 4.300973600845945], [-75.00170748379544, 4.300844181182385], [-75.00175042919813, 4.300557307822681], [-75.00177694931193, 4.300450263696884], [-75.00186243532622, 4.300105222665296], [-75.00069210041804, 4.300426286353444], [-75.00029435788458, 4.300500091431212], [-74.99982926926775, 4.30057114642244], [-74.99959672385143, 4.300577606109746], [-74.99946107273416, 4.300525928899833], [-74.99937709876313, 4.300480714138497], [-74.99927374539776, 4.300467792787335], [-74.99918331107637, 4.300551766678788], [-74.9992026903131, 4.300861826977324], [-74.99923498779609, 4.301120212131206], [-74.99920268982653, 4.301320459742408], [-74.9990605798639, 4.301572380281558], [-74.99888617093306, 4.301811385426265], [-74.99869238427512, 4.301934116297667], [-74.99807872405711, 4.302121445874549], [-74.9974779835653, 4.30231523272024], [-74.99701289541156, 4.3025929936261536], [-74.9964056953516, 4.303251868602192], [-74.99560470815479, 4.303994720086339], [-74.99472620637748, 4.304802165967248], [-74.99381540565558, 4.305706509246783], [-74.99324050412186, 4.306320169414132], [-74.9928464698573, 4.306991962036815], [-74.99252100984299, 4.307761630558937], [-74.99236846165007, 4.308122388929419], [-74.99190337254952, 4.308619775725496], [-74.99136413129456, 4.309224146565147], [-74.99075356860581, 4.309821257695088], [-74.99008177318386, 4.310260507017721], [-74.98960393542082, 4.310653305486441], [-74.98931954320318, 4.3108870842720295], [-74.98909345812129, 4.311145468176504], [-74.98884799466882, 4.3113457164128475], [-74.98855731393517, 4.3114361484158135], [-74.98844155390466, 4.311487280097192], [-74.98785321994231, 4.311907697200905], [-74.98732353478228, 4.31241154359657], [-74.9871814246453, 4.312527815777033], [-74.98704577432754, 4.312566575239857], [-74.98684040399367, 4.312566832681456], [-74.98659360417703, 4.312663467273279], [-74.98630938192159, 4.313063961937949], [-74.98627309233612, 4.3132239663807095], [-74.98616727198342, 4.313690539011309], [-74.98610267630633, 4.314401094164669], [-74.98615435257217, 4.3153312705858005], [-74.98627077487586, 4.315818788238729], [-74.98656130558142, 4.316358343149847], [-74.9866646594483, 4.3167652983600675], [-74.98659360434301, 4.317211009044172], [-74.9863481400888, 4.3182445380042385], [-74.98602516090585, 4.319135958932372], [-74.98555361195679, 4.319743159215994], [-74.98502392692166, 4.3205570647676685], [-74.98448313166246, 4.321899453776579], [-74.98441026765009, 4.322817916611443], [-74.98437182598087, 4.323649230045548], [-74.98435859100366, 4.323935424668489], [-74.98428107620387, 4.324303618134288], [-74.98425517706515, 4.324385531702299], [-74.98404207194272, 4.325395285760019], [-74.9839516377154, 4.326015407030811], [-74.98370617363685, 4.326558008551691], [-74.98342841299223, 4.327158752138952], [-74.98342195261898, 4.327346077911388], [-74.98349946831509, 4.327591540963494], [-74.9835446847383, 4.327843464558373], [-74.98349946786273, 4.328082467615317], [-74.98330568085134, 4.328424826291053], [-74.98298916200572, 4.328831778200962], [-74.98273077862675, 4.328973889443208], [-74.98242071915723, 4.329109539643055], [-74.98204606381775, 4.329342084892385], [-74.98190395366697, 4.329522955642408], [-74.98191041335922, 4.330259345175763], [-74.98182643879116, 4.330847166717308], [-74.98178768116594, 4.3312412020310065], [-74.98170370656247, 4.331467283949453], [-74.9816068131725, 4.3317579650063385], [-74.9815680555748, 4.332229513571471], [-74.98160681271185, 4.3324814380882986], [-74.98171016612106, 4.332785037387605], [-74.98187165557914, 4.333056338929222], [-74.98197500889567, 4.333288884886468], [-74.9820073070431, 4.333592484207397], [-74.9820266852157, 4.334051113024213], [-74.98203960500683, 4.334483906284514], [-74.98197500923659, 4.334800426633395], [-74.98181351879502, 4.335078184781526], [-74.98136134931619, 4.335666007256228], [-74.98097377494695, 4.336105261056124], [-74.9802696815739, 4.336634945747551], [-74.9800914099578, 4.336716615427849], [-74.97945126897861, 4.337009883701072], [-74.97907419486988, 4.3371190398748976], [-74.97871727456993, 4.337190420689726], [-74.97837463283001, 4.337290358933108], [-74.97794632972479, 4.337475955767078], [-74.97773217922129, 4.337618724409729], [-74.9773467058638, 4.337989919965943], [-74.97710400101816, 4.338318285588527], [-74.97686129619079, 4.338660929749225], [-74.97667569844252, 4.33896073972157], [-74.97660431384259, 4.339274831877613], [-74.97653292973658, 4.339560366093967], [-74.97647353389209, 4.340154326131037], [-74.97638656856233, 4.340743256163908], [-74.97632934173153, 4.341130807805258], [-74.97616139304589, 4.341615272711562], [-74.97583841407948, 4.3419124166668235], [-74.97551543640876, 4.34217725706119], [-74.97523767421205, 4.342480856383413], [-74.97508264379019, 4.342719859771927], [-74.97494053431909, 4.342984703613477], [-74.9747144488459, 4.34316557069084], [-74.97436563223307, 4.343333520135223], [-74.97369383560229, 4.343404577410512], [-74.97314477182428, 4.343482090169806], [-74.97280887541488, 4.343553145176413], [-74.97229613541325, 4.343782593765927], [-74.97216424031576, 4.34388622484152], [-74.97190725841268, 4.344100377780711], [-74.97157889179894, 4.344457295184365], [-74.97119342008406, 4.344728555858491], [-74.97059379559242, 4.345142581006491], [-74.97039554074846, 4.345252720810025], [-74.96990852630422, 4.345742942723173], [-74.96965014337002, 4.346447033772739], [-74.96944989720305, 4.347299700389693], [-74.96922381218276, 4.3481911224304515], [-74.96899126678183, 4.348921049600276], [-74.96896542869575, 4.34925048893103], [-74.96903648381732, 4.34974141815128], [-74.96903002390953, 4.350187129387291], [-74.96896542911222, 4.350678054572615], [-74.9687910201289, 4.351026871244626], [-74.96813860287915, 4.351898913733586], [-74.96766059495087, 4.352473815982294], [-74.96727947955706, 4.352829094686765], [-74.96702755658274, 4.353100396113984], [-74.96690482495934, 4.3535654837272], [-74.96688544588301, 4.354095168780649], [-74.96703401589735, 4.354385848683602], [-74.96720196493906, 4.354728206717937], [-74.96733761587731, 4.3549930512754855], [-74.96738283316243, 4.35529665114163], [-74.96734407596443, 4.355477517195912], [-74.96727302128939, 4.355703601990759], [-74.96711153139618, 4.355819874548876], [-74.96690482514872, 4.355890929610778], [-74.96669165923721, 4.355903849653369], [-74.96649141237422, 4.355897389240424], [-74.96640743769343, 4.355949065770941], [-74.96636446689728, 4.356033211826055], [-74.9663678726428, 4.35611665397985], [-74.9663815987877, 4.356362479451871], [-74.96637513966299, 4.3566919200855345], [-74.96634930241488, 4.3569373833094796], [-74.96631054394628, 4.357208684253452], [-74.9660586209988, 4.357906318314218], [-74.96587775322493, 4.358371405699544], [-74.96585191356071, 4.358681465559314], [-74.96585191356569, 4.359346802137598], [-74.96580023838888, 4.359979840102422], [-74.96570980431596, 4.360774367004279], [-74.96585320343448, 4.360872784743522], [-74.96636881299113, 4.361060446633316], [-74.96659349794406, 4.361113933944442], [-74.9668364429162, 4.361198302137641], [-74.96697657716606, 4.36119857608199], [-74.96706217756537, 4.361195300759598], [-74.96754733380723, 4.361106339160897], [-74.96792858191495, 4.361029329761194], [-74.96819536112754, 4.360895040282101], [-74.96872898576419, 4.360683874726639], [-74.9690720323465, 4.360549494408939], [-74.9694532796967, 4.3604724853353565], [-74.97036799310003, 4.360050337973355], [-74.97082539405578, 4.359877540910526], [-74.97137790259214, 4.359513241078244], [-74.97198756693142, 4.359110595380165], [-74.97252118916256, 4.358899429977081], [-74.97299761064598, 4.358688329633348], [-74.97349314371698, 4.358515490162799], [-74.97385523178995, 4.358361941674956], [-74.97421716108494, 4.358074424325678], [-74.97450268719173, 4.357672164070716], [-74.97469308241446, 4.357442267962736], [-74.9749408601091, 4.357365415349215], [-74.97510418369195, 4.357372349396691], [-74.97537941791812, 4.3573840289465595], [-74.97574184618337, 4.357517569170375], [-74.97592581429639, 4.357501958172804], [-74.97625558085502, 4.357511321260943], [-74.97640187285694, 4.357493416886388], [-74.97654948035903, 4.357440300252849], [-74.97674813212444, 4.3573848793305725], [-74.97686660273504, 4.357363110803936], [-74.97698086773892, 4.3572481422827565], [-74.97709510881957, 4.357114029070708], [-74.97709485883881, 4.356903499868782], [-74.97715178592046, 4.356673763140368], [-74.97732318187018, 4.356501305871744], [-74.97755184573033, 4.356386197195705], [-74.97789511625678, 4.356443205177939], [-74.97827638179544, 4.3563853322150115], [-74.97865748886629, 4.35619348163764], [-74.97892428614082, 4.3560783301187875], [-74.97928641700999, 4.355963057610172], [-74.97943940070546, 4.355944444138406], [-74.97976301739378, 4.355905070341286], [-74.98035403936063, 4.355866080562283], [-74.98073532782799, 4.355827346693163], [-74.98085366922479, 4.355807400612528], [-74.98119283673809, 4.3557502407187965], [-74.98157394305434, 4.355558390043779], [-74.98162607383121, 4.355413944589718], [-74.9816499577513, 4.3553477687906685], [-74.98163063985236, 4.355137264217008], [-74.98170674679969, 4.3550031989258615], [-74.98197358891139, 4.3549263206190885], [-74.9823462550247, 4.354940285322558], [-74.98263219089169, 4.354886113717229], [-74.98288224844521, 4.3547243259073305], [-74.98306084692669, 4.3545985114492085], [-74.98323137082286, 4.354408051842554], [-74.9836311302285, 4.3538716792844845], [-74.98367791107458, 4.353790956592977], [-74.98376432164108, 4.353641847588993], [-74.98366869090107, 4.353393155861305], [-74.98355708208499, 4.353273408576058], [-74.9834014146379, 4.353106394290853], [-74.98345822620075, 4.352780961195487], [-74.98352516372483, 4.352682156826986], [-74.983743721081, 4.352359557723681], [-74.98379248207371, 4.352290041140581], [-74.98390397537294, 4.352131090171324], [-74.98397213083183, 4.352033918843352], [-74.98427685274383, 4.351746465633765], [-74.98448621937689, 4.351439990946697], [-74.98471476629138, 4.351229187182481], [-74.98507696234182, 4.3511713299525505], [-74.98553453726471, 4.351151641225766], [-74.98608769741267, 4.351342364225661], [-74.98652650268322, 4.351571499000606], [-74.9872511469208, 4.351666318695937], [-74.98768995428287, 4.351895457964035], [-74.98782360412613, 4.35204840640665], [-74.98831958786184, 4.35225833525259], [-74.98852952710794, 4.352430332162804], [-74.9886824965885, 4.352793786585929], [-74.98874031834657, 4.353310471417322], [-74.98879955296923, 4.353429031950637], [-74.98890477876179, 4.353604592571868], [-74.98902438104155, 4.353764265580742], [-74.98906591230335, 4.353819712680968], [-74.98908523533885, 4.353836640787257], [-74.98920906268653, 4.353945136882057], [-74.98938967335936, 4.354089999940929], [-74.98958482626009, 4.354267654995875], [-74.9896657681759, 4.354338573147033], [-74.98980290642761, 4.354458732601701], [-74.98987112829344, 4.354518503893249], [-74.99012161542333, 4.354715571032364], [-74.99016548187859, 4.354759500280442], [-74.99028268376208, 4.354876864115668], [-74.99052930322871, 4.354982602368981], [-74.99078331270437, 4.3549839102543935], [-74.99096212770354, 4.355037520881316], [-74.99124834431183, 4.355216600891187], [-74.99135762737237, 4.35528622255514], [-74.99140503509052, 4.355316425595961], [-74.99144754860481, 4.3553426907611525], [-74.99162393425347, 4.355395573157332], [-74.99170153737066, 4.3554121657538465], [-74.99186978086438, 4.3554119621235765], [-74.9922320008939, 4.355373241677351], [-74.99261616440403, 4.355429892687043], [-74.9927468922467, 4.3554491744309045], [-74.99320462999249, 4.355563447153947], [-74.99368141204253, 4.355658560612683], [-74.9941202917738, 4.355945111345865], [-74.99444463262942, 4.356116966426958], [-74.99463530015723, 4.356116735128242], [-74.99492118343663, 4.356020689185717], [-74.99507719476208, 4.355961744970886], [-74.99529517732172, 4.355927285434709], [-74.99558851489518, 4.356019876342654], [-74.9959317866712, 4.356349286713146], [-74.99604664759944, 4.356459513452222], [-74.99629947506833, 4.356686485615946], [-74.9966001849545, 4.356956447576673], [-74.99677208720415, 4.357205044853809], [-74.99700121243038, 4.357472707652677], [-74.99719232085751, 4.357836114424434], [-74.99719264613428, 4.35810406085628], [-74.99702141831884, 4.3584104930726575], [-74.99662127417912, 4.358621513053178], [-74.99610670455016, 4.358813530746076], [-74.99589718093785, 4.3589860385971315], [-74.99557362726641, 4.359464908025146], [-74.99545955214309, 4.359732995154278], [-74.99530752921774, 4.360154234593013], [-74.99523195873981, 4.360728498587089], [-74.99530859821034, 4.3610346273447504], [-74.99525186179298, 4.361417474564008], [-74.99514414495988, 4.361610245698843], [-74.99508063285317, 4.361723907923924], [-74.99508565391044, 4.361778613808561], [-74.99499241194849, 4.361976470431615], [-74.99492786570514, 4.362128158583952], [-74.99488546592124, 4.362227801986756], [-74.99472491583388, 4.36249713808189], [-74.99452866034505, 4.362802407057307], [-74.99445986225761, 4.3628931661725305], [-74.99432854638395, 4.363066403330981], [-74.99415373890868, 4.36317966236064], [-74.99393692795688, 4.363233449400446], [-74.99403134475615, 4.363483400842994], [-74.99413745022443, 4.36376429470509], [-74.9941882195496, 4.364012923993932], [-74.99420141807414, 4.364077554892506], [-74.99429569216397, 4.364539229069585], [-74.99427150966937, 4.364784982395052], [-74.99425301194833, 4.364972974900235], [-74.99423918802827, 4.365113468059211], [-74.99419686220573, 4.365587209756882], [-74.99406211867212, 4.366221267745138], [-74.9941560681454, 4.366537214006466], [-74.99423532861762, 4.366856402128173], [-74.99430624444098, 4.367308029635695], [-74.99433529166005, 4.367450125421745], [-74.99438816889831, 4.367624175092051], [-74.99445735209925, 4.367806659171707], [-74.99448459822852, 4.368860257569039], [-74.9944878438215, 4.368900434745117], [-74.99448823482906, 4.368940641230384], [-74.99449477990262, 4.369026721797432], [-74.99449600599122, 4.369153094604883], [-74.99451400908251, 4.369239059633564], [-74.99451483511982, 4.369325210602308], [-74.9945213892592, 4.369411301995221], [-74.99452755238823, 4.369457189617086], [-74.99453982739796, 4.369543210597608], [-74.99454643279365, 4.369635050822574], [-74.99455260492628, 4.369680932087027], [-74.99455343009036, 4.369767083054931], [-74.99457148626564, 4.36985879237872], [-74.99457192943201, 4.3699047431706335], [-74.99458420359743, 4.369990772286604], [-74.9945965208882, 4.3700825448302085], [-74.99459696405525, 4.370128492907628], [-74.99462163470142, 4.370312034274559], [-74.9946277367154, 4.370352173984796], [-74.99464124557093, 4.370452233949678], [-74.99470774088944, 4.371362694295454], [-74.99477440133133, 4.371512279331931], [-74.99478899839093, 4.371756284944534], [-74.99470765036783, 4.371961142834139], [-74.99440346558849, 4.372230445601546], [-74.9942396599895, 4.3723464503591885], [-74.99418058832859, 4.372388285097158], [-74.99401769015546, 4.372503646131745], [-74.99393211461454, 4.372690357583836], [-74.993946641752, 4.372876943422206], [-74.99404712822422, 4.373192614091265], [-74.99433383229005, 4.373766434206056], [-74.99443024767018, 4.3740315696391425], [-74.9945634052345, 4.374397735944984], [-74.9946498709614, 4.3749430895555985], [-74.99465053441193, 4.375488549832601], [-74.99460834944814, 4.376077124993103], [-74.99459495743316, 4.37682356085305], [-74.99462404683234, 4.377225447149741], [-74.99463051266574, 4.377496457294632], [-74.99463506268904, 4.377687128973749], [-74.99463899145496, 4.3778517845112805], [-74.99463946560759, 4.37814409521223], [-74.99484021315462, 4.378588831409038], [-74.99495521088265, 4.37907673182708], [-74.9949413130296, 4.3794068986645], [-74.99491306186376, 4.379694014601974], [-74.99473797806267, 4.380072581707907], [-74.99460792072259, 4.380242720734546], [-74.99432605104911, 4.380424410251458], [-74.99416368855147, 4.380825355948951], [-74.99395368788988, 4.380931073170695], [-74.9937437831539, 4.381115884606816], [-74.9936708363561, 4.381288913920767], [-74.99362301641087, 4.381385206615003], [-74.99358527028298, 4.3814612153414], [-74.99341348010611, 4.381827532376545], [-74.99334279090338, 4.381978264401514], [-74.99305746329999, 4.3825384312440905], [-74.99297214880868, 4.382940453167057], [-74.99299498188222, 4.383122002300576], [-74.99301096694579, 4.383283980140628], [-74.99308230604525, 4.383388345774195], [-74.99335719213084, 4.383738972179604], [-74.99338787641035, 4.383772486822886], [-74.99364577501444, 4.384174088682137], [-74.99370334407533, 4.384475456573071], [-74.99371808163572, 4.3848342956215465], [-74.99364706935934, 4.385236301958548], [-74.99354065244138, 4.385488490036366], [-74.99340465933739, 4.385810766904828], [-74.99317641016256, 4.386270383762051], [-74.99296966628549, 4.386817129365034], [-74.99300433578621, 4.386942508376358], [-74.9930106273322, 4.38712733972543], [-74.99299739169952, 4.387275470877545], [-74.99295873291604, 4.387392358132014], [-74.99293724688118, 4.38745732577119], [-74.99287031291259, 4.387571858202612], [-74.9928035908641, 4.3878614389425605], [-74.99281734228299, 4.388137458819545], [-74.99284443442586, 4.3883528653410675], [-74.99285804634114, 4.3885144297850305], [-74.99293198333942, 4.388642258114623], [-74.99297904991955, 4.388736455835003], [-74.99298657372316, 4.3887814307645705], [-74.99299931940696, 4.388857615829226], [-74.992991468854, 4.388968678123278], [-74.99273581560544, 4.389205569607599], [-74.99248105425535, 4.389429876249908], [-74.99251322637164, 4.389669829902963], [-74.99256157113076, 4.390101753926716], [-74.99243467713747, 4.390613894887139], [-74.99216408959995, 4.390934216436808], [-74.99198902616055, 4.391158421443205], [-74.99180798117365, 4.391317822625511], [-74.99160688070833, 4.3914948788984685], [-74.99144785286329, 4.391799063655045], [-74.99151209871772, 4.392198973301327], [-74.99162651708993, 4.3927009523375204], [-74.99165036711449, 4.392827952212448], [-74.99186484705133, 4.392688696886521], [-74.9923176146115, 4.392616372884924], [-74.99256787727789, 4.392616062647134], [-74.99275853782244, 4.392603866588695], [-74.9929609408832, 4.392448118237356], [-74.99307996843349, 4.392328351239633], [-74.99325850744818, 4.392148705719909], [-74.99360396082712, 4.392028660334193], [-74.99392547690016, 4.391824912704255], [-74.99415150977696, 4.3915016672290355], [-74.99436477965065, 4.391343527137281], [-74.9944893897971, 4.391329473352662], [-74.99452944033762, 4.3913268525673805], [-74.99465796860541, 4.391332836394506], [-74.99476225987604, 4.391376972440363], [-74.99483189655172, 4.391406442598189], [-74.99497242836539, 4.391506939230336], [-74.9950728750419, 4.391634325223836], [-74.99517739109449, 4.391815575594143], [-74.9952700632194, 4.391975933976125], [-74.99534092400226, 4.392130618960693], [-74.99540792531849, 4.392244623779339], [-74.99550830606422, 4.392318321749225], [-74.99563047530282, 4.392350432391073], [-74.99578146753248, 4.39235024681521], [-74.99585594119608, 4.392333162217362], [-74.99592284283888, 4.392317811010401], [-74.99594411819942, 4.3923035398917065], [-74.99602305161359, 4.392250579245811], [-74.9961066108086, 4.392161827140112], [-74.99614324511884, 4.392122917160863], [-74.99623674284967, 4.392035561195523], [-74.99638368937855, 4.391914578568433], [-74.99652408808777, 4.391907692737235], [-74.9965842996789, 4.3919136629578395], [-74.99668461095234, 4.391954471729216], [-74.9967849519998, 4.391994614695069], [-74.99687861380875, 4.392041478744267], [-74.99690194941081, 4.392062895207548], [-74.99693583134447, 4.392093993139994], [-74.9969589366147, 4.392115203088344], [-74.99699921768344, 4.392249375304281], [-74.99700259320328, 4.392302524235796], [-74.99700603644983, 4.392356742096624], [-74.99697882077656, 4.3924742571789945], [-74.99699133758624, 4.392578329004448], [-74.99702642296482, 4.392625161878269], [-74.997088783007, 4.3926843529881445], [-74.99721572598234, 4.392717999910981], [-74.99750175359335, 4.392729610112388], [-74.9980142829957, 4.392800745237035], [-74.99817980379736, 4.392896323128799], [-74.99832435035285, 4.392979791804613], [-74.99850338669448, 4.39320684473347], [-74.99869450256266, 4.393565464277533], [-74.99872395773916, 4.393605815140581], [-74.99881446317195, 4.39372980699798], [-74.99890517213429, 4.393854077772269], [-74.999021652639, 4.394013654942432], [-74.99912318038808, 4.394152749283471], [-74.99927758409511, 4.3942349999366375], [-74.99944589360022, 4.39429751518008], [-74.99955307361448, 4.394337322626136], [-74.99969530988629, 4.394350734197904], [-74.99993890987163, 4.394373354405609], [-75.00015279420147, 4.394434406593415], [-75.00038934186345, 4.394501929156494], [-75.00059284702655, 4.394550787578958], [-75.00084902644369, 4.394599696153086], [-75.00110961921506, 4.394662331982546], [-75.00138406843283, 4.394779991341675], [-75.00168977037684, 4.3949162279970775], [-75.00191619810332, 4.395018703147283], [-75.00221137618006, 4.395180675222304], [-75.00236503919534, 4.395268558330439], [-75.00252026756675, 4.395283225928611], [-75.00262747624306, 4.395283092236175], [-75.00281279042336, 4.395265064740061], [-75.00301455342733, 4.395272609915719], [-75.00322910128797, 4.39537995008848], [-75.00348468496166, 4.3954648922108275], [-75.00359175103698, 4.395468736696847], [-75.00373280606617, 4.395495707938434], [-75.00382081170778, 4.395601445593126], [-75.0038454638776, 4.3956696609632955], [-75.00386748792914, 4.395766373920055], [-75.0038932750635, 4.395879609907372], [-75.00392981376424, 4.396003742275605], [-75.00395311194936, 4.396082884795237], [-75.0041201896322, 4.396274066444605], [-75.00427517373718, 4.396321720947156], [-75.0046801980151, 4.396189637628893], [-75.00496607901505, 4.396081626942814], [-75.0053235963836, 4.3960811812832965], [-75.00555011197633, 4.3961526687301], [-75.00581242492248, 4.3962599976672205], [-75.00603905957102, 4.396427180365812], [-75.0064326403496, 4.396677887414686], [-75.00673077888199, 4.396844981933537], [-75.00741037373854, 4.397095331248303], [-75.00768445523721, 4.397083027138113], [-75.00812533371467, 4.39703462704931], [-75.00832783867516, 4.3969626044312635], [-75.00849456104366, 4.396866703105536], [-75.008685000299, 4.396675072893729], [-75.00887085564153, 4.396446169390902], [-75.00898404499557, 4.396386237421429], [-75.0091425959969, 4.396377196049665], [-75.00924833635298, 4.396403586648771], [-75.00934535602345, 4.396500727092092], [-75.00938709888595, 4.396563409281132], [-75.00943360982762, 4.39663324755143], [-75.00954823708072, 4.396721521663679], [-75.00973333521289, 4.396809711283966], [-75.00993595220369, 4.396818295829222], [-75.01000955711781, 4.396818203781774], [-75.01012974969308, 4.396818052836423], [-75.01037639009351, 4.396808905304174], [-75.01061424331763, 4.396817446038217], [-75.01063976933665, 4.396820487606971], [-75.01083450011505, 4.396843697031035], [-75.01093284678431, 4.396881161931929], [-75.01101957609137, 4.396914201805843], [-75.01119586587414, 4.397002396671797], [-75.0113572740616, 4.397089375366019], [-75.01176045157412, 4.397317160160197], [-75.01224911764535, 4.397364390832322], [-75.01267801936916, 4.397268160584831], [-75.01352351581245, 4.396764699680522], [-75.01388310241175, 4.396608907173371], [-75.0141883537315, 4.396630405655117], [-75.01438140658013, 4.396644003096132], [-75.01471620494792, 4.396752526761363], [-75.01484256703884, 4.39682981922523], [-75.01498364291955, 4.396935744847063], [-75.01506279928927, 4.397023800871323], [-75.01533574195832, 4.397408358074442], [-75.01571615358448, 4.397619857737279], [-75.01576506179292, 4.397647049681957], [-75.01645653062393, 4.397861492293449], [-75.01712380628669, 4.397788879943517], [-75.01754077402558, 4.397680695932464], [-75.0180770785601, 4.397703943957149], [-75.0184468136212, 4.39794270921117], [-75.01892348767765, 4.3979301479704676], [-75.0192687420035, 4.397654589880421], [-75.0194948676306, 4.397415065751813], [-75.01973289701371, 4.397163568358716], [-75.02026138898947, 4.396999614122352], [-75.02052351985334, 4.397029636752677], [-75.02067975970627, 4.397071244659352], [-75.02087763601239, 4.397102350606738], [-75.02106507427344, 4.397112563313654], [-75.02126291108108, 4.397112310935511], [-75.02142951091272, 4.397112100840001], [-75.02160653590913, 4.397122329931718], [-75.02178354801879, 4.397122104134325], [-75.0220230349079, 4.397121799002501], [-75.02222088537545, 4.397131999399022], [-75.02240837590153, 4.397184019357604], [-75.02252301795065, 4.397267484284969], [-75.02262732766917, 4.397413671236128], [-75.02270036004784, 4.3975285450840484], [-75.02277339244638, 4.3976434162007], [-75.0228776618356, 4.397758249414689], [-75.02301319489398, 4.397893947141194], [-75.0231278380113, 4.3979774109855425], [-75.02327369233784, 4.398039933554583], [-75.023367417915, 4.398050265610789], [-75.0234632803097, 4.398038001584147], [-75.02379058226099, 4.397973874808689], [-75.02407619829744, 4.397941656437015], [-75.02439357268428, 4.3979253210299305], [-75.02467914937839, 4.3978612414125], [-75.02483780620997, 4.397829181906237], [-75.02504389217204, 4.397653698691831], [-75.02523424763035, 4.397589739671051], [-75.02542468596546, 4.397589498122194], [-75.02574208133841, 4.397589095437412], [-75.02598004664677, 4.397525073585113], [-75.02613850344287, 4.397333725119001], [-75.02640796560028, 4.397078514093591], [-75.02674090780351, 4.396823225160902], [-75.02740703428157, 4.396503794941521], [-75.02770837724631, 4.396360048720763], [-75.02805724862117, 4.396152524048743], [-75.02843771817683, 4.395833457344579], [-75.02870730130815, 4.395673821712028], [-75.02896121698411, 4.395673497849663], [-75.02913584405516, 4.395721062210981], [-75.02927873156105, 4.395768666008034], [-75.02942156006361, 4.395768485590911], [-75.02961199562965, 4.395768239571866], [-75.02978656275948, 4.395768018681451], [-75.02997699919561, 4.395767777088959], [-75.03026265423966, 4.395767407824163], [-75.03051650881166, 4.395719295657657], [-75.03065933628908, 4.395719113200882], [-75.03080220406562, 4.395750791629656], [-75.03094515155557, 4.395846182803261], [-75.0310883042881, 4.396100863986236], [-75.03121544439738, 4.396244060769802], [-75.03135841265556, 4.39635538405314], [-75.03156479996281, 4.396418832226936], [-75.03180288558427, 4.396450387969847], [-75.03204093171107, 4.39645008183246], [-75.03221555885067, 4.396497646199528], [-75.03237439924261, 4.396608943043702], [-75.03247931688094, 4.396728989534878], [-75.03256520007682, 4.396895422352712], [-75.03266058124962, 4.397022730618196], [-75.03278765980532, 4.39711814284821], [-75.03299398711388, 4.397133807306747], [-75.03323603767609, 4.397163362689112], [-75.03354552767858, 4.397186859154544], [-75.03396213891791, 4.397210218286805], [-75.03435503561674, 4.397305287084692], [-75.03471219645046, 4.397376511049925], [-75.03509309955312, 4.397399913751173], [-75.03540259025463, 4.397423407559611], [-75.03571208002023, 4.397446903041577], [-75.03596202763875, 4.397446581033565], [-75.036235779626, 4.397446230889422], [-75.0365809158883, 4.397421893167156], [-75.03679517165718, 4.397433562358177], [-75.03697376819147, 4.3974811199222215], [-75.03715247031538, 4.39761230363139], [-75.03726381531646, 4.397813262586773], [-75.03740698929278, 4.39808387357036], [-75.03742543185251, 4.398106951294237], [-75.0375341513945, 4.398242998031642], [-75.03775657185336, 4.3984338608137765], [-75.03815360087171, 4.398656355648365], [-75.03862993768709, 4.398846885925846], [-75.03897923514991, 4.398973866819815], [-75.03926495227093, 4.399021284640291], [-75.03961418823793, 4.399100481281079], [-75.0399475539921, 4.399179693206677], [-75.04024924277459, 4.399306735149387], [-75.04047158331197, 4.399433879728248], [-75.0405933833638, 4.399533643185987], [-75.04152329315002, 4.400157937893314], [-75.04164692563351, 4.400196950115416], [-75.041932683816, 4.4002762236831385], [-75.04226607171718, 4.400371366354081], [-75.04252000773533, 4.400386964746693], [-75.04280566412552, 4.400386595267581], [-75.04304370987562, 4.400386286835602], [-75.04328177740399, 4.400401906845516], [-75.04342472743492, 4.400497293548708], [-75.04350428130489, 4.400656480993524], [-75.04339339911796, 4.400815914991102], [-75.04329840621595, 4.400991257423919], [-75.04336202898595, 4.4011026766897885], [-75.0435367396498, 4.401213955243012], [-75.04382249813165, 4.401293226903025], [-75.04401293520549, 4.40129298015625], [-75.04418750204896, 4.401292752573411], [-75.04439380928004, 4.4012924847074855], [-75.04463193799543, 4.4013558941841975], [-75.04479071840396, 4.401419400600252], [-75.0449336888124, 4.401530718049754], [-75.04509253126182, 4.401642014402549], [-75.04523550264473, 4.401753330845599], [-75.04539432419713, 4.401848697686868], [-75.04558480227888, 4.401880308372354], [-75.04574349979153, 4.401880102319048], [-75.04587041671937, 4.401848077747861], [-75.04606083270926, 4.401831903727136], [-75.04620363987, 4.401815785631362], [-75.04645755576246, 4.40181545572864], [-75.04661625407331, 4.401815248588463], [-75.04675908218506, 4.401815064305045], [-75.04693358673394, 4.401767048758253], [-75.04710805103099, 4.401687176212134], [-75.04733018704707, 4.401655027621769], [-75.04747696890831, 4.401644881400669], [-75.04761985906221, 4.401692482399882], [-75.04776282602842, 4.401799815829456], [-75.0478106359326, 4.401955063078308], [-75.04787036404566, 4.402122238126002], [-75.04788263802331, 4.402408944115829], [-75.04789061409159, 4.402495750773722], [-75.04790678270622, 4.4026717413279055], [-75.04800231133854, 4.402910549884755], [-75.048121613354, 4.40312543491293], [-75.04822887276154, 4.403232816747564], [-75.0484313680934, 4.403352019700872], [-75.04863377006107, 4.40339954130237], [-75.04878853118572, 4.403423234013206], [-75.04897896820205, 4.403422983027319], [-75.04913373020561, 4.403446673847419], [-75.04935985775687, 4.403434431549996], [-75.04959776595635, 4.403326600985402], [-75.04981189904062, 4.403242692993931], [-75.05002603205502, 4.403158785867452], [-75.05028783700836, 4.403122603261944], [-75.0505020790463, 4.403122323331874], [-75.05064492175251, 4.403134083391996], [-75.05077647493594, 4.40317790614203], [-75.05092216411737, 4.403242922125005], [-75.05103791628181, 4.403300822067673], [-75.05121651280658, 4.403348375128265], [-75.0514308172348, 4.40339588202567], [-75.05166887917443, 4.403407517387108], [-75.05183551238903, 4.403407297921039], [-75.0520021437939, 4.403407082040428], [-75.05216874572567, 4.4033829694002184], [-75.05235907384183, 4.403299091259806], [-75.05257309773866, 4.403131556338551], [-75.05275130608037, 4.402880444002576], [-75.05287012721135, 4.402724980671573], [-75.0530604237623, 4.402617207569784], [-75.05331018456678, 4.402473520422078], [-75.05352441127133, 4.402461291808601], [-75.05379813259839, 4.40243704035736], [-75.05397657409976, 4.402365125591071], [-75.0541669641952, 4.4023290378639865], [-75.05435740118911, 4.402328784723083], [-75.05452411125401, 4.4023882987877], [-75.05471471866494, 4.402519462367735], [-75.05488158539397, 4.402698444327978], [-75.05504838863827, 4.40282963919742], [-75.05527473536253, 4.402984650218598], [-75.05551293683283, 4.403103805367312], [-75.05572725744886, 4.403163253380581], [-75.05591772494633, 4.403186898212767], [-75.0560724864401, 4.403210585697857], [-75.05619155584564, 4.403246270976601], [-75.05634636440787, 4.403305799306635], [-75.05656066755621, 4.403353303674627], [-75.05675119871876, 4.403424733412201], [-75.05694176129755, 4.4035200552069576], [-75.05714424040733, 4.4036273090390505], [-75.05731093503815, 4.403674877986464], [-75.05754904431913, 4.403722350450972], [-75.05769188661952, 4.403734107240703], [-75.05785853499718, 4.403745834253213], [-75.05797755819074, 4.403745678287959], [-75.05813228823492, 4.403745474057745], [-75.05827505277719, 4.403697497755348], [-75.0583938733006, 4.403542034018626], [-75.05844118486135, 4.403314985069357], [-75.05847664101326, 4.40312379006221], [-75.05851216096275, 4.402980382876249], [-75.05860726878275, 4.402896634276926], [-75.05873819524341, 4.402896457945549], [-75.05889292413686, 4.402896253641925], [-75.05902386541617, 4.402908028735615], [-75.0591549307423, 4.403015374883865], [-75.05930981788104, 4.403134637250154], [-75.05946467268092, 4.403230005668692], [-75.05960756287429, 4.403277603860339], [-75.05979796797565, 4.403253458940244], [-75.05983952308895, 4.403237756332225], [-75.05998831095408, 4.40318152801043], [-75.06010713006305, 4.403026065110253], [-75.06027351120494, 4.402834697252132], [-75.06047573989086, 4.402750802617874], [-75.06072567325431, 4.402738526318104], [-75.06091617170807, 4.402786060100092], [-75.06117813186134, 4.402869339689511], [-75.06130910361728, 4.402905008234905], [-75.0614758934098, 4.4030242541718225], [-75.06158321781098, 4.403179420908456], [-75.06167871767522, 4.40339433176726], [-75.0617979614269, 4.403561427707737], [-75.06192910600203, 4.403728509575002], [-75.06206028310477, 4.403919480720978], [-75.06222718196878, 4.404122353002431], [-75.0624059677033, 4.404313263328181], [-75.06263234709446, 4.404492163210581], [-75.0627991839424, 4.40464724934724], [-75.06300172675633, 4.404802286912077], [-75.06321609495448, 4.404897575721308], [-75.06347800838942, 4.404945015990521], [-75.06373981197629, 4.4049088313657006], [-75.06384688487215, 4.4048728458942055], [-75.06397763719688, 4.40474125876808], [-75.06409648692164, 4.404609688428331], [-75.06423904676689, 4.404406407567558], [-75.06439361986479, 4.404286732866712], [-75.06452452937329, 4.404274613017197], [-75.06475071986121, 4.404310151847393], [-75.06489362598987, 4.4043696956710425], [-75.06498903370458, 4.404512929569075], [-75.06506060468233, 4.404632301427181], [-75.06519171922572, 4.404775486663635], [-75.06538228229867, 4.404870807429906], [-75.06553707524967, 4.404918388247035], [-75.06572757495593, 4.404965921288597], [-75.06601514296835, 4.404764821979468], [-75.06607355857734, 4.405683393661839], [-75.06609600205968, 4.408238362894892], [-75.06611083607814, 4.41224786870425], [-75.06611156980311, 4.412802886025328], [-75.06613311919571, 4.414678434662901], [-75.06620225140816, 4.41648693714295], [-75.06631730168382, 4.418064532558848], [-75.06631000639551, 4.4180941891610095], [-75.06629041313514, 4.418146449821096], [-75.06626353231647, 4.418203499094554], [-75.06623319730498, 4.418257213333208], [-75.06621639489694, 4.418282178825304], [-75.0661673383147, 4.4183485705688605], [-75.06615779573472, 4.418374354238191], [-75.06600515587589, 4.4188412406128705], [-75.06591064063545, 4.4194633709486375], [-75.06596907420169, 4.4203915118272015], [-75.0663902799144, 4.421682803876628], [-75.06665877894672, 4.4228498959152915], [-75.06696561787447, 4.424170043203484], [-75.06762672966534, 4.42662846133963], [-75.06853709600293, 4.4301104544279895], [-75.068853313277, 4.431306187563764], [-75.06954419436394, 4.434625794979186], [-75.06969456588332, 4.435117678199261], [-75.06964672006507, 4.435148986147222], [-75.06961801623555, 4.435181967906659], [-75.06960661227106, 4.435219135786524], [-75.06961863769816, 4.435429112183367], [-75.06967019818033, 4.435684590086946], [-75.06968145398378, 4.435787731150116], [-75.0696696238254, 4.4359614643282645], [-75.06965561337381, 4.436006570663845], [-75.0696292551734, 4.436049905450249], [-75.06956047070652, 4.4361187924488625], [-75.0694887444037, 4.436158690968155], [-75.06941455537327, 4.436173376651428], [-75.06929366644347, 4.436182066567391], [-75.06918814685775, 4.436189652432809], [-75.06909055924905, 4.436196667034112], [-75.06901202240796, 4.436208830601654], [-75.06886577870497, 4.436263324293639], [-75.06874285772027, 4.436341309024377], [-75.0686730832985, 4.436410061289986], [-75.06858618259237, 4.436518873656993], [-75.06851725637536, 4.436617827736479], [-75.06846935208473, 4.436704906193961], [-75.0684359328999, 4.436801473345873], [-75.06837513369842, 4.437122713671024], [-75.06834213207392, 4.437202247913449], [-75.06828848095599, 4.437259776848446], [-75.06821413806743, 4.437309249059881], [-75.06813797624552, 4.437339790746184], [-75.06805191465983, 4.437354835255278], [-75.06798811995523, 4.437354605326986], [-75.06793323298255, 4.437344343549846], [-75.06787555666432, 4.437321012104285], [-75.06781519442995, 4.437284537437417], [-75.06774251279268, 4.437226049451509], [-75.06766809469117, 4.437150728119169], [-75.06762310489908, 4.43709157096507], [-75.06759745330598, 4.437037534874976], [-75.0675889999836, 4.436949533581136], [-75.06761247940129, 4.4367504971333345], [-75.06769392184802, 4.436401605812497], [-75.06772302997612, 4.4362087970421795], [-75.06773179343429, 4.436100275200009], [-75.0677297056706, 4.435956207113329], [-75.0677132490332, 4.435849598327949], [-75.06767161497788, 4.435766396799568], [-75.06759740135365, 4.435682545820311], [-75.06756132156659, 4.4356594721287035], [-75.06752407589522, 4.435648125223029], [-75.06743407893852, 4.435649795600472], [-75.06733585315084, 4.4356800923587585], [-75.06726324744439, 4.435726251074007], [-75.06721896782324, 4.435787585831491], [-75.06711016086085, 4.436042395737532], [-75.06705180736385, 4.436230427779253], [-75.06702497719324, 4.436389570987795], [-75.06700132489352, 4.436686561180153], [-75.06697002491664, 4.436828790077806], [-75.06694463880514, 4.436886044381474], [-75.06689580303242, 4.436956791010616], [-75.06684834587534, 4.437004496442567], [-75.06680059369083, 4.437033610754427], [-75.0667387346086, 4.437046989115693], [-75.06667534515391, 4.437043758757424], [-75.06663625568312, 4.4370269079726485], [-75.06660094859454, 4.436990407280834], [-75.06656724899184, 4.436932147258044], [-75.06653229729416, 4.4368471659420265], [-75.06651635836431, 4.436681396199653], [-75.06649671037022, 4.436619311658239], [-75.0663447099078, 4.436388046263476], [-75.06627237978168, 4.436308456143872], [-75.06622932814844, 4.436281587828642], [-75.06617095659628, 4.436257410659625], [-75.06611472143905, 4.4362432099585964], [-75.06606325802251, 4.436239140243606], [-75.0660231666188, 4.436244359074026], [-75.06598074409398, 4.436259668188726], [-75.06589536680008, 4.436317311181797], [-75.06584789659216, 4.4363749348407575], [-75.06581391162437, 4.436452244165188], [-75.06579777121102, 4.436537755756383], [-75.0658026358419, 4.436618575908577], [-75.06581910839597, 4.436681384812011], [-75.0658439637973, 4.436737234881861], [-75.06592960813343, 4.436840770255915], [-75.06600378268652, 4.436953325295537], [-75.06602143570015, 4.436998286903765], [-75.0660240361236, 4.437039028888341], [-75.06600529416363, 4.437111573372892], [-75.065969843953, 4.437162950693172], [-75.06590586336897, 4.437199925813331], [-75.0658165388659, 4.4372231618103255], [-75.06576447301316, 4.437222189739183], [-75.06570338508809, 4.437208939644039], [-75.06550583926655, 4.437132259752153], [-75.06486698273406, 4.436718068215677], [-75.064752563361, 4.43665893689529], [-75.06464811364421, 4.436623940152006], [-75.0645409143904, 4.436610287173797], [-75.0644078168887, 4.436614298307146], [-75.06428348142641, 4.436631717861297], [-75.06407654560483, 4.436687286009767], [-75.06393780582285, 4.436701603745119], [-75.06383039105681, 4.436698299137667], [-75.06376372559671, 4.436684577854062], [-75.0637030752093, 4.436658845753006], [-75.0636270381527, 4.4366098371199865], [-75.06352188462584, 4.436542061981429], [-75.06323321296041, 4.436382817015281], [-75.06312173601253, 4.436338341065658], [-75.06299417843523, 4.436305279976302], [-75.06249111726626, 4.436232662363993], [-75.06209556583157, 4.436208948076733], [-75.06187343483899, 4.436214878126231], [-75.06178945115614, 4.436230653226013], [-75.06169814915927, 4.436259359886492], [-75.06151221302757, 4.436342545034944], [-75.061369986661, 4.4364235042457185], [-75.06118345032563, 4.436555767749665], [-75.06101580597822, 4.436697669704744], [-75.06090263108197, 4.436764591031235], [-75.06084559892554, 4.436787659367572], [-75.06080006902305, 4.436796151897502], [-75.06062982923746, 4.436789228150673], [-75.06057421703764, 4.436793045657883], [-75.06053175899446, 4.436806047354292], [-75.06047184385525, 4.436840737855973], [-75.06040507509593, 4.43689606369652], [-75.06035270837697, 4.436957581014872], [-75.06027466536912, 4.437144170565284], [-75.06019235785541, 4.437276709009612], [-75.06013652026957, 4.437339656026181], [-75.06007058875109, 4.437385935860665], [-75.05998448600438, 4.437424377931785], [-75.059885402574, 4.437451209555054], [-75.0596892197865, 4.4374557199123785], [-75.05949992487355, 4.437487711922699], [-75.05940170418604, 4.437527043402236], [-75.05933122032788, 4.437586113186012], [-75.0590040616175, 4.438020279201461], [-75.0587329358891, 4.43841229390237], [-75.05845047572126, 4.438856788000319], [-75.05829552690213, 4.439059982062175], [-75.05815556933328, 4.439205265221448], [-75.05798726268695, 4.439356416959984], [-75.05778797970174, 4.439515894780419], [-75.0577217599574, 4.4395633357844115], [-75.05742035615248, 4.439779278178122], [-75.05737242268452, 4.439822929098243], [-75.05734076522953, 4.43986641791422], [-75.05730857902503, 4.439946414877823], [-75.0572860285622, 4.4400578899628025], [-75.05727843681717, 4.440154952350277], [-75.05728365638036, 4.440254518698666], [-75.05729645270432, 4.440325114883038], [-75.05732254529606, 4.440409322233684], [-75.05743964132608, 4.440697554776482], [-75.05745331606992, 4.440773918036772], [-75.05745715469513, 4.440857065063626], [-75.05744609299285, 4.440949355259156], [-75.0574141851864, 4.441039078918311], [-75.05736622996214, 4.441120092222482], [-75.05731145826421, 4.441172746260196], [-75.05726651939716, 4.441194342672102], [-75.05721013027996, 4.441208357314743], [-75.05707379938146, 4.441211565248773], [-75.05699617280736, 4.4411995156754145], [-75.05693280922492, 4.441180836390694], [-75.05688675789172, 4.441156422441105], [-75.05685872120831, 4.441126745806161], [-75.05684581907289, 4.44109309343276], [-75.05684050826764, 4.441047759583419], [-75.05685385559264, 4.440618599013391], [-75.05684595323535, 4.440454261861376], [-75.05683359710838, 4.440361693302069], [-75.05680470311468, 4.440269753364318], [-75.0567556702035, 4.440172232126819], [-75.05669684589134, 4.440089828198485], [-75.05663175475907, 4.440026520407787], [-75.05654651115556, 4.439974860383936], [-75.05643997233301, 4.439935791041329], [-75.05632460336402, 4.439913051905915], [-75.05619945432504, 4.439906929626938], [-75.0560992250717, 4.439917234250016], [-75.05601538269097, 4.439942024198949], [-75.05594176095354, 4.4399846649897885], [-75.05587027990154, 4.440047005268261], [-75.05580598618195, 4.440132059092079], [-75.05578208725893, 4.4402057424376915], [-75.05578691662559, 4.440296590986411], [-75.05583506105158, 4.440519124711286], [-75.05584121756138, 4.4406746338945915], [-75.05583027075824, 4.44076456410218], [-75.05578657211981, 4.440839643099201], [-75.05570405197146, 4.440914355552449], [-75.05566350063245, 4.44093559956469], [-75.05562201010119, 4.440945708678203], [-75.05555456509411, 4.440946832022719], [-75.05540510457168, 4.44093122911705], [-75.05524771701614, 4.440903062725823], [-75.05520536792253, 4.440905773920473], [-75.05515488087772, 4.440921941752771], [-75.0550709931641, 4.440971761814748], [-75.05500128822186, 4.441040004160833], [-75.05496072719352, 4.441111475557742], [-75.05493539320912, 4.441203261176813], [-75.0549288287315, 4.4412815234252], [-75.05493556785164, 4.441351306342185], [-75.05495809839027, 4.441418053264317], [-75.05499929566255, 4.441495019171948], [-75.05506536881005, 4.441594979423438], [-75.05512190973917, 4.441663081319383], [-75.05539049785972, 4.441918586395524], [-75.0554230264171, 4.441971561211234], [-75.05544980676703, 4.442045436037705], [-75.05551807526564, 4.442326303735394], [-75.05552744941383, 4.442425028306899], [-75.05552427463756, 4.442533028758111], [-75.05551325640533, 4.442641078229552], [-75.05549188663153, 4.44271950568203], [-75.05545968223404, 4.442774795631021], [-75.0554074684112, 4.4428208643699625], [-75.05533356061389, 4.4428611833904865], [-75.05526220222895, 4.4428816821949715], [-75.05518585476702, 4.442881246717334], [-75.05509730375765, 4.442861548625061], [-75.05500434565596, 4.442826060993194], [-75.05492307040832, 4.442783866743042], [-75.05487111073901, 4.442741125809695], [-75.0547300160857, 4.442600561073853], [-75.054587803295, 4.442514400882573], [-75.05453012097068, 4.4424907219935434], [-75.05447932959102, 4.442480336632434], [-75.05441660213943, 4.442480891442378], [-75.05434926712593, 4.4424928453486086], [-75.05424352801606, 4.442535791860339], [-75.05420292782117, 4.44256515713871], [-75.05417574579185, 4.442596170009362], [-75.05414935780351, 4.442652947842331], [-75.05410744675368, 4.442796696667807], [-75.05405574938113, 4.442917068061241], [-75.05401051580942, 4.443010044315193], [-75.05396609310358, 4.443075942376499], [-75.05388559501138, 4.4431462046628445], [-75.05375949501405, 4.4432086258039565], [-75.05355598714091, 4.443288983861132], [-75.0533988383883, 4.443336595060699], [-75.05284326560744, 4.4434669616525655], [-75.05240936408538, 4.443560499260518], [-75.05219081643232, 4.443618356161995], [-75.05201094817517, 4.44368182958225], [-75.05168378630424, 4.443827978660797], [-75.05142749637085, 4.4439190800342745], [-75.05131035670686, 4.443939704271187], [-75.05101521593933, 4.443937516270424], [-75.05072727297222, 4.44397000780844], [-75.0506285526049, 4.443994147856603], [-75.05049712278567, 4.444041006816797], [-75.0504134205718, 4.444080638267344], [-75.05034888285772, 4.44412406755522], [-75.05030525993061, 4.444167143754204], [-75.05026366295513, 4.444224625116372], [-75.0501143092355, 4.444495533193969], [-75.05006750890132, 4.444601897172447], [-75.05004354804966, 4.44470718727874], [-75.05003643021328, 4.444788183652322], [-75.05003927892962, 4.4448625804494934], [-75.05009238114361, 4.445089772931129], [-75.05014646655947, 4.4455079797585535], [-75.05013897873145, 4.445622672919731], [-75.05011745134455, 4.445707536203725], [-75.05008948105854, 4.44574428915991], [-75.05004269891214, 4.4457613989239775], [-75.0499144535947, 4.445771155239917], [-75.04975168617031, 4.445766342700503], [-75.04961165994067, 4.445793351841291], [-75.04957805202804, 4.445811209070132], [-75.04955471619797, 4.445837148018303], [-75.04953501694501, 4.445878234737952], [-75.04952227272628, 4.445929723316897], [-75.04951839905787, 4.445989859190043], [-75.04952626542271, 4.446036870271922], [-75.04954957014967, 4.446096506276118], [-75.04959058037089, 4.446170983151626], [-75.04972576822495, 4.446327453244115], [-75.04989051390304, 4.446479624357191], [-75.04992414490889, 4.4465242211031875], [-75.04994491483008, 4.446568570570431], [-75.04996085108533, 4.446680759165828], [-75.04995210502405, 4.446873900810028], [-75.04992903086197, 4.446972634740763], [-75.04988638832083, 4.44704115080957], [-75.04980547288534, 4.44710711888731], [-75.04970341180471, 4.44715517237228], [-75.04962040343587, 4.447169168592679], [-75.04951602656126, 4.447162213641135], [-75.04935780060617, 4.44712936100191], [-75.04924334588017, 4.447086475328791], [-75.04895006103958, 4.446926577861243], [-75.0487065502871, 4.4467736606958], [-75.04862839493465, 4.446738526389949], [-75.04853323026462, 4.446709924420792], [-75.04811348279813, 4.4466433989444525], [-75.04799772760771, 4.446634055054586], [-75.04791311367529, 4.446641332657197], [-75.04782273684165, 4.446659053851346], [-75.0477453809265, 4.4466836615758325], [-75.04767959117605, 4.446715052251473], [-75.04760788508939, 4.446770179860612], [-75.04754219219635, 4.446854266152205], [-75.0474649612595, 4.446997556402589], [-75.04743435474295, 4.447096251670851], [-75.04742451184363, 4.447179945614693], [-75.04742520729161, 4.447276108125608], [-75.04747044093683, 4.447652269226024], [-75.0474747314435, 4.447807913765696], [-75.04743796977148, 4.448104531987939], [-75.04739572196762, 4.44828473561694], [-75.04736303588575, 4.448353527871704], [-75.04733856271268, 4.44837623019452], [-75.04730450526989, 4.448393884239379], [-75.04720623170712, 4.448414680004061], [-75.04706940880867, 4.448417393339267], [-75.04694383338649, 4.448394043058895], [-75.04686636201711, 4.448366163222802], [-75.04681590688284, 4.448338407196645], [-75.0466139689253, 4.448166903623278], [-75.04628747134063, 4.447957707304394], [-75.04624832589958, 4.447944999905272], [-75.04620491213039, 4.4479461716295745], [-75.04615176011333, 4.447960941929307], [-75.04610107756015, 4.447986915297504], [-75.0460538866584, 4.4480336572280486], [-75.04602485456952, 4.448112220198818], [-75.04599974043724, 4.448278162589181], [-75.04600635166395, 4.448511337892402], [-75.04598806306925, 4.448662308690173], [-75.04593438060283, 4.448878610659993], [-75.04585118917876, 4.449091828179555], [-75.04575039715556, 4.449277311302787], [-75.04562293772378, 4.44944445369045], [-75.0455479405934, 4.449521275898057], [-75.04545408038828, 4.449601391263125], [-75.04537846515608, 4.449658022094606], [-75.04531261819342, 4.4496962551629755], [-75.04525520020522, 4.449718312845919], [-75.04517145967938, 4.449735960287157], [-75.04510411504218, 4.44974190356962], [-75.04505050236412, 4.4497367606176566], [-75.04501502693071, 4.4497232868488625], [-75.04498426387617, 4.449698130560736], [-75.04495266409378, 4.4496571394047475], [-75.04492749315541, 4.449608291368327], [-75.0449132523541, 4.449559743070774], [-75.0449128051252, 4.449519817585218], [-75.0449273568056, 4.449475630162802], [-75.04495792958022, 4.449424339749083], [-75.04504292274937, 4.449319531852208], [-75.04520078800762, 4.449209031237745], [-75.04523065791636, 4.449178986864102], [-75.04525074788168, 4.449146139611024], [-75.04527233981584, 4.449087076774769], [-75.04528598462248, 4.449016341298501], [-75.04529101079004, 4.448936491068087], [-75.04528587659782, 4.448865216285283], [-75.04526515876573, 4.4487714663535805], [-75.04523054969626, 4.448682672617105], [-75.04518793641411, 4.448612452618082], [-75.04512810542965, 4.4485415370063555], [-75.04503215561752, 4.448454190870003], [-75.04490519790549, 4.44836069279889], [-75.04482307563805, 4.448319426883086], [-75.04474601966633, 4.448302969934776], [-75.0446557998423, 4.448303613212012], [-75.0445697362865, 4.4483206311349095], [-75.04450262467395, 4.448350903789165], [-75.04445965589456, 4.4483918887733624], [-75.04441838940909, 4.4484710953730415], [-75.0442474567645, 4.44894828724563], [-75.04418491174668, 4.449095677368913], [-75.0437289129831, 4.449943658717958], [-75.04356642187504, 4.450183960245756], [-75.04348010603185, 4.450278846172298], [-75.04343093429928, 4.450312611772674], [-75.04337206703927, 4.450337596618268], [-75.04329943395594, 4.4503565109437915], [-75.04322302112604, 4.450365858369807], [-75.04309544517702, 4.450360041648967], [-75.04300003269768, 4.450331676739295], [-75.04296593582194, 4.45030441225244], [-75.04297226122611, 4.450331252817394], [-75.04299944729529, 4.45037363024199], [-75.0430529189259, 4.450456985662353], [-75.04310832468356, 4.450543358426645], [-75.04314439481138, 4.450599585671558], [-75.04316279823468, 4.450628273057366], [-75.04354348288332, 4.450974841414888], [-75.04462140715955, 4.451613983771101], [-75.04481634111718, 4.451729558707986], [-75.04539005970322, 4.451989782780793], [-75.04545430680535, 4.452018924969198], [-75.04581776801673, 4.4521837833789055], [-75.04587502233178, 4.452209750406411], [-75.04598746513015, 4.452310145996551], [-75.04617367283909, 4.452476395612736], [-75.04619619628102, 4.452496505190364], [-75.04635085068524, 4.452699284347443], [-75.04644527123075, 4.452877285111567], [-75.0465531306668, 4.453080617746587], [-75.04663641193767, 4.453604095219691], [-75.04671244358605, 4.45386065911813], [-75.04677329226081, 4.454065990283134], [-75.04696095912963, 4.454699273592582], [-75.04738819091392, 4.4553414826666815], [-75.04798899126894, 4.455997615283281], [-75.04848295498029, 4.456573193144348], [-75.04868190276369, 4.456857646306721], [-75.04876619044882, 4.457092033439248], [-75.04872863461873, 4.457428913320612], [-75.04865344761843, 4.4575425844202865], [-75.04863850300764, 4.457565178008911], [-75.04845681999838, 4.457839854032049], [-75.04785696430841, 4.45851182108836], [-75.04719150208955, 4.4590057455883425], [-75.04630574396649, 4.459540321206043], [-75.04628187378451, 4.459565435102523], [-75.04623812872624, 4.459619064300267], [-75.04605532398458, 4.459843185713646], [-75.04598965188073, 4.460086434677866], [-75.0459621958396, 4.460147991320538], [-75.04594672307653, 4.4601735367514985], [-75.04576465629651, 4.460272988313725], [-75.04571887026573, 4.460300989766461], [-75.04557912265153, 4.460503341881408], [-75.04574351111334, 4.460806929374918], [-75.0458580690329, 4.461003690105815], [-75.04593168296257, 4.4611425100985285], [-75.0459783407614, 4.461230493835713], [-75.04601723768619, 4.4613038477862785], [-75.04612021086153, 4.461538249261793], [-75.04621756379386, 4.461919517954806], [-75.04627184536325, 4.4623630190508345], [-75.04634432238814, 4.462990165170938], [-75.04652566080233, 4.463456128485184], [-75.04655951856084, 4.463543130285265], [-75.0478332603133, 4.46595781209863], [-75.04916205493292, 4.4680938867015065], [-75.04967466285319, 4.468800235086409], [-75.04972304791467, 4.468866904172475], [-75.04975624124863, 4.468912644000462], [-75.05047222895423, 4.469898757231957], [-75.05093011196331, 4.4705293878677494], [-75.05151445905076, 4.471422925909458], [-75.05173140167844, 4.471754561725837], [-75.05190529141831, 4.471986215952649], [-75.05203682528249, 4.472162432332804], [-75.05207679159554, 4.47216357837077], [-75.05223775931066, 4.472179283374267], [-75.05239260363872, 4.472205088442509], [-75.05254340197766, 4.472241049253459], [-75.05274514882318, 4.47230869870468], [-75.05293844077502, 4.47240353637175], [-75.05350656425229, 4.472748788377817], [-75.05374294666099, 4.4729109214495155], [-75.05395541765115, 4.47308975544507], [-75.0540926048806, 4.473231547799879], [-75.05423574407027, 4.473424265284005], [-75.05427993512556, 4.473506864001491], [-75.05431199964093, 4.473591338243398], [-75.05433768406792, 4.473691438658722], [-75.05435773133014, 4.473811167205534], [-75.05436503557375, 4.473988667723332], [-75.05433343569734, 4.474322331177552], [-75.05428536281431, 4.474530189850993], [-75.05427705195407, 4.474613863060818], [-75.05429529087597, 4.474707506632042], [-75.0543396090332, 4.474813333283363], [-75.05437242775915, 4.474864767267244], [-75.05440784316771, 4.474903401275323], [-75.05444382677324, 4.474927652774775], [-75.05448473990496, 4.474940278970635], [-75.05460953281863, 4.474938631409585], [-75.0547322486293, 4.474920881238758], [-75.0548231302249, 4.474898709046215], [-75.05500820560226, 4.474832844570946], [-75.05514483601657, 4.474767395668463], [-75.05529725179584, 4.474672618717819], [-75.05546072993951, 4.474548889680696], [-75.05569483419008, 4.474343160160323], [-75.05575991787128, 4.474285968294712], [-75.05603483994629, 4.474007445336661], [-75.05622558086931, 4.47383411960795], [-75.05634215258644, 4.473700624875918], [-75.05640687978364, 4.473607119085169], [-75.05643688365433, 4.4735405172438085], [-75.05645702176335, 4.473460503785], [-75.05646829403106, 4.4733585387133745], [-75.0564684937614, 4.473257982255539], [-75.05644146976526, 4.4730696423015335], [-75.05636335412365, 4.472818356319423], [-75.05635801654876, 4.47278804572552], [-75.05633667051472, 4.472664775538958], [-75.05651756582252, 4.472802537170387], [-75.05664661469524, 4.472918511339321], [-75.0567050180909, 4.472974809805185], [-75.05685423479854, 4.4731286195012805], [-75.05690063199931, 4.473171450838858], [-75.05694439256439, 4.473207260133524], [-75.05700458505798, 4.4732500698601045], [-75.05707422541623, 4.473293788224603], [-75.05715000242795, 4.473337031668094], [-75.057288528324, 4.473412000701651], [-75.05748423950777, 4.473516219137205], [-75.0576440762551, 4.473594585880396], [-75.05771918333978, 4.473628329789219], [-75.05779150323553, 4.473658585797485], [-75.05786169998372, 4.473685629707309], [-75.05793018135282, 4.47370961684395], [-75.0580063510063, 4.473734023719113], [-75.058079208816, 4.473755530260821], [-75.05817887072634, 4.473781606676707], [-75.05827416703904, 4.473802428702325], [-75.05835708262903, 4.473818002612459], [-75.05842176349596, 4.473828363878055], [-75.05848040992177, 4.473835461650171], [-75.05853443703604, 4.473839392343331], [-75.05860848694795, 4.473841484001782], [-75.0586645469349, 4.4738392152403605], [-75.05886069744794, 4.47400739514248], [-75.05902645233141, 4.474190861720213], [-75.05924568601625, 4.474478356641168], [-75.05944175295878, 4.474714538070943], [-75.05955908426085, 4.474868495356323], [-75.05958257457128, 4.474903309583556], [-75.05962424233702, 4.474965068844775], [-75.05968153911704, 4.475076371829979], [-75.05971014471598, 4.4751492691667245], [-75.05972630869384, 4.475215772662636], [-75.059734499093, 4.475295529911352], [-75.05973260088953, 4.475376637889836], [-75.05971160812257, 4.475460886560564], [-75.05963051619732, 4.475622187851592], [-75.05960567995129, 4.475692288082338], [-75.05959396034407, 4.47577523173892], [-75.05958539110173, 4.475835871663476], [-75.05959102568168, 4.475878862712186], [-75.05960803291043, 4.47591593371355], [-75.05970006970458, 4.476022085606285], [-75.05979718700581, 4.476103600234903], [-75.05990273268964, 4.476175613294861], [-75.06017485092381, 4.476332281723245], [-75.06026148841411, 4.476396728837557], [-75.06032338476639, 4.476462158252801], [-75.06037849657478, 4.476537101759887], [-75.06042351498235, 4.47661683566581], [-75.06045664404434, 4.476698505144445], [-75.06049028924673, 4.476825818356364], [-75.0605019657221, 4.476941683372146], [-75.06049334917778, 4.477267811161633], [-75.0604807717389, 4.477463762687971], [-75.06045971481039, 4.477627433656271], [-75.06042872014318, 4.477772630180699], [-75.06040205788095, 4.477859039309691], [-75.0603373913208, 4.478012336105782], [-75.06031967334506, 4.478074913830994], [-75.06030605480672, 4.478182867427301], [-75.06030182706571, 4.478348277271892], [-75.06030493434328, 4.4784184606527715], [-75.06031614891762, 4.478472291217917], [-75.06036640983781, 4.478569440068811], [-75.0603958007626, 4.478626253832701], [-75.06046362487092, 4.478837962219799], [-75.06050551512782, 4.478931401952489], [-75.06054066202934, 4.479009796976124], [-75.06055815182147, 4.47907174088966], [-75.06056892791838, 4.479152736204915], [-75.06057870619172, 4.47931766514884], [-75.06057435640476, 4.479398225566173], [-75.06055728372479, 4.479460481303804], [-75.0605013867481, 4.4795925502592215], [-75.06045048768678, 4.4797525926164345], [-75.0604331833136, 4.4798808001503305], [-75.06043984311725, 4.479979607678754], [-75.06052020710251, 4.48020754274308], [-75.06056721028766, 4.480308492178445], [-75.06062726468907, 4.480392757369633], [-75.06072309797281, 4.48050524555977], [-75.06060335325974, 4.4806044539808525], [-75.0604826596116, 4.480697890121161], [-75.06041785394609, 4.480884522955288], [-75.06039028356568, 4.481117745118358], [-75.0603904273849, 4.481224117806569], [-75.06039053388143, 4.481304292121523], [-75.06039084544618, 4.481537472712403], [-75.0603725069642, 4.481724046835286], [-75.06026679670991, 4.481969774709616], [-75.06025206260664, 4.482004028242818], [-75.06003854205291, 4.482233221135], [-75.0599736510752, 4.482302876407362], [-75.0598254903035, 4.482471213063595], [-75.05968598314651, 4.482629718285621], [-75.05965959427986, 4.48266702016146], [-75.05957821626778, 4.482762563172691], [-75.05953767036728, 4.483077827327673], [-75.05962569967167, 4.483281346722455], [-75.059783997235, 4.483474934955651], [-75.06021916096519, 4.4835921762322855], [-75.06041044894097, 4.483637235387146], [-75.06110242632009, 4.483808420013495], [-75.06145586416059, 4.483993112077902], [-75.0615986622057, 4.484342098998497], [-75.06164636027549, 4.484532494129859], [-75.06159394956252, 4.48476005755573], [-75.06149426509039, 4.485114662308124], [-75.06145030282218, 4.485381006652051], [-75.06145034911114, 4.485415181372817], [-75.0614507063432, 4.485682300444709], [-75.06155037196976, 4.486080130288768], [-75.06164999341436, 4.48644479742989], [-75.06184856986724, 4.486676675783787], [-75.06204723618902, 4.486974883797379], [-75.06216333627698, 4.487306363964936], [-75.06217432998191, 4.487500264327101], [-75.06217955047016, 4.487592342988842], [-75.06213109097463, 4.4879033556893875], [-75.06213153628238, 4.488234992779671], [-75.06214632886646, 4.488485776232911], [-75.06223347014503, 4.488784131084271], [-75.06238724522714, 4.489102606938153], [-75.06246162284822, 4.489227943012426], [-75.06256422636427, 4.489400842272905], [-75.06278765172829, 4.48968036224551], [-75.0629738266729, 4.4899039637690565], [-75.06315074667047, 4.490155565259108], [-75.0632426098997, 4.490346385699568], [-75.06327190418521, 4.490407236770985], [-75.06334662955734, 4.490686954754701], [-75.06336547989352, 4.490882806192259], [-75.06333793696926, 4.491134677924576], [-75.06324538721678, 4.491423951116993], [-75.06317702221675, 4.4915510278770165], [-75.06312486896736, 4.491647969349558], [-75.06307866256448, 4.491843904615934], [-75.0630789384262, 4.4920491082695975], [-75.06312578280644, 4.492328863568069], [-75.06316940488132, 4.492389494048445], [-75.06329338427975, 4.492561818646918], [-75.06347020370124, 4.492738797989154], [-75.06356241068791, 4.4928087070720855], [-75.06369012972999, 4.492905543334911], [-75.06377721327944, 4.49297156507091], [-75.06397255840608, 4.493101883383683], [-75.06414934083784, 4.493250881440625], [-75.06422384182756, 4.493362707720107], [-75.06424263004466, 4.493511920096984], [-75.06423357505271, 4.493689151767227], [-75.06419668776604, 4.493903730340015], [-75.06416454563328, 4.494242030175425], [-75.06406994802798, 4.494418914617257], [-75.06390258705154, 4.494755983303775], [-75.06348378198895, 4.495300080599922], [-75.0629508352896, 4.496051033561098], [-75.0627847178357, 4.496218197981604], [-75.06270567028108, 4.496297745357802], [-75.06264612915376, 4.496357661443321], [-75.06228806819801, 4.49669498392564], [-75.06186894232219, 4.497001768609017], [-75.06128950480613, 4.497216902079808], [-75.0606945872534, 4.4972636377729565], [-75.06041227970542, 4.497210431118723], [-75.0603637429547, 4.497207176820583], [-75.06007662009279, 4.497187917932998], [-75.05968760383972, 4.497196099076321], [-75.05954265330156, 4.4972357617878975], [-75.05965290628052, 4.497471302119281], [-75.05972548922084, 4.497664723582183], [-75.05974422789525, 4.497714658028914], [-75.05978826787788, 4.497859735672346], [-75.05987034800833, 4.498208695750519], [-75.05990764197384, 4.498333709010662], [-75.05995603906595, 4.498437292300621], [-75.06002731013619, 4.498547690108089], [-75.06008588480975, 4.49862022171622], [-75.06015541398271, 4.498690908860378], [-75.06033436895316, 4.49883381623277], [-75.06056444602001, 4.498966689412107], [-75.06080466262884, 4.499063002795394], [-75.06088955906853, 4.499104729031867], [-75.06100204884794, 4.4991858411843655], [-75.06109934682192, 4.499277829014073], [-75.06116817827308, 4.499371144723782], [-75.06131251110398, 4.4996426493706005], [-75.06133724534035, 4.499681222127963], [-75.06161606773512, 4.500116085325475], [-75.06168654935732, 4.500252263792344], [-75.06184417416102, 4.500590492821492], [-75.06194151539228, 4.500779685665229], [-75.06198923324213, 4.500857883390194], [-75.06203388491694, 4.500910384290635], [-75.06209390600809, 4.500957786603415], [-75.06233208323484, 4.501085864795064], [-75.06241369174526, 4.501141464414358], [-75.06247134619755, 4.501203238840693], [-75.06253584801044, 4.50131554018228], [-75.06257765917832, 4.501428539898902], [-75.06259781025689, 4.501563524126125], [-75.06260808833153, 4.501716358634166], [-75.0625979165875, 4.501933709820462], [-75.06259633890524, 4.501967427838257], [-75.06260159330999, 4.502076315584448], [-75.06263200725004, 4.502220797299147], [-75.06265815528343, 4.50229697314277], [-75.06267101303804, 4.502334430819886], [-75.06274262924146, 4.502463996921702], [-75.06281087694423, 4.502543102200551], [-75.06285860534429, 4.50257249267015], [-75.06299529679423, 4.50262402856557], [-75.0630832080586, 4.502679412947211], [-75.06314312363308, 4.502730546246712], [-75.06320345616305, 4.502818982565136], [-75.06324312382125, 4.502932056975838], [-75.06325008390667, 4.503028299175077], [-75.06323975715071, 4.503386211938746], [-75.06324945942143, 4.503550785998051], [-75.06326883887287, 4.503656165906868], [-75.06330158566624, 4.503777049998903], [-75.06333820681044, 4.5038729945212115], [-75.0633843929578, 4.503993996910213], [-75.06339598588033, 4.504087850841311], [-75.06338259899684, 4.50445283876128], [-75.0633731193562, 4.504580159443129], [-75.06336653041046, 4.504668653654984], [-75.06336269146318, 4.504720203060139], [-75.06332683477174, 4.504912675929129], [-75.06330591970983, 4.504959186276983], [-75.06324229863867, 4.5051006743366075], [-75.06324189425176, 4.505129852269043], [-75.0632160139309, 4.505196027794586], [-75.06323980864407, 4.505280324980765], [-75.06341040193594, 4.50588470220017], [-75.06380183626881, 4.5061471362250085], [-75.0638169113014, 4.50617119979642], [-75.06397202179603, 4.506418858821796], [-75.06414547380717, 4.506738272914222], [-75.06420443084936, 4.5068468432651665], [-75.06425371887457, 4.507153776877654], [-75.06426423257763, 4.507219249319072], [-75.06425974290723, 4.5074144232386], [-75.06424288669126, 4.507471989874706], [-75.06413471468132, 4.507616642732542], [-75.06403196817983, 4.507715378247082], [-75.06391774062506, 4.507820062426458], [-75.06371168119726, 4.507954832893415], [-75.06358575559159, 4.508054383164108], [-75.06336951715232, 4.508192833803852], [-75.06306266638899, 4.508370124118795], [-75.06264636664055, 4.508577311863673], [-75.06213737939215, 4.508849473795564], [-75.06166245195571, 4.509059084384321], [-75.06124870780326, 4.5092029417128545], [-75.06091956090056, 4.5093065853731265], [-75.06042554426153, 4.509467826904601], [-75.06010166392998, 4.509548510211203], [-75.05979478329515, 4.509629178625141], [-75.05946516624333, 4.509727086174255], [-75.05913007904391, 4.509888182692267], [-75.05892577613454, 4.510026198997192], [-75.05879531277822, 4.510129694341522], [-75.05876697886445, 4.510158435140169], [-75.05875578889182, 4.510204400612973], [-75.0587851295905, 4.510416937003911], [-75.05887111925031, 4.510571992727341], [-75.0589701665184, 4.510675417562705], [-75.05908236962517, 4.51076144580884], [-75.05914313106221, 4.510797126027744], [-75.05921918556491, 4.510841792024191], [-75.05932740935461, 4.510887689927061], [-75.05944704531551, 4.510950816055948], [-75.05956678384818, 4.5110541684504915], [-75.05968084010071, 4.511174767730876], [-75.05977209715094, 4.511289643185796], [-75.05985197168495, 4.51141602576458], [-75.0598862880029, 4.5114956859614], [-75.05991439568834, 4.5115609377115575], [-75.05992622333976, 4.511588394158064], [-75.05997212223564, 4.511806763162275], [-75.0599668233329, 4.5119906793936835], [-75.0599557890812, 4.512157360323327], [-75.05992207173472, 4.512329791985426], [-75.05985117014593, 4.51264530020318], [-75.05978685769041, 4.512852861912731], [-75.05969093613322, 4.5131402701340475], [-75.059598615959, 4.513354520271438], [-75.05954975900737, 4.513467908673626], [-75.05939724701396, 4.513784049426837], [-75.05926730110762, 4.51402546235894], [-75.05891131274016, 4.51464047069849], [-75.05874178778652, 4.514927851115402], [-75.0585158116445, 4.515353183098028], [-75.05846812442691, 4.515448716074017], [-75.05833506224663, 4.5157152845613275], [-75.05828440088104, 4.515824549312727], [-75.05809787596192, 4.5162268395712], [-75.0579567537956, 4.516583211905486], [-75.0578580400627, 4.5168126309473795], [-75.05765750197736, 4.517278700898635], [-75.05732415070008, 4.51783042118659], [-75.05705871397743, 4.51837068276948], [-75.05681023303104, 4.518882202366618], [-75.0565559966775, 4.519295961991219], [-75.05637516588553, 4.519554528973446], [-75.05630262322143, 4.51964761009452], [-75.05626433992684, 4.519696732263748], [-75.056030379969, 4.5199969294520725], [-75.05575907605404, 4.520358885051346], [-75.05550081804999, 4.520700921832644], [-75.05538601529602, 4.520852966082701], [-75.05510342431312, 4.521249377447442], [-75.05478693688113, 4.521703231342152], [-75.0547560569719, 4.521752293616991], [-75.05468359591902, 4.521867427944721], [-75.05451574504731, 4.522134118215673], [-75.05449318095691, 4.52217360218935], [-75.05423335018067, 4.522628225130792], [-75.05403026519382, 4.523105171901567], [-75.05391206380826, 4.523530499091653], [-75.05389190476147, 4.523627740428016], [-75.05383339962962, 4.523909897813283], [-75.05382012326847, 4.524000688010289], [-75.05378295385218, 4.524254857864599], [-75.05376344674825, 4.524428633587208], [-75.05375658904106, 4.524489667860169], [-75.0537409156174, 4.524629144661778], [-75.05373257557537, 4.524703364730014], [-75.053721566309, 4.5250196979665755], [-75.05370482157542, 4.525336046585683], [-75.05368236209456, 4.525698440260042], [-75.05368801933102, 4.52599765179862], [-75.05366772961375, 4.526331077635519], [-75.05365963003695, 4.526463706992575], [-75.05363662884268, 4.526947128786387], [-75.05369929060892, 4.527257528453156], [-75.0537040459149, 4.527292461431225], [-75.05376502712247, 4.527735189988065], [-75.05385421021097, 4.5281301869545745], [-75.05383557201887, 4.528542180230033], [-75.05382111513016, 4.528811183864721], [-75.05380241333427, 4.529229013802851], [-75.05381671720194, 4.529469833261509], [-75.05383732858665, 4.529818120675694], [-75.05385727340554, 4.5300812470335226], [-75.05386172318568, 4.530533471935216], [-75.0538658707154, 4.530962866435232], [-75.05384631472562, 4.531329502808802], [-75.0539025262743, 4.5317987507501885], [-75.05385336915722, 4.532085472825597], [-75.05377046280763, 4.5322857839273905], [-75.05368982081987, 4.532392087284973], [-75.05342081474431, 4.5326210490427385], [-75.05330649668011, 4.532713488735361], [-75.05304412076256, 4.532990279307572], [-75.05279958781777, 4.5333299595661245], [-75.05276707716516, 4.533386028082616], [-75.05262952124207, 4.533623266331121], [-75.05260177892185, 4.533732251166596], [-75.05256821192184, 4.53383555356555], [-75.05246412013123, 4.534112181785111], [-75.05244362236971, 4.534166653252658], [-75.05242778075933, 4.534208754756589], [-75.05247646044683, 4.5344659739749105], [-75.05260610875955, 4.534762748287906], [-75.05274055389168, 4.534973723629098], [-75.05282651398498, 4.535024238309872], [-75.05294307682438, 4.535092737929372], [-75.05311706990949, 4.535252136001229], [-75.0532323044462, 4.535280154831097], [-75.05372801871279, 4.535466847400812], [-75.05402738660965, 4.535568763626201], [-75.05425750714245, 4.53564240807551], [-75.05434712322183, 4.535693041420973], [-75.05442178483402, 4.535735772560477], [-75.05456308702702, 4.53584202671702], [-75.05467893596686, 4.535990750685779], [-75.05476699826038, 4.536254284259728], [-75.0547712161338, 4.536292198893481], [-75.05477559768435, 4.536331581900944], [-75.05478549727594, 4.53642054425333], [-75.05477570130836, 4.536632767985977], [-75.05472060357698, 4.536913937345073], [-75.05469952568822, 4.537149134800293], [-75.0547181933674, 4.537338348552651], [-75.05473206097147, 4.537648025379977], [-75.0547568843884, 4.537894595887108], [-75.05475852472745, 4.538106808751971], [-75.05476699496481, 4.5384624121348525], [-75.05471330625261, 4.538927133695546], [-75.05464063406468, 4.539156721299173], [-75.0545453266673, 4.539420769052067], [-75.05446275006899, 4.539550214340049], [-75.05434843428874, 4.539654783395522], [-75.05410788980191, 4.539874807128417], [-75.05384042636277, 4.540099085226059], [-75.05350489840352, 4.540415300052422], [-75.05334004810977, 4.540582008248252], [-75.05311875056016, 4.540857812969588], [-75.05292638429502, 4.541167938208484], [-75.05278001480454, 4.541495128041808], [-75.05275242440818, 4.541594641963066], [-75.05272433614839, 4.541695940898012], [-75.05260274017999, 4.54224663892879], [-75.05260644207104, 4.542699556257921], [-75.05266578108494, 4.543103249966939], [-75.05271939238875, 4.543321445431022], [-75.05275590624889, 4.543467533650473], [-75.05303069585317, 4.5441723652149655], [-75.05317213966892, 4.54445113415629], [-75.05319055179895, 4.544487424638663], [-75.05321096331677, 4.544527661905456], [-75.05325509183345, 4.5445863422151325], [-75.05343073110505, 4.544819882855865], [-75.05369064297057, 4.545135072772739], [-75.0538478701167, 4.545321102029561], [-75.05396053312164, 4.545454403584105], [-75.0542729073885, 4.545742694982113], [-75.05463550841223, 4.5460695373310696], [-75.0549872593272, 4.546494021214671], [-75.05509687538769, 4.54663744927679], [-75.05521490921402, 4.546871095537808], [-75.05524385974847, 4.546962553953097], [-75.05530643895851, 4.547171069844208], [-75.05531824070069, 4.547222714143552], [-75.05529089274762, 4.547389114753606], [-75.05524968688832, 4.547485949684134], [-75.05523473606418, 4.547521084426559], [-75.05514392930556, 4.5476014072050255], [-75.05498464977092, 4.547693196831968], [-75.05484778997655, 4.547727614174304], [-75.05471096265124, 4.547767771093938], [-75.05463681007029, 4.547784982064819], [-75.05453971266064, 4.547790722164071], [-75.0544369381233, 4.547802198248697], [-75.05430562282254, 4.547819414072347], [-75.05407734541795, 4.547865328300048], [-75.05390031365832, 4.547888295737893], [-75.05380325864607, 4.5479055222480165], [-75.05368793926544, 4.547931043193816], [-75.05362232040702, 4.547945566097427], [-75.05344302502928, 4.547985245248412], [-75.05327461565801, 4.548022516389131], [-75.05323242165855, 4.548031853198373], [-75.05307788412391, 4.548084495802709], [-75.05286529882018, 4.548156906301739], [-75.05249059501547, 4.548267286146282], [-75.05214251858418, 4.548393625982714], [-75.05195441906505, 4.548491210839355], [-75.05180078623923, 4.54860597257651], [-75.05162512438095, 4.548829662397386], [-75.05159137692115, 4.548904202882776], [-75.05160380208368, 4.549024569130305], [-75.05163870514488, 4.54909333517245], [-75.05169664137257, 4.5491792881003805], [-75.05176011055133, 4.549242310755992], [-75.05183493136845, 4.549293867756431], [-75.05198418632527, 4.549351133963132], [-75.05213328176735, 4.549391215854883], [-75.0522138546177, 4.549396957283645], [-75.05230188258514, 4.549403234584718], [-75.05245905660583, 4.549415135728771], [-75.05278179067999, 4.549480802190705], [-75.05285019930633, 4.549348619311108], [-75.05322010156577, 4.5492271541425735], [-75.05360812302749, 4.549179169606627], [-75.05378815912162, 4.54918864639351], [-75.05419778729663, 4.549206651571854], [-75.05465621665573, 4.5493259213622625], [-75.05485484606199, 4.549285805797729], [-75.05517517296673, 4.549298256079828], [-75.05601308713928, 4.549196772606662], [-75.05638841769566, 4.549258983973921], [-75.05618889307513, 4.549710833959119], [-75.05598946923914, 4.55023794539983], [-75.05582100362871, 4.550226523302408], [-75.05562669600525, 4.550213348004163], [-75.05499616835189, 4.550190696565367], [-75.05491747665779, 4.550187869714876], [-75.05477957464014, 4.5501829146599], [-75.05420821102106, 4.550103884147383], [-75.05455792426234, 4.550240439951632], [-75.05497060109599, 4.550441487101647], [-75.05530260169607, 4.5505564701387895], [-75.05540795427142, 4.550586311962407], [-75.05570872759439, 4.550671538699278], [-75.05576412620215, 4.550682488011527], [-75.05600020337246, 4.550729159783122], [-75.05618410590252, 4.550749036838927], [-75.05625197698983, 4.55075636970759], [-75.05642184495261, 4.550774730247156], [-75.05646536814956, 4.550771350672845], [-75.05665640574732, 4.5507501566165445], [-75.05686485237854, 4.5507270305577086], [-75.05699755948783, 4.5507123552175335], [-75.0573859666168, 4.550673054596088], [-75.05803040800848, 4.550702440991523], [-75.05823033794792, 4.550765817577606], [-75.05861302757918, 4.550892572646781], [-75.05894396382402, 4.55096189525414], [-75.05904027963946, 4.550994730741689], [-75.05927896809665, 4.551076110430432], [-75.05938359278356, 4.5511117837646795], [-75.05944383785658, 4.551154542132397], [-75.05958744745041, 4.5512564663822035], [-75.05967542774475, 4.551318911254289], [-75.06007468604824, 4.551422920549517], [-75.0606849866962, 4.551613545952385], [-75.06103262224579, 4.5516946769009685], [-75.06153925969451, 4.551747598674443], [-75.06200012182798, 4.551783376247252], [-75.0622161740213, 4.55178407540302], [-75.06237602941724, 4.551747674890173], [-75.06241484488086, 4.5517388383075446], [-75.06288629219084, 4.551700531016348], [-75.06307396499524, 4.55173009826743], [-75.06313463703066, 4.551762279207593], [-75.06320073849423, 4.551797349666127], [-75.06330230060372, 4.551909227630357], [-75.06336546127267, 4.552018653441907], [-75.06338433981983, 4.552052307328854], [-75.06344286476849, 4.552201735906632], [-75.06349845532735, 4.55239833739493], [-75.06343211532894, 4.552685042188698], [-75.06339028770019, 4.55283015779725], [-75.06337098122293, 4.552897148152279], [-75.06329838134842, 4.553091976706881], [-75.06326086468042, 4.553447759624325], [-75.06326766482319, 4.55362578529929], [-75.06332594359844, 4.553834525853323], [-75.063376512618, 4.554015671048469], [-75.06338966774733, 4.554062788746317], [-75.06343021031496, 4.554189328324686], [-75.06348306363844, 4.554349737774213], [-75.06377190483514, 4.554495842205877], [-75.06395089561224, 4.554674972387209], [-75.06402260872832, 4.55481841520277], [-75.06405629865719, 4.5548689777320766], [-75.06413010604376, 4.554979746583286], [-75.06423757837776, 4.555123137278813], [-75.06434502481366, 4.5552485863913565], [-75.06447032760994, 4.555356066968354], [-75.0646314880218, 4.555535269737877], [-75.06479215073664, 4.555696058315335], [-75.06491182734976, 4.555839676922459], [-75.06497171104012, 4.555911591448506], [-75.06511496704756, 4.5560728749007025], [-75.06522248813671, 4.556252152887587], [-75.06536571919607, 4.556395494694671], [-75.0655089995931, 4.556574721329773], [-75.06559859288687, 4.556718134050816], [-75.06572394542995, 4.5568615017953205], [-75.06581358813239, 4.557040802946278], [-75.0658245733256, 4.5570810031639315], [-75.06586749589137, 4.557238095086767], [-75.06597496808938, 4.5573814852067285], [-75.06608246635325, 4.557542817721276], [-75.06617220615941, 4.557793886675209], [-75.06619033069029, 4.557973284897254], [-75.06626204476494, 4.558116724412327], [-75.06633371041914, 4.558224279041475], [-75.0664590140727, 4.5583317597980635], [-75.06654855761315, 4.558439291876228], [-75.06667391071224, 4.558582655608918], [-75.06678131060487, 4.558672219966124], [-75.06719290678856, 4.558940790255287], [-75.06728131689331, 4.558993856690508], [-75.06731821067197, 4.559048269840613], [-75.06740768162594, 4.559101972641954], [-75.06746134479143, 4.559119841102466], [-75.06756871966377, 4.559191461939714], [-75.06765814210088, 4.55920928076322], [-75.06774766344874, 4.559298871041647], [-75.06780144891302, 4.559406448827465], [-75.06783740423857, 4.559549941221992], [-75.067837502259, 4.559621708165786], [-75.06787343332346, 4.559747253612925], [-75.06794522175724, 4.5599445199588695], [-75.06796337220622, 4.560141863929526], [-75.06803506176703, 4.560267360591233], [-75.06819617394159, 4.560410675916124], [-75.06830585020937, 4.560538723952004], [-75.06841107280322, 4.560661573347466], [-75.06871544308255, 4.560966168608712], [-75.068780547669, 4.5610052494363735], [-75.06889438566519, 4.561073577146904], [-75.06903756985838, 4.561181035348349], [-75.06921653774128, 4.56130638072867], [-75.06934191626199, 4.561467688626975], [-75.06950302894126, 4.561611004318127], [-75.069610453963, 4.56171851027359], [-75.06970004895204, 4.56186192632419], [-75.06987909018196, 4.562041100388311], [-75.07000524655807, 4.56218312927717], [-75.07002234867879, 4.562202382686979], [-75.0702370023122, 4.562273855171653], [-75.07032652257853, 4.562363442998579], [-75.0704874875518, 4.562399103989411], [-75.07061269497318, 4.562434815677946], [-75.07079158930509, 4.5625063368752565], [-75.07089891526418, 4.562542075690596], [-75.07095267716022, 4.562631711433417], [-75.07106022630666, 4.562828927071139], [-75.07107827768908, 4.562954499220263], [-75.07114994465145, 4.563062053713697], [-75.07120375635084, 4.563187574151981], [-75.07123971280096, 4.563331065063606], [-75.07125769102686, 4.563402807350544], [-75.07136531369868, 4.563653852680312], [-75.0712224749822, 4.563797587658007], [-75.07116910710002, 4.563995024556748], [-75.07109791013578, 4.564228374328161], [-75.07106249611523, 4.564479614773492], [-75.07102708211141, 4.564730856131091], [-75.07100940044519, 4.564874422352165], [-75.07100956840812, 4.564996150669458], [-75.07100972061247, 4.56510766780978], [-75.07100996755426, 4.565287091564077], [-75.07101011590414, 4.56539474400684], [-75.07106412518341, 4.565663804282327], [-75.0711716498457, 4.565843078201016], [-75.07117179827031, 4.565950735153345], [-75.07117184421315, 4.565984027761094], [-75.07117192134797, 4.566040444307351], [-75.07117211864792, 4.5661839805802344], [-75.07119019573624, 4.566327494135063], [-75.07131555057481, 4.566470858699258], [-75.07147666501443, 4.5666141741451876], [-75.07163778041325, 4.566757488618133], [-75.07183472791714, 4.566954581028323], [-75.0720156465092, 4.567099096190111], [-75.07221057212324, 4.5672231935690055], [-75.07249677009476, 4.567312507789056], [-75.0727829925885, 4.567419766026059], [-75.07303343285993, 4.567509128212132], [-75.07340915325007, 4.567688028955725], [-75.07368961343063, 4.567761241001529], [-75.07393637507312, 4.567798035213914], [-75.0741051868698, 4.5678305327128825], [-75.07433697366325, 4.567864869314389], [-75.07442521862252, 4.567737991377433], [-75.07455135913126, 4.567611058915398], [-75.07467746276588, 4.567458774025146], [-75.07477834008051, 4.567331877613667], [-75.07480333960038, 4.56714170784047], [-75.07480318200275, 4.5670276277874295], [-75.07480302530425, 4.566913544113654], [-75.07487865608542, 4.566799360444757], [-75.07500486463374, 4.566723131060049], [-75.07520696925967, 4.566722847144106], [-75.07549757862228, 4.566785820706343], [-75.07577939235318, 4.566869186810913], [-75.07617995843947, 4.5669876820519715], [-75.07644525304066, 4.567012663988767], [-75.07662204097663, 4.566974390310813], [-75.0767734605506, 4.566860098235285], [-75.07697529999307, 4.566669682154405], [-75.07705080839268, 4.5664667673051484], [-75.07703791369575, 4.56627664783755], [-75.07703751021337, 4.565985108420875], [-75.0771129133579, 4.565706138231893], [-75.0772516134207, 4.56552848599815], [-75.07733994531355, 4.565464984962905], [-75.0775166616734, 4.565376007390973], [-75.07775660563874, 4.565337644703049], [-75.07816075893443, 4.565299056553881], [-75.07859019080969, 4.565273105971611], [-75.0787194643935, 4.5652543899801135], [-75.07885539838885, 4.565234706800458], [-75.07919635783428, 4.565170852096375], [-75.07942363566731, 4.565107156910764], [-75.07951205600162, 4.565107033436976], [-75.0796257383878, 4.565106877384848], [-75.07973935042172, 4.565056012994592], [-75.07987817263226, 4.564967088849417], [-75.08002959110607, 4.5648527983168155], [-75.08029467509677, 4.564725668685054], [-75.08042082961545, 4.564611415232873], [-75.08061015984916, 4.564509741985899], [-75.08079947242584, 4.564395395711272], [-75.08102682007397, 4.5643824048541575], [-75.08117832616739, 4.56433148825449], [-75.08131714797506, 4.56424256397378], [-75.081430671653, 4.56412832630739], [-75.08146837233068, 4.56398883869239], [-75.08148087964504, 4.563900091061479], [-75.08145545925241, 4.563786046807507], [-75.08136691598695, 4.563697439567528], [-75.08129104028573, 4.563634169685177], [-75.0812025674411, 4.563596265255123], [-75.08108886691947, 4.563583748451288], [-75.08092453600169, 4.5634952479505895], [-75.0807601699416, 4.563381396866574], [-75.08060834744911, 4.563204150395874], [-75.08048183973803, 4.563064896639161], [-75.08049426113372, 4.56291277218869], [-75.08055724068988, 4.562785925913206], [-75.08065801084042, 4.562582974224299], [-75.08074609589765, 4.562342012135623], [-75.08087216305745, 4.562164375719458], [-75.08098572181495, 4.562075487854652], [-75.0811119471103, 4.562011932863764], [-75.08126348794111, 4.561986369706733], [-75.08144030914775, 4.561973447840855], [-75.08156660470883, 4.561960595635103], [-75.08170717926832, 4.561940241237676], [-75.08174340917387, 4.561934996180054], [-75.08186959913813, 4.561846090587192], [-75.08222290602632, 4.561579408174315], [-75.08270245604372, 4.561261844447496], [-75.08295492431364, 4.561147408906997], [-75.08313170987908, 4.561109134432568], [-75.08333381099861, 4.56110885256548], [-75.08366233062868, 4.561184444386444], [-75.08410447973915, 4.561221853374087], [-75.08464767880527, 4.561259117768455], [-75.08495083069417, 4.5612586938235244], [-75.08520333263546, 4.561169608114688], [-75.0854936588601, 4.561029770109371], [-75.08606167858434, 4.560750106195886], [-75.08638986304555, 4.5605848607657125], [-75.08657926069648, 4.560533894004751], [-75.0868444481179, 4.560482819908695], [-75.08717293171003, 4.560533056945909], [-75.08733720976443, 4.560583528985739], [-75.08748896168532, 4.56071007179386], [-75.08766601261269, 4.560861933983656], [-75.08786827319456, 4.560975729087419], [-75.08803154608644, 4.561013296577926], [-75.08820942542545, 4.5610513017797], [-75.08834849310938, 4.5611398350848855], [-75.08846228135295, 4.561215730936912], [-75.08858871774478, 4.56130428012435], [-75.08870248830986, 4.561367496644464], [-75.08884144981698, 4.561379976795391], [-75.0889425014083, 4.561379837304505], [-75.08906881385319, 4.561379660439603], [-75.08916982908241, 4.561354166004718], [-75.08924552758083, 4.561290681084829], [-75.08934650733359, 4.561239832626178], [-75.0894726956691, 4.561150926179055], [-75.08950203770098, 4.561152520288791], [-75.0897000772539, 4.561163280778447], [-75.08994008923828, 4.561175618417327], [-75.0902560310057, 4.561289253403204], [-75.09048348440112, 4.561352311181026], [-75.09073616315172, 4.56138998108216], [-75.09098875313903, 4.561364272713585], [-75.0913296725999, 4.561275062297486], [-75.09164941555649, 4.561203287707742], [-75.09178425772609, 4.561173014808851], [-75.0918726049318, 4.561122189337256], [-75.09204930109053, 4.561020535659854], [-75.09220078698148, 4.560956942687321], [-75.09239022094035, 4.560931322157823], [-75.0925922861709, 4.560905687365767], [-75.09274382616748, 4.560880119358919], [-75.09293324134946, 4.560841825801857], [-75.09312269295089, 4.560828881625693], [-75.0932362669668, 4.560752669126917], [-75.0934004381388, 4.560727084064402], [-75.09356462707201, 4.560714174582703], [-75.09374144727961, 4.560701251733249], [-75.09396868489613, 4.560612198326229], [-75.09418338105384, 4.560586542580988], [-75.09441072625229, 4.560573546327915], [-75.09454965157896, 4.560560673283153], [-75.09470113783134, 4.560497079924943], [-75.0948905178588, 4.560433433832841], [-75.09504209309455, 4.560433219338773], [-75.09520635302972, 4.560471012829086], [-75.09538331461522, 4.560559491691867], [-75.0955097707797, 4.560660717627767], [-75.09561107139072, 4.560838031976186], [-75.09566189866138, 4.561053447360333], [-75.09567494094377, 4.561344969072419], [-75.09572587713141, 4.561636432563314], [-75.09580189671796, 4.561801107902793], [-75.09589047628288, 4.56191506384394], [-75.0959285842491, 4.562067119064584], [-75.09595418584775, 4.562307916811287], [-75.0959669955939, 4.562434654833881], [-75.0959798062559, 4.562561392851141], [-75.0960052116353, 4.562662761772304], [-75.09608117793519, 4.56278941022284], [-75.09611921465321, 4.562890761215021], [-75.09619510959313, 4.562966707268809], [-75.09629542182338, 4.56301685985114], [-75.09634679327928, 4.563042546693623], [-75.09647315899008, 4.563080393347908], [-75.0966304328998, 4.563118827961773], [-75.09673848780702, 4.56313072017876], [-75.0968648731916, 4.563181241423027], [-75.09702922308449, 4.563282414794039], [-75.0971429941723, 4.5633456312961025], [-75.09724415183929, 4.563421538578509], [-75.09737051761063, 4.563459388639588], [-75.09748421811358, 4.563471901832408], [-75.09758526762552, 4.563471757376554], [-75.09773689778879, 4.563509566941914], [-75.09787587786954, 4.563534720653251], [-75.09796440431145, 4.563610649354781], [-75.0981286827855, 4.5636611173431545], [-75.09826771656829, 4.563724298584506], [-75.09843195926447, 4.56374941624095], [-75.09864671014162, 4.563761784608886], [-75.09877296940304, 4.563723579131222], [-75.09887385770939, 4.563609355261824], [-75.09897469316357, 4.563457103781128], [-75.09897447829019, 4.563304996962987], [-75.09897437085905, 4.563228943553677], [-75.09899943557996, 4.563089477276428], [-75.09904981837673, 4.562988000862699], [-75.09908751526676, 4.562848513910157], [-75.09908735413676, 4.562734433803018], [-75.0990493698958, 4.562671109862585], [-75.09903657842011, 4.562557050426172], [-75.09903643431515, 4.5624556449806155], [-75.09903627321917, 4.562341563964095], [-75.09909921388059, 4.5621893691544395], [-75.09914428408958, 4.562098587846846], [-75.09918743584728, 4.562049811278796], [-75.09926316972167, 4.5620116749958335], [-75.09940209569973, 4.56199880182532], [-75.09956630299428, 4.561998570969021], [-75.09973047264484, 4.561972986242168], [-75.09985666074901, 4.56188407668538], [-75.10013433336717, 4.561731570911575], [-75.10034881378114, 4.561553806577295], [-75.10048761414474, 4.5614522070636525], [-75.10061380113429, 4.561363298364632], [-75.10075272684868, 4.561350425000954], [-75.10080334140538, 4.5614137281206615], [-75.10091716595429, 4.5615149706691485], [-75.1010183781185, 4.561628905820347], [-75.10106913617606, 4.561793619645488], [-75.101069388108, 4.561971077365782], [-75.1010569899733, 4.562135876627464], [-75.10098157904778, 4.562402170288642], [-75.10098177632696, 4.562541603171143], [-75.1009818839309, 4.562617654674973], [-75.10100723612825, 4.562680996437796], [-75.10105781498416, 4.562718952903133], [-75.10114626968132, 4.562744177997554], [-75.10125995192077, 4.56274401687248], [-75.10147468330699, 4.562743709868164], [-75.1016388537479, 4.562718124655018], [-75.1018409717662, 4.562730509291158], [-75.1019673390638, 4.562768355768398], [-75.10201793590227, 4.562818987683293], [-75.10211905776045, 4.5628695457036805], [-75.10220747743114, 4.562869416841396], [-75.10232103298637, 4.562780525849379], [-75.10242193930343, 4.562678978240304], [-75.10266162670656, 4.5624631497861206], [-75.10302782578985, 4.5623865746159336], [-75.10321718741747, 4.562310249092171], [-75.10340661998647, 4.56228462657369], [-75.10353284334394, 4.562221072139733], [-75.10368432821025, 4.562157475282], [-75.10386111056606, 4.562119197898254], [-75.1039999290639, 4.562030267983009], [-75.10417667716425, 4.561966637676801], [-75.10430297138592, 4.561953780745457], [-75.10449240369672, 4.561928158000963], [-75.10464388924747, 4.561864564622616], [-75.10478281372745, 4.561851692278289], [-75.10493438918863, 4.561851471936381], [-75.10512393029744, 4.561901905774384], [-75.10523772013707, 4.56197779628166], [-75.10530105626279, 4.562104460206171], [-75.10549093873442, 4.562395725082905], [-75.10564274936357, 4.562560291646267], [-75.10581969455343, 4.5626360906804715], [-75.10598393735906, 4.5626612084060945], [-75.10626178809267, 4.562635456717729], [-75.10659687382281, 4.562609108171049], [-75.10691854085398, 4.5625838127505585], [-75.10704838860873, 4.5625836267584265], [-75.1073101101327, 4.562583254179081], [-75.10751228162066, 4.562633662780562], [-75.10766391205733, 4.562671474606838], [-75.1078156129098, 4.562759985670935], [-75.10798000007465, 4.562886504140122], [-75.10808115809746, 4.562962411205147], [-75.10819498438097, 4.563063652005461], [-75.10830870229785, 4.563088843437378], [-75.10842223769583, 4.562987271800565], [-75.10848525006823, 4.562885778112844], [-75.10849768160888, 4.562746327776291], [-75.10849748287112, 4.562606899186717], [-75.10850995236154, 4.562492798924009], [-75.10857294484055, 4.562378630672515], [-75.10866121864173, 4.562277097128772], [-75.10873686214056, 4.562175584427176], [-75.10883778516009, 4.562086710954481], [-75.10895135830543, 4.562010493925848], [-75.10900170233984, 4.56188366833005], [-75.10900152073359, 4.561756909845669], [-75.1089634474204, 4.56163020936606], [-75.10888749596816, 4.561516239663878], [-75.10879891517541, 4.561402288967277], [-75.10873561390837, 4.5613009738734815], [-75.10873545226612, 4.56118689356265], [-75.10873536106799, 4.561123516118608], [-75.10879839139326, 4.561034695270015], [-75.1088614199083, 4.560945876236989], [-75.10900034557007, 4.5609330031866495], [-75.10912665810527, 4.56093282010806], [-75.1092782862578, 4.560970628108684], [-75.10946786302138, 4.561046410828307], [-75.10963219644327, 4.561134900713416], [-75.10998605068752, 4.561261150253742], [-75.11031455310918, 4.561324054864724], [-75.11098409768007, 4.561386469847673], [-75.11171683496288, 4.561474142384361], [-75.11194419657635, 4.5614738142404905], [-75.11214629586533, 4.561473524204659], [-75.11234826824239, 4.561384502276439], [-75.11252497827252, 4.561295519409175], [-75.11266390270194, 4.5612826447464245], [-75.11280293679927, 4.561345820079181], [-75.1129294667233, 4.561497743565615], [-75.11303106184052, 4.561877864291863], [-75.11308196833026, 4.56214397689804], [-75.11324637382401, 4.562283171058758], [-75.11337277700511, 4.56234636618663], [-75.11354966760229, 4.562384136611989], [-75.11367596186948, 4.562371278974756], [-75.11390316094356, 4.562256871056044], [-75.11409233755934, 4.562053789663853], [-75.11440775458341, 4.561799823318206], [-75.11449595544974, 4.561647590411216], [-75.11452017783931, 4.561533349132299], [-75.11453359364032, 4.561470078639584], [-75.11459620438342, 4.5610897233558445], [-75.11463326237678, 4.560506593862309], [-75.11465776023783, 4.559974184373424], [-75.11477075030196, 4.559492351863304], [-75.11481231112188, 4.559359615642138], [-75.11484619195336, 4.559251405590424], [-75.11489622533264, 4.558909094958157], [-75.11499698357522, 4.5587061422257324], [-75.11517325595524, 4.558312945944784], [-75.11532448388787, 4.558071889559946], [-75.11541271981623, 4.557945007701693], [-75.11541250202177, 4.55779290337664], [-75.11541231963167, 4.557666148116514], [-75.11543738301503, 4.557526681897225], [-75.11546248088398, 4.557412563844207], [-75.11556342129852, 4.557336367349464], [-75.11567708257138, 4.557323526191272], [-75.11579076288514, 4.557323360447172], [-75.11595507720712, 4.557399176207637], [-75.11610681407923, 4.557513036430228], [-75.11642293806315, 4.55775341390599], [-75.11659986538379, 4.5578165366886925], [-75.11670093193875, 4.557829067139358], [-75.11687776838869, 4.557828810001336], [-75.11696614935168, 4.557803330572529], [-75.11714293033344, 4.557765049823138], [-75.11728174542269, 4.557676119380363], [-75.11738268463901, 4.557599919087499], [-75.11750886862247, 4.557511007778529], [-75.11754659807345, 4.557396874269267], [-75.11760957139481, 4.557270027946522], [-75.11762201968742, 4.557143253714078], [-75.1176218560537, 4.5570291767615325], [-75.11762169242044, 4.556915097095405], [-75.1175835993715, 4.556775721322251], [-75.1175834157851, 4.556648967143844], [-75.11768426485617, 4.556509387084383], [-75.11789864666797, 4.556268242220646], [-75.11807371211992, 4.556136085728113], [-75.11815099589117, 4.5560777442695075], [-75.11834038910388, 4.556026767077134], [-75.11847933102857, 4.556026567215377], [-75.11870667264033, 4.556013561411801], [-75.11897183441738, 4.5559498000338765], [-75.11928741086216, 4.555809911282567], [-75.11942626074071, 4.555746333337561], [-75.1195145511322, 4.555657477641765], [-75.1196027677838, 4.555517920338954], [-75.11965309236139, 4.555378415129232], [-75.11969065583114, 4.555150201293306], [-75.11971544363053, 4.5548206016114525], [-75.1198411335888, 4.554389451723463], [-75.12003018026567, 4.554097639953066], [-75.12015634509206, 4.553996052305586], [-75.1202825089781, 4.553894464654901], [-75.12045917931192, 4.553780130334426], [-75.12050576818399, 4.553769269183772], [-75.12062332787299, 4.553741864824967], [-75.12077484635951, 4.553703617557368], [-75.120951606689, 4.5536526610392505], [-75.12114101791957, 4.553614357977087], [-75.12131785283303, 4.553614101131832], [-75.12148200122657, 4.553575836369234], [-75.12162072281345, 4.553423528773919], [-75.12170892064071, 4.553271295231691], [-75.12175928124644, 4.553157145421908], [-75.12183490186302, 4.553042951812014], [-75.12193584079394, 4.55296675501121], [-75.12206227936849, 4.553055297983416], [-75.12226446704145, 4.553118384909756], [-75.12246652706118, 4.553092736871083], [-75.12263058398027, 4.5529910941340725], [-75.12273146714922, 4.552876868421323], [-75.12280707023554, 4.552750004840805], [-75.12284470673218, 4.552572493761654], [-75.12284450612334, 4.55243306100184], [-75.12284426817033, 4.552268282012921], [-75.12291976179857, 4.5520653616790465], [-75.12305853842685, 4.551951082912951], [-75.12317207054997, 4.551849511596808], [-75.12324772912358, 4.551760673266431], [-75.12333601676042, 4.551671815735356], [-75.12332325821282, 4.551583106427071], [-75.12325997524599, 4.551494472128024], [-75.12314613229802, 4.551380558446939], [-75.12307023581232, 4.551304614168071], [-75.12295644670027, 4.551228724750473], [-75.12283037959686, 4.551115197070159], [-75.12274144565788, 4.551038905021677], [-75.12261497198533, 4.5509250112777115], [-75.12261473423146, 4.550760227735548], [-75.12267766998944, 4.550608032683921], [-75.12282894892056, 4.550405001819747], [-75.1230938517865, 4.550163783886655], [-75.1233083950637, 4.550036718355582], [-75.12353566112682, 4.549973007742504], [-75.12372507103645, 4.549934706319252], [-75.12393981463639, 4.549947068831152], [-75.12410412781368, 4.550022883122905], [-75.12423054666002, 4.550098753186842], [-75.12444549275907, 4.550250548138992], [-75.12463499382014, 4.5502756232777015], [-75.12481182841556, 4.55027536504803], [-75.12506442891363, 4.5502623205909805], [-75.12549360728542, 4.550071563584534], [-75.12589739398872, 4.549792114727233], [-75.12613708833504, 4.549588958963901], [-75.12625050995833, 4.549411335434175], [-75.12640191625574, 4.549297034547942], [-75.12670478442185, 4.549106460590049], [-75.12698237069586, 4.548903247928021], [-75.12733567026349, 4.548649222872628], [-75.12780248116935, 4.548280953646527], [-75.12796638876866, 4.548077906048681], [-75.12805467712805, 4.547989051119853], [-75.12809238565738, 4.547862239090207], [-75.12809212870786, 4.547684785308281], [-75.12806661022023, 4.54750736461076], [-75.12793995237305, 4.5472667131124735], [-75.127699451448, 4.546912152204482], [-75.12738310960873, 4.546519670554692], [-75.12735321598797, 4.546487543578585], [-75.12704154406224, 4.546152581357141], [-75.1268645281831, 4.546026084397312], [-75.12670644508323, 4.54598855499433], [-75.12659918829769, 4.545963094104243], [-75.12638451831602, 4.546001434157862], [-75.12623302122977, 4.5460523525473695], [-75.12605609662872, 4.545989232976494], [-75.12592960482631, 4.545862666089757], [-75.12582826517891, 4.54566000501289], [-75.1257267232819, 4.545317911374152], [-75.12570118656375, 4.545127815822151], [-75.12572619201072, 4.5449503251732395], [-75.1258143876254, 4.544798088367552], [-75.12596595926327, 4.544797867964862], [-75.12615551337261, 4.544860970311307], [-75.12634515867553, 4.544987450248044], [-75.12649671205415, 4.544974551652747], [-75.12667332444752, 4.544822189407129], [-75.126900331096, 4.544581025601585], [-75.12707679644149, 4.544327257874103], [-75.1271018927982, 4.54421314135333], [-75.1270637616788, 4.544048415894866], [-75.12688671000788, 4.543896567097164], [-75.12669688094024, 4.543643336450304], [-75.126582910104, 4.543440691006378], [-75.12649425637066, 4.543276042217996], [-75.1264940914444, 4.543161961360594], [-75.1265318186593, 4.543047827449298], [-75.12665796170998, 4.5429335637117925], [-75.12706191083839, 4.542768195234096], [-75.12712075679357, 4.5427470073910685], [-75.1274153898201, 4.542640924943634], [-75.1277560737502, 4.542399592073782], [-75.1280588827282, 4.542170993932513], [-75.12831127916006, 4.54201851919285], [-75.12842488314848, 4.541967651240873], [-75.12855119078809, 4.541967467201468], [-75.12875333901624, 4.542005200130019], [-75.12909451771884, 4.542106106264781], [-75.12942301007513, 4.542169004549763], [-75.12962510257766, 4.542168709406866], [-75.12977661756291, 4.542130459781374], [-75.12991544613692, 4.54205420522133], [-75.13002894024261, 4.541927284236765], [-75.13018032628288, 4.541800308228996], [-75.1304579639543, 4.541635121914632], [-75.130760863659, 4.5414698979474855], [-75.13105126236891, 4.541393421262276], [-75.13129822105934, 4.541347986726511], [-75.13132906511628, 4.541342315281411], [-75.13149321032688, 4.5413040461554335], [-75.13163196526123, 4.541177091095034], [-75.13180864772187, 4.541075427033298], [-75.13199803577137, 4.541024450321383], [-75.13221276004025, 4.541024134421679], [-75.13242761155676, 4.541112548283721], [-75.13269328138247, 4.541403695122687], [-75.13290833639152, 4.541631542450776], [-75.13312328064312, 4.541783329740237], [-75.13333800408836, 4.541783017019568], [-75.13355263491188, 4.541719323256254], [-75.13366629402321, 4.541706481446765], [-75.1337546717349, 4.541681002952226], [-75.133868256558, 4.541617459056462], [-75.1339818789341, 4.541579263917326], [-75.13403225378484, 4.541477787989006], [-75.13413315289378, 4.5413762366218196], [-75.13422153142065, 4.541350755380611], [-75.13439838108202, 4.541363171105591], [-75.13458800815472, 4.5414769724451665], [-75.13477778302573, 4.541692177766668], [-75.13501821083486, 4.541996036229051], [-75.13517000228036, 4.542147919311954], [-75.13537213165931, 4.542172972205991], [-75.13544793466193, 4.542185538670528], [-75.13556161204272, 4.542185371818436], [-75.13566263861541, 4.542172547216015], [-75.13580144857143, 4.542083617437687], [-75.13590230969258, 4.541956711741664], [-75.13606615931839, 4.541715637287961], [-75.13628064244932, 4.541550540679087], [-75.1364574359126, 4.541524932770824], [-75.13669745677825, 4.541549929100246], [-75.13698814898132, 4.541676257227582], [-75.13748097121182, 4.54182763659546], [-75.13788535912438, 4.541966473247186], [-75.13812536156534, 4.541978798276088], [-75.13832741782312, 4.54195314839844], [-75.13859255329098, 4.541876704118612], [-75.13876925343301, 4.5417877157857145], [-75.13890811796686, 4.5417368131737765], [-75.13905968675891, 4.541736586702344], [-75.13924914818972, 4.541736307410634], [-75.13938803106447, 4.541698076352598], [-75.1395268761339, 4.541634494792498], [-75.13967986941242, 4.541557447065826], [-75.13970357691774, 4.541545509022427], [-75.13985516493601, 4.5415579576396246], [-75.14013315181923, 4.541633600894382], [-75.14033539309787, 4.541734707408528], [-75.14074011488684, 4.542101699111638], [-75.14094239326256, 4.542228154004407], [-75.1412077497821, 4.5423038170107235], [-75.14142247314263, 4.542303499996233], [-75.14167508817891, 4.542303124564028], [-75.14199067115706, 4.542175906777911], [-75.14221776517392, 4.541998116107169], [-75.1424447093233, 4.541718919154764], [-75.14252017738931, 4.541503324597254], [-75.14258307126599, 4.541325776064374], [-75.14258279212258, 4.541135645098544], [-75.14255697283285, 4.54075542026409], [-75.14260721680448, 4.540565215998843], [-75.14272076308922, 4.540476318008429], [-75.14288498116892, 4.540488751136411], [-75.1430872026773, 4.540577180735241], [-75.14331470467005, 4.540678248337953], [-75.14347907075806, 4.540792086600894], [-75.14365599518648, 4.540855199965914], [-75.14392129631072, 4.540892832839831], [-75.14416127902301, 4.54089247805944], [-75.14442665509013, 4.540980816055494], [-75.14471736632227, 4.541119814827507], [-75.14489451317029, 4.541335032887712], [-75.14497997175081, 4.541543794059179], [-75.14500860016592, 4.5416137243597445], [-75.14505962639774, 4.5419558838687335], [-75.1451482459107, 4.542095184401666], [-75.14527462817014, 4.542145699097036], [-75.1453883039069, 4.542145528891228], [-75.14552720542343, 4.542119973764079], [-75.14564078929975, 4.542056430273364], [-75.1458428434245, 4.542030780213679], [-75.14618392881532, 4.542068297565265], [-75.14649986542507, 4.542181911242058], [-75.14671488601863, 4.542384394680162], [-75.14686673460434, 4.542574301449496], [-75.14698046783073, 4.542612159208942], [-75.14715728029657, 4.542599221190375], [-75.14733394226954, 4.542484880814317], [-75.14756103333721, 4.542307087228685], [-75.14785086794377, 4.541850344738312], [-75.14809030855479, 4.541482400401098], [-75.14819116758814, 4.5413554958457985], [-75.14829208326007, 4.541266617703579], [-75.14841824041392, 4.541165029794188], [-75.14846037797189, 4.541143808964839], [-75.14854445419451, 4.541101463761945], [-75.14858219693143, 4.5410000046402], [-75.14873365304909, 4.540923727018852], [-75.1488852587971, 4.540948851601467], [-75.14901173377044, 4.54106274233699], [-75.14907511214278, 4.541214753670328], [-75.14913850916132, 4.5413794410518795], [-75.1491513833392, 4.541544203105883], [-75.14915186894606, 4.541873760036038], [-75.14916489298534, 4.5421399260898605], [-75.14927885035699, 4.542329886297568], [-75.14944336709345, 4.542545124751592], [-75.1495571942717, 4.542646358737516], [-75.14969626298088, 4.542734881057113], [-75.14986048094964, 4.542747308676386], [-75.14997415825141, 4.542747141314379], [-75.1501255948317, 4.542658189052925], [-75.15023901031365, 4.542480564993809], [-75.15041535282428, 4.542150741106149], [-75.15070535278201, 4.541808071980505], [-75.15091958825354, 4.541478192944227], [-75.15114620994844, 4.54098351472048], [-75.1512849037008, 4.540818527573476], [-75.15139835511785, 4.540666255694711], [-75.1514613396751, 4.540552084975398], [-75.1515368987437, 4.540399864699914], [-75.15153659874068, 4.540197062417421], [-75.15153637418794, 4.540044954372685], [-75.1515361487599, 4.539892849947587], [-75.15153588698797, 4.53971539704155], [-75.15151038207277, 4.539550653057118], [-75.15151015669662, 4.539398547723021], [-75.15150996860058, 4.539271795388594], [-75.15150974505464, 4.53911969004793], [-75.15152215015566, 4.538967566924329], [-75.15157250423808, 4.538853414960905], [-75.15167338090788, 4.538739184610842], [-75.15182485466288, 4.538675581855257], [-75.15207743125477, 4.53864985580639], [-75.15232998734209, 4.538611452737122], [-75.15255716978962, 4.538497038007622], [-75.15267069617343, 4.5383954649445695], [-75.15272202658564, 4.538334401180578], [-75.15280938922375, 4.538230477893573], [-75.15287203609083, 4.537888146728662], [-75.15293479482274, 4.537621870898902], [-75.15298536238588, 4.537556424889662], [-75.15302303981896, 4.537507661056132], [-75.1531113052342, 4.537406126340888], [-75.15321221785995, 4.537317249862627], [-75.15338650368584, 4.5372169578715695], [-75.15342657526843, 4.53719119395511], [-75.15356555707588, 4.537101238823199], [-75.15372956733718, 4.53697424066083], [-75.15383046206318, 4.536872689032012], [-75.15396919191502, 4.536733051359059], [-75.15415861377684, 4.536707417617552], [-75.15427236443148, 4.536757949609224], [-75.15434829772273, 4.536859240946384], [-75.1544747916493, 4.536985806687257], [-75.15458874856964, 4.537175766708058], [-75.15467738880366, 4.5373277378925625], [-75.15482914363346, 4.537454265128758], [-75.15500602943781, 4.537492027208084], [-75.15518300774303, 4.537593168422859], [-75.15547377608684, 4.537770189665305], [-75.15579279626465, 4.537941963966489], [-75.15591626133686, 4.538048387363374], [-75.15613103835405, 4.53808608916579], [-75.15637103872048, 4.538098406764478], [-75.15656055497922, 4.538136151386865], [-75.15676287000582, 4.538287950359959], [-75.15689345284311, 4.5383321195931146], [-75.15714606484288, 4.538331743914932], [-75.15736502106394, 4.538348315063466], [-75.15755024483974, 4.538331137216812], [-75.1577523352536, 4.538330835590297], [-75.1579712664272, 4.538330507935557], [-75.15819027161285, 4.538380878760581], [-75.15851037331011, 4.538464901658729], [-75.15879064095869, 4.538548992070931], [-75.15897929964102, 4.538593546815343], [-75.15901627414839, 4.538615299942487], [-75.15909184004414, 4.538659752773611], [-75.15923658169214, 4.538727842919735], [-75.15935144317675, 4.53877479899549], [-75.15947557117029, 4.538889438645632], [-75.15961862830987, 4.538908364336829], [-75.15971396517146, 4.538898652276546], [-75.15987596358771, 4.538831426165866], [-75.16008548113098, 4.538658869957844], [-75.16053266524017, 4.538007510349544], [-75.16060693425898, 4.537928355717305], [-75.16085634697028, 4.5376625397654635], [-75.16092029692604, 4.537575441075068], [-75.16108116605157, 4.537354450923207], [-75.16178313160428, 4.536956036598966], [-75.16276967936462, 4.536861176781893], [-75.16354753273122, 4.537031925821664], [-75.16417361098183, 4.537468283313838], [-75.16481866239153, 4.537582116561896], [-75.16552062821967, 4.537544173777106], [-75.16620362215625, 4.537449311417006], [-75.16774035863781, 4.537942584866102], [-75.16911768285294, 4.538697630440241], [-75.16933260176818, 4.538948488992222], [-75.16959537583799, 4.539318889706591], [-75.17001893257867, 4.539851451134108], [-75.17046574220225, 4.54046880372954], [-75.17099398261963, 4.540982767349325], [-75.1715364997898, 4.541282578185944], [-75.17207901733212, 4.5413396871638865], [-75.17630493959743, 4.541325410555278], [-75.17861777573775, 4.541482454263238], [-75.1800882826011, 4.541682330814529], [-75.18115903979725, 4.541925032883947], [-75.1822869049079, 4.542053523571303], [-75.18412860695749, 4.542353336768768], [-75.18478533924763, 4.542281951645516], [-75.18519936495416, 4.542096355956732], [-75.1856276682808, 4.541796542212861], [-75.18651282701789, 4.540897105860587], [-75.1870125143289, 4.540283208035091], [-75.18733168839864, 4.540045271929799], [-75.18765496898652, 4.539854901894552], [-75.18798333403589, 4.539712134720361], [-75.18846874402688, 4.53962647359611], [-75.18886849400353, 4.53952653615409], [-75.18912547605284, 4.53938376919472], [-75.18948239509855, 4.539141063217808], [-75.18996780475572, 4.538569993741422], [-75.19048176782832, 4.537684834403505], [-75.19101000882803, 4.5366426308368775], [-75.19156680282627, 4.536242882878237], [-75.19243768503783, 4.53582885362082], [-75.19282315827645, 4.535757471845155], [-75.1931515237319, 4.535728915725315], [-75.19410408037719, 4.535453952640189], [-75.19480127027674, 4.5352039420085655], [-75.19577505211426, 4.534854745817223], [-75.1963137582347, 4.534568202097594], [-75.19665761285209, 4.534316042260948], [-75.19684100340803, 4.5341211899272595], [-75.19700146772816, 4.5338690301765], [-75.19724216662733, 4.5335137119646465], [-75.19767015098195, 4.5330114714504015], [-75.19780574863117, 4.532902116808157], [-75.19841965034738, 4.532602306250608], [-75.19941902407557, 4.532402429593392], [-75.20168902965115, 4.532231108974121], [-75.20256086016835, 4.532140657602554], [-75.20314144807186, 4.532197762118371], [-75.20485466039251, 4.532530886566242], [-75.20717701381226, 4.533492190423801], [-75.20748539738716, 4.53358740369287], [-75.20798508318472, 4.5336445085573445], [-75.20825634192957, 4.533730170876386], [-75.2097268487026, 4.534800927361444], [-75.21002666135377, 4.53504363241569], [-75.21021320565724, 4.535119741556447], [-75.210426409868, 4.535143569801115], [-75.21061200807809, 4.535143570165473], [-75.21079760592478, 4.535115016903168], [-75.2111259717386, 4.534929417002001], [-75.21216817582713, 4.534158472442602], [-75.21273924664578, 4.53393004371216], [-75.21322465658385, 4.533844385442409], [-75.21410981645113, 4.5337016184438985], [-75.2145723792958, 4.533682548229799], [-75.2149664223479, 4.5337444468101795], [-75.21558032308512, 4.53395859657953], [-75.21619422377394, 4.534258409697146], [-75.21656542015036, 4.534586778407483], [-75.21698991082202, 4.535176846862711], [-75.21743724960383, 4.53605248936587], [-75.21772278510633, 4.536823433900484], [-75.21780749943952, 4.5369709951812185], [-75.21803592685971, 4.537270808957889], [-75.21837951622832, 4.53766100578492], [-75.21893536265723, 4.538270182624229], [-75.21900093737936, 4.538344257017525], [-75.21989075591044, 4.539072702041088], [-75.22010853139604, 4.539347785785667], [-75.22023454868618, 4.540126160361103], [-75.22032460845112, 4.540846634386468], [-75.22070454710845, 4.541857929378121], [-75.22093378260368, 4.542282017433173], [-75.22093378341654, 4.542453943636955], [-75.2208306273129, 4.5426831833378944], [-75.22021364634293, 4.543498279122619], [-75.21977769164724, 4.54415220889161], [-75.21964920098823, 4.544366361554122], [-75.21955021081, 4.54459951167256], [-75.21950643436227, 4.544866048881869], [-75.21950643400203, 4.545237244974654], [-75.21969203160762, 4.546008189936338], [-75.22022027177734, 4.547550080307206], [-75.22062002137028, 4.54912052299072], [-75.22076278898795, 4.549463166029953], [-75.22082560172201, 4.549777220269748], [-75.22089127976456, 4.550219834953933], [-75.22093410995008, 4.551076443241812], [-75.22101977087719, 4.551433358584809], [-75.22123392217858, 4.552075816716843], [-75.22151945815872, 4.552604055797978], [-75.2218763773083, 4.553189401300367], [-75.2224031125616, 4.5540250987688715], [-75.22253881423687, 4.554126875382775], [-75.2231289208785, 4.5545456586622395], [-75.22382372320776, 4.555202393020038], [-75.224050715401, 4.555403753998031], [-75.22459466888041, 4.555973337742498], [-75.22517431004812, 4.556572995754571], [-75.22573110376163, 4.557029851420741], [-75.22623534871957, 4.557336782990712], [-75.22681832173974, 4.55757309735767], [-75.22783380879119, 4.557984733580986], [-75.22955308537662, 4.558603672159243], [-75.230309566231, 4.55878706360019], [-75.23141238080996, 4.558911001662593], [-75.23167248299657, 4.558940232228659], [-75.2323555228298, 4.55898576906882], [-75.23312646830344, 4.558885830694902], [-75.23419722632542, 4.55884300183266], [-75.23582477690793, 4.558914383713444], [-75.23651006238931, 4.559028599450197], [-75.23692408812519, 4.559171366273335], [-75.23752371175839, 4.559499732001139], [-75.238052899577, 4.5599327590363155], [-75.23878577368366, 4.5605704554435365], [-75.2392140768245, 4.560817918368482], [-75.23932664769674, 4.560892966317192], [-75.23947581167434, 4.560930337003387], [-75.23971591332126, 4.5609170552278], [-75.24023551719371, 4.560825357551364], [-75.2407856853815, 4.560733663609376], [-75.24161093709927, 4.560687816105851], [-75.24229864709571, 4.560825357750056], [-75.24266542560144, 4.561115727921707], [-75.24345686341138, 4.561548887750751], [-75.24476203303841, 4.561755462296444], [-75.24586134381306, 4.5619553361345115], [-75.24636103126018, 4.562226593634437], [-75.24670367344889, 4.562512130988829], [-75.24718908264232, 4.562911879906137], [-75.24746034175604, 4.563054647137912], [-75.2479314752651, 4.56318313767635], [-75.24853109888195, 4.563183138357877], [-75.24968751691661, 4.563111757126977], [-75.25135789886387, 4.5628547746756], [-75.25261425358829, 4.562483578559605], [-75.25372784223322, 4.562083826264972], [-75.2549984736965, 4.561427095080449], [-75.25584080330276, 4.560856027048946], [-75.25679734724291, 4.560042248637275], [-75.25759684487372, 4.5592855799562955], [-75.25826785268356, 4.558800169829537], [-75.25911018297646, 4.558229099799455], [-75.25958131563915, 4.557986394620078], [-75.26016666309184, 4.557772243265493], [-75.26078056415386, 4.557658029408014], [-75.26152295629235, 4.55760092171846], [-75.26262226723217, 4.5576151993652845], [-75.26315050730494, 4.557629474671127], [-75.26370730067144, 4.557715137236134], [-75.26497793376991, 4.558029224602926], [-75.26541670137968, 4.558267136066132], [-75.26565464732549, 4.558562188978712], [-75.26586309310831, 4.559014321556008], [-75.2663485027705, 4.5599565913983975], [-75.26680535975527, 4.560570488888097], [-75.26704806470573, 4.560841749839944], [-75.26764768854878, 4.561384265687862], [-75.26830441998523, 4.561898229356984], [-75.27013184644618, 4.5632545243384515], [-75.27050304244251, 4.563597163829922], [-75.27114549611717, 4.564396664836775], [-75.27228763762228, 4.566052768993764], [-75.27245990503192, 4.566214537201085], [-75.27284443169167, 4.566423965931944], [-75.27320135089583, 4.566595284897667], [-75.27380097461035, 4.566837990859823], [-75.27531431211811, 4.567566106873487], [-75.27696184467457, 4.568555924946812], [-75.27911193192769, 4.570135923338859], [-75.27951168067904, 4.570292966597756], [-75.27992570784836, 4.57030724371492], [-75.28043967082967, 4.5702215857175466], [-75.28116873156434, 4.5701358880105145], [-75.28188162440996, 4.570093095194138], [-75.28235275796213, 4.570093095125693], [-75.28281531866965, 4.570154924337943], [-75.28331024671864, 4.570269138654329], [-75.284871173596, 4.570573708400504], [-75.28593622601338, 4.570821206666584], [-75.28660723439086, 4.571163849692047], [-75.28764943788383, 4.571663537222366], [-75.2880777408542, 4.5718776902842855], [-75.28896289975053, 4.572248886700559], [-75.28961963219605, 4.5727485742571075], [-75.29014035436522, 4.573584294450019], [-75.29046128487907, 4.5740427662533465], [-75.29119778055396, 4.574661096108548], [-75.29153271778584, 4.5753754959682515], [-75.2917325929545, 4.576346317401947], [-75.2917611473584, 4.577231476407172], [-75.29164693244464, 4.5778739295924895], [-75.29148988765458, 4.578459279628851], [-75.29110441482364, 4.579501482944478], [-75.29077604965462, 4.581271802223333], [-75.29047623778311, 4.582371110583014], [-75.29031919291832, 4.582899350935796], [-75.29004793477891, 4.583399037567134], [-75.28963390798243, 4.584055770968684], [-75.28860598088772, 4.585426341897791], [-75.28753998332056, 4.586244873703406], [-75.28641287876876, 4.587010190903817], [-75.28566323600256, 4.58758131831073], [-75.28532931725064, 4.588003657278128], [-75.28513044437808, 4.588338663956713], [-75.28498135955522, 4.588589801880895], [-75.28492118523221, 4.588968041183643], [-75.28498136039465, 4.5893806669618495], [-75.28523280398366, 4.590356101022681], [-75.28538895010725, 4.5907246047025865], [-75.28590053430437, 4.591616902715853], [-75.28623365922253, 4.592187974667362], [-75.28649539939836, 4.592996990881075], [-75.28651919419896, 4.593092169184805], [-75.28639427184872, 4.593954725317313], [-75.28596596903323, 4.594716151160369], [-75.2856804336209, 4.595251530197614], [-75.28547817975297, 4.596417465684723], [-75.28529972041636, 4.597404944330568], [-75.28510936304632, 4.598047398189797], [-75.28456208683575, 4.599713021677972], [-75.28424085962843, 4.6009265448713155], [-75.28419327070986, 4.6013429500273], [-75.28421706465465, 4.601723664859992], [-75.28434793567239, 4.60216386742302], [-75.28455019004875, 4.602901496651905], [-75.28459777867033, 4.6033060080368635], [-75.28452639523321, 4.603853282352283], [-75.28425275717001, 4.604507635168737], [-75.28400291414653, 4.605031117979237], [-75.28341994577433, 4.6058639261487535], [-75.28296784772297, 4.60653017487157], [-75.28223395598015, 4.607365334718815], [-75.28189709082373, 4.607874573239138], [-75.28175806267026, 4.608107727139827], [-75.28170673409733, 4.608267182880943], [-75.28164724822923, 4.608683589002982], [-75.28164724843745, 4.609004814976239], [-75.28175432298052, 4.609433120398617], [-75.282123140198, 4.6104205938035925], [-75.28256333969796, 4.611860170289827], [-75.28288456701527, 4.61264539092709], [-75.28315820530847, 4.6131807692251074], [-75.28328907607195, 4.61338302266393], [-75.28344374058354, 4.61349009929795], [-75.28355693567961, 4.613513862263806], [-75.28395532540945, 4.613525792961605], [-75.28456208667644, 4.613561483625198], [-75.28498448680928, 4.613638282839062], [-75.28516545098903, 4.613704219037107], [-75.28560905039512, 4.613918404242127], [-75.28634668329809, 4.614311014007425], [-75.28664411598473, 4.614429986059139], [-75.28754831074998, 4.614882082968274], [-75.28800256782186, 4.615178340011547], [-75.28920886833185, 4.616462602772169], [-75.28960621119376, 4.617624066729538], [-75.2899271428358, 4.61878553162116], [-75.29003421538002, 4.6198705968058125], [-75.28998725844912, 4.620259665208632], [-75.28983259329236, 4.620806941979781], [-75.28961844220656, 4.621413705347544], [-75.28950558768688, 4.621756316922673], [-75.28946027762842, 4.6219088344216726], [-75.28942808491796, 4.622222721914185], [-75.28945188000766, 4.622615331845324], [-75.28953516120349, 4.622948456989602], [-75.28973741504427, 4.6234481441064466], [-75.29004810519966, 4.623831205070786], [-75.29035607485035, 4.624257160817445], [-75.29069531941417, 4.624678292691435], [-75.29079049713123, 4.624849615658167], [-75.29088567593506, 4.624992383007653], [-75.2910104265651, 4.625161354811261], [-75.29135544828793, 4.625553965943158], [-75.29158149657736, 4.625744323048116], [-75.29183134086614, 4.625898989212665], [-75.2921049788791, 4.626006066358558], [-75.29246189755939, 4.626041756431853], [-75.2927950222597, 4.626041755958578], [-75.29316383941672, 4.626041756315294], [-75.29353265467896, 4.626017961270086], [-75.29390147204577, 4.625887089856572], [-75.29407415299475, 4.625791880064858], [-75.2944725417905, 4.625553965772538], [-75.29487705144032, 4.625411197842697], [-75.29537673755108, 4.625363611997797], [-75.29584073177367, 4.6254468925605146], [-75.29611437072488, 4.6255420689947595], [-75.29632852163306, 4.625780017625634], [-75.29666164674309, 4.6264343665577305], [-75.29707805161355, 4.627469432072488], [-75.29770860869876, 4.628694853948383], [-75.29836296137495, 4.6301106338227145], [-75.29849383229704, 4.630479450225089], [-75.29856521468255, 4.630776883778536], [-75.29854142062715, 4.6313836469747], [-75.29843434457612, 4.632918399048905], [-75.29848193385817, 4.633989155276682], [-75.29869608555597, 4.634988529211863], [-75.29894592927192, 4.635583397016932], [-75.29920767006999, 4.636059289083739], [-75.29945751335192, 4.636523280922482], [-75.29977874009028, 4.637034868006808], [-75.30018324881004, 4.637415579312916], [-75.30090898362712, 4.638117519867082], [-75.30193215314354, 4.638902744090191], [-75.30216368960744, 4.639057100239718], [-75.30332641163834, 4.64008057031909], [-75.30404812616543, 4.640715848696173], [-75.30505676688264, 4.642121831779809], [-75.3065569327967, 4.643754317101891], [-75.306821944583, 4.643994791815187], [-75.30733352935147, 4.644387401607489], [-75.30791649688742, 4.644851395198036], [-75.30918950884814, 4.645791282188283], [-75.31036734165373, 4.646517017355676], [-75.31161655884584, 4.647195164011134], [-75.31309182528322, 4.647956592557336], [-75.31425776109889, 4.6487299190638876], [-75.3161494324449, 4.650038623042286], [-75.31662532420759, 4.650466923793745], [-75.31846940742467, 4.652275314046235], [-75.31904047721193, 4.652822589340124], [-75.31946877992917, 4.653298484443321], [-75.32005174809285, 4.65376247564809], [-75.32070609987652, 4.6542264719024], [-75.32224085206194, 4.6553210230172635], [-75.32310935562651, 4.655915887649923], [-75.32437047039744, 4.656713008124386], [-75.32520328073402, 4.6572126947150725], [-75.32661906087479, 4.657926535306772], [-75.33096051819453, 4.6591923286707635], [-75.33215254935791, 4.659711930887908], [-75.33297780186506, 4.659971733760834], [-75.33504161232155, 4.660228825443107], [-75.33529219620893, 4.660222713189292], [-75.33662469408735, 4.660270302871272], [-75.3374812997131, 4.660448762122161], [-75.33831411141729, 4.660865166942219], [-75.33893277140298, 4.661305368107308], [-75.33962281499207, 4.661888335791528], [-75.3404913176599, 4.6627925336889176], [-75.3412408483164, 4.6633754989873815], [-75.3417286382224, 4.663768112936301], [-75.34197093080883, 4.6638613237111315], [-75.34209509507598, 4.663985458940176], [-75.3423604617259, 4.6643038076275], [-75.34238179812996, 4.664329403563566], [-75.34266836482503, 4.664596798195881], [-75.34295506843553, 4.66494074140915], [-75.34316524282583, 4.6651508647891], [-75.343254392316, 4.665337033582503], [-75.34337582767223, 4.665590628971588], [-75.34368218818554, 4.666259857232053], [-75.34370381000954, 4.666287233553723], [-75.34383310026807, 4.6664509449295615], [-75.34480641742901, 4.667842194255502], [-75.346319379689, 4.6690800717869], [-75.34774064714352, 4.669752501200601], [-75.34951341176951, 4.6703637982280855], [-75.35120976273029, 4.671005659627729], [-75.35240179382723, 4.67128074517516], [-75.35403701572142, 4.671464135443933], [-75.35541243713912, 4.671662808002627], [-75.35651341932143, 4.671995096202138], [-75.35723915506439, 4.672542372250029], [-75.35776263582017, 4.67317293208959], [-75.35827421959853, 4.67399384324824], [-75.35873821523586, 4.674624401799506], [-75.35908323682898, 4.67490993609056], [-75.35963051259498, 4.675219266229264], [-75.36047092781779, 4.675567950599257], [-75.36192785425933, 4.6756591656019095], [-75.36294668420945, 4.67563878996095], [-75.36516773365838, 4.675985191761961], [-75.36643108257384, 4.676127827863611], [-75.36753141908126, 4.676535360363455], [-75.36828535331748, 4.677187413970133], [-75.36879476793807, 4.677798709335594], [-75.36924305325756, 4.678817541360431], [-75.36985435134693, 4.6802642777120465], [-75.37071760544649, 4.6819126253389225], [-75.37117914909848, 4.682756589829368], [-75.3717904456825, 4.683490151137046], [-75.37266154640034, 4.684009751616956], [-75.37339510428922, 4.684238987927135], [-75.37406753083944, 4.684330682964288], [-75.37434670782551, 4.6843882483480135], [-75.37585672661432, 4.685123444991868], [-75.37623915121627, 4.685379564736663], [-75.3780653872152, 4.686450321663386], [-75.37904691466643, 4.687283133339222], [-75.37973695803143, 4.687943436870763], [-75.38002249379568, 4.688228971372732], [-75.38028423414036, 4.688300352855694], [-75.3809266885533, 4.688347941847916], [-75.38166432199343, 4.688395532902019], [-75.38242574919748, 4.688585890844278], [-75.383353739044, 4.68896660181327], [-75.38375824728922, 4.68927593183424], [-75.38411516670135, 4.689751824009303], [-75.38463864792048, 4.690870172801881], [-75.38513833468784, 4.69320204173308], [-75.38575699494041, 4.695224584884765], [-75.38647083302827, 4.69669985141513], [-75.3868277520906, 4.6976754302356145], [-75.38694672475202, 4.698270294064867], [-75.38692293073413, 4.698841366812899], [-75.38684160798599, 4.69905046178244]]]}}, {"type": "Feature", "properties": {"MpNombre": "Calarcá", "Depto": "Quindío", "MpCodigo": "63130", "area_ha": 220.58, "trazado_m": 9431.5, "pct_trazado": 18.1, "rol": "area de estudio", "marca": "CP"}, "geometry": {"type": "Polygon", "coordinates": [[[-75.62917771634775, 4.570597614076296], [-75.6295495378535, 4.57060554174462], [-75.62994302719923, 4.570505875437704], [-75.63012183776493, 4.570484711195131], [-75.63036493189713, 4.570499552035439], [-75.63058673338902, 4.570435422091506], [-75.63080860568671, 4.570335407694664], [-75.63103767267667, 4.570213882994789], [-75.631209360894, 4.570178349829317], [-75.63144537662068, 4.570157299683017], [-75.63166696242055, 4.5702008009790065], [-75.6320171306472, 4.57030914622143], [-75.63238024092145, 4.570312629274523], [-75.63248196189086, 4.5701035442176074], [-75.6327029197982, 4.569864799843307], [-75.63303720612315, 4.5695724631815375], [-75.63350853372499, 4.569286384274081], [-75.63392005663961, 4.569107820261183], [-75.63426594903383, 4.568970982368301], [-75.63453444731755, 4.568798109246306], [-75.63480904576083, 4.568553490795752], [-75.63513777758075, 4.568057834020163], [-75.63537695798047, 4.567645712362471], [-75.63567018671856, 4.5670244029348295], [-75.63598720169392, 4.566427062046768], [-75.63620224725972, 4.566164384120686], [-75.63651870087679, 4.565848092599983], [-75.63670367710624, 4.565722888177957], [-75.6368586550296, 4.565699280185507], [-75.6371148756895, 4.5657057772255305], [-75.63747815280544, 4.565814140158782], [-75.63774602935922, 4.565952213142318], [-75.63802003084473, 4.566006582437797], [-75.63830005117029, 4.5660310648931475], [-75.63875901673082, 4.5659662060829165], [-75.63899166425915, 4.565841099699696], [-75.63908140436352, 4.565661884017167], [-75.63908776755308, 4.565458584111118], [-75.63900495058655, 4.565153447660599], [-75.63861907691069, 4.564423141974746], [-75.63857775794618, 4.564225726756472], [-75.63858415684327, 4.564004486034348], [-75.63863209034528, 4.56387302695566], [-75.6388411507394, 4.56362229608087], [-75.63906190316372, 4.56348520507575], [-75.63936009717769, 4.563360224892295], [-75.63969399582258, 4.563259237728747], [-75.64004567694597, 4.563206126618177], [-75.64042112225569, 4.563188937412109], [-75.64059401244347, 4.563147426430911], [-75.64076706944871, 4.5630221969330576], [-75.64100587557634, 4.562795442074389], [-75.64114315614724, 4.562682100974738], [-75.64122709137449, 4.562425137927643], [-75.64120383822181, 4.562132081816658], [-75.64118638935993, 4.561916774222516], [-75.64122825589129, 4.561839119588707], [-75.64132992518819, 4.561653950322094], [-75.64158114714276, 4.56117606968445], [-75.64171891391433, 4.5608175575796785], [-75.64191674378522, 4.560219973706798], [-75.64204889528318, 4.559688037401377], [-75.64204350628778, 4.559400998330723], [-75.64195457441787, 4.559173586157798], [-75.64183613275733, 4.558802603444927], [-75.64177129843935, 4.558443685405597], [-75.64169441516223, 4.55815052200669], [-75.64152825587219, 4.5578033626550045], [-75.64146314790698, 4.557581979565605], [-75.64143952624619, 4.557474295572115], [-75.64151173278532, 4.55712163301288], [-75.64162594735565, 4.556619559554192], [-75.64175187671424, 4.5562191629375155], [-75.64187812811916, 4.555657316387469], [-75.64206383530602, 4.555161364819083], [-75.64235709838309, 4.554516132132403], [-75.64257834403244, 4.554127885990682], [-75.6427873050339, 4.553924988825834], [-75.6431934633158, 4.553441437252454], [-75.64351592490289, 4.553095251058142], [-75.64373109255438, 4.552766791639798], [-75.64426229002461, 4.552331325705773], [-75.64468003310569, 4.5520152293929605], [-75.64504982113704, 4.551842549761826], [-75.64571212166685, 4.5514013648532154], [-75.64607618713703, 4.55110908040079], [-75.64627936518046, 4.5508164722103395], [-75.64652456088425, 4.5503684731111225], [-75.6468179113014, 4.5496754006218865], [-75.64703901057587, 4.549358907871357], [-75.64729550964611, 4.549221882344042], [-75.6476353494458, 4.549126880683714], [-75.64796317557838, 4.5490796935958615], [-75.6484281613993, 4.548978960212762], [-75.64908997543267, 4.548782941897857], [-75.64933456784459, 4.548639910663017], [-75.64951986728198, 4.548347266381576], [-75.6496993598086, 4.5479768759368655], [-75.64984271160134, 4.547803745739627], [-75.65009948096876, 4.547529182024422], [-75.65036239665139, 4.547158953698427], [-75.6506436237066, 4.5465675088667945], [-75.6507874807053, 4.546137246578241], [-75.65083569191684, 4.545862274012294], [-75.65083638563245, 4.545509464819106], [-75.65086675567704, 4.545216513566204], [-75.65095717207856, 4.544690467233494], [-75.65114273980119, 4.5442602912058705], [-75.65125052589514, 4.5439914089570905], [-75.65140572422598, 4.543854179643051], [-75.65168023795763, 4.5436454318875406], [-75.6519190567795, 4.543406709919746], [-75.65205659023027, 4.543161810899754], [-75.65206902368304, 4.542898723302976], [-75.65218278034064, 4.542623874964052], [-75.6523860348098, 4.542289406249459], [-75.65256505519753, 4.542158207170207], [-75.65275594573595, 4.542050946705536], [-75.65350738015002, 4.541729519418194], [-75.65385335031168, 4.541544828010911], [-75.65422324770589, 4.54131234507549], [-75.65452771775944, 4.541019935368576], [-75.65482022293726, 4.540751419143144], [-75.65521404868508, 4.54047114738751], [-75.65551836631028, 4.540256472944526], [-75.65579275991617, 4.540107515308638], [-75.65605504868866, 4.540054213976593], [-75.65637722973285, 4.53984555526714], [-75.65680672567161, 4.539607208229517], [-75.6572960305509, 4.539255361666705], [-75.6575168779808, 4.539064440821835], [-75.65767824277223, 4.53881958462513], [-75.65803645514869, 4.538467479978633], [-75.6582155198063, 4.538312357002792], [-75.65840666686319, 4.538073538745908], [-75.6586511959932, 4.537960403441404], [-75.65892567044153, 4.537769587741779], [-75.65928982862744, 4.537423473247743], [-75.65950487927529, 4.537148822777377], [-75.659708164296, 4.536796411678259], [-75.65976236324245, 4.536503508234766], [-75.65974516400534, 4.536156641199954], [-75.65966845892765, 4.535767801609074], [-75.6595498680153, 4.535468578368299], [-75.6594550193572, 4.535217235560354], [-75.65944956217638, 4.534960091816041], [-75.65959918174853, 4.534625516306643], [-75.65974263406378, 4.534398564781615], [-75.66011883538505, 4.533986691838409], [-75.66050113476417, 4.533503074124085], [-75.66075214537535, 4.5331208586977585], [-75.6610152821866, 4.532631024658392], [-75.6611763060529, 4.53255958484001], [-75.6613311266398, 4.5326137056215225], [-75.66144406237193, 4.532757446265608], [-75.66165787631411, 4.5331166561854435], [-75.66190203077815, 4.533194869780136], [-75.66214637181078, 4.533177409815096], [-75.66225977320612, 4.533081955292452], [-75.66236739037313, 4.532896789072068], [-75.66237993632186, 4.53257390369214], [-75.66238661634038, 4.532203164250017], [-75.66246459025744, 4.531940205893784], [-75.66267963692003, 4.531665551589724], [-75.6629482305673, 4.53143286364503], [-75.66312135799016, 4.5312657660042905], [-75.66339019504994, 4.530907500743947], [-75.66354582991478, 4.5305430352623075], [-75.66370131244504, 4.530256307302442], [-75.66394611668909, 4.5299996527576525], [-75.66416105858822, 4.529778818905541], [-75.66431643699303, 4.529545905854109], [-75.66438236518216, 4.5293487005646265], [-75.66440662886951, 4.5291274959666366], [-75.66441907969183, 4.528852443672688], [-75.66446722525625, 4.528607364189965], [-75.66467024915461, 4.528386505750868], [-75.66477787604843, 4.528195363116902], [-75.66480792383774, 4.528063862895045], [-75.66493361317734, 4.5277770760545275], [-75.66508899028759, 4.527544164131603], [-75.66523824618007, 4.52739495854858], [-75.6654111743266, 4.527329517560842], [-75.66570315913675, 4.527324109345278], [-75.66594158572268, 4.527282716155097], [-75.66619773862459, 4.527319093712515], [-75.66653730021194, 4.527361615735041], [-75.66674589982647, 4.527338106210533], [-75.66703810491866, 4.527219075903857], [-75.66735438838309, 4.526974520778118], [-75.66767067068423, 4.526729961121234], [-75.66798085561643, 4.526557148585468], [-75.66836233725962, 4.526492113593369], [-75.66879741013952, 4.526445125449219], [-75.66904188796076, 4.526355900619408], [-75.66923870888748, 4.526260605550093], [-75.66947741256377, 4.526075698111714], [-75.66958477179486, 4.526022086878939], [-75.66993643644776, 4.525968950345514], [-75.67019279707128, 4.525897692101786], [-75.67053272817898, 4.525748856031996], [-75.6707475743239, 4.525575859872063], [-75.67108792078398, 4.525211748447398], [-75.67142835989917, 4.524799798428572], [-75.67151212671999, 4.524620563032284], [-75.67150656140375, 4.524417239006753], [-75.6714182433718, 4.523866919084928], [-75.67138918814173, 4.523484150099651], [-75.67147334729484, 4.523101601288123], [-75.67159295767408, 4.522874596959349], [-75.67179582758125, 4.52273147477194], [-75.67200452930176, 4.522654140185145], [-75.67226677815283, 4.522618770369827], [-75.67261234260704, 4.522637381415627], [-75.67283273176568, 4.52267967004354], [-75.67301135344731, 4.522751773240603], [-75.67327324440528, 4.522901777829093], [-75.67353486031031, 4.523195298805862], [-75.67379657890773, 4.523435002451556], [-75.67401681841199, 4.52355502735445], [-75.67426689655943, 4.523651190442523], [-75.67461804204939, 4.5238671496408145], [-75.67535005740763, 4.524334995593158], [-75.67583231670687, 4.524539246719152], [-75.67608253416518, 4.5245636507035005], [-75.67644004142973, 4.524570325884446], [-75.6770122102822, 4.524499671722057], [-75.67763792625034, 4.524470984025098], [-75.67810267816645, 4.5244838419341304], [-75.67837682163102, 4.524460454075132], [-75.6786033766738, 4.5243951152771675], [-75.6789673710212, 4.524126722269514], [-75.67920626806725, 4.523840147423545], [-75.67949281081061, 4.523565625244903], [-75.67966580656966, 4.5234643009073885], [-75.67984456600823, 4.5234646494129], [-75.6799517297134, 4.523512693359777], [-75.67998729865383, 4.523608442716724], [-75.67999281041072, 4.523841666128711], [-75.6799864501853, 4.524050949909097], [-75.68005188102892, 4.524110875792825], [-75.68017101976365, 4.524129045144036], [-75.68037367063758, 4.524099537147761], [-75.68056439368279, 4.524075986717988], [-75.68076702270803, 4.52405843660994], [-75.68096950270672, 4.524118627351412], [-75.6812792606141, 4.524167063617355], [-75.6815295815762, 4.524137649806769], [-75.68175622888232, 4.524024466588559], [-75.68198902938472, 4.523809642434396], [-75.68213251806162, 4.523558761390695], [-75.68214499618622, 4.52326577176427], [-75.68208610803383, 4.522900880828948], [-75.68193190416405, 4.522523851896644], [-75.68174793035173, 4.522134801700699], [-75.68151632069831, 4.521727724776587], [-75.68134394389712, 4.521506133086879], [-75.68109409386746, 4.521290378283851], [-75.68090385224744, 4.521062771873595], [-75.68079113128528, 4.520805418770344], [-75.68068451699214, 4.520470338774828], [-75.68067327524825, 4.520117503426902], [-75.68073327369446, 4.51990234368885], [-75.68088864442481, 4.519669425987625], [-75.68114535685197, 4.519412784977698], [-75.68140781087895, 4.5192697737981025], [-75.68171186134731, 4.519186643883235], [-75.68206357980083, 4.519103600389201], [-75.68254049773246, 4.518984922642228], [-75.6828146747695, 4.51894358886746], [-75.6830234441841, 4.518830374009931], [-75.68335750269935, 4.518633678613187], [-75.68376939132139, 4.518245777409376], [-75.68396050010085, 4.518018908377823], [-75.68406220832784, 4.517803828610983], [-75.6840985988392, 4.517469021681714], [-75.68406380612885, 4.516966642552008], [-75.68408870166358, 4.516410558653794], [-75.68410718314843, 4.516093662246126], [-75.68416719120007, 4.515872518154619], [-75.68422131958738, 4.515609509418253], [-75.68431103034621, 4.515436261283591], [-75.68457378995622, 4.5151317911782325], [-75.68481842289246, 4.514958843382066], [-75.68505120743137, 4.514749993562324], [-75.68515282289027, 4.514582754006385], [-75.68523663103313, 4.514379598373593], [-75.68528482371917, 4.514104612388144], [-75.6852912266339, 4.513871408170194], [-75.68507797078894, 4.513213210352384], [-75.68489425840254, 4.512686625563093], [-75.68474634323091, 4.512136187579894], [-75.68469933487732, 4.5117892653160965], [-75.6847244573486, 4.511113582351829], [-75.68480869730124, 4.510683189746024], [-75.68492829019844, 4.510462162641646], [-75.68515545477852, 4.510073905957167], [-75.68534093258397, 4.509673605293044], [-75.68540712696168, 4.509332878205787], [-75.68539588091807, 4.508980039595958], [-75.68533666002396, 4.508788568666498], [-75.68528943578322, 4.508555262742164], [-75.68537926862655, 4.508316238754035], [-75.68551665691454, 4.508137104761334], [-75.68571344768597, 4.508053764600802], [-75.68591614144813, 4.5080003320097335], [-75.68605329008916, 4.507946774898319], [-75.68619055228001, 4.5078334199603685], [-75.68630411664952, 4.507648260070664], [-75.68631033685644, 4.507510733980183], [-75.68623315970065, 4.507361087641625], [-75.68594239842362, 4.506726662403438], [-75.68584172758565, 4.506397574094101], [-75.68583629337697, 4.506122485782329], [-75.68585478331794, 4.505799605934529], [-75.68597462423365, 4.505447021194775], [-75.68607067663201, 4.505070472262646], [-75.6860472625518, 4.504849169964429], [-75.68606925890514, 4.504562174275572], [-75.68612791079347, 4.504329998366638], [-75.6863189359561, 4.504144988098897], [-75.68647419782444, 4.5039658860564415], [-75.68651021035362, 4.503828418879138], [-75.6866116178491, 4.503768810623643], [-75.68682056413319, 4.503559914248156], [-75.68713127979876, 4.503100054763503], [-75.68737070963108, 4.502526439582953], [-75.6874729813539, 4.502012363335184], [-75.68752719683711, 4.5017015130623985], [-75.68766458316894, 4.50152237788902], [-75.68782573500866, 4.5013791657771245], [-75.68792740282088, 4.501182023895753], [-75.68796343794455, 4.501032592634838], [-75.68797036035267, 4.500524315177649], [-75.68802440606015, 4.500303159837902], [-75.68813203271438, 4.500106027656206], [-75.68837083700369, 4.499861306931137], [-75.68865746794435, 4.499532961330577], [-75.68884288265382, 4.499162560379046], [-75.68892095537497, 4.498839792800962], [-75.68901692479385, 4.498505097995413], [-75.68916656600987, 4.498146588395748], [-75.68935790518053, 4.497794139112151], [-75.6894299839393, 4.49748929939384], [-75.68946106693917, 4.496807649201521], [-75.68952798038788, 4.4960842027287615], [-75.6896238701629, 4.495791370363958], [-75.68990465204753, 4.495403210137358], [-75.6902269957627, 4.495092866713288], [-75.69062069458002, 4.494860399844915], [-75.69091887675928, 4.49472343225242], [-75.69153302604573, 4.494497361799036], [-75.6920934587332, 4.4943190288697545], [-75.69258225397292, 4.494212322248141], [-75.69293996377097, 4.494105360752287], [-75.69325012966239, 4.493932533722529], [-75.69365588015121, 4.4936283282151175], [-75.69420504862359, 4.493103135744346], [-75.6947719904403, 4.492631797371957], [-75.69572055297111, 4.492011682420913], [-75.69637085530363, 4.491570400333719], [-75.69679478106472, 4.491104768658565], [-75.69715324195273, 4.490597149838841], [-75.69735698603945, 4.489981601793556], [-75.69759038671337, 4.489437867778203], [-75.69787736883421, 4.488918156614902], [-75.69819397324677, 4.48848820023489], [-75.69846895785571, 4.488010324764956], [-75.69866042396235, 4.487586108638626], [-75.69888752795201, 4.487221760891001], [-75.69919783563675, 4.486971187772031], [-75.69966316322812, 4.486667092104078], [-75.70028346396627, 4.486333383048152], [-75.70064735283206, 4.486106833336868], [-75.70091014920926, 4.485772450896268], [-75.70108962911776, 4.485384092252118], [-75.70123974203732, 4.484768438899676], [-75.70140723721217, 4.484415938251462], [-75.7016281563528, 4.4841711774333], [-75.7018489628008, 4.483986216422731], [-75.70212340690962, 4.48379537491568], [-75.70234395668243, 4.483747946924452], [-75.7026001887025, 4.483736469558413], [-75.70289207165726, 4.483778878963443], [-75.7035233927434, 4.483923587148393], [-75.70379751195314, 4.48390616501863], [-75.70399437388159, 4.483780954304705], [-75.70410207073317, 4.483541957550381], [-75.70410269711019, 4.483207081359618], [-75.70401980370467, 4.4829258671882375], [-75.70397301889271, 4.482453361695431], [-75.70397386787062, 4.4819988861007225], [-75.7037550376285, 4.481125399654552], [-75.70363076077048, 4.480670691155034], [-75.70362533779067, 4.480383640843085], [-75.70375689139715, 4.480132733044216], [-75.7041392750078, 4.479571334809067], [-75.70431868416911, 4.479218850562102], [-75.70445101665227, 4.478549344367589], [-75.7045234417756, 4.478053143988798], [-75.70464891331402, 4.4778680004311155], [-75.70488751392318, 4.477724927777125], [-75.70548359408252, 4.477594489897738], [-75.7058949086923, 4.477493599891446], [-75.70610967605683, 4.4773504842227805], [-75.70618148810708, 4.47718317893475], [-75.70615811062974, 4.476937957562017], [-75.70603336540965, 4.476734405094446], [-75.7058072488646, 4.476572524167848], [-75.70534870215124, 4.47644010442611], [-75.7049617338664, 4.476265956723562], [-75.70489036673547, 4.476194061630117], [-75.70486077630584, 4.47608636671365], [-75.70493260968648, 4.475907102788271], [-75.70512365627214, 4.475704145040938], [-75.70540406424116, 4.475507332210928], [-75.7058156677232, 4.475250963264954], [-75.70648953705899, 4.474941268108846], [-75.70688914476625, 4.474726738673979], [-75.70703835898144, 4.474589478246196], [-75.70710425587504, 4.474398241766147], [-75.7070216288864, 4.473973509804706], [-75.7069030193744, 4.473674291424083], [-75.70678400927659, 4.473590345750865], [-75.70653385889786, 4.473536061256226], [-75.70584869796409, 4.4735108543836954], [-75.70571168983803, 4.4734926567817155], [-75.70565225166816, 4.473414806025478], [-75.7056584549246, 4.473283261367171], [-75.70573035459202, 4.473068115342198], [-75.7059572716931, 4.472799441153787], [-75.70623771269965, 4.4725846881068225], [-75.70654179735178, 4.472471638217337], [-75.70689943998413, 4.472394570427806], [-75.70720344659142, 4.472323378327424], [-75.7073943128235, 4.4722160972646545], [-75.7076091563897, 4.472031118883597], [-75.70818883273394, 4.471105308274648], [-75.70836222258876, 4.470782713293643], [-75.70837437189543, 4.470657156916573], [-75.70832104795717, 4.4704955992524695], [-75.70822002333315, 4.4703518883114], [-75.7080296572495, 4.470190074663734], [-75.7075357968545, 4.4698243723464275], [-75.70745852802722, 4.46972256835369], [-75.70743492807085, 4.4695969434369], [-75.7075186876621, 4.469411722599632], [-75.70773350804487, 4.4692387051326135], [-75.70821079226764, 4.468904717381901], [-75.70857476865409, 4.46862433843382], [-75.70869428870031, 4.468433204119293], [-75.70873055970276, 4.468152212281686], [-75.70869527692382, 4.46790098734259], [-75.70855873510611, 4.467631632263173], [-75.7082497819207, 4.467158637560488], [-75.70806570793958, 4.466817433626551], [-75.70804813329279, 4.466655942436938], [-75.70810790388639, 4.466554394701129], [-75.70825104557912, 4.466476924122952], [-75.70844762409999, 4.466501209179033], [-75.70864992766361, 4.4666510865556965], [-75.70888803659548, 4.466771133029106], [-75.70913213729463, 4.466873249236528], [-75.70941204326633, 4.466945528178477], [-75.70988270107979, 4.4669703284372915], [-75.71073483336872, 4.466918098014354], [-75.71121765295632, 4.466811356569902], [-75.7116172774341, 4.466584865812838], [-75.71195164769976, 4.46620276896855], [-75.71213702924935, 4.465838335235665], [-75.71240041973373, 4.46517504690307], [-75.71249708869405, 4.4644516503772955], [-75.71253452930993, 4.463536778101207], [-75.7124818329118, 4.463034361343423], [-75.71242925910049, 4.462466166850443], [-75.71217453488953, 4.461664373699905], [-75.71202637406854, 4.461233538258983], [-75.71206242201741, 4.461072144913804], [-75.71216383284158, 4.461006554046427], [-75.71231276707003, 4.461018791670272], [-75.71255695521387, 4.46107306511578], [-75.71293213576648, 4.461175422894951], [-75.71328956323792, 4.461211966762524], [-75.71352201080926, 4.46117054111432], [-75.71368315865922, 4.461021339616151], [-75.71374312821412, 4.460812153188472], [-75.71368985675329, 4.460620693396998], [-75.71349959101364, 4.460405058590279], [-75.71319016006062, 4.460189205408335], [-75.71286895659289, 4.459895588388384], [-75.71277982741509, 4.459763861831101], [-75.71276831879658, 4.459542580695906], [-75.71282237315332, 4.459309463853481], [-75.71301352129476, 4.45904669781095], [-75.7133179310971, 4.4587542468381995], [-75.71366398141352, 4.458497748824015], [-75.71383678008122, 4.458492088803527], [-75.71400941356833, 4.458576128918712], [-75.71423554970521, 4.458726049243484], [-75.71453852714868, 4.459210992078694], [-75.71475275806083, 4.459354909964939], [-75.7149731019747, 4.459415117411716], [-75.71512814759383, 4.459343645224241], [-75.71521776310705, 4.459212251198585], [-75.71523592378907, 4.459056805070568], [-75.71515334662087, 4.458602172062326], [-75.7150172330436, 4.45809960206185], [-75.71495251855121, 4.457650983291024], [-75.71501856602771, 4.457376022863563], [-75.71506641941377, 4.457274454567049], [-75.71517964571954, 4.457262704647522], [-75.71527489030542, 4.457310719629189], [-75.71554275574368, 4.457448757304135], [-75.7157393648122, 4.457455100269124], [-75.71589446586604, 4.45735372819737], [-75.71601990664603, 4.45718054234484], [-75.71606215420167, 4.456887601349038], [-75.71599718639658, 4.456576519052302], [-75.71580122571649, 4.456217357825273], [-75.71558129016802, 4.45593588775507], [-75.71533143084433, 4.455726126292157], [-75.7152125417862, 4.455576405059585], [-75.71516514130727, 4.455432798268374], [-75.71517137421267, 4.455283308626215], [-75.71527898460262, 4.455086170710099], [-75.71550594631474, 4.454787591696593], [-75.71558375414898, 4.45459637420959], [-75.71559014185443, 4.454363165638137], [-75.71548352239387, 4.454022107565829], [-75.71535899382654, 4.453698959321656], [-75.71534735264039, 4.45354943633029], [-75.71543697759971, 4.4534120616286375], [-75.71561575599318, 4.453394456592129], [-75.71582421601745, 4.453436699621747], [-75.7163123899261, 4.4536528837736284], [-75.71693739424705, 4.453982940629693], [-75.71720534807353, 4.454073138639216], [-75.7174020223632, 4.454043603352937], [-75.71755712163247, 4.45394222879054], [-75.71763503980226, 4.4536912142262794], [-75.7176056986127, 4.4534459781449645], [-75.71746328489732, 4.453128773994489], [-75.71722537501853, 4.452901096108476], [-75.71687444696879, 4.452571546219168], [-75.71676760741758, 4.452350087596996], [-75.7167621431105, 4.452080979849104], [-75.71679215441685, 4.451961433363991], [-75.71689366157221, 4.451842021242412], [-75.71709640482122, 4.4517526951250375], [-75.71737635039804, 4.451801053357665], [-75.71769174893632, 4.452010938348785], [-75.71797765288171, 4.452059307681255], [-75.71828755532538, 4.452018018121822], [-75.71865736686125, 4.451797441939227], [-75.71882465645093, 4.451546592403669], [-75.71911780209595, 4.450895312082172], [-75.7192438442734, 4.450393223901815], [-75.71925061329472, 4.44995071557238], [-75.71916210694002, 4.449478133718109], [-75.71896639826136, 4.448981430091705], [-75.71886572317386, 4.448646364549838], [-75.7188721195948, 4.448407176421219], [-75.71898560922361, 4.4482519054290215], [-75.71918234821806, 4.448186490547326], [-75.71943851644829, 4.448204901311789], [-75.71978992495217, 4.44827133144901], [-75.72011164325907, 4.448283882837588], [-75.72030837060093, 4.448224446066189], [-75.72046953677248, 4.448063284371216], [-75.72056535978413, 4.447794358782546], [-75.72050686196988, 4.447202231265508], [-75.72043611924366, 4.446789480280067], [-75.7205020530041, 4.44657432185771], [-75.72066307467259, 4.446490897036019], [-75.72083583901492, 4.446503177589674], [-75.721008439042, 4.446605154159948], [-75.72113327488051, 4.446760864407858], [-75.72148990965154, 4.447227962409614], [-75.7216802966135, 4.447377813223457], [-75.72193042986477, 4.447438073832436], [-75.72209727960517, 4.447426421020063], [-75.72234171629474, 4.447343150919509], [-75.72304570631388, 4.446836145981234], [-75.72340384884137, 4.446478002751765], [-75.72355937212653, 4.446143408988759], [-75.72370310873363, 4.445737033450268], [-75.72388295616629, 4.44513338065862], [-75.72396663101625, 4.444990014041448], [-75.72406801842268, 4.444936380168383], [-75.72425259899867, 4.445002498771364], [-75.72447262488355, 4.445236125123242], [-75.72475202432989, 4.445583478853269], [-75.72492459181468, 4.445703395627887], [-75.72508547291345, 4.445697713865784], [-75.72520472187341, 4.445650091416688], [-75.72528845309189, 4.445476825881564], [-75.72524714871585, 4.445255487399669], [-75.72467679312302, 4.444363416342417], [-75.72442736988165, 4.443914456842733], [-75.72434475195789, 4.443477765792162], [-75.72438719032614, 4.443077179649524], [-75.72456639078894, 4.442826347649259], [-75.7248348112366, 4.442659402363286], [-75.72507910444878, 4.442653870696155], [-75.7253470447388, 4.442750042372089], [-75.72563868720115, 4.442918018413743], [-75.72598957390737, 4.4432714824038735], [-75.72618394964292, 4.443407099832089], [-75.72637587807726, 4.44344197771284], [-75.72666304679352, 4.4434040808924875], [-75.72700784736095, 4.443251030762714], [-75.72742957299761, 4.442896412114288], [-75.72794781974547, 4.442090526666462], [-75.72821672318935, 4.441572338785288], [-75.72851377618285, 4.44136156673903], [-75.72904073520668, 4.441026351045115], [-75.72933787581853, 4.440767552665968], [-75.72947229133386, 4.44052766895309], [-75.72954036219714, 4.439932273855822], [-75.72965635204199, 4.439298540021236], [-75.72985793056202, 4.438962727383188], [-75.73012616776566, 4.438809536135092], [-75.73045147672849, 4.438848548950718], [-75.73086281085594, 4.438945353054699], [-75.73147513244446, 4.439032917837773], [-75.73191535000056, 4.439033719754222], [-75.73230792721574, 4.438919176575471], [-75.73268166026843, 4.438641307766613], [-75.7330748797336, 4.438171365622109], [-75.73356442463734, 4.437355815018236], [-75.73416950204151, 4.436156266693066], [-75.7346975136143, 4.4352351255555655], [-75.7350246766324, 4.434246384188473], [-75.73504471938945, 4.433746949873281], [-75.73515071632981, 4.433343723048052], [-75.73525648727251, 4.433065364895255], [-75.7354672683549, 4.432931273272187], [-75.73590748262275, 4.432932074128762], [-75.73643356812708, 4.433077108858077], [-75.73710282110038, 4.433433717749265], [-75.73775314237236, 4.433675025902713], [-75.73821241176907, 4.433723885777681], [-75.73861448701352, 4.4336477737758075], [-75.7388348723993, 4.433494488920159], [-75.7390846921552, 4.432937838213442], [-75.73937256679254, 4.432506128015597], [-75.73961234957791, 4.432208796740394], [-75.73999573436552, 4.431882912685275], [-75.74054171855994, 4.431605349122494], [-75.74108739278297, 4.431500679229296], [-75.74159447707834, 4.431568835207763], [-75.74214918729275, 4.431761941293883], [-75.74278983677283, 4.432060863417195], [-75.74332538980106, 4.432263539598441], [-75.7436603202429, 4.432273752965907], [-75.74412941933839, 4.432178544705985], [-75.74483812631286, 4.431882062276342], [-75.7455473147971, 4.43131663234981], [-75.74587344918987, 4.430894587584212], [-75.74610413969023, 4.4303282931436065], [-75.74622023296911, 4.42962731595509], [-75.74604902256556, 4.429041089342261], [-75.74570591584872, 4.428252836890646], [-75.74554412074592, 4.4277530736153325], [-75.7454687823836, 4.427070962805767], [-75.74571020894113, 4.4258515291557075], [-75.74593149980527, 4.425189164760641], [-75.74612339400375, 4.424910956604164], [-75.74645869935244, 4.424709849949273], [-75.74673620714792, 4.424719954574038], [-75.74706147941282, 4.424778171753524], [-75.74745396175425, 4.4247116403898215], [-75.74777012689381, 4.424510498769638], [-75.74804845711115, 4.424059549626111], [-75.74823129455858, 4.4234931679096485], [-75.74833779573831, 4.422801778632308], [-75.74836866327973, 4.42159157329373], [-75.74844641890937, 4.420919341059526], [-75.74864870159874, 4.420180098180573], [-75.74904296184867, 4.41911462082665], [-75.7494658100656, 4.418116429416376], [-75.75023407170814, 4.416609777814378], [-75.75060874265557, 4.415793999735356], [-75.75085892111011, 4.415026023136115], [-75.75105180011451, 4.414190710626894], [-75.7511781445794, 4.41368650910094], [-75.75129502618859, 4.413336645959009], [-75.75145038444957, 4.413142434817644], [-75.75167347321761, 4.41299696917223], [-75.75236205359197, 4.4128678300924795], [-75.75309151040051, 4.412754317143218], [-75.75383554433652, 4.412482951742261], [-75.75410765790723, 4.412239451119683], [-75.7545446036294, 4.411773783262389], [-75.75506701482615, 4.411494844421714], [-75.75553921299836, 4.4113091053676765], [-75.75593255081844, 4.411245220796364], [-75.7562327796588, 4.411274461260665], [-75.75637554185973, 4.411403883985121], [-75.75653247594646, 4.41160509740122], [-75.75666796189205, 4.411806270237652], [-75.75681791221608, 4.411914176205375], [-75.75700378733073, 4.41192168344592], [-75.75723282582365, 4.411778567890951], [-75.75761960969172, 4.411377393746169], [-75.75802098423857, 4.410811195004754], [-75.75861553437775, 4.410166398717648], [-75.759317477248, 4.409435679717046], [-75.7596113030949, 4.409041515929629], [-75.75999841327332, 4.4084537590442885], [-75.76026376616412, 4.407987784008484], [-75.7603930379733, 4.407657910859035], [-75.76050816238784, 4.407241897156078], [-75.76075209133558, 4.406761528208675], [-75.76115359943161, 4.406116387114596], [-75.76128999399843, 4.405800881156425], [-75.7613332696769, 4.405585670779492], [-75.76131933678568, 4.405377540800926], [-75.76124119742323, 4.405090356584715], [-75.76116313434927, 4.404760113870043], [-75.76114225279815, 4.404437152640714], [-75.76121437810546, 4.404078472347255], [-75.76152267580207, 4.403583863717798], [-75.7622464851884, 4.4026091921797095], [-75.76239004186553, 4.402286517607211], [-75.76245509205533, 4.4018847687943685], [-75.7623489966711, 4.4012315530726065], [-75.76232172080034, 4.400478009272251], [-75.76236570055933, 4.399860938791802], [-75.76256676613374, 4.399358964307013], [-75.76281789042211, 4.398849901964917], [-75.76297590681968, 4.398433965196807], [-75.76314118639951, 4.397953454594165], [-75.7631562021615, 4.397544444026123], [-75.76315663013094, 4.39730045375762], [-75.76315747216323, 4.396819654591473], [-75.76340855572792, 4.396332120651129], [-75.76368088676564, 4.39595944066594], [-75.76393165590137, 4.395651309970603], [-75.76429689117633, 4.395300319863346], [-75.76449747598858, 4.395071040153665], [-75.76515553425685, 4.394892793652399], [-75.76580630422733, 4.394793474203509], [-75.76664288261185, 4.394737538658745], [-75.76733628666622, 4.39478899070549], [-75.76870162187248, 4.394906210376817], [-75.76933779317733, 4.394979088967791], [-75.7700455844453, 4.394980332338349], [-75.77058191478103, 4.394909513707414], [-75.77098235737479, 4.394867159171227], [-75.77140415912658, 4.394875076092773], [-75.77284112866911, 4.394913475376774], [-75.77365606200576, 4.394972311360567], [-75.77457088810512, 4.395146137797737], [-75.77526402081516, 4.3953554609685535], [-75.7756210566285, 4.395607251284304], [-75.7758850380846, 4.395923464565475], [-75.77610632116826, 4.396124784231765], [-75.77644235737701, 4.396118195163481], [-75.77687147309085, 4.396032831756797], [-75.77745083771832, 4.395883142269259], [-75.77812339493317, 4.395590092830572], [-75.77888324211011, 4.3954646398577735], [-75.77981318578631, 4.395167253858182], [-75.78096932219381, 4.394989860658567], [-75.78156533465355, 4.394859334417274], [-75.78179173443064, 4.394859730376041], [-75.78206540403677, 4.3950874512440015], [-75.78252939533623, 4.395506871291216], [-75.78282718471438, 4.395567190378284], [-75.78311318429442, 4.395555726019318], [-75.78344709334267, 4.3954008217656], [-75.78376933413016, 4.395102373289323], [-75.78409210973281, 4.394492958234424], [-75.7844148859185, 4.393883538841551], [-75.7846535919487, 4.393656706924744], [-75.7848681369682, 4.393621198067132], [-75.78526131535251, 4.3936458006818775], [-75.78560658271189, 4.393813846293767], [-75.78596360190879, 4.394077594088717], [-75.78643918240569, 4.394688395013886], [-75.78708156312702, 4.395311445825078], [-75.78747408425929, 4.395718777572751], [-75.78781939525365, 4.395862900091188], [-75.78821249163136, 4.395935344379042], [-75.78866537425019, 4.395888285911691], [-75.78898726381703, 4.395793160317616], [-75.78946399834844, 4.3957341826606395], [-75.78989308898805, 4.395663162552079], [-75.79032252866764, 4.3953888194226565], [-75.79076400767616, 4.395042729827051], [-75.79121766913629, 4.394541177360786], [-75.79164747691556, 4.394051547435924], [-75.79181470666028, 4.3938126252942995], [-75.79205333033171, 4.393633630899131], [-75.79247027928064, 4.393694153693818], [-75.79277988411165, 4.3938142916876375], [-75.7933395566044, 4.394030542398289], [-75.79403052755916, 4.3941154563875156], [-75.79469779168822, 4.394128565957944], [-75.79563932222156, 4.394022543298136], [-75.79645004465024, 4.393760809841073], [-75.79711802194727, 4.393355304591115], [-75.79763119588354, 4.392889729151951], [-75.79815547016231, 4.392902589730613], [-75.79859616960331, 4.393010989653134], [-75.79894125909847, 4.393286671386197], [-75.79920281562178, 4.393633975300239], [-75.79949989600722, 4.394112898363832], [-75.80021319510475, 4.395082915419635], [-75.80054641062675, 4.395334656092264], [-75.80143950768482, 4.3956830389794606], [-75.80214221735253, 4.395875611434767], [-75.80314851623773, 4.39606578830393], [-75.80294260382003, 4.395601090878008], [-75.80274712156103, 4.394790617904581], [-75.80261096557633, 4.393822167022705], [-75.80241521575562, 4.393169769584875], [-75.80217030212978, 4.392487651943114], [-75.80194472169936, 4.392013035680917], [-75.80134565091873, 4.391221631216405], [-75.80107116042996, 4.390569098937153], [-75.80099340822291, 4.389986062056018], [-75.80106395201769, 4.389017969122947], [-75.80135127306505, 4.387911932107449], [-75.80157832908507, 4.387517128571817], [-75.80189378356859, 4.387231155609358], [-75.80284967516296, 4.386560970434542], [-75.80335244438176, 4.386097479166676], [-75.80370740408654, 4.385732534025596], [-75.8042297903583, 4.38530859700419], [-75.80474245090284, 4.384815483821748], [-75.80496956965212, 4.384381163141452], [-75.80498977428992, 4.384074924442055], [-75.80496076379816, 4.383768604993674], [-75.80480373131589, 4.383501581940527], [-75.80453854460737, 4.383165218255145], [-75.80436187726322, 4.382868523841506], [-75.8043428926629, 4.3824535427988165], [-75.80439330978669, 4.3817422868825044], [-75.80440393901662, 4.3812779566770725], [-75.80418855226043, 4.38059588912823], [-75.80407150923487, 4.379963384184598], [-75.80385620637662, 4.379231916029413], [-75.80338546100288, 4.378223379692042], [-75.80308182632726, 4.377343565303467], [-75.80297474331769, 4.376641921112792], [-75.8029857217003, 4.375970116837682], [-75.80311509568308, 4.375130560444448], [-75.80311578129022, 4.374725491078488], [-75.80302796559299, 4.374270872770741], [-75.80272421387401, 4.373460216851183], [-75.8026560500934, 4.373025391917411], [-75.80280444144368, 4.3725810558365845], [-75.8032685623386, 4.371682792379932], [-75.80360396080178, 4.371238773800918], [-75.80370347075227, 4.370596757336049], [-75.80380318133022, 4.369836186399627], [-75.80384358494818, 4.3692237124211175], [-75.80377525390155, 4.368887685149421], [-75.80352033137582, 4.368304346124044], [-75.80327491781402, 4.367918617280207], [-75.80302912122659, 4.367760123414435], [-75.80255687868285, 4.367640763311504], [-75.80128745915113, 4.367480526435379], [-75.80109097582482, 4.367262838108208], [-75.80083552107222, 4.366995653000671], [-75.80052112791748, 4.366659202942329], [-75.80008872533256, 4.366263278828344], [-75.79956775797396, 4.36585732295117], [-75.79912551395213, 4.365461379286511], [-75.79886026768636, 4.3651645321215495], [-75.79855566894638, 4.364857740707256], [-75.79830031592256, 4.364531274698788], [-75.79841911173793, 4.364126408056209], [-75.79836074180325, 4.363721241077804], [-75.79820376462422, 4.3634245810064485], [-75.79804651855052, 4.3632859958687975], [-75.79785949580233, 4.363295558205548], [-75.7977315442046, 4.363295338779453], [-75.79762346003128, 4.363186476872789], [-75.7974172544049, 4.362899614674449], [-75.79710313232623, 4.362405093126144], [-75.79673005556259, 4.361851189711273], [-75.79602265611915, 4.361109005193241], [-75.79576735570157, 4.360752897246301], [-75.79558088603413, 4.360436429226623], [-75.79525665527048, 4.360099963308871], [-75.79483393388736, 4.359802850374615], [-75.79414568567222, 4.3593768488356375], [-75.79383118180576, 4.359109557878837], [-75.79345824357482, 4.358476617332962], [-75.79326233461397, 4.357923017938712], [-75.79326297159905, 4.3575475918780615], [-75.79344494967364, 4.356325282063435], [-75.79354132693132, 4.355703505003045], [-75.79354202426086, 4.355292068207467], [-75.7934756887175, 4.355062314918555], [-75.79323777499613, 4.354832268604315], [-75.79275199438636, 4.354620935705711], [-75.7923613403929, 4.354524583751984], [-75.79188479917187, 4.354485495576417], [-75.79156067513212, 4.354504078169017], [-75.79111305461804, 4.354273674577391], [-75.79106593109026, 4.353957837957557], [-75.79090421071288, 4.353766195371097], [-75.79048510680978, 4.353583679713412], [-75.79005663395196, 4.353305465872942], [-75.78988565926738, 4.352951146426611], [-75.78979089059098, 4.352625660929383], [-75.78973512930838, 4.351783555060134], [-75.78981292966895, 4.350874701215668], [-75.7899186766202, 4.350348622753813], [-75.79019547991223, 4.350129025632078], [-75.79058682986646, 4.3498139443035955], [-75.7907777957199, 4.349622904054768], [-75.7911123593939, 4.349068514143907], [-75.79138005138198, 4.348600121595577], [-75.79160959856675, 4.34814123587188], [-75.79178174321109, 4.347806637993075], [-75.79183953544688, 4.34745271181617], [-75.7918500729713, 4.346859494220603], [-75.79187954390541, 4.346342854200712], [-75.79197557664013, 4.345922013433797], [-75.79205275687113, 4.345376751217645], [-75.79201574828467, 4.344716472603186], [-75.79223527506595, 4.3445446178634715], [-75.79238820812404, 4.344296101988669], [-75.79267510704386, 4.343741630902326], [-75.79277108970972, 4.343349492696977], [-75.79278109206864, 4.343072027602062], [-75.79294373356585, 4.34271827803118], [-75.79347899563021, 4.341848471627727], [-75.79369900764613, 4.341389569351144], [-75.79370994617597, 4.340557144160231], [-75.79358698498436, 4.339992402028504], [-75.79340636286727, 4.33970504640312], [-75.79290176882856, 4.339350157665745], [-75.79265437579981, 4.339091392111447], [-75.79246420683874, 4.338813587368737], [-75.79236034163735, 4.33822974218633], [-75.7923326690516, 4.33768430293254], [-75.79235149577066, 4.337156250228552], [-75.79175175234683, 4.3374270038587], [-75.79126032767167, 4.3376328858789375], [-75.79084001526614, 4.337942251746329], [-75.79057031193085, 4.338180315202821], [-75.79030811291807, 4.338664866317249], [-75.7902442771056, 4.338943034723914], [-75.79023561644333, 4.339380317046777], [-75.79025819174969, 4.340080025704816], [-75.7902097532986, 4.340620595993613], [-75.79001859462166, 4.341248383203384], [-75.78974855365827, 4.3416852179426835], [-75.78924889564107, 4.342073953732969], [-75.78784503482979, 4.343200562875321], [-75.78682190005779, 4.344009791577986], [-75.7859574592827, 4.344652327260773], [-75.78511662983487, 4.345382357375621], [-75.78418023677168, 4.346414348914375], [-75.78390216771693, 4.346774297733935], [-75.78364044233837, 4.347113090907974], [-75.7832195769483, 4.347740478728393], [-75.78294913617843, 4.348407881725306], [-75.78277374223768, 4.349075443091487], [-75.78251086685137, 4.349949578447428], [-75.78233525397138, 4.350744350781276], [-75.7821987822102, 4.351809521437393], [-75.78207057010371, 4.352675934434034], [-75.78183855904317, 4.354027165668854], [-75.78172615892616, 4.354909508296082], [-75.78158109640496, 4.356364251043562], [-75.7814038183058, 4.3581290177192065], [-75.78120187604696, 4.360418487604536], [-75.78100185339825, 4.361586906909271], [-75.7808499127705, 4.362429425961301], [-75.78076973727836, 4.36299379086369], [-75.78069742670755, 4.363589972982455], [-75.78052194183202, 4.364305242335079], [-75.78024354026687, 4.364988524847935], [-75.7798784053998, 4.365441085357298], [-75.77964046655863, 4.365623540854157], [-75.7791410323122, 4.365869150361342], [-75.77826128961502, 4.366177705159336], [-75.77708858689772, 4.366422144788076], [-75.77648640006694, 4.366540364350039], [-75.7760190047945, 4.366579306348391], [-75.77555155422186, 4.366650048652506], [-75.77490174689669, 4.366823838942124], [-75.77411720334098, 4.367045094444195], [-75.77368132587107, 4.367179497844657], [-75.77319771831914, 4.367433081269657], [-75.77247597710516, 4.367980425233791], [-75.77143700311304, 4.368757786932923], [-75.77073887131397, 4.369392629003614], [-75.77017579125815, 4.369797134109831], [-75.76920797562872, 4.370646173642374], [-75.76848589875469, 4.3713843310691995], [-75.7677874854416, 4.372178179141699], [-75.76724768130403, 4.37286100019862], [-75.76666843717254, 4.373448337775358], [-75.76624018575032, 4.373749713336395], [-75.76576453365529, 4.373979452880235], [-75.76533662808397, 4.37408206271845], [-75.76434613493807, 4.374302942434372], [-75.7635696426293, 4.37444469206564], [-75.76222255893147, 4.374752402592409], [-75.76145390436338, 4.374941867907223], [-75.76066137543985, 4.375194895777638], [-75.7600987593062, 4.3753290667166675], [-75.759464883118, 4.375447211276818], [-75.75917955208078, 4.3755500670855385], [-75.75864813167264, 4.3759625667716255], [-75.75796609033323, 4.376446358228364], [-75.75773626022598, 4.376517508343668], [-75.75727665622617, 4.376628004679585], [-75.75692787391412, 4.376778452842034], [-75.75630159677085, 4.377079472929534], [-75.75588120699676, 4.377412659897735], [-75.75541305287045, 4.377880921412543], [-75.75523038524483, 4.37815887428909], [-75.75508715440893, 4.378532301436565], [-75.75495142427958, 4.379144263812443], [-75.75495860474341, 4.379565663040714], [-75.75504497979473, 4.379995152003439], [-75.75532043674642, 4.381005376737463], [-75.75603640693406, 4.38375758059064], [-75.75623359199741, 4.384234971773512], [-75.75666762366497, 4.385158020320994], [-75.75707000018015, 4.386065110056862], [-75.7571484266604, 4.386510486618087], [-75.7570290118445, 4.386852154843108], [-75.75670320556642, 4.387447882023291], [-75.75633019423668, 4.387860654596438], [-75.75594923340878, 4.388289320902343], [-75.75560762433633, 4.388861162721697], [-75.75547993659231, 4.389401581759679], [-75.75546357820923, 4.389695727648295], [-75.75555808376768, 4.390005972406633], [-75.75577126481014, 4.390395935768881], [-75.75612705228886, 4.390770250190983], [-75.75675206905966, 4.3911927409420946], [-75.7571236433909, 4.3915988853403345], [-75.75735269517969, 4.3919729732505655], [-75.75759729609297, 4.392514053978899], [-75.75768386838745, 4.392832236124041], [-75.75769926324652, 4.39308668241921], [-75.75755576158392, 4.393611173554438], [-75.75722152576051, 4.394493107742696], [-75.75688821275868, 4.3948502978179285], [-75.75653124908239, 4.395143840039207], [-75.75581741702946, 4.395675269446039], [-75.75517518206925, 4.396031913014335], [-75.7545089997608, 4.396491867371439], [-75.75343044696409, 4.397221413931884], [-75.75261366558178, 4.397736753018447], [-75.75177312015092, 4.398252048744881], [-75.75105160133887, 4.398648298821761], [-75.7503457956099, 4.39911612826314], [-75.74953679124211, 4.399710985574777], [-75.74868791230968, 4.4004568287411905], [-75.74829139269896, 4.400718491646198], [-75.74797426762186, 4.400876939162108], [-75.74743514182063, 4.4011542486027295], [-75.74680864283486, 4.4015665613649535], [-75.74610276177663, 4.402074142241591], [-75.74567462796544, 4.402295991706329], [-75.74485021410979, 4.4026443436923826], [-75.74426369992253, 4.402842055976992], [-75.74367737013425, 4.4029364138998695], [-75.74263147602383, 4.403109448922614], [-75.74166483478201, 4.403258774647732], [-75.74092807462844, 4.403313104935517], [-75.73951801141199, 4.403374175605656], [-75.73856734018241, 4.40345196873187], [-75.73751375207593, 4.403497774561486], [-75.73687211812074, 4.403512519146923], [-75.73600862228851, 4.403566613914961], [-75.73516898982818, 4.403565098049129], [-75.73455097578908, 4.403659389277717], [-75.73387754300214, 4.40373767957335], [-75.73356057164187, 4.403808660445347], [-75.73315631283663, 4.403966943167403], [-75.73227325117338, 4.404572813694922], [-75.73185633011302, 4.404890024547792], [-75.73104153711247, 4.404997567301133], [-75.73046199067828, 4.405150961308648], [-75.72948404930486, 4.4053853911779], [-75.72888644906955, 4.40551149418089], [-75.72820467324847, 4.405475609313471], [-75.7278649311544, 4.40547886529663], [-75.7272548112397, 4.405555256827326], [-75.72688402904046, 4.4056437091723595], [-75.72662150585657, 4.405643232212245], [-75.72616988226902, 4.405603659879815], [-75.72541842180297, 4.405481382313613], [-75.72480342038573, 4.405566372679497], [-75.72429547726274, 4.40575202687695], [-75.72408765188713, 4.406024337823601], [-75.72406577589646, 4.406261104730981], [-75.72413664715982, 4.406605684044525], [-75.72470692417635, 4.407532430384715], [-75.72489196457376, 4.407999210815607], [-75.72475539969724, 4.408400818617707], [-75.72437567565913, 4.408845040844445], [-75.72411100573477, 4.408923496340017], [-75.72381071810419, 4.40893012323386], [-75.72318909578382, 4.408720884332549], [-75.72246748825903, 4.408454054573304], [-75.72221735007858, 4.408403366938015], [-75.72195995877198, 4.408410071549263], [-75.72174524257257, 4.408538850851989], [-75.72151587686507, 4.40886135119241], [-75.72135770630557, 4.409349034154531], [-75.72121440467319, 4.40952099356514], [-75.72067763981644, 4.409828582305113], [-75.72032685069007, 4.410086277408471], [-75.72016199717085, 4.410315609392862], [-75.72014015839676, 4.410530849316183], [-75.72015342760444, 4.411097778207988], [-75.7200887047133, 4.411305765144518], [-75.71999550213576, 4.411449113875589], [-75.71978091613799, 4.4115061322228595], [-75.7194951606708, 4.411383617980357], [-75.71921652873677, 4.411275465927251], [-75.71905202691481, 4.411311044053909], [-75.71877283541373, 4.411511459712089], [-75.7184720903001, 4.411769246152115], [-75.71816453508386, 4.4118404438347625], [-75.71789292175534, 4.411804066076514], [-75.71762875920064, 4.411602653334647], [-75.71738617557232, 4.411329519880772], [-75.71715036283575, 4.411264502923257], [-75.71680001595725, 4.411278213250054], [-75.71641365987244, 4.411435376316432], [-75.71568351886799, 4.411929181240362], [-75.71526093230561, 4.412351790257501], [-75.71492366720751, 4.413032891434037], [-75.7147868591099, 4.413563662580017], [-75.71479356371852, 4.413807659023134], [-75.71478606235868, 4.414038656932918], [-75.71467785290835, 4.414201818354017], [-75.71426073605438, 4.414379762999081], [-75.71386956909275, 4.414560832651333], [-75.71360223810422, 4.414789976169072], [-75.71343002310228, 4.415134104848299], [-75.71337221623435, 4.415468879160757], [-75.71304754837396, 4.415774456091595], [-75.71261777781538, 4.416213793192861], [-75.71231226344553, 4.416471566298273], [-75.71190202866839, 4.41665260172249], [-75.71151070318624, 4.416919785312424], [-75.71133853764205, 4.417235211192834], [-75.7112041361899, 4.417751635102054], [-75.71124132138958, 4.418268377337982], [-75.71141147190667, 4.419053264686855], [-75.71145859223313, 4.419349957105478], [-75.7114200230231, 4.419589084570123], [-75.71124808617289, 4.419780128764131], [-75.71083762162162, 4.420085546048906], [-75.71049383277273, 4.4204197927965785], [-75.71026422597666, 4.420869061824858], [-75.70997447541095, 4.421625891602166], [-75.70961470360035, 4.421524067243333], [-75.7092044073507, 4.421494407679391], [-75.7083620292679, 4.421536204185793], [-75.70784361243425, 4.421578597878027], [-75.70751247884321, 4.421563536168434], [-75.70714549573738, 4.421468919324481], [-75.70679323002308, 4.421200913240222], [-75.7063619612094, 4.420831597564092], [-75.70607436756617, 4.420628743163532], [-75.70571467794676, 4.420483562938], [-75.70543421858562, 4.42031684707365], [-75.70514670575069, 4.420070636869086], [-75.70485922083606, 4.419809977117364], [-75.70462190323232, 4.419672246451006], [-75.70444197898186, 4.4196430109720515], [-75.70425478913442, 4.419649886619934], [-75.70411090000927, 4.419599038573061], [-75.70385937097082, 4.419360121740803], [-75.70339925400712, 4.4190196547273795], [-75.70312582178903, 4.4189468918219745], [-75.70287378679164, 4.4189825505933], [-75.70247021332484, 4.419213027666359], [-75.70187882168527, 4.419789993179693], [-75.70113594213659, 4.420532870404941], [-75.70012678832747, 4.421224671196509], [-75.69859906967208, 4.422038338727147], [-75.69710735773084, 4.422844849412539], [-75.69611297136063, 4.4233343452393035], [-75.69545758389559, 4.4234776346733575], [-75.69467991981321, 4.423562892042841], [-75.69437029118224, 4.423598443439695], [-75.69376519116535, 4.423799631557222], [-75.69286457825227, 4.424188140638483], [-75.69206499412056, 4.424446768646894], [-75.69125842500486, 4.424589775922265], [-75.69032212478912, 4.4248120187692335], [-75.68946488036757, 4.425106664954062], [-75.68889574682964, 4.425322369870815], [-75.68851412722279, 4.425357780770101], [-75.6881542522909, 4.425313754120131], [-75.6876360517663, 4.425240519879439], [-75.68738411028745, 4.42522559681358], [-75.68703120588621, 4.425304417192951], [-75.68644044835936, 4.425534529428], [-75.68590274377378, 4.42566956131891], [-75.68553337862012, 4.425656904977155], [-75.68514042727837, 4.425512647340213], [-75.68459292859984, 4.425176740280871], [-75.6839029566022, 4.424565490933388], [-75.68349831402607, 4.424301610346215], [-75.68305785832091, 4.42407354406392], [-75.6824505601803, 4.423857122854152], [-75.68185497622261, 4.423748359238657], [-75.68097328225163, 4.423710815802394], [-75.68029417693405, 4.4236616974422285], [-75.6799249703396, 4.423565321573219], [-75.67955601028517, 4.42333738737052], [-75.6790560001273, 4.42309724544284], [-75.67855583440365, 4.422940821828406], [-75.6779840158059, 4.422867983125249], [-75.67710207687693, 4.422961992655576], [-75.67656584991276, 4.422972936752164], [-75.67620851503136, 4.422900502019027], [-75.67592278688021, 4.4227684041974955], [-75.6755779299678, 4.4223969953163635], [-75.6750192886383, 4.421654430330269], [-75.67465145672868, 4.420828508378527], [-75.67431944002065, 4.419966772216724], [-75.67405731872864, 4.4199543183804915], [-75.67379535564785, 4.41985814164388], [-75.67341450710816, 4.419618222862425], [-75.67300985018905, 4.419366303326559], [-75.67261681514758, 4.419269875978495], [-75.67223538155076, 4.419340911728897], [-75.67187735129971, 4.419639226920668], [-75.67122019140426, 4.420594762272459], [-75.67096966974584, 4.4207497628498045], [-75.67049293332126, 4.420808657125202], [-75.67021896483922, 4.420760298407086], [-75.66970706868948, 4.420508169732603], [-75.66932595081285, 4.420411764650867], [-75.6689446750416, 4.420399079728254], [-75.66837241133071, 4.420565431417583], [-75.66729962441313, 4.420766701966446], [-75.66617928855057, 4.420908084679954], [-75.66491567219042, 4.421204670341351], [-75.66384261335335, 4.421549454017209], [-75.66242416182519, 4.421809859101384], [-75.66207860967624, 4.4218091976292335], [-75.6614591599067, 4.421724293883849], [-75.6610064586364, 4.421675589963164], [-75.6605179440108, 4.421662695402303], [-75.66007690998617, 4.421745567843653], [-75.65949245636298, 4.422055403422376], [-75.65912289219776, 4.422150369980959], [-75.65880121696682, 4.422125834249066], [-75.65850353335675, 4.422017627212708], [-75.65800383108227, 4.421622001228912], [-75.65771813197071, 4.421477933141436], [-75.65742033388736, 4.421429524723107], [-75.65702707601221, 4.421452688044325], [-75.65664545997778, 4.421619394072938], [-75.65616822270047, 4.421941387720375], [-75.65581055177883, 4.422048339728187], [-75.6554769403665, 4.422035741090877], [-75.6551435104468, 4.4219274599823954], [-75.654405522942, 4.421519411880704], [-75.65352519020914, 4.420776219184958], [-75.65243074631248, 4.419841258968782], [-75.65224030391009, 4.4197332543682055], [-75.65193068438073, 4.419636980309589], [-75.65118014577124, 4.419563777043175], [-75.65064390432995, 4.419586663834155], [-75.65028607370185, 4.419777329220145], [-75.65001199520351, 4.419788760721775], [-75.64978571641566, 4.419728528418094], [-75.64913070832682, 4.41954786773481], [-75.6483326021574, 4.419426731013021], [-75.64759400391624, 4.419341587889076], [-75.64630715833853, 4.419327145611772], [-75.64550852529577, 4.4194810772735496], [-75.645150946752, 4.419540181873704], [-75.64478161362926, 4.419515548089234], [-75.64432894293034, 4.41945487408269], [-75.6431135216186, 4.419476440221156], [-75.64232731068859, 4.41936728090739], [-75.64144561560498, 4.419341653229446], [-75.64057551367128, 4.4194834799703475], [-75.63996748197944, 4.419661694587718], [-75.6395976195571, 4.419912130397585], [-75.63901249640651, 4.420568774134726], [-75.63867824168089, 4.420891030945064], [-75.63817703162934, 4.421284727153693], [-75.63765205993809, 4.421642491076132], [-75.63740123578197, 4.421952954137092], [-75.63720922591646, 4.422658196424606], [-75.6369932693413, 4.423423191219943], [-75.63677818944875, 4.423733722408276], [-75.63644413982959, 4.42394834375741], [-75.63606270656976, 4.4240193579603915], [-75.63543144221761, 4.423886573431833], [-75.63482437827935, 4.4235624802272255], [-75.63444368565278, 4.423250788677381], [-75.63406273864665, 4.423070655145045], [-75.6334791373996, 4.422937960704698], [-75.6331458289784, 4.42276987291289], [-75.63252715379694, 4.42229028208274], [-75.63222963855503, 4.422098349227411], [-75.63172933137315, 4.422025614001118], [-75.6313478988998, 4.422096626350019], [-75.63109772165112, 4.422072217853725], [-75.63068089081833, 4.421963769023731], [-75.63032324321382, 4.422058746034108], [-75.6300247777666, 4.4223571500382635], [-75.6296777912093, 4.423097965586401], [-75.62928314212246, 4.42383868683029], [-75.62823139772075, 4.425475086096249], [-75.6274786542389, 4.426538009735654], [-75.62727550932657, 4.426836600725174], [-75.62698818740519, 4.427529691936936], [-75.62648664236876, 4.4280908059098465], [-75.62604523281789, 4.4283650089897195], [-75.62569970728744, 4.428352371893849], [-75.62527133309453, 4.428052541444502], [-75.62510472572144, 4.4279445769667225], [-75.62477123258411, 4.427872163916102], [-75.62422321541861, 4.427823250604216], [-75.62377061415621, 4.427726683091597], [-75.62327044465424, 4.427582185298669], [-75.62183004097048, 4.427128768443463], [-75.62116083455065, 4.427369129746635], [-75.62031313514372, 4.427426201197568], [-75.61986698600577, 4.428021066035129], [-75.61948032424463, 4.428764649547559], [-75.61900443128242, 4.429746175853125], [-75.6183500801253, 4.430519500182986], [-75.61721983613569, 4.430846675747473], [-75.61614907797075, 4.430608730858141], [-75.61472140164366, 4.43010309467002], [-75.61365064425223, 4.430043607698791], [-75.61299629211095, 4.43031129829303], [-75.61189579169343, 4.4309061662943146], [-75.61103323694748, 4.431679487895701], [-75.60984350700306, 4.433017934767359], [-75.608802491935, 4.433583058935678], [-75.60791019374845, 4.433553313361528], [-75.60710712588165, 4.433255884254874], [-75.60591739614038, 4.4328989637114], [-75.60404357032661, 4.432601529904685], [-75.60291332617726, 4.432423068896707], [-75.60175333919665, 4.432006666303967], [-75.60062309471822, 4.431322568097182], [-75.59981462169347, 4.430764870063592], [-75.59963607431916, 4.430632802041849], [-75.59933852163954, 4.4304647758587254], [-75.59869540116927, 4.430308018433725], [-75.59833855795677, 4.429996356681928], [-75.59794644522341, 4.429445439981674], [-75.59769743534869, 4.428835015215286], [-75.59752001183872, 4.428176893232335], [-75.59727040792117, 4.427865447061885], [-75.59684193195724, 4.427625400710867], [-75.59633031089344, 4.427253635309429], [-75.5959026212525, 4.426618930688007], [-75.59559413198127, 4.425960545745631], [-75.59521407999384, 4.425337898111395], [-75.59476213332918, 4.424918413042629], [-75.59379804422797, 4.42439026986752], [-75.5929409332641, 4.42399389088039], [-75.59215567091877, 4.42341826482533], [-75.59141807220618, 4.422842733339291], [-75.59060938812517, 4.422063750357696], [-75.58980065819274, 4.421308688661939], [-75.58940834131253, 4.4208654016907385], [-75.58900420262023, 4.420374256183122], [-75.58874235557222, 4.420230217115561], [-75.5881468606803, 4.420097467158936], [-75.5875272496368, 4.420108180125308], [-75.58660918677678, 4.420405318188651], [-75.58542851080871, 4.420941110369335], [-75.58423570416934, 4.421584505827765], [-75.58378225823813, 4.421918451764365], [-75.58359118370329, 4.422133335907412], [-75.58345913507284, 4.422623401215429], [-75.58333885730288, 4.423185246427352], [-75.5831114619881, 4.4236870775594115], [-75.58294407362709, 4.423973761614855], [-75.58270531388594, 4.424200507378142], [-75.582899770441, 4.4244298683090895], [-75.58302776298746, 4.424774550952646], [-75.58311982389822, 4.425212450427471], [-75.58319734228019, 4.425772301045804], [-75.58324541434655, 4.426755454396178], [-75.58318665121593, 4.427537475286964], [-75.5830640497873, 4.4280682199810855], [-75.58291319784877, 4.42842669394858], [-75.58254777023859, 4.428834966909658], [-75.58174539281826, 4.429665709121468], [-75.58097176921281, 4.430417578102777], [-75.58020500426557, 4.431312972285613], [-75.57961715373702, 4.432115447328666], [-75.57915148969752, 4.432595262870988], [-75.57857867368011, 4.4330318142157505], [-75.57825633762931, 4.433339708226961], [-75.57801963431739, 4.433726707239614], [-75.57755249071548, 4.434938429098451], [-75.57694140639617, 4.436623445113921], [-75.57666809761274, 4.4374337302738605], [-75.57655266722402, 4.437950133669914], [-75.57665082779633, 4.438904686415635], [-75.5766850229806, 4.439672540319386], [-75.57668310861402, 4.4406197115617925], [-75.57649516897436, 4.441638258956814], [-75.57632177320158, 4.44253485106821], [-75.5760558561788, 4.443223161825023], [-75.5759485273338, 4.443644753083114], [-75.57592383484655, 4.444161386667447], [-75.57608604064347, 4.4445878031887815], [-75.57627309831399, 4.445401456968931], [-75.57646848955483, 4.44625244711265], [-75.5765472078581, 4.447001332688545], [-75.576651870165, 4.447853483664818], [-75.57685926285062, 4.448602108037758], [-75.57722232025694, 4.449970317336996], [-75.57748807905058, 4.450621634644773], [-75.57752737325532, 4.45090401611533], [-75.57756861271565, 4.451722114653067], [-75.57753899803278, 4.452224344125172], [-75.57734502065347, 4.452690361163345], [-75.57708688679563, 4.453062966359858], [-75.57671440820762, 4.453413807036969], [-75.57657079517136, 4.453722060754966], [-75.57649181669511, 4.45388693801029], [-75.57618349216267, 4.454331195331389], [-75.57568906439299, 4.454882703149399], [-75.575245001052, 4.455276448258334], [-75.57482282338172, 4.4554549752949475], [-75.57417905769714, 4.455611519338404], [-75.57317783779595, 4.455760155908293], [-75.57274156513033, 4.455838195789466], [-75.57208338377716, 4.456052111808021], [-75.57129628089272, 4.456380576846596], [-75.5706949583663, 4.456759644420244], [-75.57029389130166, 4.457103247699173], [-75.57005703971181, 4.457554819933913], [-75.56984783571546, 4.458472861727901], [-75.56954596564735, 4.459254374999842], [-75.56915863970009, 4.459870674326463], [-75.56892922938381, 4.4601787512271995], [-75.56889997162843, 4.460501593359871], [-75.56885599230054, 4.461032489425468], [-75.56879116414409, 4.461269148442667], [-75.5686261713549, 4.4615414792149], [-75.56803817360273, 4.462384928808114], [-75.56715789237042, 4.463608103807835], [-75.56656276818227, 4.464378785284527], [-75.56630313296662, 4.464613181186688], [-75.56473754575558, 4.465734251823928], [-75.56408425894962, 4.466328611738558], [-75.56361099831892, 4.466903741703584], [-75.56302533523852, 4.467775554775414], [-75.56269090843888, 4.468157556254922], [-75.56240441258115, 4.468408108243319], [-75.56185572190228, 4.468682032834344], [-75.56148571897215, 4.468980246579213], [-75.56121069656513, 4.469446086362502], [-75.56105488221797, 4.469888254712033], [-75.56076737925056, 4.47062912604689], [-75.56056392384185, 4.471059234598019], [-75.56026548795428, 4.47132171891252], [-75.55977634899912, 4.471607726132089], [-75.55884656983645, 4.471773225306037], [-75.55831001313037, 4.4719395403778766], [-75.55774955056603, 4.4721416840032], [-75.55735620634631, 4.472200664574739], [-75.55693910298179, 4.4722237142141035], [-75.55631945640896, 4.472234388401566], [-75.55567234494877, 4.472134468296354], [-75.55590354330099, 4.472375794666639], [-75.55607683527154, 4.4726086913497625], [-75.55628343208414, 4.472741997775838], [-75.5566307179698, 4.4728672962812475], [-75.55677949399583, 4.472950652681744], [-75.55690329138402, 4.473108706156994], [-75.55704338110203, 4.473391363928289], [-75.55720002008617, 4.473674055970703], [-75.55734034972578, 4.473840446401301], [-75.55777029973771, 4.47400743781255], [-75.55864681928793, 4.474308237282385], [-75.5589032026924, 4.474375210435947], [-75.55905218511819, 4.474358907327285], [-75.55923440336468, 4.474276238790913], [-75.55985583882733, 4.473878887640975], [-75.56012077069232, 4.4738129969444485], [-75.56032753976996, 4.473863256673238], [-75.56050933062019, 4.473988207051479], [-75.56063309459432, 4.474162867589243], [-75.56066549361906, 4.474503438440092], [-75.56069726028831, 4.4751512896186165], [-75.5607380868906, 4.4754171327061], [-75.56094403562805, 4.475866027156011], [-75.56110908863306, 4.47608229767377], [-75.56124953978885, 4.47619055272012], [-75.56158038213171, 4.476265983940334], [-75.56215119556413, 4.476341911996848], [-75.56250682922135, 4.47643400315651], [-75.5627215838488, 4.476625462767475], [-75.56287007130106, 4.476850002855828], [-75.56307653365806, 4.477049749709871], [-75.56339065589282, 4.477208194845594], [-75.56356419044967, 4.477324822933932], [-75.56406975527237, 4.477677561450114], [-75.56469257679579, 4.478218727561178], [-75.56628100312093, 4.479598897954721], [-75.56785488726524, 4.481770024871828], [-75.56818333832571, 4.483605016693426], [-75.56684955586043, 4.485769989606145], [-75.56510004216405, 4.488100829907167], [-75.56418215211302, 4.490016551257085], [-75.56484483011812, 4.490935104666124], [-75.5661733581246, 4.4912714340626385], [-75.56658750835032, 4.491855949616958], [-75.56600368376198, 4.49293861094905], [-75.56540842377032, 4.49392952428945], [-75.56500323934515, 4.494604025023503], [-75.56508350371236, 4.495938227986294], [-75.56557932905763, 4.497189934180861], [-75.56568917699937, 4.497371911883361], [-75.56673836200396, 4.499110062239371], [-75.56773213240626, 4.500612952019834], [-75.56828381370285, 4.50124312666587], [-75.56897531083638, 4.5020330086373574], [-75.57063388808155, 4.503453937929316], [-75.57138094661343, 4.504144116852918], [-75.57151911128261, 4.504210319245946], [-75.57177161461706, 4.504559814192993], [-75.57201388421123, 4.504962148204], [-75.57212757323926, 4.50530680806804], [-75.57225514927659, 4.505852414164081], [-75.57241157522309, 4.506276093548403], [-75.572561353129, 4.50645579321817], [-75.57274705815344, 4.506549458661379], [-75.5732759266972, 4.5066581885946775], [-75.5740334158324, 4.506853497124766], [-75.57432616264055, 4.5070478433483645], [-75.57450430582115, 4.50734240802069], [-75.57459662079157, 4.50765114721597], [-75.57476749619428, 4.508003105336586], [-75.5751029069361, 4.508312348091711], [-75.57548850067474, 4.508557111739058], [-75.5759384141137, 4.508816362327709], [-75.57648132100753, 4.509054277603715], [-75.57663123399008, 4.509169395923196], [-75.57677368724916, 4.509435187300314], [-75.57689460220107, 4.509743984857801], [-75.57689407166123, 4.510002304980797], [-75.57692190574744, 4.5103754895747095], [-75.57722736411753, 4.511344823176341], [-75.57744786264652, 4.511904973611056], [-75.57779703266874, 4.51247973998607], [-75.57816750472675, 4.513126306369488], [-75.57865280356611, 4.513565014729796], [-75.5790451103465, 4.51402506063852], [-75.57940861011092, 4.514585505918788], [-75.57952970303857, 4.514808199571186], [-75.57950086783671, 4.514922948016839], [-75.57944353585613, 4.514987410071979], [-75.57932913617813, 4.514987172577818], [-75.57908637513057, 4.514821633966275], [-75.57885064677652, 4.514713512923709], [-75.5787005560585, 4.514684503714359], [-75.57860023585346, 4.514791929951955], [-75.57867133830655, 4.514985813639946], [-75.57884952838332, 4.515258855818864], [-75.57910652998368, 4.515453126617337], [-75.57930662643672, 4.515503766977725], [-75.57960698402252, 4.515475686208068], [-75.5800075454502, 4.5153975822835655], [-75.58035074535258, 4.515398290659104], [-75.58067230265002, 4.515492236943334], [-75.58113668427117, 4.515672585083564], [-75.58141504869545, 4.515909953168799], [-75.58169347210604, 4.516118619419333], [-75.58190045534909, 4.516298436309166], [-75.58218591106935, 4.516564523343965], [-75.58238574399505, 4.51674432384712], [-75.58306442080747, 4.517025569321815], [-75.58367910158236, 4.517134468648391], [-75.58435830866969, 4.517157397448514], [-75.5853522789446, 4.517102039145219], [-75.58593128372739, 4.517174985609095], [-75.58642432766403, 4.517326689910128], [-75.58668140629652, 4.517485081570549], [-75.58678124280262, 4.5176144446018585], [-75.5867881288156, 4.517743623313433], [-75.58668068813074, 4.517836682061665], [-75.58645184298615, 4.5178577407500295], [-75.58593692432966, 4.5179140833638165], [-75.58544336636274, 4.518013525712256], [-75.58521436009549, 4.5181135126212055], [-75.58514249316201, 4.518292755347109], [-75.58519213203144, 4.518493771380009], [-75.58529894332133, 4.518709258078486], [-75.58550594127192, 4.518881898743187], [-75.58613435337674, 4.519270674263093], [-75.58658443891296, 4.519450990047163], [-75.58686309966711, 4.5195448475498665], [-75.58714195199279, 4.519545419834631], [-75.58774979441321, 4.51950361731745], [-75.58811444669556, 4.519504368989531], [-75.58822159474657, 4.519554815551879], [-75.58829287586597, 4.519662595738103], [-75.58871295738587, 4.5205317060271595], [-75.5891395740727, 4.521702205319773], [-75.58937416374533, 4.5223700184417055], [-75.5894659579102, 4.522937076581028], [-75.5894783386516, 4.523877104559971], [-75.58938421628963, 4.524450961697676], [-75.58938998910443, 4.525125478346351], [-75.589411014052, 4.525333612448687], [-75.58950354044613, 4.52554189462231], [-75.58979628497512, 4.5257434128944265], [-75.59004634866076, 4.525837210848311], [-75.59041052062025, 4.526074756875118], [-75.59073887104597, 4.52634810108919], [-75.59120966617797, 4.526894416246198], [-75.59158724703, 4.527569696310173], [-75.59201496756404, 4.528202027605098], [-75.59257810215095, 4.5290499072271455], [-75.59293463034959, 4.529531404784864], [-75.59304884191701, 4.529624920708472], [-75.59334182382375, 4.529711629698025], [-75.59362778707573, 4.529733743905302], [-75.59402831280038, 4.529677161125722], [-75.59457197504105, 4.529556290578298], [-75.59509487758038, 4.529432005317302], [-75.59554496525145, 4.530201916649556], [-75.59582282759396, 4.5306904251384825], [-75.59625088990254, 4.5311577207938925], [-75.59686442017708, 4.531840659711014], [-75.59721368434904, 4.532379546590873], [-75.59739865522826, 4.532839163894282], [-75.59747646108904, 4.533255509769384], [-75.59743923537101, 4.5339801704363], [-75.59744567040376, 4.534331790925674], [-75.59758050239395, 4.5348343591068705], [-75.59785792892201, 4.535538137416173], [-75.59798533386011, 4.5361770277392335], [-75.59811890956927, 4.537296701432213], [-75.59829579700376, 4.538215541233851], [-75.59850888786742, 4.538912014195792], [-75.59869415244687, 4.539228120833938], [-75.59900799031415, 4.539609070437018], [-75.59934339576493, 4.539932662892701], [-75.59983578812864, 4.540414437006197], [-75.6001210262656, 4.540795328624832], [-75.60057714161726, 4.5415353549839415], [-75.60081953681039, 4.54188745540623], [-75.6011404991937, 4.542282774080025], [-75.6012902610027, 4.542476823912205], [-75.60168386524673, 4.542312588743059], [-75.60226337616176, 4.542148736176206], [-75.60327926063724, 4.541885314924919], [-75.60408747992786, 4.541772159085553], [-75.60489577235228, 4.541623120021848], [-75.60573968516185, 4.541538736064574], [-75.60656918138625, 4.541511727296953], [-75.60737716783309, 4.5415133769172975], [-75.60812074527753, 4.541543595213882], [-75.60862834638549, 4.54158050577996], [-75.60920720406503, 4.54173954916833], [-75.60989317220657, 4.541970569285615], [-75.61053596320923, 4.542337835937175], [-75.61135718129708, 4.542870504070704], [-75.61222148982084, 4.543309980419919], [-75.61225648858922, 4.543683183252895], [-75.6122839602164, 4.5442429403659395], [-75.61222590165934, 4.544666188250579], [-75.61203181342113, 4.545175266036885], [-75.61191681226178, 4.54546923335191], [-75.61180188361541, 4.545727322058286], [-75.61175819900328, 4.546114719147118], [-75.61175075817381, 4.546258217171683], [-75.61167161132919, 4.5465020287301305], [-75.61154199013762, 4.546953830408917], [-75.6113834476456, 4.547563437832077], [-75.61125388427982, 4.547986541437604], [-75.61103140859282, 4.548387923108332], [-75.61088059674626, 4.548710518945159], [-75.61083012327414, 4.54891851189067], [-75.61080768368653, 4.549406410883989], [-75.61084217289589, 4.55003076194122], [-75.61085438219149, 4.551064079603561], [-75.61088141544592, 4.551839106421032], [-75.61088753407844, 4.552348590204614], [-75.61085797342324, 4.552822122662231], [-75.61075014870381, 4.553101755410301], [-75.61071406323197, 4.553266720649466], [-75.61069929718886, 4.553496311449696], [-75.61066970567559, 4.553984194916385], [-75.61061899907469, 4.554306999089998], [-75.61039611268635, 4.55490929572827], [-75.6101662210297, 4.55543982495657], [-75.61003669837797, 4.5558413972200755], [-75.60986462084486, 4.55607066922806], [-75.60967828559407, 4.55627837957096], [-75.6094921407511, 4.556392812894955], [-75.60921236872002, 4.556837131185039], [-75.60902594699458, 4.557087896208003], [-75.60898254942381, 4.55733177943288], [-75.60894596568781, 4.557740717299221], [-75.60896693734155, 4.5579775578434765], [-75.60910218378183, 4.558279212350366], [-75.60929469359348, 4.5585522770133045], [-75.60942280602256, 4.558846743407892], [-75.60945078158339, 4.55915535230094], [-75.60941449045022, 4.559420777981983], [-75.60931333424774, 4.559937216084018], [-75.60927006706987, 4.560116519677636], [-75.60934844626294, 4.56025301558007], [-75.60940509595855, 4.5605258099086505], [-75.6094117804242, 4.560755443205455], [-75.60935421167986, 4.56093471655346], [-75.60936074994278, 4.561236108163271], [-75.60936029831393, 4.561458549055504], [-75.60942424542846, 4.561659597880395], [-75.60974492573384, 4.562198427692411], [-75.60985873810684, 4.562492862364273], [-75.6100797047056, 4.562837747425997], [-75.61018659941476, 4.563017355302196], [-75.61028622560586, 4.563254356706283], [-75.61031456608212, 4.563383574576379], [-75.610299740418, 4.563641868270057], [-75.61030632174244, 4.563921731870599], [-75.61035592417345, 4.564144278765446], [-75.61047682817598, 4.564467433126336], [-75.61065481977336, 4.56484810644811], [-75.61086142878494, 4.565221661360096], [-75.61106819762894, 4.565516284687561], [-75.6112037104356, 4.56568877827903], [-75.61139627993691, 4.565933144342048], [-75.6115532428229, 4.566105681672625], [-75.61185317402699, 4.56630003824605], [-75.61216745078934, 4.566472895221612], [-75.61246751420938, 4.566602670034601], [-75.61269609994021, 4.566717949439803], [-75.61289618595991, 4.566782938982649], [-75.61313907257765, 4.566898244683853], [-75.61341046083278, 4.567063839953811], [-75.6136817182297, 4.567294016300461], [-75.61405317158487, 4.5674813387143045], [-75.6143889743171, 4.567618362954338], [-75.61460336134749, 4.567683380970738], [-75.61486777356826, 4.567762851877966], [-75.61525363065749, 4.567899979449493], [-75.615432192551, 4.56800080093168], [-75.61561776009943, 4.568173396663891], [-75.61581036242195, 4.56840341212627], [-75.61599582672493, 4.568626236116403], [-75.61632458159364, 4.568713012287931], [-75.61654606256728, 4.568806746605966], [-75.61667452697569, 4.568928996853505], [-75.61683884640635, 4.569001086897366], [-75.6172534380528, 4.569073689048486], [-75.6176037171806, 4.569124633245131], [-75.61777531798961, 4.569132158313012], [-75.61798278815921, 4.569082351818177], [-75.61838351355709, 4.568939655304941], [-75.6188411258428, 4.568954936794827], [-75.61906282408796, 4.568941036653642], [-75.61925606642338, 4.568855320570609], [-75.61957115829101, 4.568626343342138], [-75.61981439481612, 4.568569432378392], [-75.62007909916383, 4.568505388173808], [-75.620250729365, 4.568498561902931], [-75.62050799322877, 4.568578015657173], [-75.62078666531943, 4.568679042224251], [-75.62122958527439, 4.568888039409747], [-75.62162971688883, 4.569039539600017], [-75.62181554655412, 4.5690829710460115], [-75.62217293490967, 4.5691554539505885], [-75.62248026828387, 4.56922783513024], [-75.62268749175614, 4.569300015883102], [-75.62291605306815, 4.569429640446105], [-75.62325893666339, 4.569602551809312], [-75.62344465174169, 4.569703387595075], [-75.6237448930127, 4.569747053796512], [-75.62407373577115, 4.569790775070989], [-75.62433101604964, 4.5698630529060384], [-75.62448818558313, 4.569935127953915], [-75.62465234819923, 4.570086149768816], [-75.62472355094974, 4.570236985177659], [-75.62476615129776, 4.570387760866983], [-75.62483034928951, 4.570466823442813], [-75.62492326419166, 4.570488539047197], [-75.62503776135368, 4.570445715567567], [-75.62539597425582, 4.570109187629208], [-75.62553920435656, 4.570001843155088], [-75.6258468853417, 4.569902002661758], [-75.62625470380588, 4.569788018311253], [-75.62649784069724, 4.56978133589799], [-75.62671939723245, 4.569839188803332], [-75.6269337147406, 4.569940082994574], [-75.627362278769, 4.570177749256896], [-75.62766934023134, 4.570386466325161], [-75.62789078085488, 4.570501725218955], [-75.62807659691197, 4.5705523313147625], [-75.62826252985138, 4.57054553175106], [-75.62849853105271, 4.570531658272086], [-75.62876304917697, 4.570560897294709], [-75.62917771634775, 4.570597614076296]]]}}]}