{"type":"FeatureCollection","features":[{"type":"Feature","id":0,"geometry":{"type":"Polygon","coordinates":[[[-76.3446,2.4031],[-76.3577,2.4],[-76.3553,2.3423],[-76.3883,2.3061],[-76.3738,2.2791],[-76.2991,2.2825],[-76.197,2.1955],[-76.1535,2.1988],[-76.1211,2.2248],[-76.1465,2.294],[-76.1261,2.38],[-76.2199,2.3191],[-76.2575,2.3533],[-76.3004,2.3576],[-76.2907,2.3971],[-76.3354,2.3874],[-76.3446,2.4031]]]},"properties":{"FID":0,"OBJECTID":1,"DeCodigo":"00","DeNombre":"Area en Litigio Cauca - Huila","DeArea":342.09908698999999,"Categoria6":"","SHAPE_Leng":109299.97509199999,"SHAPE_Area":342099086.99000001}},{"type":"Feature","id":1,"geometry":{"type":"Polygon","coordinates":[[[-76.4136,8.7477],[-76.4191,8.7579],[-76.3812,8.7942],[-76.4136,8.874],[-76.5103,8.8039],[-76.5241,8.7736],[-76.6309,8.7305],[-76.6497,8.6712],[-76.8852,8.6231],[-76.8914,8.5921],[-76.9383,8.5534],[-76.9273,8.5263],[-76.9073,8.5323],[-76.9226,8.5275],[-76.9349,8.5477],[-76.8251,8.4966],[-76.7881,8.421],[-76.7591,8.3964],[-76.7536,8.3249],[-76.7743,8.2665],[-76.7384,8.1716],[-76.7559,8.1214],[-76.741,8.1012],[-76.7391,8.1122],[-76.7429,8.0659],[-76.7347,8.0924],[-76.7149,8.0642],[-76.7445,8.0186],[-76.7262,7.983],[-76.7455,7.9616],[-76.7484,7.9221],[-76.7682,7.9103],[-76.8625,7.9006],[-76.9222,7.9176],[-76.9248,8.0246],[-76.8905,8.0455],[-76.8745,8.0214],[-76.8342,8.0198],[-76.8716,8.0532],[-76.83,8.0504],[-76.8732,8.0681],[-76.8216,8.0944],[-76.8547,8.0913],[-76.8541,8.12],[-76.8127,8.1317],[-76.8936,8.1323],[-76.8886,8.1144],[-76.9319,8.0915],[-76.9503,8.1448],[-76.9432,8.1667],[-76.9325,8.1585],[-76.9317,8.1736],[-76.9094,8.1776],[-76.9269,8.1899],[-76.9103,8.1908],[-76.9437,8.2106],[-76.9347,8.1888],[-76.9574,8.1848],[-76.9685,8.2433],[-76.9558,8.2355],[-76.9418,8.2485],[-76.9802,8.2553],[-76.9493,8.1723],[-76.9556,8.1227],[-76.9391,8.0628],[-76.9957,8.0212],[-77.0001,7.9584],[-77.0214,7.9488],[-77.0123,7.9338],[-77.0314,7.8801],[-77.0952,7.8251],[-77.126,7.8302],[-77.1227,7.7894],[-76.9604,7.6407],[-76.943,7.5889],[-76.8012,7.5721],[-76.6607,7.4481],[-76.6179,7.3151],[-76.579,7.3042],[-76.5304,7.255],[-76.4842,7.1329],[-76.5083,7.1386],[-76.5478,7.002],[-76.5713,6.9797],[-76.5929,7.0116],[-76.6032,7.0005],[-76.6156,7.0168],[-76.6455,7.0084],[-76.6756,7.0299],[-76.8346,6.9993],[-76.8425,6.9883],[-76.8187,6.9747],[-76.8288,6.956],[-76.8134,6.9635],[-76.8001,6.9486],[-76.7855,6.8775],[-76.8306,6.8586],[-76.8179,6.8377],[-76.8353,6.8287],[-76.8777,6.8522],[-76.8999,6.829],[-76.9166,6.8455],[-76.9335,6.8118],[-76.9703,6.8127],[-76.9579,6.7925],[-76.9672,6.7431],[-76.9336,6.7109],[-76.9641,6.6809],[-76.939,6.6863],[-76.9248,6.6469],[-76.8981,6.6682],[-76.909,6.6294],[-76.858,6.6184],[-76.8897,6.6053],[-76.8945,6.5702],[-76.883,6.56],[-76.8639,6.5715],[-76.8411,6.5215],[-76.8194,6.5255],[-76.82,6.4872],[-76.8004,6.508],[-76.768,6.478],[-76.7958,6.4437],[-76.7618,6.4322],[-76.7953,6.42],[-76.7651,6.3893],[-76.7874,6.3779],[-76.7714,6.3632],[-76.789,6.3499],[-76.7777,6.3279],[-76.7902,6.3202],[-76.7819,6.2888],[-76.749,6.2796],[-76.7565,6.2522],[-76.7231,6.237],[-76.7169,6.1715],[-76.6439,6.1683],[-76.5835,6.1935],[-76.4755,6.1601],[-76.4687,6.1766],[-76.4199,6.1657],[-76.3898,6.1915],[-76.2852,6.1934],[-76.2589,6.2097],[-76.2095,6.1845],[-76.197,6.0802],[-76.1727,6.0174],[-76.1438,5.9976],[-76.1049,6.0184],[-76.0511,5.9513],[-76.0605,5.8863],[-76.0816,5.8828],[-76.099,5.8492],[-76.0709,5.7807],[-76.0811,5.767],[-76.0612,5.758],[-76.087,5.6886],[-76.0052,5.6219],[-76.0083,5.5637],[-75.9829,5.5189],[-75.9308,5.5089],[-75.905,5.4799],[-75.868,5.4902],[-75.8623,5.5063],[-75.8325,5.4888],[-75.7857,5.54],[-75.7303,5.5641],[-75.6895,5.5194],[-75.6166,5.5323],[-75.5782,5.5157],[-75.5691,5.5399],[-75.5898,5.643],[-75.5724,5.6647],[-75.5996,5.6809],[-75.5984,5.7375],[-75.5434,5.7201],[-75.5355,5.691],[-75.5199,5.6951],[-75.4782,5.6643],[-75.4289,5.6966],[-75.3769,5.6742],[-75.3684,5.6408],[-75.3831,5.6215],[-75.3653,5.6016],[-75.3402,5.603],[-75.3288,5.5246],[-75.3108,5.5087],[-75.3177,5.4625],[-75.2826,5.4757],[-75.2759,5.4186],[-75.2207,5.5029],[-75.1376,5.5272],[-75.1298,5.5532],[-75.0916,5.5852],[-75.0937,5.6554],[-75.009,5.682],[-74.9933,5.7153],[-74.8651,5.7472],[-74.8057,5.6986],[-74.7715,5.6898],[-74.7294,5.7065],[-74.7137,5.7724],[-74.665,5.7685],[-74.638,5.8664],[-74.5854,5.9031],[-74.6124,5.9699],[-74.5633,5.9976],[-74.5617,6.0783],[-74.6117,6.1266],[-74.5734,6.2157],[-74.5359,6.268],[-74.4504,6.3319],[-74.4235,6.39],[-74.3695,6.4122],[-74.4047,6.4709],[-74.3938,6.5005],[-74.4068,6.5914],[-74.3594,6.6328],[-74.3302,6.6296],[-74.3122,6.6543],[-74.259,6.6734],[-74.2292,6.7114],[-74.1773,6.7249],[-74.1151,6.7656],[-74.0772,6.8419],[-74.0106,6.9133],[-73.8857,7.002],[-73.8887,7.0725],[-73.9311,7.1191],[-73.9388,7.1768],[-73.9159,7.2956],[-74.2458,7.0027],[-74.2772,7.0122],[-74.3058,6.9992],[-74.3222,7.0189],[-74.3557,7.0099],[-74.3514,7.0816],[-74.372,7.0981],[-74.37,7.1252],[-74.4091,7.1941],[-74.387,7.2789],[-74.4029,7.3302],[-74.3199,7.4417],[-74.3701,7.48],[-74.4124,7.4604],[-74.4194,7.3886],[-74.491,7.3435],[-74.5887,7.4455],[-74.5985,7.4657],[-74.5898,7.5119],[-74.5684,7.5181],[-74.5641,7.6403],[-74.5306,7.6712],[-74.4765,7.6822],[-74.4753,7.7056],[-74.507,7.7226],[-74.5136,7.781],[-74.5253,7.7826],[-74.5205,7.9033],[-74.6026,8.0374],[-74.6677,8.06],[-74.7286,8.1184],[-74.7736,8.1218],[-74.8339,8.2019],[-74.8651,8.1998],[-74.8671,8.1592],[-74.9279,8.0746],[-74.9684,8.0906],[-75.0474,8.0424],[-75.093,8.0706],[-75.1255,8.0401],[-75.1335,8.0539],[-75.1877,8.0443],[-75.2268,8.063],[-75.2471,8.0421],[-75.2433,8.009],[-75.3093,7.9474],[-75.3367,7.9481],[-75.3291,7.9269],[-75.3468,7.875],[-75.4043,7.8575],[-75.4224,7.8194],[-75.4656,7.8277],[-75.4562,7.7928],[-75.4957,7.7217],[-75.5346,7.7217],[-75.5552,7.6243],[-75.6194,7.5827],[-75.6713,7.598],[-75.7119,7.5813],[-75.7486,7.6135],[-75.7653,7.6019],[-75.7878,7.4598],[-75.8251,7.4422],[-75.8177,7.4158],[-75.8455,7.3471],[-76.3839,7.3923],[-76.4163,7.4185],[-76.4525,7.5011],[-76.5145,7.5867],[-76.4856,7.6893],[-76.4966,7.7497],[-76.4835,7.758],[-76.4635,7.8731],[-76.4211,7.9118],[-76.4116,8.007],[-76.4276,8.0198],[-76.425,8.0743],[-76.4087,8.0739],[-76.4085,8.0997],[-76.3749,8.1115],[-76.3682,8.1529],[-76.3311,8.1515],[-76.3534,8.1942],[-76.3033,8.2845],[-76.3034,8.3112],[-76.2429,8.37],[-76.1804,8.3973],[-76.2187,8.4436],[-76.21,8.5229],[-76.2368,8.5544],[-76.2228,8.5733],[-76.2654,8.5842],[-76.2507,8.6103],[-76.2661,8.6388],[-76.314,8.6565],[-76.3456,8.6398],[-76.3679,8.7207],[-76.4136,8.7477]]]},"properties":{"FID":1,"OBJECTID":2,"DeCodigo":"05","DeNombre":"Antioquia","DeArea":62786.020507100002,"Categoria6":"Especial","SHAPE_Leng":2356259.2569200001,"SHAPE_Area":62786020507.099998}},{"type":"Feature","id":2,"geometry":{"type":"Polygon","coordinates":[[[-74.8495,11.0978],[-74.846,11.0574],[-74.921,11.0457],[-74.9592,10.9907],[-75.0437,10.9521],[-75.0458,10.9402],[-75.026,10.9469],[-75.0431,10.8992],[-75.1308,10.8628],[-75.1572,10.8315],[-75.2091,10.8173],[-75.2495,10.723],[-75.242,10.6544],[-75.2236,10.6308],[-75.237,10.5697],[-75.223,10.5528],[-75.2412,10.5195],[-75.2337,10.4795],[-75.1683,10.4518],[-75.13,10.3976],[-75.074,10.4092],[-75.046,10.3763],[-74.9832,10.3434],[-74.9081,10.2533],[-74.8612,10.3527],[-74.8619,10.3865],[-74.8181,10.4248],[-74.7868,10.5101],[-74.7389,10.5423],[-74.7242,10.6087],[-74.7471,10.6492],[-74.7228,10.6726],[-74.7416,10.8406],[-74.7365,10.8888],[-74.7184,10.9092],[-74.7541,10.9343],[-74.7629,10.9939],[-74.8364,11.0552],[-74.8495,11.0978]]]},"properties":{"FID":2,"OBJECTID":3,"DeCodigo":"08","DeNombre":"Atlántico","DeArea":3313.3844614599998,"Categoria6":"1","SHAPE_Leng":279277.41652299999,"SHAPE_Area":3313384461.46}},{"type":"Feature","id":3,"geometry":{"type":"Polygon","coordinates":[[[-75.2555,10.7996],[-75.2712,10.7793],[-75.2777,10.7129],[-75.3942,10.6827],[-75.3986,10.6628],[-75.4515,10.6276],[-75.4615,10.5897],[-75.5127,10.5711],[-75.4925,10.4845],[-75.5657,10.3969],[-75.5446,10.3902],[-75.5488,10.4221],[-75.524,10.4045],[-75.5372,10.3932],[-75.5105,10.3782],[-75.5029,10.3016],[-75.5305,10.3042],[-75.5445,10.2814],[-75.5319,10.2796],[-75.5615,10.2633],[-75.581,10.2791],[-75.5786,10.2999],[-75.5885,10.2961],[-75.5839,10.2616],[-75.6217,10.2508],[-75.5861,10.2257],[-75.6044,10.2369],[-75.6536,10.1639],[-75.7032,10.141],[-75.669,10.1376],[-75.6372,10.188],[-75.6376,10.177],[-75.5433,10.2443],[-75.5232,10.237],[-75.5468,10.2288],[-75.5462,10.2168],[-75.5246,10.2211],[-75.5209,10.1734],[-75.5361,10.1728],[-75.5382,10.1877],[-75.5545,10.1783],[-75.5446,10.1597],[-75.5295,10.1664],[-75.5641,10.1236],[-75.5807,10.1255],[-75.5736,10.0864],[-75.4975,10.1455],[-75.5433,10.0401],[-75.5155,10.0251],[-75.4908,10.0383],[-75.4761,10.0186],[-75.4801,9.9784],[-75.4642,9.9614],[-75.4692,9.9247],[-75.482,9.9299],[-75.4655,9.8918],[-75.4309,9.9127],[-75.4276,9.8929],[-75.3967,9.8938],[-75.422,9.8845],[-75.3898,9.8783],[-75.3768,9.8494],[-75.3383,9.8282],[-75.36,9.7375],[-75.378,9.7204],[-75.3744,9.6308],[-75.3562,9.6473],[-75.3271,9.6167],[-75.3147,9.6528],[-75.2765,9.6863],[-75.2327,9.6467],[-75.1645,9.6465],[-75.1893,9.6293],[-75.1811,9.6019],[-75.1672,9.6134],[-75.1334,9.5964],[-75.0779,9.5328],[-75.0399,9.5404],[-75.0124,9.5283],[-75.0289,9.5098],[-75.0322,9.4666],[-74.9669,9.4344],[-74.9356,9.4481],[-74.8908,9.431],[-74.9508,9.3476],[-74.9329,9.3284],[-74.9445,9.2958],[-74.9257,9.279],[-74.931,9.2548],[-74.9047,9.2296],[-74.903,9.1635],[-74.8633,9.1485],[-74.8238,9.0574],[-74.7819,9.0377],[-74.7505,9.0424],[-74.7369,9.0158],[-74.6838,9.0115],[-74.6394,8.9775],[-74.5794,8.8728],[-74.586,8.8412],[-74.5397,8.8053],[-74.6107,8.7559],[-74.5867,8.6308],[-74.5947,8.5923],[-74.5626,8.5691],[-74.5765,8.5442],[-74.5687,8.5076],[-74.5354,8.4806],[-74.5397,8.4264],[-74.5774,8.3856],[-74.6145,8.4065],[-74.614,8.347],[-74.6492,8.3135],[-74.6535,8.279],[-74.7127,8.3041],[-74.7275,8.281],[-74.7348,8.2982],[-74.7644,8.2945],[-74.7709,8.2794],[-74.8088,8.2743],[-74.7949,8.2466],[-74.8332,8.2123],[-74.7848,8.1315],[-74.7286,8.1184],[-74.6677,8.06],[-74.6031,8.0378],[-74.5741,7.9794],[-74.5389,7.9469],[-74.5198,7.9008],[-74.5253,7.7826],[-74.5136,7.781],[-74.507,7.7226],[-74.4753,7.7056],[-74.4765,7.6822],[-74.5306,7.6712],[-74.5611,7.6465],[-74.5684,7.5181],[-74.5902,7.511],[-74.5984,7.4619],[-74.491,7.3435],[-74.4194,7.3886],[-74.4124,7.4604],[-74.3701,7.48],[-74.3229,7.4468],[-74.3977,7.3479],[-74.387,7.2789],[-74.4091,7.1941],[-74.37,7.1252],[-74.372,7.0981],[-74.3514,7.0816],[-74.3557,7.0099],[-74.3222,7.0189],[-74.3058,6.9992],[-74.2772,7.0122],[-74.2473,7.002],[-73.9159,7.2956],[-73.8954,7.4314],[-73.9181,7.4743],[-73.9131,7.4936],[-73.8492,7.5347],[-73.8287,7.6024],[-73.8103,7.6166],[-73.8184,7.6428],[-73.7978,7.6509],[-73.8319,7.7298],[-73.7981,7.775],[-73.8216,7.823],[-73.8316,7.9359],[-73.8657,7.9769],[-73.8717,8.0188],[-73.8615,8.0785],[-73.7737,8.1472],[-73.7796,8.2081],[-73.7503,8.2719],[-73.7603,8.2999],[-73.747,8.3165],[-73.7576,8.3342],[-73.746,8.4621],[-73.7743,8.4971],[-73.7749,8.5606],[-73.8198,8.653],[-73.8157,8.7215],[-73.7893,8.7492],[-73.7953,8.8168],[-73.8666,8.887],[-73.8663,8.9527],[-73.894,8.9779],[-73.9591,8.9959],[-73.9777,8.9839],[-74.0039,8.9988],[-73.9849,9.0089],[-74.0032,9.0296],[-74.027,9.0262],[-74.0356,9.0444],[-74.0571,9.0185],[-74.098,9.0158],[-74.1133,9.041],[-74.1375,9.0287],[-74.1407,9.0408],[-74.1179,9.0489],[-74.1347,9.0644],[-74.1573,9.0574],[-74.1766,9.0893],[-74.2284,9.124],[-74.2201,9.1361],[-74.2483,9.1647],[-74.2982,9.1598],[-74.2965,9.2027],[-74.3489,9.2333],[-74.403,9.2137],[-74.4356,9.2743],[-74.5168,9.2345],[-74.5657,9.3144],[-74.6153,9.341],[-74.6184,9.3715],[-74.6598,9.3859],[-74.6724,9.4131],[-74.6989,9.4269],[-74.7321,9.4188],[-74.7633,9.4638],[-74.8057,9.4475],[-74.7758,9.5005],[-74.8071,9.5474],[-74.7736,9.5873],[-74.777,9.6262],[-74.8058,9.6755],[-74.7876,9.6969],[-74.8147,9.7316],[-74.8156,9.7899],[-74.8824,9.8729],[-74.8726,9.9367],[-74.8204,9.9673],[-74.7883,10.0113],[-74.8485,10.085],[-74.9437,10.1244],[-74.9086,10.2537],[-74.9638,10.3249],[-75.074,10.4092],[-75.13,10.3976],[-75.1683,10.4518],[-75.2337,10.4795],[-75.2412,10.5195],[-75.223,10.5528],[-75.237,10.5697],[-75.2236,10.6308],[-75.242,10.6544],[-75.2495,10.723],[-75.2199,10.7772],[-75.2222,10.7966],[-75.2555,10.7996]]]},"properties":{"FID":3,"OBJECTID":4,"DeCodigo":"13","DeNombre":"Bolívar","DeArea":26662.7765368,"Categoria6":"1","SHAPE_Leng":1651842.14029,"SHAPE_Area":26662776536.799999}},{"type":"Feature","id":4,"geometry":{"type":"Polygon","coordinates":[[[-72.1737,7.0531],[-72.1997,7.0412],[-72.201,7.0067],[-72.2341,6.9793],[-72.2554,6.984],[-72.2525,7.0075],[-72.2814,7.0101],[-72.3134,6.9322],[-72.3873,6.8739],[-72.4972,6.9207],[-72.5016,6.8742],[-72.4771,6.8422],[-72.4989,6.7952],[-72.4855,6.6571],[-72.5427,6.5828],[-72.5392,6.488],[-72.6491,6.4364],[-72.7191,6.5527],[-72.7646,6.5828],[-72.8089,6.5592],[-72.8086,6.5388],[-72.7359,6.4907],[-72.7249,6.4567],[-72.738,6.4403],[-72.7256,6.3721],[-72.7579,6.3151],[-72.7447,6.2292],[-72.775,6.2105],[-72.8037,6.216],[-72.8313,6.1488],[-72.8684,6.1445],[-72.8725,6.1251],[-72.916,6.1074],[-73.0112,5.9631],[-73.032,6.023],[-73.0622,6.0111],[-73.0678,5.982],[-73.1008,5.9623],[-73.1426,5.9611],[-73.1993,6.0031],[-73.2247,5.9411],[-73.2083,5.9215],[-73.221,5.8907],[-73.184,5.8504],[-73.205,5.8266],[-73.2469,5.816],[-73.2705,5.8535],[-73.3292,5.8515],[-73.3515,5.8726],[-73.3457,5.8422],[-73.379,5.7634],[-73.3905,5.7511],[-73.4308,5.7671],[-73.4359,5.7982],[-73.4735,5.8168],[-73.4511,5.867],[-73.4569,5.8904],[-73.4445,5.902],[-73.4074,5.8895],[-73.3707,6.0052],[-73.4148,6.0731],[-73.4381,6.0714],[-73.4974,6.108],[-73.5152,6.0991],[-73.5396,6.0374],[-73.5848,6.0082],[-73.603,5.9376],[-73.6359,5.9112],[-73.6002,5.869],[-73.644,5.7152],[-73.7144,5.7817],[-73.7636,5.7729],[-73.8125,5.715],[-73.8244,5.7406],[-73.8743,5.708],[-73.8745,5.7279],[-73.9245,5.743],[-73.9624,5.7394],[-73.9826,5.7209],[-74.0251,5.7808],[-74.026,5.8068],[-74.0793,5.8185],[-74.1031,5.877],[-74.1333,5.8759],[-74.1804,5.9111],[-74.1973,5.8529],[-74.2661,5.8346],[-74.275,5.8685],[-74.2311,5.905],[-74.2245,5.9232],[-74.2389,5.9437],[-74.2222,5.9679],[-74.2601,6.0125],[-74.2587,6.0655],[-74.2981,6.0841],[-74.3373,6.065],[-74.3476,6.0385],[-74.3831,6.0403],[-74.408,6.0865],[-74.4517,6.0993],[-74.4526,6.1357],[-74.4795,6.1596],[-74.4696,6.2014],[-74.5084,6.2165],[-74.5266,6.2736],[-74.5734,6.2157],[-74.6107,6.1332],[-74.5845,6.0882],[-74.5617,6.0783],[-74.5627,6.0019],[-74.6124,5.9699],[-74.5854,5.9031],[-74.638,5.8664],[-74.661,5.7524],[-74.6429,5.7354],[-74.6271,5.7625],[-74.5974,5.7434],[-74.5164,5.7914],[-74.4309,5.758],[-74.3331,5.837],[-74.3168,5.797],[-74.301,5.7977],[-74.313,5.7822],[-74.2872,5.7465],[-74.304,5.7092],[-74.276,5.6922],[-74.315,5.6205],[-74.2978,5.575],[-74.2403,5.5392],[-74.2539,5.4876],[-74.244,5.4763],[-74.2019,5.497],[-74.1824,5.4637],[-74.1255,5.429],[-74.1173,5.473],[-74.0969,5.4706],[-74.0928,5.4289],[-74.0223,5.3869],[-74.021,5.3663],[-73.9914,5.3746],[-73.9727,5.4196],[-73.948,5.4176],[-73.9422,5.4341],[-73.9125,5.4322],[-73.9012,5.4477],[-73.9068,5.5282],[-73.8899,5.5124],[-73.8047,5.5714],[-73.7688,5.4866],[-73.7471,5.4896],[-73.7432,5.4686],[-73.7202,5.4781],[-73.7195,5.4588],[-73.6963,5.4466],[-73.6767,5.4595],[-73.6784,5.4343],[-73.5927,5.3988],[-73.5994,5.3188],[-73.5342,5.2823],[-73.5148,5.2327],[-73.5245,5.214],[-73.5119,5.1623],[-73.4772,5.1481],[-73.4945,5.1064],[-73.4799,5.0631],[-73.5224,5.0292],[-73.507,4.9964],[-73.5447,4.9442],[-73.5387,4.8966],[-73.5209,4.879],[-73.4696,4.8927],[-73.402,4.8799],[-73.3652,4.8248],[-73.3718,4.8008],[-73.3209,4.7793],[-73.304,4.7296],[-73.223,4.7333],[-73.2347,4.6952],[-73.2224,4.6774],[-73.149,4.6552],[-73.1217,4.6716],[-73.1042,4.6605],[-73.0718,4.7392],[-73.0621,4.7318],[-73.045,4.7505],[-73.0777,4.8107],[-73.0415,4.8783],[-73.0491,4.9223],[-73.0305,4.9823],[-73.0165,5.0027],[-72.9753,4.9748],[-72.9038,5.0679],[-72.9084,5.1025],[-72.9286,5.0997],[-72.9739,5.1504],[-72.8962,5.2621],[-72.8827,5.3632],[-72.8595,5.3404],[-72.7983,5.3801],[-72.7569,5.3314],[-72.7256,5.318],[-72.7006,5.2733],[-72.6203,5.3512],[-72.5798,5.3503],[-72.5672,5.3734],[-72.584,5.382],[-72.5034,5.443],[-72.4899,5.4818],[-72.4424,5.5193],[-72.4209,5.5632],[-72.3874,5.5634],[-72.3381,5.5008],[-72.3009,5.506],[-72.2875,5.6056],[-72.2627,5.6335],[-72.2721,5.6622],[-72.2219,5.6726],[-72.2497,5.6853],[-72.2804,5.7496],[-72.3005,5.7583],[-72.3076,5.7928],[-72.4631,5.8491],[-72.4155,5.904],[-72.3357,5.8896],[-72.3267,5.9066],[-72.3398,5.9985],[-72.3655,6.0367],[-72.318,6.0776],[-72.3212,6.0882],[-72.3666,6.0768],[-72.3754,6.0925],[-72.3641,6.0993],[-72.3892,6.1237],[-72.3739,6.1477],[-72.3931,6.1616],[-72.3925,6.1883],[-72.4186,6.1854],[-72.3872,6.261],[-72.3961,6.2742],[-72.354,6.3435],[-72.3216,6.3318],[-72.3155,6.3577],[-72.2827,6.3794],[-72.2679,6.4416],[-72.2351,6.422],[-72.2138,6.4655],[-72.1747,6.463],[-72.1779,6.4968],[-72.1309,6.5206],[-72.1128,6.6121],[-72.0914,6.646],[-72.1001,6.7472],[-72.0506,6.7689],[-71.9496,7.0099],[-71.9986,7.0088],[-72.0757,7.0454],[-72.1221,7.0277],[-72.1737,7.0531]]]},"properties":{"FID":4,"OBJECTID":5,"DeCodigo":"15","DeNombre":"Boyacá","DeArea":23078.339851799999,"Categoria6":"1","SHAPE_Leng":1759338.52993,"SHAPE_Area":23078339851.799999}},{"type":"Feature","id":5,"geometry":{"type":"Polygon","coordinates":[[[-74.6806,5.7792],[-74.7139,5.7722],[-74.7294,5.7065],[-74.7715,5.6898],[-74.8734,5.7477],[-74.9933,5.7153],[-75.0106,5.6811],[-75.0871,5.6608],[-75.0992,5.6423],[-75.0916,5.5852],[-75.1298,5.5532],[-75.1376,5.5272],[-75.2207,5.5029],[-75.2759,5.4186],[-75.2826,5.4757],[-75.3177,5.4625],[-75.3108,5.5087],[-75.3288,5.5246],[-75.3402,5.603],[-75.3653,5.6016],[-75.3831,5.6215],[-75.3684,5.6408],[-75.3769,5.6742],[-75.4289,5.6966],[-75.4782,5.6643],[-75.5199,5.6951],[-75.5355,5.691],[-75.5434,5.7201],[-75.5993,5.7373],[-75.5996,5.6809],[-75.5724,5.6647],[-75.5898,5.6419],[-75.571,5.5206],[-75.6168,5.5323],[-75.6891,5.5193],[-75.7303,5.5641],[-75.7857,5.54],[-75.8325,5.4888],[-75.8654,5.5019],[-75.8506,5.4125],[-75.8607,5.3717],[-75.8092,5.3621],[-75.7252,5.3971],[-75.6662,5.354],[-75.6481,5.3076],[-75.6664,5.2676],[-75.6926,5.2552],[-75.7348,5.2644],[-75.7493,5.2845],[-75.8237,5.2701],[-75.8024,5.2004],[-75.8338,5.1501],[-75.8366,5.1148],[-75.8458,5.1056],[-75.8918,5.131],[-75.9174,5.0787],[-75.922,5.0421],[-75.9039,5.0236],[-75.8922,4.9615],[-75.8607,4.9421],[-75.8667,4.9336],[-75.8148,4.9194],[-75.7922,4.9378],[-75.7814,5.0104],[-75.7468,5.0468],[-75.7024,4.9455],[-75.6555,4.9458],[-75.6395,4.975],[-75.6231,4.971],[-75.6171,4.9314],[-75.5646,4.9378],[-75.5375,4.9165],[-75.4801,4.9165],[-75.4269,4.8164],[-75.3755,4.8027],[-75.3187,4.8881],[-75.3525,4.9406],[-75.3527,4.9667],[-75.318,5.0154],[-75.3488,5.0573],[-75.3448,5.0808],[-75.2879,5.1383],[-75.235,5.126],[-75.1716,5.171],[-75.1162,5.1606],[-75.0566,5.2755],[-74.9394,5.313],[-74.8728,5.2949],[-74.8267,5.3193],[-74.7545,5.2817],[-74.7343,5.2869],[-74.7011,5.3532],[-74.7066,5.371],[-74.6851,5.3672],[-74.6848,5.4002],[-74.6667,5.4059],[-74.6764,5.4381],[-74.6505,5.4444],[-74.6746,5.5147],[-74.641,5.5402],[-74.6531,5.5747],[-74.6284,5.6325],[-74.6291,5.7014],[-74.652,5.7095],[-74.665,5.7685],[-74.6806,5.7792]]]},"properties":{"FID":5,"OBJECTID":6,"DeCodigo":"17","DeNombre":"Caldas","DeArea":7422.2083486399997,"Categoria6":"2","SHAPE_Leng":735980.03089599998,"SHAPE_Area":7422208348.6400003}},{"type":"Feature","id":6,"geometry":{"type":"Polygon","coordinates":[[[-73.8985,-0.3687],[-73.8148,-0.4118],[-73.7127,-0.3831],[-73.6857,-0.4177],[-73.6393,-0.4189],[-73.6514,-0.4572],[-73.6082,-0.4392],[-73.5846,-0.4491],[-73.5684,-0.5168],[-73.5332,-0.4877],[-73.5105,-0.5243],[-73.4303,-0.5109],[-73.3785,-0.5363],[-73.3319,-0.5061],[-73.203,-0.6265],[-73.1214,-0.6041],[-73.0748,-0.6213],[-73.0533,-0.5467],[-73.0264,-0.5269],[-72.968,-0.5517],[-72.9173,-0.6155],[-72.8159,-0.5992],[-72.7497,-0.555],[-72.7406,-0.5801],[-72.6776,-0.616],[-72.6738,-0.6352],[-72.5564,-0.7058],[-72.425,-0.5623],[-72.4077,-0.5681],[-72.3967,-0.6122],[-72.3183,-0.6517],[-72.2491,-0.6137],[-72.2306,-0.493],[-72.1728,-0.4439],[-72.148,-0.3954],[-72.1534,-0.3553],[-72.0627,-0.3247],[-72.0418,-0.2692],[-71.8309,-0.2763],[-71.7113,-0.2344],[-71.7365,-0.1545],[-71.7009,-0.0975],[-71.7048,-0.0673],[-71.5935,-0.0144],[-71.5772,0.0157],[-71.5467,0.0213],[-71.4538,-0.0122],[-71.4484,0.0033],[-71.4005,0.0056],[-71.3706,0.0312],[-71.3279,0.0187],[-71.2714,0.0352],[-71.2538,0.0595],[-71.2966,0.0706],[-71.2903,0.0959],[-71.3285,0.1129],[-71.321,0.1363],[-71.3352,0.155],[-71.3419,0.1383],[-71.3654,0.1446],[-71.3731,0.1721],[-71.3996,0.1859],[-71.4088,0.1507],[-71.4496,0.139],[-71.4703,0.1526],[-71.4556,0.1741],[-71.4735,0.185],[-71.4967,0.1332],[-71.5364,0.1216],[-71.5315,0.1652],[-71.5899,0.1663],[-71.5601,0.2156],[-71.6058,0.1833],[-71.6361,0.183],[-71.6171,0.1929],[-71.6241,0.2159],[-71.6439,0.2096],[-71.6979,0.2375],[-71.7263,0.281],[-71.7009,0.2996],[-71.705,0.3184],[-71.7372,0.2857],[-71.7537,0.3324],[-71.7891,0.3357],[-71.767,0.3696],[-71.8148,0.3736],[-71.8019,0.3553],[-71.8235,0.3394],[-71.851,0.3504],[-71.8234,0.4057],[-71.8469,0.4136],[-71.859,0.457],[-71.8871,0.4694],[-71.8898,0.4476],[-71.9205,0.4526],[-71.9015,0.472],[-71.929,0.4866],[-71.9132,0.516],[-71.9386,0.57],[-71.9531,0.54],[-72.0117,0.596],[-71.9815,0.6306],[-71.995,0.6331],[-71.9979,0.6574],[-72.0843,0.6578],[-72.0704,0.6927],[-72.1098,0.7049],[-72.1267,0.7401],[-72.1403,0.7181],[-72.1634,0.7339],[-72.1639,0.7133],[-72.1908,0.727],[-72.2004,0.702],[-72.2201,0.7056],[-72.2219,0.7473],[-72.2487,0.7885],[-72.2703,0.7941],[-72.2697,0.7631],[-72.3101,0.8093],[-72.2868,0.8187],[-72.3013,0.8412],[-72.2917,0.8778],[-72.3239,0.8754],[-72.3276,0.8399],[-72.3436,0.8686],[-72.3324,0.8794],[-72.3469,0.9029],[-72.3399,0.9267],[-72.3544,0.9351],[-72.3916,0.9191],[-72.377,0.9602],[-72.4005,0.9674],[-72.4105,0.9868],[-72.3995,1.0039],[-72.4557,1.0799],[-72.5109,1.068],[-72.6226,1.1362],[-72.6474,1.1808],[-72.6622,1.1508],[-72.7259,1.1861],[-72.7228,1.1496],[-72.7387,1.1511],[-72.7496,1.1288],[-72.778,1.1479],[-72.7713,1.1823],[-72.8239,1.1782],[-72.8269,1.1489],[-72.8592,1.1648],[-72.8498,1.1431],[-72.8721,1.1354],[-72.85,1.1047],[-72.8837,1.0986],[-72.8691,1.0865],[-72.8833,1.07],[-72.8608,1.0719],[-72.858,1.0422],[-72.8793,1.0462],[-72.8652,1.0417],[-72.8672,1.0245],[-72.9325,1.0152],[-72.9367,0.9841],[-72.9964,0.952],[-72.9874,0.9285],[-73.0062,0.9333],[-73.0097,0.9105],[-73.0266,0.9215],[-73.0383,0.9024],[-73.0516,0.9119],[-73.0775,0.8945],[-73.1093,0.924],[-73.1445,0.9199],[-73.1469,0.9433],[-73.1643,0.9404],[-73.1895,0.967],[-73.1729,0.9815],[-73.1786,1.0002],[-73.2349,1.0087],[-73.2516,1.0488],[-73.2788,1.0473],[-73.282,1.0668],[-73.3405,1.0992],[-73.3436,1.1234],[-73.3975,1.1531],[-73.393,1.1719],[-73.4211,1.1911],[-73.4073,1.2057],[-73.4242,1.2235],[-73.4087,1.2414],[-73.4319,1.2589],[-73.4283,1.2959],[-73.4561,1.2946],[-73.4721,1.3585],[-73.5476,1.4062],[-73.5473,1.438],[-73.6583,1.5764],[-73.6567,1.6177],[-74.04,1.9708],[-74.105,1.9725],[-74.1496,1.9975],[-74.1533,1.9796],[-74.19,1.9854],[-74.2419,2.0564],[-74.3619,2.0595],[-74.3925,2.0842],[-74.4621,2.0892],[-74.4842,2.11],[-74.4854,2.1492],[-74.5387,2.11],[-74.5508,2.1317],[-74.58,2.1246],[-74.6042,2.1567],[-74.5892,2.17],[-74.5917,2.2017],[-74.6108,2.2083],[-74.6271,2.1925],[-74.665,2.2113],[-74.65,2.24],[-74.7012,2.2717],[-74.6933,2.2842],[-74.7092,2.2838],[-74.7158,2.2633],[-74.73,2.28],[-74.7483,2.2742],[-74.7337,2.3467],[-74.6929,2.42],[-74.6729,2.425],[-74.6629,2.4883],[-74.6475,2.4937],[-74.6775,2.5238],[-74.6817,2.5583],[-74.5858,2.6654],[-74.6375,2.7008],[-74.6175,2.7538],[-74.6433,2.7558],[-74.6667,2.805],[-74.6733,2.8887],[-74.7694,2.8731],[-74.8,2.9383],[-74.8369,2.9085],[-74.8783,2.915],[-74.9106,2.8835],[-74.9355,2.9089],[-75.0703,2.7421],[-75.1471,2.722],[-75.1541,2.7041],[-75.1333,2.6915],[-75.1555,2.645],[-75.1327,2.5952],[-75.1541,2.5812],[-75.1806,2.5077],[-75.2271,2.5117],[-75.2506,2.4445],[-75.2795,2.4227],[-75.3101,2.3616],[-75.3296,2.3653],[-75.3481,2.3238],[-75.3886,2.3126],[-75.4104,2.2456],[-75.4397,2.2207],[-75.4263,2.1881],[-75.4424,2.147],[-75.535,2.1177],[-75.5881,2.0111],[-75.641,1.958],[-75.6518,1.9011],[-75.6896,1.8794],[-75.7307,1.8233],[-75.7371,1.7825],[-75.8303,1.7474],[-75.844,1.7226],[-75.9122,1.712],[-75.9527,1.6638],[-75.98,1.6576],[-75.9808,1.6244],[-76.0344,1.5828],[-76.0746,1.5848],[-76.1199,1.5521],[-76.1697,1.588],[-76.1492,1.5369],[-76.1838,1.4882],[-76.1758,1.4511],[-76.2012,1.4223],[-76.2034,1.3541],[-76.223,1.3379],[-76.2141,1.3206],[-76.3031,1.2362],[-76.2895,1.206],[-76.3027,1.1766],[-76.2851,1.1712],[-76.2805,1.1379],[-76.2598,1.1224],[-76.1838,1.1048],[-76.1595,1.1162],[-76.1478,1.0995],[-76.1234,1.1006],[-76.085,1.0576],[-76.0492,1.0462],[-76.0049,1.0547],[-75.9959,1.0276],[-75.9948,1.0727],[-75.9476,1.0307],[-75.9252,1.0343],[-75.9457,0.9809],[-75.9092,0.9731],[-75.8476,0.8791],[-75.8274,0.8741],[-75.7973,0.894],[-75.7623,0.8378],[-75.731,0.8587],[-75.6819,0.8569],[-75.6364,0.8767],[-75.6078,0.8383],[-75.5379,0.8268],[-75.5384,0.7886],[-75.508,0.7682],[-75.4831,0.783],[-75.4687,0.7588],[-75.409,0.7378],[-75.3398,0.7692],[-75.2975,0.7295],[-75.2656,0.7256],[-75.2571,0.7034],[-75.2762,0.6674],[-75.2312,0.6461],[-75.2073,0.6015],[-75.2355,0.5718],[-75.1985,0.5047],[-75.2177,0.4875],[-75.1553,0.4809],[-75.1012,0.5119],[-75.1059,0.4738],[-75.0339,0.4843],[-74.9862,0.4185],[-74.9846,0.4],[-75.0166,0.3829],[-75.0071,0.3423],[-74.9799,0.3146],[-75.0106,0.2915],[-75.0039,0.2732],[-74.9594,0.2425],[-74.893,0.2492],[-74.8409,0.213],[-74.7365,0.2096],[-74.6802,0.165],[-74.6755,0.0992],[-74.7135,0.0953],[-74.6562,0.0733],[-74.6746,0.0459],[-74.7046,0.0415],[-74.6564,-0.0116],[-74.6773,-0.0605],[-74.6486,-0.0389],[-74.6314,-0.0441],[-74.616,-0.0622],[-74.6318,-0.0885],[-74.5323,-0.1257],[-74.5347,-0.0951],[-74.519,-0.0886],[-74.4972,-0.1374],[-74.4748,-0.1303],[-74.4544,-0.0708],[-74.4234,-0.098],[-74.4463,-0.1396],[-74.4019,-0.1143],[-74.3419,-0.1097],[-74.3031,-0.1475],[-74.2668,-0.1425],[-74.2894,-0.2004],[-74.2405,-0.2347],[-74.2003,-0.2098],[-74.1883,-0.2585],[-74.1685,-0.2665],[-74.143,-0.238],[-74.1116,-0.2351],[-74.0818,-0.2798],[-74.0443,-0.2752],[-74.0123,-0.3375],[-73.8985,-0.3687]]]},"properties":{"FID":6,"OBJECTID":7,"DeCodigo":"18","DeNombre":"Caquetá","DeArea":92709.074885900001,"Categoria6":"4","SHAPE_Leng":2352158.5041899998,"SHAPE_Area":92709074885.899994}},{"type":"Feature","id":7,"geometry":{"type":"Polygon","coordinates":[[[-76.4592,3.3287],[-76.4685,3.3107],[-76.4784,3.3193],[-76.4774,3.294],[-76.4891,3.305],[-76.4942,3.2928],[-76.4752,3.2877],[-76.4872,3.2825],[-76.4598,3.2563],[-76.4756,3.2577],[-76.4621,3.2492],[-76.4773,3.2326],[-76.4654,3.2275],[-76.4982,3.2032],[-76.4871,3.1738],[-76.5078,3.1573],[-76.5008,3.144],[-76.5198,3.1497],[-76.5178,3.1345],[-76.5327,3.1357],[-76.5134,3.1208],[-76.5309,3.1236],[-76.5559,3.0995],[-76.5729,3.1288],[-76.5981,3.0921],[-76.624,3.1018],[-76.6298,3.1284],[-76.665,3.0987],[-76.7334,3.1249],[-76.7498,3.1462],[-76.7392,3.1861],[-76.7729,3.2337],[-76.8094,3.2075],[-76.908,3.2014],[-76.9155,3.1495],[-76.9391,3.1138],[-76.9719,3.1188],[-76.9968,3.1548],[-77.0866,3.1858],[-77.1296,3.1612],[-77.1593,3.1743],[-77.2341,3.1081],[-77.2447,3.1263],[-77.2523,3.1152],[-77.2616,3.1351],[-77.2884,3.1381],[-77.2799,3.1594],[-77.3172,3.1742],[-77.3473,3.1401],[-77.3658,3.1465],[-77.3821,3.2034],[-77.4303,3.2541],[-77.4707,3.237],[-77.472,3.2115],[-77.4977,3.2164],[-77.5049,3.1872],[-77.5426,3.2137],[-77.5732,3.1444],[-77.6261,3.0776],[-77.6534,3.0648],[-77.6908,3.0008],[-77.702,2.9725],[-77.6816,2.9916],[-77.6667,2.9842],[-77.6718,2.9363],[-77.6923,2.9135],[-77.716,2.8312],[-77.7641,2.7963],[-77.736,2.7875],[-77.7506,2.7641],[-77.7941,2.7561],[-77.7865,2.6925],[-77.8091,2.685],[-77.8425,2.7039],[-77.8456,2.6915],[-77.8731,2.6975],[-77.9076,2.6804],[-77.9064,2.6458],[-77.9283,2.6404],[-77.9148,2.5698],[-77.9252,2.482],[-77.9175,2.4115],[-77.8479,2.2606],[-77.8488,2.1912],[-77.7806,2.1484],[-77.7338,2.134],[-77.6456,2.1685],[-77.6036,2.1647],[-77.5562,2.2025],[-77.4879,2.1953],[-77.4723,2.2413],[-77.479,2.2737],[-77.4594,2.2862],[-77.3857,2.2559],[-77.3556,2.2603],[-77.3077,2.1957],[-77.318,2.1819],[-77.3079,2.1061],[-77.3335,2.0514],[-77.2593,1.9941],[-77.2206,1.9882],[-77.2032,1.952],[-77.2184,1.917],[-77.2455,1.9113],[-77.2557,1.8697],[-77.2892,1.849],[-77.3101,1.8042],[-77.2947,1.766],[-77.3309,1.6815],[-77.239,1.6573],[-77.1508,1.6856],[-77.1376,1.6549],[-77.0723,1.669],[-77.0569,1.6991],[-77.0264,1.714],[-76.9983,1.7073],[-76.9361,1.729],[-76.9021,1.6624],[-76.8337,1.6097],[-76.8575,1.564],[-76.8586,1.5225],[-76.9289,1.5005],[-76.9207,1.3457],[-76.8866,1.3719],[-76.6972,1.444],[-76.6766,1.4662],[-76.646,1.4555],[-76.574,1.3858],[-76.5843,1.3436],[-76.571,1.328],[-76.586,1.3006],[-76.5657,1.2385],[-76.5372,1.2092],[-76.549,1.1231],[-76.568,1.1034],[-76.545,1.0377],[-76.4935,1.0282],[-76.4256,0.9604],[-76.3707,0.9839],[-76.3351,0.9806],[-76.3288,0.958],[-76.2949,0.9614],[-76.276,0.9837],[-76.2357,0.9645],[-76.2364,0.982],[-76.1906,0.9934],[-76.2088,1.0054],[-76.2033,1.0178],[-76.1831,1.0132],[-76.1837,1.0261],[-76.1253,1.0066],[-76.0749,1.0284],[-76.0935,1.0502],[-76.0809,1.0651],[-76.1013,1.0685],[-76.1236,1.1008],[-76.2601,1.1225],[-76.2805,1.1379],[-76.2851,1.1712],[-76.3027,1.1767],[-76.2895,1.206],[-76.3031,1.2362],[-76.2142,1.3204],[-76.223,1.3379],[-76.2034,1.3541],[-76.2012,1.4223],[-76.1759,1.4508],[-76.1838,1.4882],[-76.1494,1.5359],[-76.152,1.5621],[-76.1699,1.5881],[-76.1831,1.5738],[-76.2024,1.5787],[-76.2116,1.6407],[-76.2423,1.6831],[-76.2723,1.6745],[-76.305,1.69],[-76.3256,1.6631],[-76.3767,1.6639],[-76.3719,1.7425],[-76.4185,1.7171],[-76.4351,1.7918],[-76.5113,1.8335],[-76.5304,1.8235],[-76.5903,1.8682],[-76.5787,1.8987],[-76.6193,1.9265],[-76.6105,1.9467],[-76.6247,1.9717],[-76.5725,2.0197],[-76.5861,2.0346],[-76.5773,2.0565],[-76.5906,2.1073],[-76.5534,2.1397],[-76.4874,2.1291],[-76.4674,2.1],[-76.4289,2.1225],[-76.436,2.1816],[-76.4047,2.2005],[-76.3738,2.2791],[-76.3886,2.3043],[-76.3553,2.3423],[-76.355,2.4026],[-76.3354,2.3874],[-76.2907,2.3971],[-76.3004,2.3576],[-76.2575,2.3533],[-76.2172,2.3191],[-76.0892,2.4159],[-76.0325,2.4026],[-75.9794,2.5036],[-75.924,2.4812],[-75.8875,2.4251],[-75.8635,2.4264],[-75.8532,2.4548],[-75.8141,2.4836],[-75.8376,2.5671],[-75.791,2.6304],[-75.7891,2.6582],[-75.758,2.6808],[-75.7478,2.7195],[-75.7538,2.7452],[-75.8058,2.7683],[-75.8056,2.8191],[-75.8254,2.8382],[-75.8792,2.8338],[-76.029,2.9405],[-76.0208,3.0039],[-76.0413,3.0159],[-76.0449,3.0431],[-76.073,3.0496],[-76.0823,3.0904],[-76.1054,3.1006],[-76.0737,3.1225],[-76.0915,3.1983],[-76.0686,3.1955],[-76.0552,3.2233],[-76.0678,3.2105],[-76.1564,3.236],[-76.1913,3.2271],[-76.2293,3.2768],[-76.3432,3.2803],[-76.4592,3.3287]]]},"properties":{"FID":7,"OBJECTID":8,"DeCodigo":"19","DeNombre":"Cauca","DeArea":30918.668570999998,"Categoria6":"3","SHAPE_Leng":1551193.82164,"SHAPE_Area":30918668571}},{"type":"Feature","id":8,"geometry":{"type":"Polygon","coordinates":[[[-73.4534,10.8677],[-73.5846,10.8421],[-73.6387,10.8021],[-73.6387,10.7878],[-73.589,10.7817],[-73.5419,10.7547],[-73.5623,10.7409],[-73.5631,10.716],[-73.5938,10.7053],[-73.6169,10.6447],[-73.5954,10.6309],[-73.5959,10.5851],[-73.6134,10.5642],[-73.5705,10.5418],[-73.5631,10.5038],[-73.6398,10.5008],[-73.6523,10.4605],[-73.7033,10.4636],[-73.7042,10.4301],[-73.7407,10.4357],[-73.779,10.3962],[-73.8181,10.3851],[-73.8305,10.4026],[-73.9171,10.3784],[-73.9613,10.3368],[-73.9651,10.2881],[-74.0407,10.22],[-74.0657,10.1665],[-74.0673,10.0981],[-74.083,10.0671],[-74.0118,9.9761],[-74.0018,9.9402],[-73.9527,9.9269],[-73.895,9.8321],[-73.8418,9.7973],[-73.8274,9.7529],[-73.839,9.731],[-73.8104,9.6965],[-73.8033,9.6364],[-73.8679,9.601],[-73.8934,9.6164],[-73.9893,9.5798],[-74.004,9.5954],[-74.0367,9.5913],[-74.1392,9.4938],[-73.9781,9.3894],[-73.9917,9.324],[-73.943,9.2899],[-73.962,9.1877],[-73.8928,9.1736],[-73.8666,9.183],[-73.8753,9.1305],[-73.7977,9.0574],[-73.8718,8.9117],[-73.86,8.8787],[-73.7953,8.8168],[-73.7893,8.7492],[-73.8158,8.7213],[-73.818,8.6387],[-73.7749,8.5606],[-73.7743,8.4971],[-73.746,8.4621],[-73.7576,8.3342],[-73.747,8.3165],[-73.7603,8.2999],[-73.7503,8.2719],[-73.7796,8.2081],[-73.7696,8.1165],[-73.7914,8.1028],[-73.7212,8.0106],[-73.7236,7.9678],[-73.6745,7.9417],[-73.6708,7.9035],[-73.7512,7.8197],[-73.7375,7.7845],[-73.7618,7.76],[-73.5882,7.7413],[-73.4906,7.6744],[-73.4034,7.7241],[-73.3431,7.8121],[-73.3517,7.8925],[-73.3033,7.9066],[-73.2751,7.9578],[-73.2819,7.9934],[-73.2984,7.985],[-73.3093,8.0155],[-73.367,8.0126],[-73.3776,8.1055],[-73.4354,8.1452],[-73.4051,8.2466],[-73.3741,8.2658],[-73.3767,8.316],[-73.3507,8.3311],[-73.3421,8.4356],[-73.3704,8.4591],[-73.4144,8.4593],[-73.3932,8.3821],[-73.4342,8.3654],[-73.4418,8.3409],[-73.4881,8.384],[-73.53,8.3808],[-73.4733,8.4468],[-73.4777,8.4701],[-73.5228,8.4829],[-73.5477,8.4714],[-73.5766,8.5057],[-73.515,8.529],[-73.5472,8.5643],[-73.5522,8.6074],[-73.5216,8.6383],[-73.505,8.6885],[-73.4718,8.7075],[-73.4627,8.7453],[-73.4146,8.766],[-73.4483,8.8633],[-73.4257,8.8996],[-73.4374,8.91],[-73.4393,8.989],[-73.4119,9.0527],[-73.4295,9.1024],[-73.4117,9.1544],[-73.3717,9.1581],[-73.3567,9.2154],[-73.3332,9.2129],[-73.2883,9.3146],[-73.2651,9.3272],[-73.261,9.3705],[-73.1876,9.4461],[-73.2034,9.4691],[-73.1745,9.4773],[-73.1767,9.5004],[-73.145,9.5427],[-73.0847,9.5566],[-73.0549,9.6784],[-72.9452,9.838],[-72.9923,9.8758],[-72.9764,9.8892],[-72.9988,9.9229],[-72.9523,10.0278],[-72.9542,10.066],[-72.9108,10.1126],[-72.922,10.1378],[-72.8968,10.2181],[-72.9079,10.3443],[-72.8858,10.3846],[-72.9008,10.4356],[-72.9867,10.4005],[-73.0845,10.4263],[-73.1443,10.3981],[-73.1423,10.4368],[-73.1817,10.4663],[-73.168,10.4922],[-73.1449,10.4995],[-73.1376,10.5303],[-73.1234,10.5271],[-73.0954,10.5578],[-73.0822,10.6294],[-73.1041,10.6739],[-73.1461,10.6915],[-73.1574,10.7155],[-73.2077,10.7074],[-73.2371,10.7404],[-73.2778,10.7264],[-73.2515,10.8043],[-73.2799,10.857],[-73.3123,10.8462],[-73.3375,10.8626],[-73.4534,10.8677]]]},"properties":{"FID":8,"OBJECTID":9,"DeCodigo":"20","DeNombre":"Cesar","DeArea":22531.042389599999,"Categoria6":"3","SHAPE_Leng":1388037.6582899999,"SHAPE_Area":22531042389.599998}},{"type":"Feature","id":9,"geometry":{"type":"Polygon","coordinates":[[[-75.923,9.4477],[-75.9666,9.4239],[-75.9574,9.4001],[-75.9781,9.3764],[-76.0853,9.335],[-76.1099,9.3044],[-76.1073,9.2662],[-76.1702,9.2297],[-76.1868,9.1192],[-76.2512,9.0579],[-76.2644,8.9985],[-76.3228,8.957],[-76.3383,8.9199],[-76.4167,8.888],[-76.3812,8.7942],[-76.4196,8.755],[-76.3679,8.7207],[-76.3456,8.6398],[-76.314,8.6565],[-76.2661,8.6388],[-76.2507,8.6103],[-76.2654,8.5842],[-76.2228,8.5733],[-76.2368,8.5544],[-76.21,8.5229],[-76.2187,8.4436],[-76.1804,8.3973],[-76.2429,8.37],[-76.3034,8.3112],[-76.3033,8.2845],[-76.3534,8.1942],[-76.3311,8.1515],[-76.3682,8.1529],[-76.3749,8.1115],[-76.4085,8.0997],[-76.4087,8.0739],[-76.425,8.0743],[-76.4276,8.0198],[-76.4116,8.007],[-76.4211,7.9118],[-76.4635,7.8731],[-76.4835,7.758],[-76.4966,7.7497],[-76.4856,7.6893],[-76.5145,7.5867],[-76.4525,7.5011],[-76.4163,7.4185],[-76.3839,7.3923],[-75.8455,7.3471],[-75.8177,7.4158],[-75.8251,7.4422],[-75.7878,7.4598],[-75.7653,7.6019],[-75.7431,7.6122],[-75.7119,7.5813],[-75.6713,7.598],[-75.6052,7.5855],[-75.6014,7.6022],[-75.553,7.6273],[-75.5337,7.723],[-75.4886,7.7295],[-75.4543,7.7975],[-75.4656,7.8277],[-75.4224,7.8194],[-75.4043,7.8575],[-75.3468,7.875],[-75.3291,7.9269],[-75.3367,7.9481],[-75.3093,7.9474],[-75.2433,8.009],[-75.2471,8.0421],[-75.2268,8.063],[-75.1877,8.0443],[-75.1335,8.0539],[-75.1255,8.0401],[-75.093,8.0706],[-75.0474,8.0424],[-74.9684,8.0906],[-74.9279,8.0746],[-74.8671,8.1592],[-74.8679,8.1961],[-74.8306,8.1999],[-74.833,8.223],[-74.7949,8.2466],[-74.8088,8.2743],[-74.7809,8.2779],[-74.8006,8.2962],[-74.7956,8.3282],[-74.828,8.3597],[-74.8037,8.3688],[-74.8055,8.3826],[-74.8523,8.3847],[-74.8998,8.4543],[-74.9275,8.4533],[-74.926,8.4996],[-75.0057,8.5228],[-75.0335,8.4989],[-75.0409,8.4585],[-75.128,8.4683],[-75.1362,8.4299],[-75.1565,8.4333],[-75.1851,8.3966],[-75.2114,8.4253],[-75.1925,8.4434],[-75.2163,8.4854],[-75.2319,8.4679],[-75.2414,8.4873],[-75.3144,8.5024],[-75.3043,8.5178],[-75.3303,8.5528],[-75.3183,8.5904],[-75.3596,8.6797],[-75.3491,8.7007],[-75.3364,8.696],[-75.3432,8.7152],[-75.3242,8.7555],[-75.3688,8.7912],[-75.3716,8.8265],[-75.3316,8.8655],[-75.2998,8.858],[-75.2932,8.8973],[-75.2727,8.9136],[-75.2446,8.8823],[-75.2176,8.9154],[-75.1863,8.9143],[-75.188,8.9442],[-75.1717,8.9283],[-75.1561,8.9436],[-75.1878,8.9675],[-75.2237,9.0727],[-75.2811,9.0729],[-75.2991,9.0825],[-75.2936,9.0962],[-75.31,9.0888],[-75.3101,9.1176],[-75.3817,9.1381],[-75.3909,9.1613],[-75.4489,9.1401],[-75.4674,9.1647],[-75.4544,9.176],[-75.4662,9.2085],[-75.4573,9.2376],[-75.4998,9.2595],[-75.4966,9.2857],[-75.5123,9.2581],[-75.6094,9.281],[-75.5877,9.3025],[-75.5997,9.3254],[-75.6488,9.3624],[-75.6798,9.3446],[-75.7044,9.3722],[-75.7008,9.4134],[-75.7458,9.4213],[-75.7842,9.393],[-75.8283,9.3937],[-75.838,9.3992],[-75.824,9.4164],[-75.7915,9.4099],[-75.7939,9.4293],[-75.8864,9.4241],[-75.923,9.4477]]]},"properties":{"FID":9,"OBJECTID":10,"DeCodigo":"23","DeNombre":"Córdoba","DeArea":25083.751619899998,"Categoria6":"2","SHAPE_Leng":1063115.8037399999,"SHAPE_Area":25083751619.900002}},{"type":"Feature","id":10,"geometry":{"type":"Polygon","coordinates":[[[-74.3275,5.824],[-74.3452,5.832],[-74.3847,5.7844],[-74.4309,5.758],[-74.5164,5.7914],[-74.5974,5.7434],[-74.6271,5.7625],[-74.6429,5.7354],[-74.661,5.7524],[-74.652,5.7095],[-74.6275,5.696],[-74.6285,5.6317],[-74.6531,5.5747],[-74.641,5.5402],[-74.6746,5.5147],[-74.6505,5.4444],[-74.6764,5.4381],[-74.6667,5.4059],[-74.6848,5.4002],[-74.6851,5.3672],[-74.7066,5.371],[-74.7011,5.3532],[-74.7343,5.2869],[-74.7234,5.2399],[-74.7345,5.2055],[-74.7144,5.1817],[-74.7319,5.1432],[-74.7165,5.1007],[-74.7432,5.0071],[-74.7059,4.9814],[-74.7488,4.9577],[-74.7317,4.894],[-74.7549,4.8859],[-74.7695,4.8429],[-74.7444,4.8234],[-74.7438,4.7883],[-74.8191,4.726],[-74.8014,4.7017],[-74.8072,4.6694],[-74.786,4.6535],[-74.8163,4.6119],[-74.7938,4.5921],[-74.8149,4.5852],[-74.7863,4.5059],[-74.8073,4.4533],[-74.8327,4.4436],[-74.8558,4.3347],[-74.8835,4.317],[-74.8731,4.3066],[-74.8906,4.2887],[-74.8771,4.2654],[-74.8129,4.2941],[-74.7794,4.2837],[-74.7668,4.2512],[-74.7512,4.259],[-74.746,4.2368],[-74.7341,4.2478],[-74.6813,4.2009],[-74.6595,4.2158],[-74.6526,4.1996],[-74.6245,4.2249],[-74.6199,4.2519],[-74.5885,4.2674],[-74.5625,4.2721],[-74.5189,4.2405],[-74.4749,4.1279],[-74.5298,4.0448],[-74.5311,3.9676],[-74.5113,3.9461],[-74.5395,3.8448],[-74.4902,3.8176],[-74.4502,3.819],[-74.4635,3.7421],[-74.4504,3.7301],[-74.4016,3.7374],[-74.3872,3.7527],[-74.3939,3.7699],[-74.3272,3.8267],[-74.2966,3.8189],[-74.317,3.8808],[-74.2564,3.9279],[-74.2601,3.9483],[-74.2174,4.0109],[-74.1603,4.0178],[-74.1235,4.0013],[-74.0707,4.0577],[-74.0349,4.0608],[-74.0359,4.0824],[-74.0059,4.1098],[-73.9601,4.0955],[-73.9331,4.1492],[-73.8958,4.1426],[-73.8609,4.1718],[-73.8259,4.1683],[-73.8094,4.2039],[-73.7428,4.1978],[-73.7603,4.2364],[-73.7441,4.2662],[-73.7843,4.3017],[-73.807,4.4222],[-73.7833,4.4483],[-73.7383,4.4606],[-73.7387,4.486],[-73.7137,4.5151],[-73.6223,4.5624],[-73.568,4.5265],[-73.6034,4.4567],[-73.5726,4.4199],[-73.5501,4.3075],[-73.4717,4.2762],[-73.4303,4.3064],[-73.3536,4.3212],[-73.2035,4.2733],[-73.137,4.2128],[-73.0526,4.7363],[-73.0718,4.7392],[-73.1057,4.6598],[-73.1217,4.6716],[-73.149,4.6552],[-73.2209,4.6768],[-73.2347,4.6952],[-73.2223,4.7326],[-73.3063,4.7314],[-73.3209,4.7793],[-73.3718,4.8008],[-73.3652,4.8248],[-73.402,4.8799],[-73.4696,4.8927],[-73.5209,4.879],[-73.5387,4.8966],[-73.5447,4.9442],[-73.507,4.9964],[-73.5224,5.0292],[-73.4799,5.0631],[-73.4945,5.1064],[-73.4772,5.1481],[-73.5119,5.1623],[-73.5245,5.214],[-73.5148,5.2327],[-73.5342,5.2823],[-73.5994,5.3188],[-73.5927,5.3988],[-73.6784,5.4343],[-73.6767,5.4595],[-73.6963,5.4466],[-73.7195,5.4588],[-73.7202,5.4781],[-73.7432,5.4686],[-73.7471,5.4896],[-73.7688,5.4866],[-73.8047,5.5714],[-73.8899,5.5124],[-73.9078,5.5271],[-73.9012,5.4477],[-73.9125,5.4322],[-73.9422,5.4341],[-73.948,5.4176],[-73.973,5.4194],[-73.9991,5.3675],[-74.0218,5.3666],[-74.0223,5.3869],[-74.0755,5.4101],[-74.0976,5.4399],[-74.0969,5.4706],[-74.1173,5.473],[-74.1255,5.429],[-74.1824,5.4637],[-74.2037,5.4978],[-74.2445,5.4763],[-74.2564,5.4998],[-74.2429,5.5447],[-74.2978,5.575],[-74.315,5.6205],[-74.276,5.6922],[-74.3042,5.7097],[-74.2872,5.7465],[-74.313,5.7822],[-74.301,5.7977],[-74.3168,5.797],[-74.3275,5.824]]]},"properties":{"FID":10,"OBJECTID":11,"DeCodigo":"25","DeNombre":"Cundinamarca","DeArea":23963.653733499999,"Categoria6":"Especial","SHAPE_Leng":1167148.42545,"SHAPE_Area":23963653733.5}},{"type":"Feature","id":11,"geometry":{"type":"Polygon","coordinates":[[[-77.3682,8.6774],[-77.3648,8.6411],[-77.4085,8.6453],[-77.3905,8.5848],[-77.4181,8.5882],[-77.4096,8.5664],[-77.4385,8.5602],[-77.4406,8.5228],[-77.4572,8.5092],[-77.448,8.4734],[-77.4018,8.4765],[-77.3589,8.401],[-77.3504,8.2975],[-77.3328,8.2734],[-77.2986,8.2804],[-77.2805,8.2173],[-77.2606,8.2103],[-77.2478,8.1747],[-77.2572,8.1579],[-77.2269,8.1369],[-77.2175,8.0879],[-77.2336,8.025],[-77.1657,7.9743],[-77.182,7.9551],[-77.1586,7.9323],[-77.1761,7.9169],[-77.2564,7.92],[-77.3247,7.896],[-77.3373,7.8569],[-77.3686,7.8284],[-77.3394,7.766],[-77.3911,7.76],[-77.4436,7.6566],[-77.4701,7.6515],[-77.4892,7.5696],[-77.5245,7.5718],[-77.5634,7.5074],[-77.6067,7.5406],[-77.6458,7.6517],[-77.6975,7.693],[-77.7291,7.6955],[-77.7485,7.6135],[-77.7007,7.5064],[-77.7607,7.4602],[-77.8014,7.4667],[-77.8103,7.4533],[-77.8195,7.4733],[-77.8838,7.217],[-77.855,7.1806],[-77.8357,7.1784],[-77.8217,7.1478],[-77.7788,7.1333],[-77.6587,6.9949],[-77.6623,6.9523],[-77.6986,6.9393],[-77.7119,6.8842],[-77.702,6.8422],[-77.6895,6.8353],[-77.6846,6.8707],[-77.6668,6.8756],[-77.6574,6.8544],[-77.5874,6.819],[-77.531,6.6947],[-77.5406,6.6865],[-77.5266,6.648],[-77.5181,6.6609],[-77.5043,6.6512],[-77.5056,6.6843],[-77.4723,6.7043],[-77.4057,6.6871],[-77.4003,6.6208],[-77.3253,6.5493],[-77.3762,6.425],[-77.3557,6.3989],[-77.4129,6.3811],[-77.3698,6.3551],[-77.3953,6.2356],[-77.4091,6.2278],[-77.4341,6.2701],[-77.4583,6.2721],[-77.4742,6.2973],[-77.468,6.2489],[-77.4827,6.1922],[-77.4449,6.1194],[-77.373,6.0441],[-77.3636,5.999],[-77.3526,5.9989],[-77.3637,6.0592],[-77.3515,6.0459],[-77.3068,5.9192],[-77.307,5.8736],[-77.2945,5.8736],[-77.2905,5.8433],[-77.2765,5.8461],[-77.2522,5.7887],[-77.2486,5.8105],[-77.2434,5.7675],[-77.2559,5.7835],[-77.2637,5.7159],[-77.2998,5.6694],[-77.3167,5.6691],[-77.3419,5.6173],[-77.3711,5.6083],[-77.3893,5.63],[-77.4144,5.6303],[-77.4598,5.5966],[-77.4898,5.6074],[-77.5073,5.5287],[-77.5395,5.4872],[-77.4925,5.4686],[-77.454,5.4887],[-77.4299,5.4684],[-77.4283,5.4372],[-77.4076,5.454],[-77.3898,5.4436],[-77.3874,5.3918],[-77.4133,5.4034],[-77.3878,5.2883],[-77.3972,5.169],[-77.3841,5.1521],[-77.3762,4.9479],[-77.348,4.8084],[-77.3296,4.798],[-77.3484,4.7717],[-77.3091,4.782],[-77.2999,4.7471],[-77.3282,4.7397],[-77.3362,4.536],[-77.3227,4.5226],[-77.3399,4.5121],[-77.3515,4.4218],[-77.3376,4.4293],[-77.3661,4.4076],[-77.3668,4.3701],[-77.3875,4.3715],[-77.4261,4.3194],[-77.4562,4.3131],[-77.4141,4.2929],[-77.4853,4.2585],[-77.5003,4.2635],[-77.4838,4.2932],[-77.5167,4.2762],[-77.5313,4.2007],[-77.5255,4.1264],[-77.4496,4.0385],[-77.4289,4.0931],[-77.4358,4.1458],[-77.3903,4.1485],[-77.353,4.1975],[-77.3055,4.1665],[-77.2791,4.2227],[-77.2535,4.2342],[-77.2499,4.1877],[-77.2232,4.1572],[-77.1596,4.1837],[-77.1048,4.1077],[-77.0862,4.1226],[-77.068,4.096],[-77.0356,4.0913],[-77.0048,4.0989],[-76.995,4.1204],[-76.9544,4.1207],[-76.9147,4.0977],[-76.8674,4.0324],[-76.8234,4.0327],[-76.8153,4.007],[-76.7942,4.0114],[-76.7677,3.9887],[-76.6824,3.9649],[-76.6246,4.0149],[-76.5894,3.9941],[-76.5903,3.9701],[-76.5373,4.0162],[-76.5415,4.0437],[-76.5244,4.0673],[-76.4944,4.0695],[-76.4449,4.1757],[-76.455,4.2295],[-76.4871,4.2355],[-76.5266,4.2886],[-76.5279,4.3235],[-76.562,4.3697],[-76.5551,4.3994],[-76.4821,4.4141],[-76.4183,4.4478],[-76.383,4.4928],[-76.3652,4.4916],[-76.4038,4.535],[-76.3813,4.5596],[-76.3446,4.5618],[-76.3194,4.6079],[-76.2857,4.7124],[-76.3121,4.7506],[-76.2127,4.8289],[-76.1405,4.8402],[-76.1141,4.8904],[-76.1306,4.9112],[-76.0997,4.9172],[-76.0887,4.9461],[-76.0968,5.0318],[-76.0765,5.048],[-76.0604,5.1359],[-76.1325,5.1834],[-76.142,5.2334],[-76.1736,5.2603],[-76.2114,5.3486],[-76.1912,5.4146],[-76.178,5.4013],[-76.1525,5.4076],[-76.0853,5.4498],[-76.0748,5.5466],[-76.007,5.5738],[-76.0052,5.6219],[-76.087,5.6886],[-76.0612,5.758],[-76.0811,5.767],[-76.0709,5.7807],[-76.099,5.8492],[-76.0816,5.8828],[-76.0605,5.8863],[-76.051,5.9508],[-76.1049,6.0184],[-76.1438,5.9976],[-76.1727,6.0174],[-76.197,6.0802],[-76.2012,6.1603],[-76.2377,6.2083],[-76.3898,6.1915],[-76.4199,6.1657],[-76.4687,6.1766],[-76.4823,6.1605],[-76.5835,6.1935],[-76.6877,6.1616],[-76.72,6.1763],[-76.7231,6.237],[-76.7593,6.2574],[-76.7494,6.2802],[-76.7834,6.2912],[-76.7903,6.3223],[-76.7777,6.3288],[-76.7902,6.3465],[-76.7714,6.3642],[-76.7874,6.3779],[-76.7651,6.3893],[-76.7957,6.4176],[-76.7618,6.4322],[-76.7958,6.4437],[-76.7674,6.4766],[-76.8004,6.508],[-76.82,6.4872],[-76.8194,6.5255],[-76.8411,6.5215],[-76.8639,6.5715],[-76.883,6.56],[-76.8945,6.5702],[-76.8897,6.6053],[-76.858,6.6184],[-76.909,6.6294],[-76.8981,6.6682],[-76.9248,6.6469],[-76.939,6.6863],[-76.9635,6.6797],[-76.9336,6.7109],[-76.9672,6.7431],[-76.9579,6.7925],[-76.9723,6.809],[-76.9335,6.8118],[-76.9166,6.8455],[-76.8999,6.829],[-76.8781,6.8521],[-76.8353,6.8287],[-76.8179,6.8377],[-76.8306,6.8586],[-76.7924,6.8662],[-76.8001,6.9486],[-76.8134,6.9635],[-76.8285,6.9555],[-76.819,6.9757],[-76.8425,6.9883],[-76.8303,7.0026],[-76.6756,7.0299],[-76.6455,7.0084],[-76.6156,7.0168],[-76.6032,7.0005],[-76.5929,7.0116],[-76.5713,6.9797],[-76.5478,7.002],[-76.5083,7.1386],[-76.4842,7.1329],[-76.5304,7.255],[-76.579,7.3042],[-76.6179,7.3151],[-76.6607,7.4481],[-76.8012,7.5721],[-76.943,7.5889],[-76.9604,7.6407],[-77.1221,7.788],[-77.126,7.8302],[-77.0952,7.8251],[-77.0314,7.8801],[-77.0123,7.9338],[-77.0214,7.9488],[-77.0001,7.9584],[-76.9957,8.0212],[-76.9391,8.0628],[-76.9556,8.1227],[-76.9493,8.1723],[-76.9802,8.2553],[-77.0402,8.2566],[-77.1307,8.4119],[-77.2489,8.472],[-77.275,8.5066],[-77.2882,8.5751],[-77.3426,8.6249],[-77.3682,8.6774]]]},"properties":{"FID":11,"OBJECTID":12,"DeCodigo":"27","DeNombre":"Chocó","DeArea":48428.101178800003,"Categoria6":"4","SHAPE_Leng":2286068.4533500001,"SHAPE_Area":48428101178.800003}},{"type":"Feature","id":12,"geometry":{"type":"Polygon","coordinates":[[[-74.5185,3.836],[-74.5347,3.8432],[-74.5576,3.7671],[-74.5908,3.7295],[-74.6754,3.6717],[-74.701,3.6157],[-74.7384,3.5908],[-74.7286,3.5516],[-74.7807,3.5097],[-74.7645,3.4409],[-74.8163,3.4064],[-74.8485,3.3408],[-74.9054,3.2914],[-75.0006,3.2762],[-75.0706,3.2953],[-75.0569,3.378],[-75.0277,3.3914],[-75.0427,3.4084],[-75.037,3.4295],[-75.1474,3.4358],[-75.1742,3.4087],[-75.1749,3.3773],[-75.1999,3.3846],[-75.2004,3.4094],[-75.2273,3.4158],[-75.2524,3.3657],[-75.3185,3.4195],[-75.3403,3.398],[-75.3617,3.4088],[-75.3754,3.3749],[-75.415,3.3712],[-75.4406,3.3452],[-75.4788,3.3611],[-75.4904,3.3259],[-75.5275,3.3183],[-75.5219,3.3012],[-75.5759,3.2284],[-75.5885,3.1558],[-75.5767,3.143],[-75.6221,3.0754],[-75.6015,3.0392],[-75.6329,2.9959],[-75.6932,2.9934],[-75.7027,2.97],[-75.7615,2.9423],[-75.763,2.9149],[-75.8401,2.8719],[-75.9015,2.8949],[-75.9274,2.9214],[-75.9534,2.9178],[-75.9886,2.9825],[-76.029,2.9405],[-75.8792,2.8338],[-75.8222,2.8355],[-75.8056,2.8191],[-75.8058,2.7683],[-75.751,2.7422],[-75.7524,2.6974],[-75.8376,2.5671],[-75.8141,2.4836],[-75.8532,2.4548],[-75.8615,2.4279],[-75.8875,2.4251],[-75.924,2.4812],[-75.9772,2.504],[-76.0219,2.4436],[-76.0325,2.4026],[-76.0892,2.4159],[-76.1202,2.3905],[-76.1465,2.294],[-76.1211,2.2248],[-76.1478,2.2013],[-76.2093,2.1984],[-76.2991,2.2825],[-76.3738,2.2791],[-76.4047,2.2005],[-76.4343,2.1873],[-76.4309,2.1204],[-76.4674,2.1],[-76.4874,2.1291],[-76.5534,2.1397],[-76.5903,2.1079],[-76.5773,2.0565],[-76.5861,2.0346],[-76.5725,2.0197],[-76.6243,1.9738],[-76.6105,1.9467],[-76.6193,1.9265],[-76.5787,1.8987],[-76.5903,1.8682],[-76.5573,1.8392],[-76.5304,1.8235],[-76.4888,1.8258],[-76.4351,1.7918],[-76.4195,1.7178],[-76.3719,1.7425],[-76.3814,1.6672],[-76.3256,1.6631],[-76.3037,1.6902],[-76.2723,1.6745],[-76.2423,1.6831],[-76.2116,1.6407],[-76.2024,1.5787],[-76.1654,1.5874],[-76.1198,1.5521],[-76.0746,1.5848],[-76.0344,1.5828],[-75.9834,1.6213],[-75.98,1.6576],[-75.9527,1.6638],[-75.907,1.7152],[-75.844,1.7226],[-75.8303,1.7474],[-75.7371,1.7825],[-75.7307,1.8233],[-75.6896,1.8794],[-75.6518,1.9011],[-75.641,1.958],[-75.5881,2.0111],[-75.535,2.1177],[-75.4424,2.147],[-75.4263,2.1881],[-75.4397,2.2207],[-75.4104,2.2456],[-75.3886,2.3126],[-75.3481,2.3238],[-75.3296,2.3653],[-75.3101,2.3616],[-75.2795,2.4227],[-75.2506,2.4445],[-75.2271,2.5117],[-75.1806,2.5077],[-75.1541,2.5812],[-75.1327,2.5952],[-75.1555,2.645],[-75.1333,2.6915],[-75.1541,2.7041],[-75.1471,2.722],[-75.0703,2.7421],[-74.989,2.858],[-74.911,2.9316],[-74.901,2.9627],[-74.869,2.9736],[-74.816,3.053],[-74.7878,3.0604],[-74.713,3.17],[-74.6733,3.1863],[-74.6566,3.2476],[-74.6163,3.2878],[-74.6179,3.3305],[-74.6398,3.3684],[-74.6057,3.4141],[-74.6305,3.4713],[-74.5907,3.5273],[-74.5665,3.5224],[-74.5374,3.5598],[-74.5029,3.6463],[-74.461,3.6672],[-74.413,3.7247],[-74.4178,3.742],[-74.4421,3.7302],[-74.4634,3.7409],[-74.4502,3.819],[-74.4902,3.8176],[-74.5185,3.836]]]},"properties":{"FID":12,"OBJECTID":13,"DeCodigo":"41","DeNombre":"Huila","DeArea":18137.066740599999,"Categoria6":"2","SHAPE_Leng":1145831.0504300001,"SHAPE_Area":18137066740.599998}},{"type":"Feature","id":13,"geometry":{"type":"Polygon","coordinates":[[[-71.652,12.4558],[-71.7305,12.4269],[-71.735,12.4087],[-71.6847,12.4429],[-71.7001,12.4177],[-71.6471,12.4311],[-71.6763,12.4046],[-71.6286,12.413],[-71.6957,12.3923],[-71.6933,12.3641],[-71.7029,12.3767],[-71.7222,12.3704],[-71.7113,12.4004],[-71.7246,12.4115],[-71.7619,12.381],[-71.7373,12.3684],[-71.7563,12.3328],[-71.7938,12.3286],[-71.8029,12.3058],[-71.8207,12.3104],[-71.8398,12.3398],[-71.8065,12.3668],[-71.8227,12.372],[-71.9557,12.2729],[-71.9441,12.2594],[-71.9399,12.2758],[-71.8912,12.2753],[-71.8903,12.2514],[-71.8703,12.2476],[-71.8799,12.2359],[-71.8615,12.2173],[-71.8685,12.1909],[-71.9249,12.1839],[-71.93,12.1511],[-71.9446,12.1606],[-71.9632,12.1495],[-71.9608,12.1797],[-71.9658,12.1469],[-71.9865,12.1476],[-71.9789,12.1723],[-72.0009,12.1863],[-71.9643,12.2282],[-71.9612,12.2577],[-72.0837,12.2309],[-72.1432,12.2394],[-72.179,12.2171],[-72.1489,12.2005],[-72.1388,12.1046],[-72.2124,11.9334],[-72.2445,11.8928],[-72.2267,11.8912],[-72.2445,11.8782],[-72.2464,11.8917],[-72.444,11.7799],[-72.5148,11.7769],[-72.5614,11.7451],[-72.5925,11.7468],[-72.624,11.7215],[-72.7691,11.6788],[-72.832,11.6312],[-72.8838,11.5632],[-73.0292,11.4918],[-73.2767,11.2858],[-73.3606,11.2623],[-73.5749,11.2597],[-73.5654,11.2534],[-73.5838,11.1895],[-73.6274,11.1418],[-73.6534,11.1374],[-73.6374,11.1088],[-73.65,11.0608],[-73.6355,11.0417],[-73.6649,10.9898],[-73.6425,10.9667],[-73.6335,10.9003],[-73.5986,10.836],[-73.4686,10.8677],[-73.3375,10.8626],[-73.3123,10.8462],[-73.2897,10.8623],[-73.2653,10.8453],[-73.2524,10.7707],[-73.2778,10.7264],[-73.2373,10.7405],[-73.2077,10.7074],[-73.1571,10.7154],[-73.1461,10.6915],[-73.1066,10.6771],[-73.0822,10.6294],[-73.0988,10.5498],[-73.1376,10.5303],[-73.1449,10.4995],[-73.168,10.4922],[-73.1816,10.4665],[-73.1423,10.4368],[-73.1443,10.3981],[-73.0845,10.4263],[-73.0369,10.4035],[-72.9779,10.4025],[-72.8624,10.4634],[-72.8364,10.512],[-72.8424,10.5391],[-72.7385,10.6541],[-72.7126,10.7519],[-72.6795,10.764],[-72.6772,10.8196],[-72.6593,10.8328],[-72.648,10.8804],[-72.6124,10.883],[-72.5743,10.9163],[-72.5182,11.0007],[-72.5255,11.0119],[-72.4782,11.0561],[-72.4869,11.0973],[-72.4469,11.1258],[-72.4375,11.1158],[-72.3486,11.1532],[-72.2462,11.1443],[-71.9723,11.6439],[-71.7827,11.6868],[-71.3782,11.8122],[-71.388,11.8283],[-71.3238,11.8482],[-71.2901,11.9137],[-71.3263,11.9016],[-71.327,11.9212],[-71.312,11.915],[-71.3109,11.9289],[-71.2822,11.9061],[-71.219,11.9642],[-71.1361,12.0027],[-71.1161,12.0347],[-71.1151,12.086],[-71.2196,12.2603],[-71.2283,12.3006],[-71.3017,12.3534],[-71.3228,12.3477],[-71.4026,12.384],[-71.4366,12.3807],[-71.5261,12.4373],[-71.6107,12.437],[-71.652,12.4558]]]},"properties":{"FID":13,"OBJECTID":14,"DeCodigo":"44","DeNombre":"La Guajira","DeArea":20572.7469681,"Categoria6":"4","SHAPE_Leng":1186668.6742499999,"SHAPE_Area":20572746968.099998}},{"type":"Feature","id":14,"geometry":{"type":"Polygon","coordinates":[[[-74.0417,11.3416],[-74.0568,11.3281],[-74.0748,11.3422],[-74.0829,11.3155],[-74.1073,11.3479],[-74.1054,11.3189],[-74.1242,11.3344],[-74.135,11.3155],[-74.1447,11.337],[-74.1609,11.3242],[-74.149,11.2981],[-74.1943,11.3037],[-74.2066,11.2742],[-74.1913,11.2646],[-74.22,11.2541],[-74.217,11.2398],[-74.2418,11.2203],[-74.2284,11.2059],[-74.2413,11.1759],[-74.215,11.0701],[-74.2489,11.0205],[-74.3043,10.9849],[-74.4207,10.9748],[-74.5124,10.9861],[-74.8519,11.1054],[-74.839,11.0587],[-74.7687,11.002],[-74.7547,10.9353],[-74.7184,10.9092],[-74.7365,10.8888],[-74.7416,10.8406],[-74.7228,10.6726],[-74.7471,10.6492],[-74.7244,10.6068],[-74.7389,10.5423],[-74.7868,10.5101],[-74.8181,10.4248],[-74.8619,10.3865],[-74.8612,10.3527],[-74.926,10.2221],[-74.9464,10.1357],[-74.9269,10.1082],[-74.8397,10.0787],[-74.7879,10.0094],[-74.8204,9.9673],[-74.8726,9.9367],[-74.8824,9.8729],[-74.8156,9.7899],[-74.8147,9.7316],[-74.7876,9.6969],[-74.8058,9.6755],[-74.777,9.6262],[-74.7736,9.5873],[-74.8071,9.5474],[-74.7757,9.5007],[-74.8068,9.4653],[-74.8028,9.4437],[-74.7633,9.4638],[-74.7321,9.4188],[-74.6989,9.4269],[-74.6724,9.4131],[-74.6598,9.3859],[-74.6184,9.3715],[-74.6153,9.341],[-74.5656,9.3142],[-74.5299,9.2415],[-74.5109,9.2341],[-74.4638,9.2713],[-74.435,9.2741],[-74.403,9.2137],[-74.3475,9.2329],[-74.2954,9.2018],[-74.2982,9.1598],[-74.2483,9.1647],[-74.2201,9.1361],[-74.2284,9.124],[-74.1766,9.0893],[-74.1573,9.0574],[-74.1347,9.0644],[-74.1179,9.0489],[-74.1394,9.0299],[-74.1132,9.041],[-74.098,9.0158],[-74.0571,9.0185],[-74.0356,9.0444],[-74.0284,9.027],[-74.0068,9.0318],[-73.9852,9.01],[-74.0023,9.0097],[-74.0018,8.9955],[-73.9001,8.9807],[-73.8704,8.9604],[-73.8677,8.9365],[-73.798,9.0583],[-73.8753,9.1305],[-73.8666,9.183],[-73.8928,9.1736],[-73.962,9.1877],[-73.943,9.2899],[-73.9917,9.324],[-73.9781,9.3894],[-74.1392,9.4938],[-74.0367,9.5913],[-74.004,9.5954],[-73.9893,9.5798],[-73.8934,9.6164],[-73.8679,9.601],[-73.8033,9.6364],[-73.8091,9.6921],[-73.839,9.731],[-73.8274,9.7529],[-73.8418,9.7973],[-73.895,9.8321],[-73.9527,9.9269],[-74.0018,9.9402],[-74.0118,9.9761],[-74.0511,10.0103],[-74.0844,10.0731],[-74.0408,10.2199],[-73.9651,10.2881],[-73.9613,10.3368],[-73.9219,10.3751],[-73.8425,10.401],[-73.8177,10.3851],[-73.779,10.3962],[-73.7407,10.4357],[-73.7042,10.4301],[-73.7033,10.4636],[-73.6523,10.4605],[-73.6398,10.5008],[-73.5619,10.5057],[-73.5705,10.5418],[-73.6134,10.5642],[-73.5959,10.5851],[-73.5954,10.6309],[-73.6169,10.6447],[-73.5938,10.7053],[-73.5631,10.716],[-73.5623,10.7409],[-73.5419,10.7547],[-73.589,10.7817],[-73.6387,10.7878],[-73.6352,10.8079],[-73.5986,10.836],[-73.6335,10.9003],[-73.6427,10.9672],[-73.6649,10.9898],[-73.6355,11.0417],[-73.65,11.0608],[-73.6374,11.1088],[-73.6533,11.1375],[-73.6275,11.1418],[-73.591,11.1786],[-73.5653,11.2545],[-73.7907,11.2564],[-73.858,11.2742],[-73.9752,11.3387],[-74.0417,11.3416]]]},"properties":{"FID":14,"OBJECTID":15,"DeCodigo":"47","DeNombre":"Magdalena","DeArea":23109.4841705,"Categoria6":"2","SHAPE_Leng":1180694.23055,"SHAPE_Area":23109484170.5}},{"type":"Feature","id":15,"geometry":{"type":"Polygon","coordinates":[[[-71.0779,4.8991],[-71.2117,4.8173],[-71.2883,4.8031],[-71.3228,4.7667],[-71.3902,4.7567],[-71.4293,4.7233],[-71.5768,4.675],[-71.5979,4.6453],[-71.7324,4.5753],[-71.8067,4.5835],[-71.9882,4.3844],[-72.0606,4.375],[-72.0708,4.4081],[-72.1431,4.4403],[-72.2434,4.4346],[-72.3029,4.4084],[-72.3205,4.3709],[-72.3422,4.3715],[-72.3562,4.3417],[-72.405,4.3179],[-72.4279,4.3537],[-72.4668,4.3174],[-72.5478,4.3547],[-72.5735,4.3255],[-72.5734,4.3021],[-72.6759,4.3174],[-72.6907,4.2885],[-72.7164,4.2933],[-72.7419,4.3258],[-72.7703,4.3343],[-72.763,4.3478],[-72.7797,4.3528],[-72.7689,4.3664],[-72.8006,4.3783],[-72.7883,4.3975],[-72.825,4.4176],[-72.8135,4.4298],[-72.8702,4.4507],[-72.9379,4.5227],[-72.968,4.5992],[-73.0169,4.6356],[-73.0502,4.6924],[-73.0526,4.7363],[-73.1376,4.2126],[-73.2035,4.2733],[-73.3536,4.3212],[-73.4303,4.3064],[-73.4717,4.2762],[-73.5311,4.2967],[-73.5512,4.3092],[-73.5726,4.4199],[-73.6033,4.4562],[-73.5678,4.5256],[-73.5785,4.5424],[-73.6219,4.5625],[-73.7137,4.5151],[-73.7387,4.486],[-73.7383,4.4606],[-73.7925,4.4411],[-73.8115,4.4028],[-73.7927,4.3811],[-73.7843,4.3017],[-73.7444,4.2674],[-73.7603,4.2364],[-73.7426,4.198],[-73.8094,4.2039],[-73.8259,4.1683],[-73.8609,4.1718],[-73.8958,4.1426],[-73.9331,4.1492],[-73.9601,4.0955],[-74.0059,4.1098],[-74.0359,4.0824],[-74.0349,4.0608],[-74.0707,4.0577],[-74.1235,4.0013],[-74.1603,4.0178],[-74.2174,4.0109],[-74.2601,3.9483],[-74.2564,3.9279],[-74.317,3.8808],[-74.2966,3.8189],[-74.3272,3.8267],[-74.3939,3.7699],[-74.3872,3.7527],[-74.4157,3.7411],[-74.4245,3.7084],[-74.5029,3.6463],[-74.5251,3.5775],[-74.5636,3.5259],[-74.5897,3.5282],[-74.6305,3.4713],[-74.6057,3.4141],[-74.6398,3.3684],[-74.6179,3.3305],[-74.6163,3.2878],[-74.6566,3.2476],[-74.6733,3.1863],[-74.713,3.17],[-74.7878,3.0604],[-74.816,3.053],[-74.8496,2.9947],[-74.901,2.9627],[-74.9355,2.9089],[-74.9106,2.8835],[-74.8783,2.915],[-74.8369,2.9085],[-74.8,2.9383],[-74.7694,2.8731],[-74.6733,2.8887],[-74.6667,2.805],[-74.6433,2.7558],[-74.6175,2.7538],[-74.6375,2.7008],[-74.5858,2.6654],[-74.6817,2.5583],[-74.6775,2.5238],[-74.6475,2.4937],[-74.6629,2.4883],[-74.6729,2.425],[-74.6929,2.42],[-74.7337,2.3467],[-74.7483,2.2742],[-74.73,2.28],[-74.7158,2.2633],[-74.7092,2.2838],[-74.6933,2.2842],[-74.7012,2.2717],[-74.65,2.24],[-74.665,2.2113],[-74.6271,2.1925],[-74.6108,2.2083],[-74.5917,2.2017],[-74.5892,2.17],[-74.6042,2.1567],[-74.58,2.1246],[-74.5508,2.1317],[-74.5387,2.11],[-74.4854,2.1492],[-74.4842,2.11],[-74.4621,2.0892],[-74.3925,2.0842],[-74.3619,2.0595],[-74.2419,2.0564],[-74.19,1.9854],[-74.1533,1.9796],[-74.1496,1.9975],[-74.105,1.9725],[-74.04,1.9708],[-73.6567,1.6177],[-73.6569,2.2945],[-73.6434,2.2837],[-73.6297,2.2949],[-73.635,2.3257],[-73.6138,2.3411],[-73.633,2.3603],[-73.6176,2.3773],[-73.5864,2.39],[-73.5854,2.3596],[-73.572,2.3549],[-73.528,2.3876],[-73.5123,2.3329],[-73.5059,2.3564],[-73.474,2.3618],[-73.4503,2.3397],[-73.4557,2.3824],[-73.4423,2.3863],[-73.4368,2.3265],[-73.4122,2.357],[-73.3903,2.3511],[-73.3963,2.3289],[-73.379,2.325],[-73.3746,2.3625],[-73.3569,2.3685],[-73.3451,2.3527],[-73.3567,2.3241],[-73.3332,2.3333],[-73.3304,2.3604],[-73.3006,2.336],[-73.2674,2.3588],[-73.2425,2.3473],[-73.2412,2.3713],[-73.2679,2.3809],[-73.2259,2.3889],[-73.2165,2.4055],[-73.2177,2.3864],[-73.2016,2.3825],[-73.1657,2.3994],[-73.1635,2.3654],[-73.1241,2.3788],[-73.1413,2.3971],[-73.1278,2.411],[-73.1106,2.381],[-73.0452,2.4379],[-73.0328,2.4126],[-72.9861,2.4519],[-72.9658,2.4484],[-72.9626,2.4802],[-72.9347,2.4638],[-72.9326,2.4968],[-72.9542,2.4949],[-72.9583,2.5085],[-72.921,2.5344],[-72.9203,2.5625],[-72.8182,2.614],[-72.7397,2.5699],[-72.7022,2.6178],[-72.6794,2.6222],[-72.653,2.5715],[-72.6209,2.6274],[-72.5864,2.5837],[-72.5867,2.6393],[-72.5558,2.6499],[-72.5714,2.6741],[-72.5372,2.6828],[-72.5363,2.7027],[-72.4722,2.6893],[-72.4706,2.7338],[-72.4346,2.74],[-72.4067,2.726],[-72.3355,2.7967],[-72.313,2.7991],[-72.295,2.7741],[-72.28,2.7758],[-72.2595,2.8247],[-72.2151,2.7757],[-72.1929,2.7723],[-72.184,2.7903],[-72.2058,2.8148],[-72.2027,2.864],[-72.1828,2.8752],[-72.144,2.8647],[-72.135,2.8889],[-72.0821,2.8259],[-72.0516,2.8167],[-72.0049,2.8294],[-71.9819,2.8012],[-71.9539,2.8317],[-71.8279,2.8375],[-71.8231,2.87],[-71.8509,2.8716],[-71.8206,2.8791],[-71.7884,2.8695],[-71.78,2.8178],[-71.758,2.853],[-71.7619,2.8973],[-71.6971,2.8381],[-71.6815,2.8717],[-71.662,2.8727],[-71.6739,2.8258],[-71.6522,2.8202],[-71.6106,2.8463],[-71.5752,2.8443],[-71.5832,2.8723],[-71.5451,2.8591],[-71.5207,2.879],[-71.4703,2.8531],[-71.4634,2.8993],[-71.3907,2.844],[-71.3746,2.8918],[-71.3453,2.8603],[-71.3247,2.9245],[-71.306,2.9202],[-71.2996,2.8756],[-71.2837,2.8678],[-71.2596,2.8862],[-71.2472,2.8628],[-71.2218,2.8656],[-71.1835,2.9048],[-71.1538,2.8723],[-71.1382,2.9039],[-71.1094,2.8726],[-71.0775,2.8822],[-71.0779,4.8991]]]},"properties":{"FID":15,"OBJECTID":16,"DeCodigo":"50","DeNombre":"Meta","DeArea":82662.111769299998,"Categoria6":"1","SHAPE_Leng":2014355.2096500001,"SHAPE_Area":82662111769.300003}},{"type":"Feature","id":16,"geometry":{"type":"Polygon","coordinates":[[[-78.1403,2.6762],[-78.3327,2.6563],[-78.3712,2.6372],[-78.3955,2.603],[-78.4552,2.5976],[-78.4542,2.5755],[-78.5142,2.5004],[-78.557,2.4916],[-78.5518,2.4472],[-78.5616,2.4313],[-78.5664,2.4546],[-78.622,2.3773],[-78.6232,2.3267],[-78.6605,2.2868],[-78.6732,2.2407],[-78.6978,2.2325],[-78.7127,2.1676],[-78.7036,2.1186],[-78.6897,2.1118],[-78.6799,2.0586],[-78.6498,2.0499],[-78.676,2.0495],[-78.6744,1.9801],[-78.6459,1.9784],[-78.6357,2.0116],[-78.585,1.9726],[-78.6027,1.947],[-78.5971,1.8943],[-78.5519,1.8989],[-78.5385,1.8559],[-78.5508,1.8357],[-78.5425,1.8021],[-78.564,1.7922],[-78.5537,1.7577],[-78.5819,1.7403],[-78.5686,1.7513],[-78.5807,1.7784],[-78.5998,1.7735],[-78.5976,1.7927],[-78.6513,1.7937],[-78.6545,1.7751],[-78.6879,1.7816],[-78.6752,1.7616],[-78.6867,1.7484],[-78.6926,1.7905],[-78.6995,1.7698],[-78.7172,1.7934],[-78.7138,1.7457],[-78.7284,1.7325],[-78.7381,1.7455],[-78.7622,1.7414],[-78.726,1.7543],[-78.7472,1.7658],[-78.7258,1.7628],[-78.7385,1.7975],[-78.7437,1.7855],[-78.756,1.7981],[-78.7575,1.7771],[-78.7821,1.7902],[-78.7613,1.806],[-78.7628,1.8239],[-78.8122,1.7871],[-78.7797,1.8245],[-78.8096,1.8293],[-78.8649,1.8033],[-78.9308,1.7341],[-78.9544,1.6844],[-79.0069,1.658],[-78.9986,1.6388],[-79.0101,1.632],[-78.9885,1.6008],[-78.9589,1.594],[-78.9025,1.5431],[-78.8635,1.5508],[-78.8748,1.5148],[-78.8563,1.4807],[-78.8189,1.4731],[-78.7986,1.4848],[-78.8336,1.4507],[-78.8081,1.4558],[-78.8247,1.4451],[-78.7919,1.4085],[-78.7809,1.4138],[-78.7787,1.3924],[-78.7577,1.3941],[-78.6948,1.3302],[-78.6624,1.3211],[-78.6484,1.2766],[-78.6211,1.2499],[-78.593,1.2389],[-78.5527,1.2502],[-78.5377,1.2366],[-78.5471,1.2267],[-78.5142,1.2135],[-78.516,1.1879],[-78.4956,1.1982],[-78.4556,1.1762],[-78.438,1.194],[-78.4258,1.1387],[-78.4181,1.1601],[-78.395,1.1529],[-78.3744,1.1749],[-78.3111,1.191],[-78.2814,1.1117],[-78.2509,1.0988],[-78.2521,1.079],[-78.2818,1.0563],[-78.2059,1.002],[-78.1921,0.9699],[-78.2003,0.95],[-78.1856,0.9382],[-78.1535,0.9246],[-78.1118,0.9324],[-78.0881,0.8968],[-78.0217,0.8748],[-77.9364,0.8162],[-77.8427,0.8022],[-77.804,0.831],[-77.7465,0.8332],[-77.714,0.851],[-77.665,0.8179],[-77.6767,0.7922],[-77.6615,0.7899],[-77.6978,0.7415],[-77.6755,0.7366],[-77.6629,0.706],[-77.6108,0.6888],[-77.5636,0.6504],[-77.4806,0.6563],[-77.4803,0.6097],[-77.5221,0.5315],[-77.5279,0.4009],[-77.458,0.4279],[-77.4165,0.4197],[-77.3897,0.3881],[-77.371,0.4011],[-77.288,0.3636],[-77.2134,0.3652],[-77.1799,0.3908],[-77.1134,0.3726],[-77.088,0.3946],[-77.0992,0.4106],[-77.0891,0.4244],[-77.1076,0.4425],[-77.1021,0.4704],[-77.1302,0.5245],[-77.1174,0.5914],[-77.1868,0.631],[-77.1392,0.8215],[-77.1021,0.8336],[-77.1212,0.8932],[-77.0728,0.9423],[-77.0738,0.9697],[-77.0281,0.9949],[-77.0368,1.0471],[-77.0581,1.0343],[-77.093,1.075],[-77.1001,1.154],[-77.0884,1.1834],[-77.021,1.1962],[-76.9811,1.2228],[-76.9794,1.2867],[-76.9396,1.2727],[-76.9042,1.3209],[-76.9318,1.3858],[-76.9183,1.4297],[-76.9289,1.5005],[-76.8586,1.5225],[-76.8345,1.6154],[-76.9021,1.6624],[-76.9361,1.729],[-76.9983,1.7073],[-77.0264,1.714],[-77.0569,1.6991],[-77.0723,1.669],[-77.1376,1.6549],[-77.1508,1.6856],[-77.239,1.6573],[-77.3309,1.6815],[-77.2947,1.766],[-77.3101,1.8042],[-77.2892,1.849],[-77.2557,1.8697],[-77.2455,1.9113],[-77.2184,1.917],[-77.2032,1.952],[-77.2206,1.9882],[-77.2593,1.9941],[-77.3335,2.0514],[-77.3076,2.1082],[-77.318,2.1819],[-77.3077,2.196],[-77.3231,2.222],[-77.3588,2.2624],[-77.3857,2.2559],[-77.4594,2.2862],[-77.479,2.2737],[-77.4723,2.2413],[-77.4879,2.1953],[-77.5562,2.2025],[-77.6036,2.1647],[-77.6456,2.1685],[-77.7394,2.1336],[-77.8386,2.1782],[-77.8532,2.2054],[-77.8479,2.2606],[-77.9188,2.4167],[-77.9155,2.5937],[-77.9283,2.6404],[-77.9454,2.6257],[-77.9782,2.6617],[-78.0329,2.6495],[-78.0725,2.6112],[-78.0967,2.6472],[-78.1372,2.644],[-78.1403,2.6762]]]},"properties":{"FID":16,"OBJECTID":17,"DeCodigo":"52","DeNombre":"Nariño","DeArea":31499.503413300001,"Categoria6":"1","SHAPE_Leng":1401361.8721100001,"SHAPE_Area":31499503413.299999}},{"type":"Feature","id":17,"geometry":{"type":"Polygon","coordinates":[[[-73.0111,9.2915],[-73.0365,9.2821],[-73.0443,9.2617],[-73.0732,9.2635],[-73.0904,9.2256],[-73.1314,9.2285],[-73.1774,9.1769],[-73.2141,9.1837],[-73.2505,9.1584],[-73.3447,9.1717],[-73.3529,9.2175],[-73.3717,9.1581],[-73.4044,9.1626],[-73.4242,9.1238],[-73.4119,9.0527],[-73.4397,8.9753],[-73.4257,8.8996],[-73.4482,8.8622],[-73.4146,8.766],[-73.4584,8.7497],[-73.4718,8.7075],[-73.5073,8.6849],[-73.5216,8.6383],[-73.5522,8.6069],[-73.5472,8.5643],[-73.515,8.529],[-73.5777,8.4958],[-73.5477,8.4714],[-73.5228,8.4829],[-73.4777,8.4701],[-73.4733,8.4468],[-73.53,8.3808],[-73.4881,8.384],[-73.4418,8.3409],[-73.4342,8.3654],[-73.3932,8.3821],[-73.4144,8.4593],[-73.3704,8.4591],[-73.3421,8.4356],[-73.3507,8.3311],[-73.3767,8.316],[-73.3741,8.2658],[-73.4051,8.2466],[-73.4354,8.1452],[-73.3776,8.1055],[-73.367,8.0126],[-73.3093,8.0155],[-73.2984,7.985],[-73.2793,7.9879],[-73.276,7.946],[-73.3035,7.9065],[-73.3479,7.8985],[-73.3431,7.8121],[-73.4393,7.6965],[-73.4908,7.6744],[-73.5589,7.7283],[-73.6331,7.7452],[-73.6,7.7259],[-73.5969,7.7013],[-73.5591,7.6913],[-73.5588,7.6724],[-73.5179,7.6414],[-73.5056,7.5958],[-73.4087,7.5652],[-73.3864,7.5821],[-73.3553,7.5443],[-73.2838,7.5494],[-73.2566,7.5316],[-73.2475,7.5583],[-73.2592,7.5874],[-73.219,7.6321],[-73.1233,7.6081],[-72.9824,7.6203],[-72.9922,7.597],[-72.9783,7.529],[-72.8961,7.4796],[-72.9004,7.4334],[-72.8507,7.3747],[-72.856,7.3628],[-72.8368,7.3556],[-72.8341,7.3042],[-72.8762,7.2635],[-72.8564,7.217],[-72.8324,7.2075],[-72.8591,7.1545],[-72.8205,7.073],[-72.8004,7.0732],[-72.7869,7.0488],[-72.7499,7.0591],[-72.7566,7.0406],[-72.734,6.9868],[-72.7218,7.0051],[-72.6773,7.0078],[-72.6685,6.9655],[-72.6491,6.9975],[-72.632,6.9869],[-72.5624,6.9998],[-72.5419,6.9419],[-72.5474,6.886],[-72.5137,6.888],[-72.489,6.9248],[-72.3923,6.8722],[-72.3134,6.9322],[-72.2765,7.0128],[-72.2517,7.0069],[-72.2442,6.977],[-72.201,7.0067],[-72.1854,7.054],[-72.1221,7.0277],[-72.0779,7.0454],[-72.0476,7.0382],[-72.1742,7.2575],[-72.1535,7.328],[-72.1948,7.3852],[-72.3014,7.3911],[-72.3254,7.3759],[-72.3537,7.3968],[-72.4286,7.4024],[-72.4473,7.4628],[-72.4756,7.4877],[-72.4523,7.5646],[-72.4762,7.6318],[-72.4737,7.7585],[-72.4446,7.8599],[-72.4594,7.9119],[-72.49,7.9345],[-72.4718,7.9635],[-72.4486,7.9636],[-72.4371,7.9912],[-72.4187,7.9955],[-72.416,8.0334],[-72.3834,8.0345],[-72.3515,8.0042],[-72.3474,8.0175],[-72.3514,8.0837],[-72.3736,8.1057],[-72.3537,8.1656],[-72.3937,8.2526],[-72.3801,8.3046],[-72.3953,8.3267],[-72.3878,8.347],[-72.6178,8.5961],[-72.6543,8.6155],[-72.7202,8.9409],[-72.7729,9.0857],[-72.764,9.0965],[-72.7762,9.0996],[-72.7651,9.1063],[-72.7846,9.1159],[-72.795,9.1031],[-72.8219,9.1415],[-72.8234,9.1219],[-72.8814,9.1332],[-72.8877,9.1037],[-72.9321,9.083],[-72.9479,9.092],[-72.9871,9.1436],[-72.9555,9.1811],[-72.9705,9.2132],[-72.9958,9.2215],[-72.9852,9.2531],[-73.0111,9.2915]]]},"properties":{"FID":17,"OBJECTID":18,"DeCodigo":"54","DeNombre":"Norte de Santander","DeArea":21836.429380099999,"Categoria6":"2","SHAPE_Leng":1204547.23572,"SHAPE_Area":21836429380.099998}},{"type":"Feature","id":18,"geometry":{"type":"Polygon","coordinates":[[[-75.7019,4.7205],[-75.7136,4.7138],[-75.7085,4.6551],[-75.8251,4.6635],[-75.865,4.6148],[-75.8813,4.5276],[-75.8705,4.5127],[-75.8814,4.4674],[-75.8655,4.4548],[-75.8881,4.4467],[-75.8958,4.4252],[-75.8011,4.3906],[-75.7874,4.2936],[-75.824,4.2259],[-75.8422,4.1244],[-75.839,4.0976],[-75.7671,4.0753],[-75.6964,4.132],[-75.6433,4.2461],[-75.5971,4.2795],[-75.5773,4.4527],[-75.5246,4.4979],[-75.515,4.5556],[-75.4689,4.5983],[-75.421,4.6109],[-75.4215,4.6586],[-75.3832,4.704],[-75.396,4.7154],[-75.4794,4.6632],[-75.5149,4.6937],[-75.6065,4.7095],[-75.6598,4.6999],[-75.7019,4.7205]]]},"properties":{"FID":18,"OBJECTID":19,"DeCodigo":"63","DeNombre":"Quindío","DeArea":1933.2003846800001,"Categoria6":"3","SHAPE_Leng":283107.16965900001,"SHAPE_Area":1933200384.6800001}},{"type":"Feature","id":19,"geometry":{"type":"Polygon","coordinates":[[[-76.0083,5.5637],[-76.037,5.5672],[-76.0748,5.5466],[-76.0853,5.4498],[-76.1525,5.4076],[-76.178,5.4013],[-76.1912,5.4146],[-76.2114,5.3486],[-76.1736,5.2603],[-76.142,5.2334],[-76.1325,5.1834],[-76.0609,5.1371],[-76.0798,5.0409],[-76.0491,5.0072],[-76.0277,4.9386],[-75.9876,4.9114],[-75.9882,4.8745],[-75.9428,4.8567],[-75.9142,4.8735],[-75.9006,4.8521],[-75.9108,4.8166],[-75.9357,4.8077],[-75.9175,4.7945],[-75.9291,4.7683],[-75.9056,4.7522],[-75.852,4.7787],[-75.8561,4.7278],[-75.8311,4.7378],[-75.754,4.7099],[-75.7029,4.7214],[-75.6598,4.6999],[-75.5458,4.7015],[-75.4794,4.6632],[-75.4119,4.6989],[-75.3779,4.7296],[-75.388,4.7468],[-75.3755,4.8027],[-75.4269,4.8164],[-75.4801,4.9165],[-75.5375,4.9165],[-75.5646,4.9378],[-75.6171,4.9314],[-75.6231,4.971],[-75.6395,4.975],[-75.6555,4.9458],[-75.7024,4.9455],[-75.7468,5.0468],[-75.7814,5.0104],[-75.7922,4.9378],[-75.8148,4.9194],[-75.8667,4.9336],[-75.8607,4.9421],[-75.8922,4.9615],[-75.9039,5.0236],[-75.922,5.0421],[-75.9174,5.0787],[-75.8918,5.131],[-75.8458,5.1056],[-75.8366,5.1148],[-75.8338,5.1501],[-75.8024,5.2004],[-75.8237,5.2701],[-75.7493,5.2845],[-75.7348,5.2644],[-75.6926,5.2552],[-75.6664,5.2676],[-75.6482,5.3087],[-75.6662,5.354],[-75.7252,5.3971],[-75.8092,5.3621],[-75.8607,5.3717],[-75.8506,5.4125],[-75.868,5.4902],[-75.905,5.4799],[-75.9308,5.5089],[-75.9593,5.5051],[-76.0083,5.5637]]]},"properties":{"FID":19,"OBJECTID":20,"DeCodigo":"66","DeNombre":"Risaralda","DeArea":3556.50752719,"Categoria6":"2","SHAPE_Leng":536000.48774999997,"SHAPE_Area":3556507527.1900001}},{"type":"Feature","id":20,"geometry":{"type":"Polygon","coordinates":[[[-73.7743,8.1083],[-73.7753,8.145],[-73.8676,8.0636],[-73.8673,7.9819],[-73.8316,7.9359],[-73.8216,7.823],[-73.7981,7.775],[-73.8319,7.7298],[-73.7973,7.6544],[-73.8184,7.6428],[-73.8103,7.6166],[-73.8287,7.6024],[-73.8484,7.5359],[-73.91,7.4979],[-73.9183,7.4764],[-73.896,7.4088],[-73.9388,7.1768],[-73.9311,7.1191],[-73.8887,7.0725],[-73.8842,7.0052],[-73.9156,6.9691],[-74.0106,6.9133],[-74.0772,6.8419],[-74.1151,6.7656],[-74.1773,6.7249],[-74.2292,6.7114],[-74.259,6.6734],[-74.3122,6.6543],[-74.3302,6.6296],[-74.3594,6.6328],[-74.4047,6.5939],[-74.3938,6.5005],[-74.4047,6.4709],[-74.3695,6.4122],[-74.4235,6.39],[-74.4504,6.3319],[-74.529,6.2633],[-74.5084,6.2165],[-74.4696,6.2014],[-74.4795,6.1596],[-74.4526,6.1357],[-74.4517,6.0993],[-74.408,6.0865],[-74.3831,6.0403],[-74.3476,6.0385],[-74.3373,6.065],[-74.2981,6.0841],[-74.2587,6.0655],[-74.2601,6.0125],[-74.2222,5.9679],[-74.2389,5.9437],[-74.2245,5.9232],[-74.2311,5.905],[-74.275,5.8685],[-74.2661,5.8346],[-74.1973,5.8529],[-74.1804,5.9111],[-74.1333,5.8759],[-74.1031,5.877],[-74.0793,5.8185],[-74.026,5.8068],[-74.0251,5.7808],[-73.9826,5.7209],[-73.9624,5.7394],[-73.9245,5.743],[-73.8745,5.7279],[-73.8831,5.7076],[-73.8364,5.7399],[-73.8192,5.7375],[-73.8125,5.715],[-73.7636,5.7729],[-73.7159,5.7817],[-73.644,5.7152],[-73.6002,5.869],[-73.6359,5.9112],[-73.603,5.9376],[-73.5848,6.0082],[-73.5396,6.0374],[-73.5152,6.0991],[-73.4974,6.108],[-73.4381,6.0714],[-73.4148,6.0731],[-73.3707,6.0052],[-73.4066,5.8909],[-73.4445,5.902],[-73.4569,5.8904],[-73.4511,5.867],[-73.4735,5.8168],[-73.4359,5.7982],[-73.4308,5.7671],[-73.3905,5.7511],[-73.3511,5.8231],[-73.3515,5.8726],[-73.3292,5.8515],[-73.2705,5.8535],[-73.2469,5.816],[-73.1864,5.8462],[-73.2218,5.8973],[-73.2083,5.9215],[-73.2247,5.9411],[-73.2205,5.9727],[-73.1993,6.0031],[-73.1426,5.9611],[-73.1008,5.9623],[-73.0341,6.0234],[-73.0091,5.9647],[-72.916,6.1074],[-72.8725,6.1251],[-72.8684,6.1445],[-72.8313,6.1488],[-72.8037,6.216],[-72.775,6.2105],[-72.7447,6.2292],[-72.7579,6.3151],[-72.7256,6.3721],[-72.738,6.4403],[-72.7249,6.4567],[-72.7359,6.4907],[-72.8086,6.5388],[-72.8089,6.5592],[-72.7646,6.5828],[-72.7191,6.5527],[-72.6491,6.4364],[-72.5392,6.488],[-72.5427,6.5828],[-72.4855,6.6571],[-72.4989,6.7952],[-72.4771,6.8422],[-72.5006,6.8712],[-72.5029,6.9082],[-72.5137,6.888],[-72.5474,6.886],[-72.5419,6.9419],[-72.5624,6.9998],[-72.632,6.9869],[-72.6491,6.9975],[-72.6685,6.9655],[-72.6773,7.0078],[-72.7218,7.0051],[-72.734,6.9868],[-72.7566,7.0406],[-72.7499,7.0591],[-72.7869,7.0488],[-72.8359,7.0966],[-72.8591,7.1545],[-72.8324,7.2075],[-72.8564,7.217],[-72.8762,7.2635],[-72.8341,7.3042],[-72.8368,7.3556],[-72.856,7.3628],[-72.8507,7.3747],[-72.9004,7.4334],[-72.8961,7.4796],[-72.9783,7.529],[-72.9922,7.597],[-72.9824,7.6203],[-73.1233,7.6081],[-73.219,7.6321],[-73.2592,7.5874],[-73.2475,7.5583],[-73.2566,7.5316],[-73.2838,7.5494],[-73.3553,7.5443],[-73.3864,7.5821],[-73.4087,7.5652],[-73.5056,7.5958],[-73.5179,7.6414],[-73.5588,7.6724],[-73.5591,7.6913],[-73.5969,7.7013],[-73.6,7.7259],[-73.633,7.7492],[-73.7584,7.751],[-73.7619,7.7714],[-73.7374,7.785],[-73.7512,7.8197],[-73.6708,7.9035],[-73.6823,7.9514],[-73.7237,7.968],[-73.7212,8.0106],[-73.7914,8.1028],[-73.7743,8.1083]]]},"properties":{"FID":20,"OBJECTID":21,"DeCodigo":"68","DeNombre":"Santander","DeArea":30512.329362799999,"Categoria6":"1","SHAPE_Leng":1312332.1303600001,"SHAPE_Area":30512329362.799999}},{"type":"Feature","id":21,"geometry":{"type":"Polygon","coordinates":[[[-75.4996,10.141],[-75.5736,10.0864],[-75.576,9.9705],[-75.6209,9.8764],[-75.6231,9.8054],[-75.6422,9.7593],[-75.7039,9.7005],[-75.6538,9.7073],[-75.6126,9.6945],[-75.5707,9.5953],[-75.6129,9.459],[-75.6712,9.4056],[-75.6996,9.4119],[-75.7044,9.3722],[-75.6792,9.3443],[-75.661,9.3611],[-75.6259,9.3531],[-75.5877,9.3025],[-75.6094,9.281],[-75.5123,9.2581],[-75.4966,9.2857],[-75.4998,9.2595],[-75.4573,9.2376],[-75.4662,9.2085],[-75.4544,9.176],[-75.4674,9.1647],[-75.4489,9.1401],[-75.3909,9.1613],[-75.3817,9.1381],[-75.3101,9.1176],[-75.31,9.0888],[-75.2936,9.0962],[-75.2991,9.0825],[-75.2811,9.0729],[-75.2241,9.0731],[-75.1878,8.9675],[-75.1561,8.9436],[-75.1717,8.9283],[-75.188,8.9442],[-75.1863,8.9143],[-75.2176,8.9154],[-75.2446,8.8823],[-75.2727,8.9136],[-75.2932,8.8973],[-75.2998,8.858],[-75.3316,8.8655],[-75.3716,8.8265],[-75.3688,8.7912],[-75.3242,8.7555],[-75.3432,8.7152],[-75.3364,8.696],[-75.3491,8.7007],[-75.3596,8.6797],[-75.3183,8.5904],[-75.3303,8.5528],[-75.3043,8.5178],[-75.3144,8.5024],[-75.2414,8.4873],[-75.2319,8.4679],[-75.2163,8.4854],[-75.1925,8.4434],[-75.2114,8.4253],[-75.1851,8.3966],[-75.1565,8.4333],[-75.1362,8.4299],[-75.128,8.4683],[-75.0409,8.4585],[-75.0335,8.4989],[-75.0057,8.5228],[-74.926,8.4996],[-74.9275,8.4533],[-74.8998,8.4543],[-74.8523,8.3847],[-74.8403,8.394],[-74.8038,8.3799],[-74.828,8.3597],[-74.7902,8.3182],[-74.7947,8.2819],[-74.7709,8.2794],[-74.7478,8.2991],[-74.7275,8.281],[-74.7132,8.3041],[-74.6535,8.279],[-74.6492,8.3135],[-74.614,8.347],[-74.6145,8.4065],[-74.5869,8.3841],[-74.5611,8.3901],[-74.5329,8.4548],[-74.5354,8.4806],[-74.5695,8.5095],[-74.5765,8.5443],[-74.5638,8.5718],[-74.5947,8.5923],[-74.5867,8.6308],[-74.6107,8.7559],[-74.5397,8.8053],[-74.586,8.8412],[-74.5794,8.8728],[-74.6394,8.9775],[-74.6838,9.0115],[-74.7369,9.0158],[-74.7505,9.0424],[-74.7819,9.0377],[-74.8238,9.0574],[-74.8633,9.1485],[-74.903,9.1635],[-74.9047,9.2296],[-74.931,9.2548],[-74.9257,9.279],[-74.9445,9.2958],[-74.9329,9.3284],[-74.9508,9.3476],[-74.8908,9.431],[-74.9356,9.4481],[-74.9669,9.4344],[-75.0322,9.4666],[-75.0289,9.5098],[-75.0124,9.5283],[-75.0399,9.5404],[-75.0779,9.5328],[-75.1334,9.5964],[-75.1672,9.6134],[-75.1811,9.6019],[-75.1893,9.6293],[-75.1645,9.6465],[-75.2327,9.6467],[-75.2765,9.6863],[-75.3147,9.6528],[-75.3271,9.6167],[-75.3562,9.6473],[-75.3744,9.6308],[-75.378,9.7204],[-75.36,9.7375],[-75.3383,9.8282],[-75.3768,9.8494],[-75.3898,9.8783],[-75.422,9.8845],[-75.3967,9.8938],[-75.4276,9.8929],[-75.4309,9.9127],[-75.4655,9.8918],[-75.482,9.9299],[-75.4692,9.9247],[-75.4642,9.9614],[-75.4801,9.9784],[-75.4761,10.0186],[-75.4908,10.0383],[-75.5155,10.0251],[-75.5433,10.0401],[-75.4996,10.141]]]},"properties":{"FID":21,"OBJECTID":22,"DeCodigo":"70","DeNombre":"Sucre","DeArea":10584.838713499999,"Categoria6":"3","SHAPE_Leng":931987.87845099997,"SHAPE_Area":10584838713.5}},{"type":"Feature","id":22,"geometry":{"type":"Polygon","coordinates":[[[-74.8217,5.3167],[-74.8541,5.315],[-74.8725,5.295],[-74.9394,5.313],[-74.9866,5.2886],[-75.0281,5.2888],[-75.0566,5.2755],[-75.1162,5.1606],[-75.1716,5.171],[-75.235,5.126],[-75.2839,5.1407],[-75.3448,5.0808],[-75.3488,5.0573],[-75.318,5.0154],[-75.3527,4.9667],[-75.3525,4.9406],[-75.3187,4.8881],[-75.3755,4.8027],[-75.3832,4.704],[-75.4215,4.6586],[-75.4157,4.6219],[-75.4323,4.6011],[-75.4689,4.5983],[-75.5243,4.5434],[-75.5246,4.4979],[-75.5775,4.4522],[-75.5967,4.2803],[-75.6433,4.2461],[-75.6964,4.132],[-75.7471,4.0951],[-75.7387,4.0517],[-75.7765,4.004],[-75.7953,4.0051],[-75.7915,3.971],[-75.8122,3.9194],[-75.8584,3.8814],[-75.853,3.8522],[-75.9033,3.7966],[-75.9201,3.7404],[-75.9603,3.7057],[-75.9504,3.674],[-75.9937,3.6384],[-75.984,3.5599],[-76.0413,3.4383],[-76.0314,3.3823],[-76.0619,3.3517],[-76.0378,3.301],[-76.0505,3.282],[-76.0386,3.2515],[-76.0595,3.2308],[-76.0604,3.2027],[-76.0915,3.1983],[-76.0737,3.1225],[-76.1057,3.1068],[-76.0732,3.0773],[-76.073,3.0496],[-76.0449,3.0431],[-76.0413,3.0159],[-76.0208,3.0039],[-76.029,2.9405],[-75.9886,2.9825],[-75.9534,2.9178],[-75.9274,2.9214],[-75.9015,2.8949],[-75.8401,2.8719],[-75.763,2.9149],[-75.7615,2.9423],[-75.7027,2.97],[-75.6932,2.9934],[-75.6329,2.9959],[-75.6015,3.0392],[-75.6221,3.0754],[-75.5767,3.143],[-75.5885,3.1558],[-75.5759,3.2284],[-75.5219,3.3012],[-75.5275,3.3183],[-75.4904,3.3259],[-75.4788,3.3611],[-75.4406,3.3452],[-75.415,3.3712],[-75.3754,3.3749],[-75.3617,3.4088],[-75.3403,3.398],[-75.3185,3.4195],[-75.2524,3.3657],[-75.2273,3.4158],[-75.2004,3.4094],[-75.1999,3.3846],[-75.1749,3.3773],[-75.1742,3.4087],[-75.1474,3.4358],[-75.037,3.4295],[-75.0427,3.4084],[-75.0277,3.3914],[-75.0569,3.378],[-75.0706,3.2953],[-75.0006,3.2762],[-74.9054,3.2914],[-74.8485,3.3408],[-74.8163,3.4064],[-74.7645,3.4409],[-74.7807,3.5097],[-74.7286,3.5516],[-74.7384,3.5908],[-74.701,3.6157],[-74.6754,3.6717],[-74.6249,3.6987],[-74.5576,3.7671],[-74.5113,3.9461],[-74.5311,3.9676],[-74.5298,4.0448],[-74.4749,4.1279],[-74.5189,4.2405],[-74.5625,4.2721],[-74.5885,4.2674],[-74.6199,4.2519],[-74.6245,4.2249],[-74.6526,4.1996],[-74.6595,4.2158],[-74.6813,4.2009],[-74.7341,4.2478],[-74.746,4.2368],[-74.7512,4.259],[-74.7668,4.2512],[-74.7794,4.2837],[-74.8129,4.2941],[-74.8771,4.2654],[-74.8906,4.2887],[-74.8731,4.3066],[-74.8835,4.317],[-74.8558,4.3347],[-74.8327,4.4436],[-74.8073,4.4533],[-74.7863,4.5059],[-74.8149,4.5852],[-74.7938,4.5921],[-74.8163,4.6119],[-74.786,4.6535],[-74.8072,4.6694],[-74.8014,4.7017],[-74.8191,4.726],[-74.7438,4.7883],[-74.7444,4.8234],[-74.7695,4.8429],[-74.7549,4.8859],[-74.7317,4.894],[-74.7488,4.9577],[-74.7059,4.9819],[-74.7432,5.0071],[-74.7168,5.0923],[-74.7319,5.1432],[-74.7144,5.1798],[-74.7345,5.2055],[-74.725,5.2644],[-74.7343,5.2869],[-74.7545,5.2817],[-74.8217,5.3167]]]},"properties":{"FID":22,"OBJECTID":23,"DeCodigo":"73","DeNombre":"Tolima","DeArea":24128.077594800001,"Categoria6":"1","SHAPE_Leng":1056553.9838700001,"SHAPE_Area":24128077594.799999}},{"type":"Feature","id":23,"geometry":{"type":"Polygon","coordinates":[[[-76.0792,5.0448],[-76.0968,5.0318],[-76.0887,4.9461],[-76.0997,4.9172],[-76.1306,4.9112],[-76.1141,4.8904],[-76.1386,4.842],[-76.2127,4.8289],[-76.3121,4.7506],[-76.2857,4.7124],[-76.3194,4.6079],[-76.3446,4.5618],[-76.3813,4.5596],[-76.4038,4.535],[-76.3652,4.4916],[-76.383,4.4928],[-76.4183,4.4478],[-76.4821,4.4141],[-76.5552,4.3992],[-76.562,4.3697],[-76.5279,4.3235],[-76.5266,4.2886],[-76.4871,4.2355],[-76.455,4.2295],[-76.4449,4.1757],[-76.4944,4.0695],[-76.5244,4.0673],[-76.5415,4.0437],[-76.5373,4.0162],[-76.589,3.9707],[-76.5929,3.9985],[-76.6246,4.0149],[-76.6824,3.9649],[-76.7677,3.9887],[-76.7942,4.0114],[-76.8153,4.007],[-76.8234,4.0327],[-76.8674,4.0324],[-76.9147,4.0977],[-76.9544,4.1207],[-76.995,4.1204],[-77.0048,4.0989],[-77.0356,4.0913],[-77.068,4.096],[-77.0862,4.1226],[-77.1048,4.1077],[-77.1596,4.1837],[-77.2232,4.1572],[-77.2499,4.1877],[-77.2535,4.2342],[-77.2791,4.2227],[-77.3055,4.1665],[-77.353,4.1975],[-77.3903,4.1485],[-77.4358,4.1458],[-77.4289,4.0931],[-77.4496,4.0385],[-77.36,3.9272],[-77.3244,3.9727],[-77.3072,4.0423],[-77.2686,4.077],[-77.2616,4.0604],[-77.2323,4.0814],[-77.2287,4.0591],[-77.1946,4.0528],[-77.2236,3.9961],[-77.29,3.9791],[-77.3175,3.9503],[-77.3208,3.9025],[-77.2863,3.8953],[-77.3051,3.8737],[-77.2816,3.8394],[-77.1805,3.8317],[-77.1327,3.8725],[-77.0975,3.8753],[-77.0867,3.9052],[-77.0735,3.8795],[-77.0529,3.8748],[-77.1063,3.8488],[-77.1349,3.8048],[-77.1818,3.8094],[-77.166,3.7575],[-77.197,3.7505],[-77.197,3.7208],[-77.1891,3.6814],[-77.1654,3.6848],[-77.1656,3.6447],[-77.1892,3.6532],[-77.1957,3.6107],[-77.2359,3.5774],[-77.3004,3.57],[-77.3707,3.4751],[-77.337,3.4487],[-77.3325,3.4266],[-77.3557,3.4103],[-77.3646,3.448],[-77.4132,3.3556],[-77.4274,3.368],[-77.4799,3.3231],[-77.5483,3.2259],[-77.4987,3.234],[-77.5041,3.2223],[-77.4764,3.2098],[-77.4621,3.2267],[-77.4707,3.237],[-77.4291,3.2537],[-77.3821,3.2034],[-77.3658,3.1465],[-77.3462,3.1402],[-77.3172,3.1742],[-77.2799,3.1594],[-77.2884,3.1381],[-77.2616,3.1351],[-77.2523,3.1152],[-77.2447,3.1263],[-77.2341,3.1081],[-77.1593,3.1743],[-77.1296,3.1612],[-77.0984,3.186],[-76.9968,3.1548],[-76.9719,3.1188],[-76.9385,3.114],[-76.9155,3.1495],[-76.908,3.2014],[-76.8094,3.2075],[-76.7729,3.2337],[-76.7392,3.1861],[-76.7498,3.1462],[-76.7334,3.1249],[-76.665,3.0987],[-76.6298,3.1284],[-76.6101,3.0912],[-76.593,3.0936],[-76.5988,3.1051],[-76.5729,3.1288],[-76.5559,3.0995],[-76.5309,3.1236],[-76.5136,3.1203],[-76.5327,3.1357],[-76.5178,3.1345],[-76.5198,3.1497],[-76.5008,3.144],[-76.5078,3.1573],[-76.4871,3.1738],[-76.4982,3.2032],[-76.4654,3.2275],[-76.4773,3.2326],[-76.4621,3.2492],[-76.4756,3.2577],[-76.4598,3.2563],[-76.4872,3.2825],[-76.4752,3.2877],[-76.4942,3.2928],[-76.4891,3.305],[-76.4774,3.294],[-76.4784,3.3193],[-76.4685,3.3107],[-76.4604,3.3289],[-76.3432,3.2803],[-76.2293,3.2768],[-76.1913,3.2271],[-76.1564,3.236],[-76.1459,3.2226],[-76.0614,3.2134],[-76.0386,3.2515],[-76.0505,3.282],[-76.0378,3.3003],[-76.0616,3.3541],[-76.0314,3.3823],[-76.0413,3.4383],[-75.984,3.5599],[-75.9937,3.6384],[-75.9504,3.674],[-75.9603,3.7057],[-75.9201,3.7404],[-75.9033,3.7966],[-75.853,3.8522],[-75.8584,3.8814],[-75.8122,3.9194],[-75.7915,3.971],[-75.7953,4.0051],[-75.7765,4.004],[-75.7376,4.0551],[-75.7524,4.0774],[-75.839,4.0976],[-75.843,4.1508],[-75.7875,4.293],[-75.7897,4.3518],[-75.812,4.4043],[-75.8949,4.4171],[-75.8881,4.4467],[-75.8655,4.4548],[-75.8814,4.4678],[-75.8669,4.611],[-75.8251,4.6635],[-75.7072,4.6571],[-75.7136,4.7138],[-75.7894,4.7161],[-75.8311,4.7378],[-75.8561,4.7278],[-75.852,4.7787],[-75.8888,4.7546],[-75.9233,4.761],[-75.9175,4.7945],[-75.9357,4.8077],[-75.9108,4.8166],[-75.901,4.8529],[-75.9142,4.8735],[-75.9428,4.8567],[-75.9877,4.8738],[-75.9876,4.9114],[-76.0277,4.9386],[-76.0491,5.0072],[-76.0792,5.0448]]]},"properties":{"FID":23,"OBJECTID":24,"DeCodigo":"76","DeNombre":"Valle del Cauca","DeArea":20672.1706964,"Categoria6":"Especial","SHAPE_Leng":1389590.1074099999,"SHAPE_Area":20672170696.400002}},{"type":"Feature","id":24,"geometry":{"type":"Polygon","coordinates":[[[-70.68,7.0913],[-70.6852,7.1024],[-70.7361,7.0878],[-70.7609,7.0965],[-70.7783,7.0759],[-70.8534,7.0766],[-70.8546,7.0518],[-70.886,7.0635],[-70.9066,7.0385],[-70.9187,7.0521],[-70.9212,7.0236],[-70.967,7.0182],[-70.9934,6.9836],[-71.0221,6.9732],[-71.1125,6.9898],[-71.1036,7.0077],[-71.1305,7.0326],[-71.1912,7.0184],[-71.2281,7.0269],[-71.2402,7.0094],[-71.2653,7.0322],[-71.3692,7.0142],[-71.4239,7.0372],[-71.453,7.0112],[-71.5392,7.0281],[-71.5899,7.0111],[-71.5865,7.0505],[-71.6066,7.0393],[-71.6377,7.0544],[-71.6569,7.0303],[-71.7079,7.0286],[-71.756,7.0649],[-71.8245,7.0528],[-71.8193,7.03],[-71.8454,7.0085],[-71.9496,7.0099],[-72.0506,6.7689],[-72.1001,6.7472],[-72.0914,6.646],[-72.1128,6.6121],[-72.1309,6.5206],[-72.1779,6.4968],[-72.1747,6.463],[-72.2138,6.4655],[-72.2351,6.422],[-72.2679,6.4416],[-72.2827,6.3794],[-72.3157,6.3575],[-72.3171,6.3347],[-72.3459,6.3416],[-72.3666,6.3069],[-72.3439,6.226],[-72.2866,6.1999],[-72.289,6.1632],[-72.2627,6.1232],[-72.1377,6.0666],[-72.0774,6.1129],[-72.0104,6.13],[-71.9547,6.169],[-71.8794,6.1591],[-71.8241,6.1872],[-71.6715,6.1904],[-71.6376,6.2287],[-71.614,6.2268],[-71.6123,6.2101],[-71.5926,6.2114],[-71.5752,6.1911],[-71.574,6.2098],[-71.5533,6.1972],[-71.5352,6.2256],[-71.5098,6.1978],[-71.4966,6.2166],[-71.4872,6.2014],[-71.4563,6.2229],[-71.4397,6.2149],[-71.4487,6.2458],[-71.4209,6.2251],[-71.4143,6.2434],[-71.3807,6.2413],[-71.3779,6.2252],[-71.3486,6.2292],[-71.3325,6.2566],[-71.2978,6.2718],[-71.2724,6.2614],[-71.2677,6.285],[-71.2336,6.2636],[-71.2205,6.2983],[-71.1581,6.2629],[-71.0926,6.2791],[-71.0598,6.2546],[-71.0354,6.2546],[-71.0347,6.2662],[-70.9852,6.2288],[-70.8958,6.2357],[-70.8679,6.2216],[-70.8612,6.2393],[-70.7972,6.2535],[-70.7258,6.2164],[-70.6308,6.2271],[-70.5797,6.2496],[-70.539,6.245],[-70.5305,6.2301],[-70.4307,6.278],[-70.4307,6.2915],[-70.3809,6.3024],[-70.2715,6.2739],[-70.1984,6.2957],[-70.1752,6.279],[-70.1615,6.2983],[-70.1495,6.2689],[-70.1221,6.2617],[-70.1147,6.2328],[-70.0662,6.2115],[-70.0602,6.1851],[-70.0401,6.1846],[-70.058,6.1587],[-70.0027,6.1489],[-69.9901,6.1659],[-69.9852,6.1366],[-69.9462,6.1408],[-69.8995,6.0963],[-69.8973,6.0597],[-69.8682,6.0417],[-69.7843,6.0586],[-69.6826,6.0384],[-69.5415,6.0437],[-69.4525,6.0833],[-69.4288,6.1091],[-70.118,6.9796],[-70.2232,6.975],[-70.2654,6.9411],[-70.3226,6.9346],[-70.3604,6.9557],[-70.3715,6.9809],[-70.4162,6.9808],[-70.4303,7.0072],[-70.5026,7.0055],[-70.5556,7.0789],[-70.6073,7.0635],[-70.68,7.0913]]]},"properties":{"FID":24,"OBJECTID":25,"DeCodigo":"81","DeNombre":"Arauca","DeArea":23716.799262699999,"Categoria6":"4","SHAPE_Leng":1004070.25521,"SHAPE_Area":23716799262.700001}},{"type":"Feature","id":25,"geometry":{"type":"Polygon","coordinates":[[[-72.3389,6.3447],[-72.3554,6.3419],[-72.3961,6.2742],[-72.3872,6.261],[-72.4189,6.1867],[-72.3925,6.1883],[-72.3931,6.1616],[-72.3739,6.1477],[-72.3892,6.1237],[-72.3641,6.0993],[-72.3754,6.0925],[-72.3666,6.0768],[-72.3212,6.0882],[-72.3215,6.0678],[-72.3655,6.0367],[-72.3398,5.9985],[-72.3277,5.9017],[-72.336,5.8896],[-72.4155,5.904],[-72.4509,5.8784],[-72.4631,5.8485],[-72.3076,5.7928],[-72.3005,5.7583],[-72.2804,5.7496],[-72.2497,5.6853],[-72.2214,5.676],[-72.2721,5.6622],[-72.2627,5.6335],[-72.289,5.6003],[-72.2953,5.515],[-72.3304,5.4976],[-72.3965,5.5702],[-72.4209,5.5632],[-72.4424,5.5193],[-72.4899,5.4818],[-72.5034,5.443],[-72.584,5.382],[-72.5672,5.3734],[-72.5798,5.3503],[-72.6203,5.3512],[-72.7006,5.2733],[-72.7256,5.318],[-72.7569,5.3314],[-72.7983,5.3801],[-72.8595,5.3404],[-72.8827,5.3632],[-72.8962,5.2621],[-72.9739,5.1504],[-72.9286,5.0997],[-72.9084,5.1025],[-72.9038,5.0679],[-72.9753,4.9748],[-73.0198,5.0016],[-73.0489,4.9236],[-73.0415,4.8783],[-73.0777,4.8107],[-73.0457,4.758],[-73.0504,4.6927],[-73.0169,4.6356],[-72.968,4.5992],[-72.9379,4.5227],[-72.8702,4.4507],[-72.8135,4.4298],[-72.825,4.4176],[-72.7883,4.3975],[-72.8006,4.3783],[-72.7689,4.3664],[-72.7797,4.3528],[-72.763,4.3478],[-72.7695,4.3332],[-72.6936,4.2875],[-72.6759,4.3174],[-72.5734,4.3021],[-72.5735,4.3255],[-72.5478,4.3547],[-72.4668,4.3174],[-72.4279,4.3537],[-72.405,4.3179],[-72.3562,4.3417],[-72.3422,4.3715],[-72.3205,4.3709],[-72.3029,4.4084],[-72.2434,4.4346],[-72.1431,4.4403],[-72.0708,4.4081],[-72.0606,4.375],[-71.9903,4.3835],[-71.8067,4.5835],[-71.7324,4.5753],[-71.5979,4.6453],[-71.5768,4.675],[-71.4293,4.7233],[-71.3902,4.7567],[-71.3228,4.7667],[-71.2883,4.8031],[-71.2117,4.8173],[-71.0573,4.9057],[-71.0019,4.9807],[-70.9499,5.1177],[-70.9146,5.1405],[-70.862,5.1442],[-70.6954,5.2818],[-70.6741,5.3155],[-70.68,5.361],[-70.6032,5.4237],[-70.4206,5.5345],[-70.3605,5.587],[-70.2638,5.5636],[-70.1947,5.6032],[-70.1531,5.6009],[-70.1149,5.6315],[-70.0518,5.7112],[-70.0438,5.7462],[-69.9788,5.8073],[-69.9663,5.8616],[-69.9325,5.8765],[-69.8828,5.9698],[-69.8543,5.9845],[-69.8359,6.0413],[-69.8918,6.054],[-69.9003,6.0975],[-69.9481,6.1419],[-69.9852,6.1366],[-69.9855,6.1645],[-70.0027,6.1489],[-70.058,6.1587],[-70.0401,6.1846],[-70.0602,6.1851],[-70.0662,6.2115],[-70.1147,6.2328],[-70.1234,6.2633],[-70.1541,6.275],[-70.1546,6.2972],[-70.1752,6.279],[-70.1984,6.2957],[-70.2715,6.2739],[-70.3671,6.3027],[-70.4307,6.2915],[-70.4307,6.278],[-70.5305,6.2301],[-70.539,6.245],[-70.5797,6.2496],[-70.6308,6.2271],[-70.7258,6.2164],[-70.7972,6.2535],[-70.8612,6.2393],[-70.8679,6.2216],[-70.8958,6.2357],[-70.9852,6.2288],[-71.0347,6.2662],[-71.0354,6.2546],[-71.0598,6.2546],[-71.0926,6.2791],[-71.1581,6.2629],[-71.2205,6.2983],[-71.2336,6.2636],[-71.2677,6.285],[-71.2724,6.2614],[-71.2978,6.2718],[-71.3325,6.2566],[-71.3486,6.2292],[-71.3779,6.2252],[-71.3807,6.2413],[-71.4143,6.2434],[-71.4209,6.2251],[-71.4487,6.2458],[-71.4397,6.2149],[-71.4563,6.2229],[-71.4872,6.2014],[-71.4966,6.2166],[-71.5098,6.1978],[-71.5352,6.2256],[-71.5533,6.1972],[-71.574,6.2098],[-71.5752,6.1911],[-71.5926,6.2114],[-71.6123,6.2101],[-71.614,6.2268],[-71.6376,6.2287],[-71.6715,6.1904],[-71.8241,6.1872],[-71.8794,6.1591],[-71.9547,6.169],[-72.0104,6.13],[-72.0774,6.1129],[-72.1397,6.0667],[-72.2627,6.1232],[-72.289,6.1632],[-72.2866,6.1999],[-72.3439,6.226],[-72.3666,6.3069],[-72.3389,6.3447]]]},"properties":{"FID":25,"OBJECTID":26,"DeCodigo":"85","DeNombre":"Casanare","DeArea":44267.044032400001,"Categoria6":"3","SHAPE_Leng":1342605.9964699999,"SHAPE_Area":44267044032.400002}},{"type":"Feature","id":26,"geometry":{"type":"Polygon","coordinates":[[[-73.9841,-0.4387],[-73.8413,-0.398],[-73.8819,-0.3697],[-74.0072,-0.3406],[-74.0384,-0.3061],[-74.0447,-0.2748],[-74.0818,-0.2798],[-74.1116,-0.2351],[-74.143,-0.238],[-74.1685,-0.2665],[-74.1883,-0.2585],[-74.2003,-0.2098],[-74.2405,-0.2347],[-74.2894,-0.2004],[-74.2668,-0.1425],[-74.3031,-0.1475],[-74.3419,-0.1097],[-74.4019,-0.1143],[-74.4463,-0.1396],[-74.4234,-0.098],[-74.4544,-0.0708],[-74.4748,-0.1303],[-74.4972,-0.1374],[-74.519,-0.0886],[-74.5347,-0.0951],[-74.5323,-0.1257],[-74.6318,-0.0885],[-74.616,-0.0622],[-74.6314,-0.0441],[-74.6486,-0.0389],[-74.6773,-0.0605],[-74.6564,-0.0116],[-74.7046,0.0415],[-74.6746,0.0459],[-74.6562,0.0733],[-74.7135,0.0953],[-74.6907,0.0878],[-74.6753,0.0997],[-74.6806,0.1654],[-74.7365,0.2096],[-74.8409,0.213],[-74.893,0.2492],[-74.9594,0.2425],[-75.0039,0.2732],[-75.0106,0.2915],[-74.9799,0.3146],[-75.0071,0.3423],[-75.0166,0.3834],[-74.9829,0.4088],[-75.0183,0.4724],[-75.035,0.4844],[-75.1049,0.4732],[-75.094,0.5012],[-75.107,0.5129],[-75.1537,0.4813],[-75.2169,0.4866],[-75.1983,0.5034],[-75.2353,0.565],[-75.2071,0.5953],[-75.2203,0.6333],[-75.2762,0.6674],[-75.2571,0.7034],[-75.2656,0.7256],[-75.2975,0.7295],[-75.3398,0.7692],[-75.409,0.7378],[-75.4687,0.7588],[-75.4831,0.783],[-75.505,0.7669],[-75.5384,0.7886],[-75.5379,0.8268],[-75.6078,0.8383],[-75.6364,0.8767],[-75.6819,0.8569],[-75.731,0.8587],[-75.7623,0.8378],[-75.8002,0.8957],[-75.8285,0.8738],[-75.8566,0.885],[-75.9092,0.9731],[-75.9469,0.9829],[-75.9243,1.0336],[-75.9476,1.0307],[-75.9942,1.0726],[-75.9929,1.0276],[-76.0061,1.055],[-76.0492,1.0462],[-76.0886,1.058],[-76.0804,1.0212],[-76.104,1.0252],[-76.1261,1.0066],[-76.1742,1.0295],[-76.1907,1.0097],[-76.2047,1.0171],[-76.2083,1.002],[-76.1933,1.0067],[-76.19,0.9942],[-76.205,0.9798],[-76.2364,0.982],[-76.2344,0.9649],[-76.276,0.9837],[-76.2949,0.9614],[-76.328,0.958],[-76.3351,0.9806],[-76.3697,0.9839],[-76.4264,0.9606],[-76.4935,1.0282],[-76.5445,1.0373],[-76.568,1.1034],[-76.549,1.1231],[-76.5372,1.2092],[-76.5657,1.2385],[-76.586,1.3006],[-76.571,1.328],[-76.5843,1.3436],[-76.574,1.3858],[-76.6658,1.4662],[-76.8868,1.3718],[-76.9213,1.3448],[-76.9042,1.3209],[-76.9361,1.2746],[-76.9794,1.2867],[-76.9811,1.2228],[-77.021,1.1962],[-77.0894,1.1823],[-77.1014,1.1432],[-77.0932,1.0755],[-77.0581,1.0343],[-77.0368,1.0471],[-77.0281,0.9949],[-77.0738,0.9697],[-77.0728,0.9423],[-77.1212,0.8932],[-77.1021,0.8336],[-77.1392,0.8215],[-77.1868,0.631],[-77.1174,0.5914],[-77.1302,0.5245],[-77.1021,0.4704],[-77.1076,0.4425],[-77.0891,0.4244],[-77.0992,0.4106],[-77.088,0.3946],[-77.1134,0.3726],[-77.0762,0.285],[-77.0471,0.2933],[-77.0289,0.2776],[-77.0039,0.2972],[-76.9874,0.2707],[-76.9338,0.278],[-76.9348,0.2621],[-76.9107,0.248],[-76.8457,0.24],[-76.7976,0.265],[-76.7567,0.2485],[-76.7682,0.2636],[-76.733,0.29],[-76.7125,0.2696],[-76.6589,0.2742],[-76.6525,0.2517],[-76.626,0.2625],[-76.5872,0.219],[-76.537,0.2601],[-76.5038,0.237],[-76.4489,0.2398],[-76.4328,0.2616],[-76.423,0.2354],[-76.4123,0.2425],[-76.4119,0.3792],[-76.3718,0.396],[-76.3452,0.3815],[-76.3176,0.434],[-76.2979,0.4223],[-76.2765,0.438],[-76.2584,0.425],[-76.2593,0.404],[-76.232,0.4041],[-76.2254,0.3792],[-76.211,0.3881],[-76.1783,0.3736],[-76.1599,0.3905],[-76.1326,0.3759],[-76.1121,0.3161],[-76.0646,0.3407],[-76.0374,0.3083],[-76.0139,0.3067],[-75.9821,0.2614],[-76.0043,0.2496],[-75.9572,0.2386],[-75.9468,0.2059],[-75.8921,0.1577],[-75.9033,0.1393],[-75.882,0.1413],[-75.8772,0.1208],[-75.8611,0.1375],[-75.8488,0.1303],[-75.8056,0.0534],[-75.7518,0.0389],[-75.6617,0.0485],[-75.6481,0.0327],[-75.6312,0.0501],[-75.6085,0.0173],[-75.5805,0.0153],[-75.5754,-0.0225],[-75.5296,-0.0155],[-75.4059,-0.0903],[-75.3414,-0.0887],[-75.2768,-0.1186],[-75.2254,-0.0769],[-75.2245,-0.047],[-75.1821,-0.0351],[-75.1257,-0.0698],[-75.0806,-0.074],[-75.0165,-0.1385],[-74.9722,-0.1513],[-74.9284,-0.2164],[-74.9114,-0.202],[-74.8713,-0.2389],[-74.8305,-0.197],[-74.7941,-0.1861],[-74.7499,-0.2437],[-74.7202,-0.3445],[-74.682,-0.3256],[-74.6627,-0.3732],[-74.6086,-0.3497],[-74.5973,-0.3791],[-74.5481,-0.4111],[-74.5252,-0.4652],[-74.4948,-0.459],[-74.4992,-0.4859],[-74.4738,-0.4708],[-74.4209,-0.4992],[-74.4204,-0.5478],[-74.3932,-0.5394],[-74.3856,-0.5527],[-73.9841,-0.4387]]]},"properties":{"FID":26,"OBJECTID":27,"DeCodigo":"86","DeNombre":"Putumayo","DeArea":25701.4114104,"Categoria6":"4","SHAPE_Leng":1410906.3108600001,"SHAPE_Area":25701411410.200001}},{"type":"Feature","id":27,"geometry":{"type":"MultiPolygon","coordinates":[[[[-81.7039,12.5949],[-81.7323,12.5551],[-81.7302,12.4804],[-81.7033,12.5437],[-81.7073,12.5727],[-81.6867,12.5809],[-81.7039,12.5949]]],[[[-81.3669,13.3859],[-81.3923,13.3591],[-81.3891,13.3207],[-81.3497,13.3569],[-81.3669,13.3859]]],[[[-81.3704,13.3941],[-81.3797,13.3914],[-81.3768,13.3815],[-81.3704,13.3941]]]]},"properties":{"FID":27,"OBJECTID":28,"DeCodigo":"88","DeNombre":"San Andrés Providencia y Santa Catalina","DeArea":49.888768226800003,"Categoria6":"3","SHAPE_Leng":71684.037755600002,"SHAPE_Area":49888768.226800002}},{"type":"Feature","id":28,"geometry":{"type":"Polygon","coordinates":[[[-74.0616,-0.4608],[-74.3856,-0.5527],[-74.379,-0.5998],[-74.3569,-0.6295],[-74.3699,-0.6585],[-74.3343,-0.681],[-74.3741,-0.7274],[-74.3438,-0.7574],[-74.3112,-0.7526],[-74.314,-0.7907],[-74.2805,-0.7744],[-74.2827,-0.8249],[-74.2427,-0.8184],[-74.2643,-0.8433],[-74.2704,-0.8829],[-74.3022,-0.8663],[-74.318,-0.8777],[-74.2653,-0.9169],[-74.2663,-0.9806],[-74.209,-1.0098],[-74.1664,-1.0022],[-74.0609,-1.0504],[-74.0363,-1.0026],[-74.0204,-1.0002],[-74.0089,-1.0897],[-73.9932,-1.1029],[-73.9629,-1.0796],[-73.9483,-1.0973],[-73.9234,-1.0924],[-73.9189,-1.1115],[-73.8951,-1.1106],[-73.894,-1.1692],[-73.8612,-1.228],[-73.8071,-1.2483],[-73.7833,-1.2369],[-73.7767,-1.2586],[-73.7453,-1.1976],[-73.726,-1.2459],[-73.6776,-1.2359],[-73.6435,-1.2663],[-73.6183,-1.2633],[-73.602,-1.3241],[-73.5647,-1.3268],[-73.5779,-1.3546],[-73.5485,-1.41],[-73.5793,-1.4253],[-73.5288,-1.4321],[-73.5266,-1.4639],[-73.485,-1.4913],[-73.4883,-1.5718],[-73.4566,-1.5721],[-73.5047,-1.6299],[-73.5282,-1.7069],[-73.4604,-1.7311],[-73.4294,-1.7883],[-73.3813,-1.7711],[-73.3206,-1.8017],[-73.3158,-1.8255],[-73.2977,-1.7732],[-73.2446,-1.7799],[-73.2404,-1.7931],[-73.2573,-1.8016],[-73.2367,-1.7999],[-73.2342,-1.7571],[-73.2178,-1.7435],[-73.1884,-1.7901],[-73.1463,-1.8012],[-73.1488,-1.8615],[-73.111,-1.8722],[-73.1034,-1.9002],[-73.1174,-2.0115],[-73.0908,-2.0326],[-73.1033,-2.0611],[-73.0929,-2.0818],[-73.0697,-2.0816],[-73.0681,-2.107],[-73.1125,-2.1356],[-73.1279,-2.1828],[-73.1627,-2.1903],[-73.1647,-2.2305],[-73.1141,-2.2898],[-73.1219,-2.3221],[-73.0698,-2.3114],[-73.0602,-2.3566],[-73.0422,-2.3463],[-73.0374,-2.3103],[-73.0199,-2.3169],[-73.0088,-2.3488],[-72.9521,-2.3351],[-72.9543,-2.3896],[-72.9195,-2.4211],[-72.9321,-2.4532],[-72.894,-2.4306],[-72.8556,-2.4366],[-72.7769,-2.3805],[-72.7453,-2.4255],[-72.7321,-2.3827],[-72.7052,-2.3874],[-72.683,-2.4513],[-72.6387,-2.3848],[-72.6421,-2.3591],[-72.6184,-2.3542],[-72.5698,-2.3947],[-72.4818,-2.4092],[-72.4461,-2.4307],[-72.4076,-2.4118],[-72.3654,-2.4882],[-72.2856,-2.4525],[-72.2594,-2.4559],[-72.2634,-2.4332],[-72.2295,-2.423],[-72.2021,-2.4364],[-72.1766,-2.4216],[-72.16,-2.433],[-72.1638,-2.4605],[-72.14,-2.4573],[-72.1454,-2.4047],[-72.0517,-2.3304],[-71.9925,-2.3661],[-71.9491,-2.3521],[-71.9341,-2.3759],[-71.9208,-2.3679],[-71.939,-2.3102],[-71.8993,-2.293],[-71.88,-2.3045],[-71.834,-2.1888],[-71.8054,-2.2028],[-71.7657,-2.1542],[-71.7273,-2.1383],[-71.7159,-2.1682],[-71.7256,-2.2011],[-71.7116,-2.2212],[-71.6441,-2.1961],[-71.5989,-2.228],[-71.5212,-2.241],[-71.5041,-2.3407],[-71.4817,-2.3311],[-71.4993,-2.2764],[-71.4571,-2.2718],[-71.3912,-2.3506],[-71.4035,-2.3888],[-71.3845,-2.4025],[-71.3673,-2.3731],[-71.3332,-2.3796],[-71.299,-2.3336],[-71.2647,-2.3348],[-71.2648,-2.359],[-71.2296,-2.3359],[-71.202,-2.3693],[-71.1746,-2.3698],[-71.1661,-2.3336],[-71.1314,-2.3341],[-71.1428,-2.2921],[-71.1098,-2.2748],[-71.0447,-2.2605],[-71.0085,-2.2962],[-70.996,-2.2802],[-71.0226,-2.2338],[-71.0119,-2.21],[-70.9698,-2.2122],[-70.9345,-2.2519],[-70.8968,-2.2197],[-70.8733,-2.2196],[-70.8181,-2.2918],[-70.7757,-2.29],[-70.7488,-2.3263],[-70.6616,-2.3471],[-70.6745,-2.3907],[-70.6546,-2.4039],[-70.627,-2.3928],[-70.633,-2.4545],[-70.6212,-2.4764],[-70.5621,-2.4696],[-70.568,-2.4407],[-70.6002,-2.4262],[-70.5666,-2.4152],[-70.5054,-2.4535],[-70.4672,-2.4553],[-70.4376,-2.5123],[-70.3599,-2.485],[-70.3046,-2.4975],[-70.2921,-2.5197],[-70.3375,-2.5411],[-70.3332,-2.5748],[-70.3057,-2.5707],[-70.271,-2.5387],[-70.2413,-2.5492],[-70.214,-2.6471],[-70.1934,-2.6522],[-70.1828,-2.6294],[-70.1606,-2.6355],[-70.1587,-2.6869],[-70.135,-2.701],[-70.116,-2.6935],[-70.1029,-2.6493],[-70.0844,-2.6468],[-70.061,-2.682],[-70.0676,-2.7271],[-70.0518,-2.7466],[-70.0723,-2.789],[-70.7136,-3.7959],[-70.6841,-3.7937],[-70.6522,-3.829],[-70.6198,-3.8394],[-70.575,-3.8131],[-70.5417,-3.8584],[-70.5079,-3.8732],[-70.4543,-3.851],[-70.3699,-3.7856],[-70.2448,-3.8294],[-70.192,-3.8886],[-70.1468,-4.0023],[-70.0956,-4.0367],[-70.0256,-4.1303],[-69.9862,-4.1385],[-69.9757,-4.1857],[-69.9455,-4.2258],[-69.9333,-4.2197],[-69.4521,-1.4903],[-69.4309,-1.4552],[-69.4281,-1.3937],[-69.3956,-1.3643],[-69.4283,-1.2252],[-69.3933,-1.1229],[-69.4233,-1.0754],[-69.4521,-1.0708],[-69.4699,-1.0897],[-69.4596,-1.1342],[-69.4892,-1.1511],[-69.4656,-1.1746],[-69.4815,-1.2138],[-69.5647,-1.1933],[-69.5925,-1.1458],[-69.6353,-1.1689],[-69.6375,-1.2129],[-69.6589,-1.2277],[-69.68,-1.2028],[-69.681,-1.1225],[-69.6615,-1.1165],[-69.6523,-1.1337],[-69.6494,-1.1168],[-69.7051,-1.0474],[-69.7495,-1.0276],[-69.7728,-1.037],[-69.758,-1.0731],[-69.7345,-1.0823],[-69.7571,-1.0989],[-69.7841,-1.0865],[-69.8175,-1.0323],[-69.8398,-1.0285],[-69.8759,-1.0783],[-69.9551,-1.0961],[-69.9715,-1.073],[-69.9414,-1.0347],[-69.9542,-0.9956],[-69.902,-0.9719],[-69.9414,-0.9466],[-69.9582,-0.9678],[-69.9989,-0.976],[-70.0008,-0.946],[-70.0171,-0.9369],[-70.0308,-0.9787],[-70.079,-0.9469],[-70.1223,-0.9724],[-70.1356,-1.0147],[-70.0879,-1.0124],[-70.0791,-1.0379],[-70.1279,-1.1107],[-70.1686,-1.1129],[-70.1776,-1.0749],[-70.2276,-1.0497],[-70.1975,-0.9851],[-70.2199,-0.9853],[-70.2321,-1.0146],[-70.2532,-1.0208],[-70.3071,-0.9646],[-70.2959,-0.9365],[-70.2606,-0.938],[-70.2213,-0.8863],[-70.2971,-0.7913],[-70.2902,-0.7525],[-70.2488,-0.7394],[-70.2619,-0.7115],[-70.2561,-0.6029],[-70.2822,-0.5582],[-70.2999,-0.5593],[-70.3097,-0.5903],[-70.3252,-0.5613],[-70.2445,-0.4699],[-70.2026,-0.4738],[-70.2098,-0.4421],[-70.2466,-0.4454],[-70.2883,-0.4129],[-70.3098,-0.4415],[-70.3651,-0.454],[-70.3512,-0.4725],[-70.3212,-0.4698],[-70.3346,-0.4993],[-70.3778,-0.4979],[-70.3996,-0.4629],[-70.4574,-0.4955],[-70.4526,-0.4397],[-70.5193,-0.3577],[-70.5312,-0.3747],[-70.5607,-0.3659],[-70.5795,-0.392],[-70.6304,-0.3199],[-70.678,-0.3521],[-70.7367,-0.2867],[-70.7801,-0.3123],[-70.7595,-0.3191],[-70.7621,-0.3311],[-70.8262,-0.3657],[-70.8782,-0.28],[-70.8831,-0.2139],[-70.9151,-0.2018],[-70.9465,-0.1541],[-70.9307,-0.129],[-70.9016,-0.1325],[-70.8921,-0.1162],[-70.9266,-0.0889],[-70.9273,-0.0518],[-70.9613,-0.0398],[-70.9819,-0.0038],[-71.0157,-0.0125],[-71.0116,-0.0402],[-71.0285,-0.0483],[-71.0522,-0.0313],[-71.0395,-0.0045],[-71.095,-0.0082],[-71.1043,0.026],[-71.134,0.0042],[-71.1454,0.0629],[-71.1843,0.0971],[-71.1871,0.0812],[-71.2258,0.0542],[-71.2349,0.0664],[-71.2557,0.0586],[-71.2714,0.0352],[-71.3279,0.0187],[-71.3706,0.0312],[-71.4005,0.0056],[-71.4484,0.0033],[-71.4538,-0.0122],[-71.5467,0.0213],[-71.5772,0.0157],[-71.5935,-0.0144],[-71.7048,-0.0673],[-71.7009,-0.0975],[-71.7365,-0.1545],[-71.7113,-0.2344],[-71.8309,-0.2763],[-72.0418,-0.2692],[-72.0627,-0.3247],[-72.1534,-0.3553],[-72.148,-0.3954],[-72.1728,-0.4439],[-72.2306,-0.493],[-72.2491,-0.6137],[-72.3183,-0.6517],[-72.3967,-0.6122],[-72.4077,-0.5681],[-72.425,-0.5623],[-72.5564,-0.7058],[-72.6738,-0.6352],[-72.6776,-0.616],[-72.7406,-0.5801],[-72.7497,-0.555],[-72.8159,-0.5992],[-72.9173,-0.6155],[-72.968,-0.5517],[-73.0264,-0.5269],[-73.0533,-0.5467],[-73.0748,-0.6213],[-73.1214,-0.6041],[-73.2068,-0.6256],[-73.265,-0.5558],[-73.3155,-0.5309],[-73.3319,-0.5061],[-73.3785,-0.5363],[-73.4303,-0.5109],[-73.5105,-0.5243],[-73.5332,-0.4877],[-73.5684,-0.5168],[-73.5846,-0.4491],[-73.6082,-0.4392],[-73.6514,-0.4572],[-73.6396,-0.4185],[-73.6847,-0.4181],[-73.7204,-0.3807],[-73.764,-0.4076],[-73.8164,-0.4116],[-73.8413,-0.398],[-74.0616,-0.4608]]]},"properties":{"FID":28,"OBJECTID":29,"DeCodigo":"91","DeNombre":"Amazonas","DeArea":108041.18128200001,"Categoria6":"4","SHAPE_Leng":2796471.30327,"SHAPE_Area":108041181282}},{"type":"Feature","id":29,"geometry":{"type":"Polygon","coordinates":[[[-67.7105,4.0384],[-67.8132,3.9845],[-67.876,3.9191],[-67.9136,3.9094],[-67.9374,3.9631],[-68.0248,3.9759],[-68.0345,4.0114],[-68.079,3.9352],[-68.0784,3.9805],[-68.0983,3.9746],[-68.1129,3.9434],[-68.1328,3.9465],[-68.1195,3.9821],[-68.1305,4.0009],[-68.1737,3.986],[-68.205,3.9975],[-68.2066,3.9568],[-68.2367,3.9752],[-68.3139,3.9778],[-68.3446,3.9932],[-68.3467,3.9241],[-68.3818,3.9124],[-68.4204,3.9267],[-68.4366,3.915],[-68.393,3.8729],[-68.3947,3.8508],[-68.4468,3.8844],[-68.4445,3.8384],[-68.4762,3.852],[-68.513,3.8255],[-68.5099,3.7791],[-68.5693,3.818],[-68.5506,3.764],[-68.576,3.7902],[-68.6347,3.7736],[-68.672,3.812],[-68.6805,3.797],[-68.6464,3.7751],[-68.6508,3.7617],[-68.7543,3.7831],[-68.7948,3.7223],[-68.8521,3.7387],[-68.835,3.6701],[-68.8642,3.7063],[-68.9258,3.6869],[-68.9376,3.7424],[-68.9423,3.6825],[-68.9958,3.6919],[-69.0559,3.6387],[-69.0788,3.6559],[-69.1004,3.6381],[-69.1211,3.676],[-69.1525,3.6426],[-69.1867,3.6339],[-69.1681,3.6719],[-69.2001,3.6695],[-69.208,3.702],[-69.235,3.674],[-69.247,3.7148],[-69.2797,3.7263],[-69.2871,3.7133],[-69.268,3.6813],[-69.292,3.6448],[-69.3057,3.6522],[-69.2896,3.6981],[-69.3035,3.7173],[-69.3664,3.6655],[-69.3879,3.6851],[-69.4077,3.66],[-69.4547,3.709],[-69.4784,3.6954],[-69.4929,3.6508],[-69.5043,3.6787],[-69.589,3.6833],[-69.595,3.6726],[-69.5706,3.6694],[-69.5926,3.5677],[-69.6089,3.5955],[-69.629,3.5686],[-69.6631,3.5854],[-69.7006,3.5399],[-69.7098,3.5767],[-69.7399,3.5909],[-69.7424,3.576],[-69.7137,3.5494],[-69.734,3.5429],[-69.7773,3.5646],[-69.8019,3.5079],[-69.8154,3.5159],[-69.8171,3.5521],[-69.8439,3.549],[-69.8172,3.477],[-69.8516,3.4918],[-69.8724,3.5358],[-69.8936,3.5369],[-69.8955,3.5172],[-69.8617,3.4788],[-69.8717,3.4394],[-69.9025,3.4244],[-69.915,3.447],[-69.9603,3.4569],[-69.9435,3.3948],[-70.0019,3.3727],[-70.0258,3.4176],[-70.076,3.3874],[-70.1103,3.385],[-70.1266,3.4008],[-70.1334,3.3651],[-70.1729,3.349],[-70.1088,3.2937],[-70.1157,3.2797],[-70.1362,3.2938],[-70.1579,3.2816],[-70.1568,3.2579],[-70.1318,3.2441],[-70.128,3.2023],[-70.1481,3.1908],[-70.1572,3.2294],[-70.1744,3.2358],[-70.1646,3.1811],[-70.1923,3.1735],[-70.2179,3.206],[-70.2065,3.1731],[-70.2444,3.1792],[-70.2879,3.124],[-70.2799,3.0945],[-70.3199,3.0863],[-70.3152,3.0708],[-70.2727,3.0661],[-70.2553,3.0397],[-70.3033,3.0336],[-70.2784,2.9365],[-70.354,2.914],[-70.3559,2.8537],[-70.4939,2.8133],[-70.4976,2.7885],[-70.9425,2.6067],[-70.93,2.5732],[-70.8886,2.5573],[-70.8526,2.5702],[-70.8293,2.5327],[-70.793,2.5201],[-70.7541,2.537],[-70.7332,2.485],[-70.6797,2.441],[-70.63,2.3129],[-70.5307,2.2684],[-70.511,2.2828],[-70.4886,2.2529],[-70.5112,2.2595],[-70.5143,2.2451],[-70.4968,2.2337],[-70.4731,2.2437],[-70.4647,2.2334],[-70.4582,2.2573],[-70.4208,2.2686],[-70.4079,2.2552],[-70.399,2.2678],[-70.3659,2.2355],[-70.342,2.2479],[-70.3122,2.2083],[-70.2928,2.2285],[-70.3055,2.2529],[-70.2736,2.2374],[-70.2435,2.2653],[-70.2473,2.2433],[-70.1944,2.2298],[-70.1827,2.2401],[-70.1914,2.2526],[-70.1745,2.2374],[-70.1568,2.2399],[-70.1597,2.2651],[-70.1417,2.2512],[-70.1467,2.2777],[-70.0852,2.2632],[-70.0692,2.294],[-70.0452,2.2931],[-70.0531,2.278],[-70.0264,2.2724],[-70.0241,2.2353],[-69.996,2.2244],[-69.9962,2.2048],[-70.0062,2.2073],[-70.0066,2.1821],[-70.0362,2.182],[-70.0336,2.1585],[-70.0553,2.1619],[-70.0584,2.1457],[-70.119,2.1109],[-70.1038,2.0945],[-70.1208,2.0495],[-70.1115,2.0028],[-70.1407,1.9798],[-70.1802,1.8817],[-70.0468,1.7723],[-69.975,1.7432],[-69.9028,1.7453],[-69.859,1.7093],[-69.8392,1.7191],[-69.8096,1.695],[-69.8036,1.705],[-69.7822,1.6931],[-69.7214,1.7349],[-69.629,1.7234],[-69.5903,1.7587],[-69.5343,1.7771],[-69.5342,1.764],[-69.5141,1.7718],[-69.4761,1.7435],[-69.4664,1.7573],[-69.392,1.7267],[-68.1629,1.7278],[-68.171,1.7439],[-68.1926,1.7375],[-68.1774,1.7653],[-68.1921,1.7805],[-68.239,1.7708],[-68.2265,1.8294],[-68.2747,1.8192],[-68.2853,1.8349],[-68.2086,1.9765],[-68.1995,2.0396],[-68.1849,1.9772],[-68.1687,1.9634],[-68.1398,1.9705],[-68.0965,1.8993],[-68.0642,1.8939],[-68.036,1.8152],[-67.9996,1.8389],[-67.9801,1.8158],[-67.9077,1.8053],[-67.9223,1.8925],[-67.8705,1.9019],[-67.8695,1.9205],[-67.7845,1.9992],[-67.7752,2.0352],[-67.743,2.0342],[-67.7258,2.0091],[-67.6765,2.0085],[-67.6567,1.9917],[-67.6265,2.0393],[-67.6002,2.0436],[-67.5964,2.0758],[-67.562,2.1105],[-67.5503,2.1473],[-67.4893,2.178],[-67.4548,2.168],[-67.4335,2.2299],[-67.3979,2.2354],[-67.3719,2.2184],[-67.3738,2.191],[-67.3591,2.1827],[-67.3708,2.1618],[-67.3432,2.1298],[-67.3607,2.1162],[-67.3441,2.0362],[-67.3525,1.9998],[-67.3121,1.9255],[-67.321,1.9127],[-67.2646,1.8551],[-67.2384,1.8644],[-67.1744,1.8449],[-67.1263,1.7772],[-67.1412,1.739],[-67.1295,1.6871],[-67.1431,1.6038],[-67.103,1.5805],[-67.103,1.5018],[-67.0774,1.47],[-67.087,1.4143],[-67.0752,1.3726],[-67.1094,1.3359],[-67.1332,1.3526],[-67.1508,1.3455],[-67.1561,1.3191],[-67.1271,1.2718],[-67.0983,1.255],[-67.0807,1.1983],[-67.091,1.1662],[-66.8569,1.228],[-66.8874,1.288],[-66.864,1.3176],[-66.8583,1.3682],[-66.9162,1.4204],[-66.913,1.495],[-66.9442,1.573],[-66.9644,1.5868],[-66.962,1.6321],[-67.038,1.788],[-67.0388,1.8455],[-67.0688,1.9222],[-67.1274,1.9814],[-67.0991,2.0544],[-67.1097,2.1185],[-67.1212,2.1353],[-67.1618,2.1314],[-67.2244,2.2517],[-67.2194,2.3058],[-67.1898,2.3493],[-67.222,2.3961],[-67.3002,2.441],[-67.3436,2.521],[-67.386,2.5441],[-67.3928,2.5724],[-67.4512,2.6177],[-67.4703,2.6191],[-67.49,2.662],[-67.5221,2.6724],[-67.5634,2.6548],[-67.5649,2.7255],[-67.6158,2.812],[-67.657,2.7954],[-67.7364,2.8167],[-67.7401,2.8368],[-67.8138,2.8312],[-67.8359,2.794],[-67.8598,2.7851],[-67.8598,2.8676],[-67.4349,3.2485],[-67.3823,3.2485],[-67.3822,3.2942],[-67.3121,3.3771],[-67.3389,3.4489],[-67.4009,3.4758],[-67.4127,3.5387],[-67.4453,3.586],[-67.4493,3.6763],[-67.4706,3.6851],[-67.5027,3.7667],[-67.521,3.7741],[-67.5395,3.7552],[-67.595,3.749],[-67.6179,3.7591],[-67.6645,3.8929],[-67.6945,3.9273],[-67.7105,4.0384]]]},"properties":{"FID":29,"OBJECTID":30,"DeCodigo":"94","DeNombre":"Guainía","DeArea":70918.056082499999,"Categoria6":"4","SHAPE_Leng":2375998.6863299999,"SHAPE_Area":70918056082.5}},{"type":"Feature","id":30,"geometry":{"type":"Polygon","coordinates":[[[-71.3127,2.9246],[-71.3308,2.9213],[-71.3477,2.8582],[-71.3616,2.8905],[-71.3827,2.8875],[-71.3912,2.8439],[-71.4634,2.8993],[-71.4703,2.8531],[-71.5207,2.879],[-71.5451,2.8591],[-71.5832,2.8723],[-71.5752,2.8443],[-71.6106,2.8463],[-71.6522,2.8202],[-71.6739,2.8258],[-71.662,2.8727],[-71.6815,2.8717],[-71.6971,2.8381],[-71.7619,2.8973],[-71.758,2.853],[-71.78,2.8178],[-71.7884,2.8695],[-71.8206,2.8791],[-71.8509,2.8716],[-71.8231,2.87],[-71.8279,2.8375],[-71.9539,2.8317],[-71.9819,2.8012],[-72.0049,2.8294],[-72.0516,2.8167],[-72.0821,2.8259],[-72.135,2.8889],[-72.144,2.8647],[-72.1828,2.8752],[-72.2027,2.864],[-72.2058,2.8148],[-72.184,2.7903],[-72.1929,2.7723],[-72.2151,2.7757],[-72.2595,2.8247],[-72.28,2.7758],[-72.295,2.7741],[-72.313,2.7991],[-72.3355,2.7967],[-72.4067,2.726],[-72.4346,2.74],[-72.4706,2.7338],[-72.4722,2.6893],[-72.5363,2.7027],[-72.5372,2.6828],[-72.5714,2.6741],[-72.5558,2.6499],[-72.5867,2.6393],[-72.5864,2.5837],[-72.6209,2.6274],[-72.653,2.5715],[-72.6794,2.6222],[-72.7022,2.6178],[-72.7397,2.5699],[-72.8182,2.614],[-72.9203,2.5625],[-72.921,2.5344],[-72.9583,2.5085],[-72.9542,2.4949],[-72.9326,2.4968],[-72.9347,2.4638],[-72.9626,2.4802],[-72.9658,2.4484],[-72.9861,2.4519],[-73.0328,2.4126],[-73.0452,2.4379],[-73.1106,2.381],[-73.1278,2.411],[-73.1413,2.3971],[-73.1241,2.3788],[-73.1635,2.3654],[-73.1657,2.3994],[-73.2016,2.3825],[-73.2177,2.3864],[-73.2165,2.4055],[-73.2259,2.3889],[-73.2679,2.3809],[-73.2412,2.3713],[-73.2425,2.3473],[-73.2674,2.3588],[-73.3006,2.336],[-73.3304,2.3604],[-73.3332,2.3333],[-73.3567,2.3241],[-73.3451,2.3527],[-73.3569,2.3685],[-73.3746,2.3625],[-73.379,2.325],[-73.3963,2.3289],[-73.3903,2.3511],[-73.4122,2.357],[-73.4368,2.3265],[-73.4423,2.3863],[-73.4557,2.3824],[-73.4503,2.3397],[-73.474,2.3618],[-73.5059,2.3564],[-73.5123,2.3329],[-73.528,2.3876],[-73.572,2.3549],[-73.5854,2.3596],[-73.5864,2.39],[-73.6185,2.3767],[-73.633,2.3603],[-73.6138,2.3411],[-73.635,2.3257],[-73.6297,2.2949],[-73.6434,2.2837],[-73.6569,2.2945],[-73.6639,1.5934],[-73.5473,1.438],[-73.5351,1.3899],[-73.483,1.3703],[-73.4561,1.2946],[-73.4283,1.2959],[-73.4319,1.2589],[-73.4087,1.2414],[-73.4242,1.2235],[-73.4073,1.2057],[-73.4211,1.1909],[-73.393,1.1719],[-73.393,1.1474],[-73.3436,1.1234],[-73.3405,1.0992],[-73.282,1.0668],[-73.2788,1.0473],[-73.2516,1.0488],[-73.2349,1.0087],[-73.1786,1.0002],[-73.1729,0.9815],[-73.1895,0.967],[-73.1643,0.9404],[-73.1469,0.9433],[-73.1445,0.9199],[-73.1093,0.924],[-73.0767,0.8944],[-73.0516,0.9119],[-73.0383,0.9024],[-73.0266,0.9215],[-73.0097,0.9105],[-73.0062,0.9333],[-72.9879,0.9281],[-72.9966,0.9517],[-72.9403,0.98],[-72.9325,1.0152],[-72.8672,1.0245],[-72.8652,1.0417],[-72.8793,1.0462],[-72.858,1.0422],[-72.8608,1.0719],[-72.8833,1.07],[-72.8691,1.0865],[-72.8837,1.0986],[-72.85,1.1047],[-72.8721,1.1354],[-72.8498,1.1431],[-72.8592,1.1648],[-72.8269,1.1489],[-72.8239,1.1782],[-72.7713,1.1823],[-72.778,1.1479],[-72.7496,1.1288],[-72.7387,1.1511],[-72.7228,1.1496],[-72.7259,1.1861],[-72.6622,1.1508],[-72.6499,1.1818],[-72.6226,1.1362],[-72.5109,1.068],[-72.4557,1.0799],[-72.3995,1.0039],[-72.4105,0.9868],[-72.4005,0.9674],[-72.377,0.9602],[-72.3916,0.9191],[-72.3544,0.9351],[-72.3399,0.9267],[-72.3469,0.9029],[-72.3324,0.8794],[-72.3436,0.8686],[-72.3288,0.8408],[-72.3167,0.853],[-72.3231,0.8761],[-72.2885,0.8732],[-72.3014,0.8424],[-72.2868,0.8187],[-72.3101,0.8093],[-72.2697,0.7631],[-72.2703,0.7941],[-72.2487,0.7885],[-72.2219,0.7473],[-72.2209,0.7063],[-72.2004,0.702],[-72.1908,0.727],[-72.1639,0.7133],[-72.1634,0.7339],[-72.1403,0.7181],[-72.1267,0.7401],[-72.1098,0.7049],[-72.0704,0.6927],[-72.0707,0.6684],[-72.0862,0.6596],[-72.0486,0.6562],[-71.7741,0.9061],[-71.7657,0.9616],[-71.7403,0.9848],[-71.7102,0.9905],[-71.6884,0.9703],[-71.6656,0.9729],[-71.6158,1.0371],[-71.5853,1.0446],[-71.5727,1.0912],[-71.5825,1.1269],[-71.54,1.1146],[-71.5562,1.1555],[-71.5316,1.1603],[-71.5355,1.1241],[-71.5027,1.1033],[-71.4851,1.1088],[-71.5347,1.206],[-71.553,1.2074],[-71.5389,1.2302],[-71.5525,1.2769],[-71.5264,1.278],[-71.5306,1.2958],[-71.4786,1.4048],[-71.4794,1.4462],[-71.4553,1.4648],[-71.4399,1.508],[-71.4395,1.545],[-71.3902,1.5982],[-71.3982,1.7337],[-71.3678,1.7389],[-71.3304,1.7051],[-71.3139,1.7139],[-71.2586,1.668],[-71.1258,1.7831],[-71.0926,1.7811],[-71.0934,1.8021],[-71.0647,1.7983],[-71.0417,1.8175],[-71.0003,1.815],[-70.9565,1.8462],[-70.9024,1.8885],[-70.8945,1.9277],[-70.8774,1.9331],[-70.8661,1.9088],[-70.847,1.9206],[-70.801,1.9056],[-70.7705,1.9276],[-70.7611,1.91],[-70.7331,1.9239],[-70.6911,1.8977],[-70.6626,1.9139],[-70.6365,1.9032],[-70.6209,1.93],[-70.5791,1.9286],[-70.5309,1.9571],[-70.514,1.957],[-70.5111,1.9404],[-70.4866,1.9458],[-70.4853,1.9631],[-70.4644,1.963],[-70.4656,1.9829],[-70.4347,1.9997],[-70.3865,1.9852],[-70.3681,2.0036],[-70.3511,1.983],[-70.3176,2.0128],[-70.2607,2.0141],[-70.2505,2.0294],[-70.181,2.0248],[-70.1515,2.0716],[-70.1395,2.0623],[-70.1088,2.0802],[-70.1193,2.1103],[-70.0922,2.122],[-70.1001,2.13],[-70.0584,2.1457],[-70.0553,2.1619],[-70.0336,2.1585],[-70.0362,2.182],[-70.0059,2.1827],[-69.9955,2.2238],[-70.0233,2.2342],[-70.0264,2.2724],[-70.0538,2.2793],[-70.047,2.2942],[-70.0692,2.294],[-70.0852,2.2632],[-70.1467,2.2777],[-70.1417,2.2512],[-70.1597,2.2651],[-70.1568,2.2399],[-70.1745,2.2374],[-70.1914,2.2526],[-70.1827,2.2401],[-70.1944,2.2298],[-70.2473,2.2433],[-70.2435,2.2653],[-70.2736,2.2374],[-70.3055,2.2529],[-70.2928,2.2285],[-70.3122,2.2083],[-70.342,2.2479],[-70.3659,2.2355],[-70.399,2.2678],[-70.4079,2.2552],[-70.4208,2.2686],[-70.4582,2.2573],[-70.4647,2.2334],[-70.4984,2.2344],[-70.5134,2.2573],[-70.4888,2.2548],[-70.511,2.2828],[-70.5307,2.2684],[-70.63,2.3129],[-70.6797,2.441],[-70.7332,2.485],[-70.7541,2.537],[-70.793,2.5201],[-70.8293,2.5327],[-70.8526,2.5702],[-70.8886,2.5573],[-70.9282,2.5704],[-70.9425,2.6067],[-70.5012,2.788],[-70.5699,2.8327],[-70.5957,2.8377],[-70.6183,2.7917],[-70.6354,2.8488],[-70.6622,2.8565],[-70.6404,2.8026],[-70.6817,2.7778],[-70.7092,2.7371],[-70.7248,2.7952],[-70.7544,2.7702],[-70.8113,2.76],[-70.7964,2.7944],[-70.8216,2.8131],[-70.8714,2.7778],[-70.8542,2.8232],[-70.8761,2.8474],[-70.871,2.7993],[-70.8837,2.7926],[-70.9113,2.8499],[-70.9381,2.8573],[-70.9251,2.8154],[-70.9466,2.7856],[-70.962,2.8005],[-70.9479,2.818],[-70.9546,2.8421],[-70.9885,2.8291],[-71.0106,2.8568],[-71.0581,2.8528],[-71.0758,2.8822],[-71.1158,2.8752],[-71.1372,2.9039],[-71.1514,2.8722],[-71.1835,2.9048],[-71.2218,2.8656],[-71.2472,2.8628],[-71.2596,2.8862],[-71.2837,2.8678],[-71.2996,2.8756],[-71.3127,2.9246]]]},"properties":{"FID":30,"OBJECTID":31,"DeCodigo":"95","DeNombre":"Guaviare","DeArea":55403.225683099998,"Categoria6":"4","SHAPE_Leng":2150053.4498000001,"SHAPE_Area":55403225683.099998}},{"type":"Feature","id":31,"geometry":{"type":"Polygon","coordinates":[[[-70.1116,2.0803],[-70.1395,2.0623],[-70.1515,2.0716],[-70.181,2.0248],[-70.2505,2.0294],[-70.2607,2.0141],[-70.3176,2.0128],[-70.3511,1.983],[-70.3681,2.0036],[-70.3865,1.9852],[-70.4347,1.9997],[-70.4656,1.9829],[-70.4644,1.963],[-70.4853,1.9631],[-70.4866,1.9458],[-70.5111,1.9404],[-70.514,1.957],[-70.5309,1.9571],[-70.5791,1.9286],[-70.6209,1.93],[-70.6361,1.9033],[-70.6626,1.9139],[-70.6911,1.8977],[-70.7331,1.9239],[-70.7611,1.91],[-70.7705,1.9276],[-70.801,1.9056],[-70.847,1.9206],[-70.8661,1.9088],[-70.8796,1.9332],[-70.8947,1.9275],[-70.9026,1.8883],[-71.0001,1.8152],[-71.0934,1.8021],[-71.0926,1.7811],[-71.1258,1.7831],[-71.2586,1.668],[-71.3139,1.7139],[-71.3304,1.7051],[-71.3678,1.7389],[-71.3982,1.7337],[-71.3902,1.5982],[-71.4395,1.545],[-71.4399,1.508],[-71.4553,1.4648],[-71.4794,1.4462],[-71.4786,1.4048],[-71.5306,1.2958],[-71.5264,1.278],[-71.5525,1.2769],[-71.5389,1.2302],[-71.553,1.2074],[-71.5347,1.206],[-71.4851,1.1088],[-71.5027,1.1033],[-71.5355,1.1241],[-71.5316,1.1603],[-71.5562,1.1555],[-71.54,1.1146],[-71.5825,1.1269],[-71.5727,1.0912],[-71.5851,1.0447],[-71.6158,1.0371],[-71.6656,0.9729],[-71.6884,0.9703],[-71.7102,0.9905],[-71.7403,0.9848],[-71.7657,0.9616],[-71.7741,0.9061],[-72.0332,0.6643],[-71.9993,0.6588],[-71.995,0.6331],[-71.9815,0.632],[-72.0118,0.5977],[-71.9907,0.589],[-71.9898,0.563],[-71.9531,0.54],[-71.9414,0.571],[-71.9293,0.5534],[-71.9131,0.5145],[-71.929,0.4866],[-71.9015,0.472],[-71.9194,0.451],[-71.8898,0.4476],[-71.8871,0.4694],[-71.859,0.457],[-71.8469,0.4136],[-71.8234,0.4057],[-71.8531,0.3524],[-71.8235,0.3394],[-71.8019,0.3553],[-71.8148,0.3736],[-71.767,0.3696],[-71.7891,0.3357],[-71.7537,0.3324],[-71.7372,0.2857],[-71.705,0.3184],[-71.7009,0.2996],[-71.7263,0.281],[-71.6979,0.2375],[-71.6439,0.2096],[-71.6241,0.2159],[-71.6171,0.1929],[-71.6361,0.183],[-71.6058,0.1833],[-71.5608,0.2163],[-71.5899,0.1663],[-71.5315,0.1652],[-71.545,0.131],[-71.5297,0.1199],[-71.4952,0.1348],[-71.4735,0.185],[-71.4556,0.1741],[-71.4703,0.1526],[-71.4496,0.139],[-71.4088,0.1507],[-71.3996,0.1859],[-71.3731,0.1721],[-71.3654,0.1446],[-71.3419,0.1383],[-71.3352,0.155],[-71.321,0.1363],[-71.3285,0.1129],[-71.2903,0.0959],[-71.2927,0.0684],[-71.2349,0.0664],[-71.2258,0.0542],[-71.1843,0.0971],[-71.1454,0.0629],[-71.134,0.0042],[-71.1043,0.026],[-71.095,-0.0082],[-71.0395,-0.0045],[-71.0531,-0.0277],[-71.0311,-0.0474],[-71.0121,-0.0415],[-71.0186,-0.0183],[-71.0017,-0.0038],[-70.9689,-0.0093],[-70.9613,-0.0398],[-70.9273,-0.0518],[-70.925,-0.0916],[-70.8921,-0.1131],[-70.9016,-0.1325],[-70.9345,-0.1317],[-70.9447,-0.1595],[-70.9151,-0.2018],[-70.8831,-0.2139],[-70.8782,-0.28],[-70.8262,-0.3657],[-70.7621,-0.3311],[-70.7595,-0.3191],[-70.7801,-0.3123],[-70.7367,-0.2867],[-70.678,-0.3521],[-70.6304,-0.3199],[-70.5795,-0.392],[-70.5607,-0.3659],[-70.5312,-0.3747],[-70.5193,-0.3577],[-70.4526,-0.4397],[-70.4574,-0.4955],[-70.3996,-0.4629],[-70.3778,-0.4979],[-70.3346,-0.4993],[-70.3212,-0.4698],[-70.3512,-0.4725],[-70.3651,-0.454],[-70.3098,-0.4415],[-70.2883,-0.4129],[-70.2466,-0.4454],[-70.2116,-0.4401],[-70.2026,-0.4738],[-70.2445,-0.4699],[-70.3252,-0.5613],[-70.3097,-0.5903],[-70.2999,-0.5593],[-70.2822,-0.5582],[-70.2561,-0.6029],[-70.2619,-0.7115],[-70.2488,-0.7394],[-70.2902,-0.7525],[-70.2971,-0.7913],[-70.2213,-0.8863],[-70.2606,-0.938],[-70.2959,-0.9365],[-70.3071,-0.9646],[-70.2532,-1.0208],[-70.2321,-1.0146],[-70.2199,-0.9853],[-70.1975,-0.9851],[-70.2276,-1.0497],[-70.1776,-1.0749],[-70.1695,-1.1123],[-70.1283,-1.1111],[-70.0793,-1.0384],[-70.0874,-1.0126],[-70.1256,-1.0213],[-70.1381,-1.0099],[-70.1053,-0.9558],[-70.0732,-0.9482],[-70.0393,-0.9809],[-70.0231,-0.9715],[-70.0203,-0.9376],[-70.001,-0.9455],[-69.9968,-0.9765],[-69.9582,-0.9678],[-69.9393,-0.9467],[-69.9018,-0.9747],[-69.954,-0.9951],[-69.9412,-1.0331],[-69.971,-1.0687],[-69.9609,-1.0933],[-69.8764,-1.0786],[-69.8303,-1.0278],[-69.7809,-1.0894],[-69.7454,-1.0975],[-69.7348,-1.0813],[-69.7576,-1.0735],[-69.7747,-1.041],[-69.7495,-1.0276],[-69.7047,-1.0478],[-69.6497,-1.1158],[-69.6523,-1.1337],[-69.6615,-1.1165],[-69.6809,-1.1213],[-69.6804,-1.2007],[-69.6665,-1.2251],[-69.6385,-1.2149],[-69.6331,-1.1664],[-69.5925,-1.1458],[-69.5647,-1.1933],[-69.4904,-1.2169],[-69.465,-1.1893],[-69.4892,-1.1529],[-69.4596,-1.1342],[-69.4699,-1.0897],[-69.4521,-1.0708],[-69.4195,-1.07],[-69.43,-1.0613],[-69.4185,-1.0431],[-69.4447,-1.0235],[-69.4177,-0.9995],[-69.4591,-0.9934],[-69.4708,-0.9571],[-69.5278,-0.9247],[-69.5254,-0.8678],[-69.573,-0.838],[-69.5641,-0.8065],[-69.6249,-0.7462],[-69.5619,-0.6359],[-69.6028,-0.5954],[-69.5913,-0.5604],[-69.614,-0.5339],[-69.6084,-0.5],[-69.7267,-0.4454],[-69.7737,-0.391],[-69.8303,-0.373],[-69.8449,-0.3369],[-69.8898,-0.3418],[-69.9206,-0.3257],[-70.0007,-0.2212],[-70.0536,-0.1893],[-70.0653,-0.1644],[-70.0425,-0.1238],[-70.0464,0.5634],[-70.0047,0.545],[-70.0,0.5745],[-69.9778,0.5782],[-69.9363,0.5531],[-69.9162,0.5904],[-69.8848,0.5774],[-69.8228,0.5916],[-69.8031,0.572],[-69.7483,0.6203],[-69.7235,0.6157],[-69.7159,0.6412],[-69.6713,0.6681],[-69.644,0.6625],[-69.6069,0.6136],[-69.607,0.6343],[-69.5882,0.64],[-69.5972,0.6547],[-69.5623,0.6846],[-69.536,0.6797],[-69.5319,0.7032],[-69.479,0.7366],[-69.433,0.7129],[-69.4347,0.6985],[-69.3547,0.6154],[-69.3372,0.643],[-69.3192,0.6268],[-69.2907,0.6509],[-69.2945,0.6042],[-69.2031,0.6072],[-69.1955,0.6524],[-69.119,0.642],[-69.1543,0.7057],[-69.184,0.7079],[-69.1921,0.7392],[-69.1503,0.7698],[-69.1691,0.8445],[-69.1448,0.8497],[-69.1372,0.8713],[-69.188,0.8982],[-69.192,0.9319],[-69.1702,0.9409],[-69.2207,0.9743],[-69.2048,0.9925],[-69.2117,1.0153],[-69.2536,1.0536],[-69.3041,1.0609],[-69.3218,1.0874],[-69.3792,1.0769],[-69.4134,1.0355],[-69.4593,1.0761],[-69.57,1.0594],[-69.6123,1.0973],[-69.675,1.0684],[-69.7043,1.0726],[-69.7036,1.1169],[-69.7731,1.0993],[-69.806,1.0623],[-69.8463,1.0777],[-69.8457,1.7133],[-69.9028,1.7453],[-69.975,1.7432],[-70.0465,1.7722],[-70.1491,1.8676],[-70.1756,1.8701],[-70.1657,1.9337],[-70.1115,2.0028],[-70.1218,2.0321],[-70.1116,2.0803]]]},"properties":{"FID":31,"OBJECTID":32,"DeCodigo":"97","DeNombre":"Vaupés","DeArea":53060.617564799999,"Categoria6":"4","SHAPE_Leng":2247335.7345500002,"SHAPE_Area":53060617564.800003}},{"type":"Feature","id":32,"geometry":{"type":"Polygon","coordinates":[[[-67.8046,6.298],[-67.8338,6.3045],[-67.8875,6.2808],[-67.9079,6.2311],[-67.9877,6.1991],[-68.0393,6.1915],[-68.0689,6.2291],[-68.2144,6.2006],[-68.258,6.165],[-68.3132,6.1489],[-68.351,6.1682],[-68.4678,6.1829],[-68.5429,6.1443],[-68.5849,6.1647],[-68.6099,6.1311],[-68.6698,6.1102],[-68.7173,6.1527],[-68.7956,6.1417],[-68.8313,6.1629],[-68.8547,6.1478],[-68.9301,6.1492],[-68.9625,6.189],[-69.0221,6.1841],[-69.0799,6.2085],[-69.1357,6.1723],[-69.1445,6.1437],[-69.1737,6.1232],[-69.1721,6.1026],[-69.2528,6.056],[-69.2934,6.0589],[-69.3561,6.1281],[-69.3852,6.1014],[-69.4193,6.0971],[-69.4288,6.1091],[-69.4525,6.0833],[-69.5415,6.0437],[-69.6826,6.0384],[-69.8042,6.0554],[-69.8417,6.0343],[-69.8546,5.9841],[-69.8828,5.9698],[-69.9325,5.8765],[-69.9677,5.8594],[-69.9788,5.8073],[-70.0438,5.7462],[-70.0568,5.7036],[-70.1402,5.6099],[-70.1947,5.6032],[-70.2638,5.5636],[-70.3608,5.5869],[-70.6744,5.3675],[-70.6741,5.3155],[-70.6938,5.2835],[-70.8609,5.145],[-70.9438,5.1243],[-70.9745,5.0801],[-70.9677,5.0583],[-70.9868,5.0437],[-71.0019,4.9807],[-71.0565,4.9064],[-71.0779,4.8991],[-71.0775,2.8822],[-71.0624,2.8563],[-71.0291,2.8463],[-71.0106,2.8568],[-70.9876,2.8289],[-70.9546,2.8421],[-70.9479,2.818],[-70.962,2.8005],[-70.9457,2.7855],[-70.9251,2.8154],[-70.9381,2.8573],[-70.9113,2.8499],[-70.8837,2.7926],[-70.8715,2.7963],[-70.8753,2.8471],[-70.8542,2.8232],[-70.8714,2.7778],[-70.8216,2.8131],[-70.7964,2.7944],[-70.8113,2.76],[-70.7544,2.7702],[-70.7248,2.7952],[-70.7092,2.7371],[-70.6817,2.7778],[-70.6404,2.8026],[-70.6601,2.8574],[-70.6354,2.8488],[-70.6203,2.7926],[-70.5873,2.8405],[-70.5047,2.7878],[-70.4939,2.8133],[-70.3587,2.8519],[-70.354,2.914],[-70.2784,2.9365],[-70.3033,3.0336],[-70.2553,3.0397],[-70.2727,3.0661],[-70.3152,3.0708],[-70.3199,3.0863],[-70.2799,3.0945],[-70.2879,3.124],[-70.2444,3.1792],[-70.2065,3.1731],[-70.2179,3.206],[-70.1923,3.1735],[-70.1646,3.1811],[-70.1744,3.2358],[-70.1572,3.2294],[-70.1481,3.1908],[-70.128,3.2023],[-70.1318,3.2441],[-70.1568,3.2579],[-70.1579,3.2816],[-70.1362,3.2938],[-70.1157,3.2797],[-70.1088,3.2937],[-70.1729,3.349],[-70.1334,3.3651],[-70.1266,3.4008],[-70.1103,3.385],[-70.076,3.3874],[-70.0258,3.4176],[-70.0019,3.3727],[-69.9435,3.3948],[-69.9603,3.4569],[-69.915,3.447],[-69.9025,3.4244],[-69.8717,3.4394],[-69.8617,3.4788],[-69.8955,3.5172],[-69.8936,3.5369],[-69.8724,3.5358],[-69.8516,3.4918],[-69.8172,3.477],[-69.8439,3.549],[-69.8171,3.5521],[-69.8154,3.5159],[-69.8019,3.5079],[-69.7773,3.5646],[-69.734,3.5429],[-69.7137,3.5494],[-69.7424,3.576],[-69.7399,3.5909],[-69.7098,3.5767],[-69.7006,3.5399],[-69.6631,3.5854],[-69.629,3.5686],[-69.6089,3.5955],[-69.5926,3.5677],[-69.5706,3.6694],[-69.5955,3.673],[-69.5887,3.6835],[-69.5043,3.6787],[-69.4929,3.6508],[-69.4784,3.6954],[-69.4547,3.709],[-69.4077,3.66],[-69.3879,3.6851],[-69.3664,3.6655],[-69.3035,3.7173],[-69.2896,3.6981],[-69.3057,3.6522],[-69.292,3.6448],[-69.268,3.6813],[-69.2871,3.7133],[-69.2797,3.7263],[-69.247,3.7148],[-69.235,3.674],[-69.208,3.702],[-69.2001,3.6695],[-69.1681,3.6719],[-69.1867,3.6339],[-69.1525,3.6426],[-69.1211,3.676],[-69.1004,3.6381],[-69.0788,3.6559],[-69.0559,3.6387],[-68.9958,3.6919],[-68.9423,3.6825],[-68.9376,3.7424],[-68.9258,3.6869],[-68.8642,3.7063],[-68.835,3.6701],[-68.8521,3.7387],[-68.7948,3.7223],[-68.7543,3.7831],[-68.6508,3.7617],[-68.6464,3.7751],[-68.6805,3.797],[-68.672,3.812],[-68.6347,3.7736],[-68.576,3.7902],[-68.5506,3.764],[-68.5693,3.818],[-68.5099,3.7791],[-68.513,3.8255],[-68.4762,3.852],[-68.4445,3.8384],[-68.4468,3.8844],[-68.3947,3.8508],[-68.393,3.8729],[-68.4366,3.915],[-68.4204,3.9267],[-68.3818,3.9124],[-68.3467,3.9241],[-68.3446,3.9932],[-68.3139,3.9778],[-68.2367,3.9752],[-68.2066,3.9568],[-68.205,3.9975],[-68.1737,3.986],[-68.1305,4.0009],[-68.1195,3.9821],[-68.1328,3.9465],[-68.1129,3.9434],[-68.0983,3.9746],[-68.0784,3.9805],[-68.079,3.9352],[-68.0345,4.0114],[-68.0248,3.9759],[-67.9374,3.9631],[-67.9136,3.9094],[-67.876,3.9191],[-67.8132,3.9845],[-67.712,4.0419],[-67.7359,4.1191],[-67.7851,4.1701],[-67.8063,4.2357],[-67.7957,4.2697],[-67.8074,4.3254],[-67.7678,4.345],[-67.7897,4.3927],[-67.7789,4.4187],[-67.8,4.436],[-67.8074,4.4811],[-67.8636,4.5254],[-67.8463,4.5576],[-67.8544,4.6437],[-67.8308,4.7683],[-67.8472,4.9423],[-67.8125,5.0468],[-67.8394,5.0669],[-67.8258,5.0835],[-67.8561,5.1251],[-67.8321,5.1976],[-67.8435,5.2449],[-67.8702,5.2666],[-67.8019,5.3695],[-67.6763,5.439],[-67.6276,5.4853],[-67.6318,5.5195],[-67.6051,5.5423],[-67.6343,5.572],[-67.6231,5.5899],[-67.6518,5.7008],[-67.6197,5.7546],[-67.63,5.8],[-67.5685,5.8651],[-67.545,5.9139],[-67.4237,6.0088],[-67.4339,6.038],[-67.4855,6.0719],[-67.4841,6.0986],[-67.5034,6.1237],[-67.5002,6.1649],[-67.4641,6.1933],[-67.5286,6.2319],[-67.5305,6.2506],[-67.598,6.2613],[-67.6245,6.2893],[-67.7633,6.2837],[-67.8046,6.298]]]},"properties":{"FID":32,"OBJECTID":33,"DeCodigo":"99","DeNombre":"Vichada","DeArea":99072.891369399993,"Categoria6":"4","SHAPE_Leng":1958905.6296300001,"SHAPE_Area":99072891369.399994}}]}