{"type": "FeatureCollection", "name": "limites_contexto", "crs": {"type": "name", "properties": {"name": "urn:ogc:def:crs:OGC:1.3:CRS84"}}, "features": [{"type": "Feature", "properties": {"MpNombre": "San Luis", "Depto": "Tolima", "MpCodigo": "73678", "rol": "contexto", "marca": "F"}, "geometry": {"type": "Polygon", "coordinates": [[[-75.17794597535712, 4.2801142870903535], [-75.17807800725667, 4.28041607094245], [-75.17810849698971, 4.280606976261043], [-75.17810178923787, 4.280759970565461], [-75.1778730105707, 4.281313983906366], [-75.17682682611859, 4.283301735184356], [-75.17635020576911, 4.2838793662851185], [-75.17541031918866, 4.2845099221015195], [-75.17495858625045, 4.284873801209828], [-75.17441451172591, 4.285312058368071], [-75.17350972107195, 4.286040881824176], [-75.17243204893751, 4.286934713928943], [-75.17029447741842, 4.2885312124052355], [-75.16987349776693, 4.289153982811952], [-75.1697561936675, 4.289588407059833], [-75.1691322203593, 4.291899241633919], [-75.16896197941283, 4.292326451397365], [-75.16893741716947, 4.29246235994291], [-75.16872722964611, 4.293404969243906], [-75.16863171285124, 4.293833327623936], [-75.16826554756206, 4.294931819983629], [-75.16838921013802, 4.296919160822427], [-75.16861394120613, 4.297796684200648], [-75.16858788876078, 4.298068548796727], [-75.1684581762223, 4.298241469209172], [-75.16781622530038, 4.298659788330426], [-75.16627043638071, 4.299284412716814], [-75.16585321419522, 4.299570453405901], [-75.1656054212984, 4.299758607127724], [-75.16502265490438, 4.300201115922686], [-75.16365987873482, 4.30123591032731], [-75.1606777131056, 4.302910199879616], [-75.16029678106946, 4.303161929197309], [-75.15845144667809, 4.304504343967157], [-75.15677209074705, 4.305790212374338], [-75.15622799136958, 4.3060697985611744], [-75.15592998930961, 4.306164619996871], [-75.15568180882396, 4.306243585055233], [-75.15542940598306, 4.306351166555821], [-75.15527630970492, 4.306454609903924], [-75.15454198856308, 4.307245699697294], [-75.15368741701788, 4.3080352267753845], [-75.15332329644572, 4.308320730290809], [-75.1526157420569, 4.308709679397535], [-75.15179416773132, 4.3090183695888165], [-75.15123499456595, 4.309030268860814], [-75.15017699673881, 4.309105715156321], [-75.15011457692161, 4.309098843872103], [-75.1496769327678, 4.309123869937203], [-75.14941194996935, 4.309204077844204], [-75.14918050613953, 4.309343925122315], [-75.14879068872831, 4.30946362273408], [-75.14852674631784, 4.309472024656939], [-75.14823117212855, 4.309481434877316], [-75.14804472881845, 4.3095327621817745], [-75.14782447090107, 4.309652219313578], [-75.14755348696652, 4.309873876198597], [-75.14746245044776, 4.309990529435559], [-75.14735890567736, 4.310117909990097], [-75.14719000687518, 4.31022795610032], [-75.1470793192352, 4.310300073908823], [-75.14680080638945, 4.3104240811947445], [-75.14635067101608, 4.310624502618017], [-75.14599698179538, 4.310814364425181], [-75.14583185866957, 4.310955019450369], [-75.14574323332482, 4.311235995441457], [-75.14568002267971, 4.31150416729879], [-75.14546454783134, 4.312015110171738], [-75.14518636184242, 4.312330159601129], [-75.14515982426919, 4.312360215854876], [-75.14447353760866, 4.312667562105992], [-75.14377462411427, 4.313038758073379], [-75.14439404417986, 4.313491757051249], [-75.14495993541912, 4.3140102710379], [-75.14523311918876, 4.314315759879144], [-75.1453636346892, 4.314451635612052], [-75.14564380467162, 4.3147433139255424], [-75.14571043232648, 4.314812678173998], [-75.14607343839432, 4.315367172204528], [-75.14626472600364, 4.315558662315582], [-75.14628344439345, 4.315577395730937], [-75.14660789284095, 4.31582573432538], [-75.14691351840948, 4.31624634188009], [-75.1469950362784, 4.31633559419265], [-75.14746217157013, 4.316847043006971], [-75.14752452784339, 4.316915315642282], [-75.14792059463834, 4.317383854739744], [-75.14815471135789, 4.317660810322431], [-75.14852638524896, 4.318237339155591], [-75.14853687241728, 4.31827741451837], [-75.14853743182506, 4.318676600863889], [-75.14852653119051, 4.318742837211795], [-75.14844871303103, 4.3189557929400175], [-75.14840453926246, 4.319076676693063], [-75.14835507806582, 4.319259746318281], [-75.14829074132969, 4.319497876950659], [-75.14823437781199, 4.320091236795372], [-75.1482350230146, 4.3205505507750495], [-75.14822024055037, 4.320855960944589], [-75.14821184975231, 4.321029312903746], [-75.14831226283327, 4.321393284995889], [-75.14793154969058, 4.321083954805767], [-75.14745565676886, 4.320762730799515], [-75.14714632839164, 4.320619959710076], [-75.1468369979336, 4.320524782098245], [-75.14658715415014, 4.320560473837821], [-75.14633731107806, 4.3206675496809925], [-75.14593280160669, 4.321357594435885], [-75.14563537015646, 4.322000047832527], [-75.14545691014682, 4.322309378156754], [-75.14501670972217, 4.322713887974994], [-75.14465979132098, 4.323130294437826], [-75.14448133074164, 4.323261161945526], [-75.14423148802356, 4.323356342854511], [-75.14394595217738, 4.323368238107155], [-75.14338677867721, 4.323225470706823], [-75.14282760644181, 4.323011319353221], [-75.14262535239862, 4.322951831767382], [-75.14239930276706, 4.3229518322595375], [-75.14169736214241, 4.323237366759115], [-75.14070988582282, 4.32399879692737], [-75.14059091164017, 4.32415345988602], [-75.13993656115659, 4.324855403880157], [-75.13967481974575, 4.325176627776755], [-75.13946066760579, 4.325283704710925], [-75.13921082491687, 4.325426472148517], [-75.13905615986828, 4.325438369370632], [-75.13883011072444, 4.325426471587295], [-75.13831852731126, 4.32511714300795], [-75.1379735047042, 4.3248197092481595], [-75.13767607292392, 4.324557970035607], [-75.13747381891673, 4.324427098303047], [-75.1372953585571, 4.324403302628747], [-75.13704551610964, 4.3244389983863], [-75.1366291096383, 4.324760222713272], [-75.13624839612106, 4.324974376404873], [-75.13598665516705, 4.325010065733911], [-75.13560594221215, 4.324962476676571], [-75.13534420139169, 4.324700736715603], [-75.1348683087331, 4.324343816821303], [-75.13460656798124, 4.32424864010197], [-75.13401170304907, 4.324165358979496], [-75.13378565363104, 4.324153460364825], [-75.1335952970374, 4.324046384152569], [-75.13336924843026, 4.323832234113033], [-75.13325027491156, 4.3233682379054805], [-75.13308371320377, 4.322178507231947], [-75.13313130223236, 4.321643128773552], [-75.13310750820735, 4.321440874852384], [-75.13301232901364, 4.3211672355528234], [-75.1325007452456, 4.320489092283605], [-75.13177500900764, 4.320060787043909], [-75.13152516595443, 4.319882327623283], [-75.13068045733996, 4.3191922838115495], [-75.13003800330276, 4.318728291912976], [-75.12908621756144, 4.318157218600971], [-75.12799166630204, 4.31776460757991], [-75.12701608743747, 4.317669432196468], [-75.12574307597484, 4.3176575306409175], [-75.12477939361561, 4.317824093991648], [-75.12426780985713, 4.318097733434035], [-75.12389899266105, 4.318418959393358], [-75.1235301770497, 4.31851413916155], [-75.1230304898814, 4.318502240011233], [-75.12153143042467, 4.318418958750335], [-75.12042497959118, 4.318264294603093], [-75.11944940096839, 4.318264294692183], [-75.11829536313452, 4.318371371902258], [-75.11774808736999, 4.318454652954788], [-75.11740306532936, 4.318597419674082], [-75.11701045404946, 4.318930544740621], [-75.11629661597165, 4.319465921805537], [-75.11591590192043, 4.319644380775228], [-75.11553518761671, 4.319703871178369], [-75.11520206388802, 4.319680075384684], [-75.11489273422106, 4.319525408230577], [-75.11423838240133, 4.318633110346427], [-75.11339367296384, 4.317157844967037], [-75.11307244594492, 4.316812825335017], [-75.11226342860874, 4.3163726233279505], [-75.11173994760237, 4.316289342201324], [-75.11134733714161, 4.316348827709228], [-75.11072867738513, 4.3163964188845245], [-75.1098839680188, 4.316206060699419], [-75.10931289832112, 4.3158610410073175], [-75.10897977259225, 4.315551707886181], [-75.10863475131369, 4.315016330289201], [-75.1083492161995, 4.3145166431263675], [-75.108265935217, 4.314314389448072], [-75.10809937197045, 4.314088340993029], [-75.10771865941372, 4.313945573555568], [-75.10688584708714, 4.313767113064325], [-75.10657651742065, 4.313541064422919], [-75.10580319270377, 4.312422716899364], [-75.10535109533643, 4.311566111349132], [-75.10518453314967, 4.310638122003763], [-75.10518453317334, 4.3096625431880256], [-75.1051012519158, 4.309377009069078], [-75.1049822788703, 4.309222342404974], [-75.10462535864363, 4.3089962925612015], [-75.1043398238202, 4.3087464497241195], [-75.1041256728727, 4.30833004443475], [-75.10399480180645, 4.307806562838313], [-75.1039115212776, 4.30706893104616], [-75.10380444514594, 4.30633129721304], [-75.1036854720943, 4.305962481435628], [-75.1033166559201, 4.305605561316854], [-75.1025314336237, 4.30518915602849], [-75.1011870376808, 4.304748957815604], [-75.10029474007095, 4.304534805103681], [-75.09973556701726, 4.304308757404664], [-75.09964038933097, 4.3041540901684945], [-75.09962849066784, 4.303928040782258], [-75.09968797828684, 4.303749583802981], [-75.09985453994223, 4.303559226254991], [-75.10024715061095, 4.303368868350536], [-75.10036612406614, 4.30321420290998], [-75.10049699532956, 4.302869181200192], [-75.1004613026813, 4.3023575990375225], [-75.10022335594095, 4.301917398253099], [-75.09989023207893, 4.3017627322582035], [-75.09949762082796, 4.301667554135674], [-75.09895034513129, 4.301703245161691], [-75.09714195429058, 4.302619338370298], [-75.0968207272796, 4.302655029751067], [-75.09648760323859, 4.302619338373982], [-75.09490526084473, 4.3023338035996845], [-75.08989649630352, 4.301477197001116], [-75.08968234436263, 4.301453401593797], [-75.08938491213638, 4.301429606970847], [-75.08907558186426, 4.301322533881797], [-75.08870676491905, 4.30113217726695], [-75.08856399785562, 4.301108380823454], [-75.08836174338568, 4.300929924025147], [-75.08827846216401, 4.300549208018982], [-75.08831415432492, 4.299942444203132], [-75.08834984573309, 4.299347581082469], [-75.0883974347936, 4.298919275795975], [-75.0883736411733, 4.298717022364708], [-75.0882308727615, 4.298455282647906], [-75.08744565098424, 4.296634993179235], [-75.08706493668667, 4.296230487276823], [-75.08637489273026, 4.295552339230606], [-75.08602987176357, 4.294945579164478], [-75.08589900131192, 4.294505376646165], [-75.0858038233458, 4.293970000083113], [-75.08576813104601, 4.2933513366313365], [-75.08585141166631, 4.291971251069372], [-75.08589900143612, 4.29103136289201], [-75.08587520686156, 4.290686343059045], [-75.08578002764183, 4.290400809408674], [-75.08554208171091, 4.290162860140053], [-75.08516136791457, 4.289924913073393], [-75.08484014095252, 4.289710763685104], [-75.08387645869578, 4.2894490212008645], [-75.08324244253858, 4.289102426083121], [-75.08337060775395, 4.288888595339608], [-75.08453979093274, 4.287312134316727], [-75.08585786437627, 4.285857864376269], [-75.08731213431672, 4.284539790932745], [-75.0888885953396, 4.283370607753949], [-75.09057206526347, 4.282361574713033], [-75.09234633135269, 4.281522409349774], [-75.09419430645491, 4.2808611932853555], [-75.09609819355967, 4.2803842943919355], [-75.0980396571934, 4.2800963054665555], [-75.1, 4.28], [-75.17790317085445, 4.28], [-75.17794597535712, 4.2801142870903535]]]}}, {"type": "Feature", "properties": {"MpNombre": "Rovira", "Depto": "Tolima", "MpCodigo": "73624", "rol": "contexto", "marca": "F"}, "geometry": {"type": "Polygon", "coordinates": [[[-75.50058217222497, 4.280456759231787], [-75.49996286432442, 4.281190616918537], [-75.49923904599872, 4.281820768422068], [-75.49820166293723, 4.282139759767789], [-75.49726700229226, 4.282249498286921], [-75.49633174843748, 4.282254915270125], [-75.49539648490533, 4.282260333856419], [-75.49446122158291, 4.282265747684169], [-75.49331751408262, 4.282168048828818], [-75.49238225119085, 4.2821734636615725], [-75.49144697860513, 4.282178874672287], [-75.4905117161406, 4.282184281796313], [-75.48957644402945, 4.282189699565181], [-75.48864117211207, 4.282195107150373], [-75.48770590042382, 4.282200515402081], [-75.4867706280555, 4.282205921610685], [-75.4858353558876, 4.282211319443959], [-75.48490306569924, 4.282738343243758], [-75.48397018399683, 4.283161045106103], [-75.48293337527646, 4.283584351081515], [-75.48220952171498, 4.284214501324366], [-75.48127663080125, 4.284637201797845], [-75.48034134996833, 4.284642600070231], [-75.47940666225539, 4.284752320893096], [-75.47847137188955, 4.284757732358311], [-75.47753488740557, 4.284554476037793], [-75.47670113397697, 4.284141970247249], [-75.47597010171997, 4.283520221382696], [-75.47503063532598, 4.282795335138653], [-75.47429960357842, 4.282173574993178], [-75.47336252713544, 4.281865988700972], [-75.47201155040482, 4.281873770384684], [-75.47107626091531, 4.281879158111124], [-75.4700370435801, 4.281885143860741], [-75.46910174634854, 4.2818905237779665], [-75.46785468624606, 4.281897700038977], [-75.46671332262723, 4.282217257853305], [-75.46578041320132, 4.282639952879654], [-75.46495141193282, 4.28306204162925], [-75.46412360618291, 4.283692787005559], [-75.46340150442511, 4.284635907796001], [-75.46299057897015, 4.28547291579945], [-75.46226668918496, 4.286103063044688], [-75.46143887413552, 4.286733815870775], [-75.46050534369157, 4.2870521786939015], [-75.45967634278945, 4.287474270574544], [-75.45874340719718, 4.287896954761133], [-75.45770713672333, 4.2884245708113395], [-75.45677479429658, 4.2889515847477515], [-75.45605089530513, 4.289581736287688], [-75.45522307097617, 4.290212488308289], [-75.45439464516264, 4.290738910958174], [-75.45346289426818, 4.291370254865183], [-75.45253113431828, 4.292001610281026], [-75.45170210588148, 4.292423701788602], [-75.4508730869532, 4.292845791069351], [-75.4500446518451, 4.293372213208705], [-75.44900657602086, 4.293586848680788], [-75.44807184267262, 4.293696549874266], [-75.44703376795566, 4.293911175071735], [-75.44589175845097, 4.294126393313952], [-75.44495642299768, 4.29413176766342], [-75.44402107876058, 4.294137137279694], [-75.44308573477024, 4.294142509367552], [-75.4421486126119, 4.2938348806180215], [-75.4412120736629, 4.293631586029993], [-75.4398598309488, 4.293430676568653], [-75.43871484837157, 4.29312423417083], [-75.43756927076579, 4.292713471615065], [-75.43663155592292, 4.2923015022469295], [-75.4355910908299, 4.292098790599084], [-75.43475669978392, 4.291581898218052], [-75.43381957708749, 4.2912742618379225], [-75.43298518643854, 4.290757363604329], [-75.4318390171111, 4.290242240433765], [-75.43100463529902, 4.289725341308101], [-75.430158645228, 4.289447607309496], [-75.42994752117865, 4.289418371660288], [-75.42826540112871, 4.2891854378148935], [-75.42730683378859, 4.289264657436972], [-75.4259521650138, 4.289676606115764], [-75.42529463487809, 4.289922186591274], [-75.42461333962633, 4.290270758843613], [-75.4243677558692, 4.290571795026202], [-75.42420931619932, 4.290833221659571], [-75.4238607460528, 4.291284780871071], [-75.4233775006794, 4.291934384806915], [-75.42241859830555, 4.292589930908414], [-75.42218722965923, 4.292697105068027], [-75.42135875012558, 4.2932235170849555], [-75.42042752037612, 4.293959189609001], [-75.41949332567263, 4.294173187639269], [-75.41845284279552, 4.2939704568838755], [-75.41751569383797, 4.293662793023054], [-75.41657796089048, 4.293250796252423], [-75.41543472016592, 4.293257310352672], [-75.41456753138957, 4.293195314254149], [-75.41324521062563, 4.292726589451272], [-75.41153404987375, 4.292449319697686], [-75.41079729955219, 4.292330488172193], [-75.40960899372516, 4.292211656713846], [-75.40887224375074, 4.2921324389691415], [-75.40827016872426, 4.292203735401963], [-75.40720069343952, 4.29222750217919], [-75.40611537424536, 4.292084906879023], [-75.4052835596915, 4.29187101187676], [-75.40407148667641, 4.2916571170047915], [-75.40336642583517, 4.291649193853407], [-75.40212322303876, 4.291872341166304], [-75.40129529110979, 4.29250307568779], [-75.40057129444544, 4.2931332258127695], [-75.39974747644769, 4.294494316407194], [-75.39944097055654, 4.2954351070414525], [-75.39892601134814, 4.296272747411305], [-75.39820200514008, 4.296902897426398], [-75.39737347993126, 4.29742930961857], [-75.39671454198412, 4.298106267652484], [-75.39617927387722, 4.2985710029165105], [-75.3948294601632, 4.300136796415724], [-75.39122546274304, 4.301706480907521], [-75.38749849242446, 4.303276369031467], [-75.3871804876627, 4.30341207359638], [-75.38430395999193, 4.304639607708555], [-75.38295263513463, 4.305341372304767], [-75.38221559905969, 4.305754075386331], [-75.38135588640446, 4.306331564329193], [-75.38061933743921, 4.307032272757852], [-75.37902334998115, 4.308475040673141], [-75.37808263823392, 4.309628680136118], [-75.37782880005979, 4.309808389891112], [-75.37714206686603, 4.310459955579372], [-75.37693629587248, 4.31076962793015], [-75.37638703489925, 4.311163965661882], [-75.37538709711245, 4.311290719008263], [-75.37390831583166, 4.311220300662863], [-75.37272529058916, 4.311361136946457], [-75.37210561167623, 4.311445638834741], [-75.3715986007968, 4.311699143549758], [-75.37107750666792, 4.312107572027352], [-75.37066908069906, 4.312023070143455], [-75.37028882292246, 4.311854064439975], [-75.36980998017454, 4.311854063698209], [-75.36909171486727, 4.311980817020976], [-75.36831711480467, 4.312149819657016], [-75.36733126124922, 4.3121216539765514], [-75.3665848293125, 4.312065318948471], [-75.36616232012902, 4.311938566280902], [-75.36588469434665, 4.311720633873973], [-75.3655567236804, 4.31144563936323], [-75.36502154616498, 4.311178051675255], [-75.36416244476317, 4.310980879377563], [-75.3629935040663, 4.3105442887590195], [-75.36210623508548, 4.310276698302244], [-75.36074701101931, 4.309810684833201], [-75.36027536364371, 4.309614769379744], [-75.35943034557796, 4.3091500091513515], [-75.3590923388819, 4.308868335005063], [-75.35878430393103, 4.308610015412464], [-75.35831160791422, 4.3082136108383216], [-75.3576417247397, 4.3076430586178445], [-75.35695162710338, 4.307262804111459], [-75.35658545313625, 4.307319135828305], [-75.3561911107816, 4.30747405626954], [-75.35593384399152, 4.307770081264663], [-75.35564184971349, 4.308009234358984], [-75.35528975883528, 4.308262739413833], [-75.35490950076121, 4.308333156921031], [-75.3543743228488, 4.308319072957962], [-75.35383984113963, 4.3083667977502325], [-75.35362789086216, 4.308459911292327], [-75.35336030241744, 4.308671167230447], [-75.35324763343374, 4.309093672604451], [-75.35312277182604, 4.310000171586959], [-75.35300077410038, 4.310576394277104], [-75.35287911756079, 4.3113583393971755], [-75.3526392539222, 4.312044313423567], [-75.35234628073744, 4.31288217200153], [-75.35175476776294, 4.313755355580975], [-75.35050241838047, 4.314727139642222], [-75.34927605019881, 4.316332659762512], [-75.34892395912566, 4.31667066507486], [-75.34716350530782, 4.317938191951245], [-75.34655790909913, 4.3188536270374325], [-75.3463748223748, 4.319459225325212], [-75.34621804956312, 4.319890755595517], [-75.34607186459469, 4.320293144125833], [-75.34592682242167, 4.320627461675187], [-75.3451904255516, 4.3214515819292085], [-75.34445423364396, 4.322399136076576], [-75.34428163093507, 4.322566204389647], [-75.3441476660636, 4.322784091577572], [-75.34394387507272, 4.323050955185451], [-75.34336237257646, 4.323812429046084], [-75.34296962960624, 4.324326725246301], [-75.34276982157999, 4.324588371551843], [-75.34208210716181, 4.325488929716421], [-75.3415365240627, 4.326624428298791], [-75.3408158699996, 4.3281242852996815], [-75.34051216119181, 4.32872123358546], [-75.33999878377462, 4.329730282624324], [-75.33889416790421, 4.330966460662379], [-75.33787156004189, 4.331693621405515], [-75.33750222800263, 4.331956246984187], [-75.33615065861808, 4.33257566757522], [-75.33508545700236, 4.332865454347193], [-75.33422553096835, 4.333360619948752], [-75.33312008626297, 4.33410305845085], [-75.33271223524517, 4.334447232219162], [-75.3316056422497, 4.335381057052068], [-75.3312265256642, 4.3357374286249835], [-75.33108335192202, 4.335872015154299], [-75.32938996556263, 4.33702151006412], [-75.32846044677791, 4.337979195391223], [-75.32765767994422, 4.338612957801099], [-75.3276013450388, 4.339077717708753], [-75.3276999308806, 4.339626979872092], [-75.32767176395318, 4.340486080621486], [-75.32768584669321, 4.3412465972213665], [-75.32777034941202, 4.341838111693458], [-75.32785485091641, 4.3423732874014185], [-75.32785485064666, 4.343161970137449], [-75.32771401410822, 4.3438520683951936], [-75.32741825801426, 4.344288660705893], [-75.3266577420957, 4.344668919901693], [-75.32627748361108, 4.344683002671182], [-75.3256437214458, 4.344683003346387], [-75.32523529584657, 4.344894259306627], [-75.32444661266042, 4.345232263912728], [-75.32347484167889, 4.345443520214993], [-75.32237631903526, 4.345908279666305], [-75.32137638195844, 4.346232202923594], [-75.31986943321999, 4.3462181195497545], [-75.31810897964658, 4.346302620660282], [-75.31708087517222, 4.3460913653779825], [-75.31626402404937, 4.346218119929074], [-75.31570067912769, 4.3464997900482425], [-75.31515141811457, 4.346570207800125], [-75.31388389068172, 4.346598378773605], [-75.31350363260418, 4.346542042737282], [-75.31333462961673, 4.34635895431327], [-75.31325012785126, 4.346020946970812], [-75.31315154287388, 4.34593644485385], [-75.31305295677537, 4.346077282583969], [-75.31288395371686, 4.346119532030154], [-75.31274311692381, 4.346063200431085], [-75.31272903357376, 4.345682940702184], [-75.3125177789588, 4.345415351121102], [-75.31213752061804, 4.345190016018554], [-75.31170092870813, 4.344964677211706], [-75.31105308230349, 4.344612583748406], [-75.31050382012386, 4.344302743745368], [-75.30947571616147, 4.343894319649628], [-75.30855561695981, 4.3435474191856], [-75.3081986975726, 4.34345224282122], [-75.30798454612376, 4.343380857107019], [-75.30786557259795, 4.34323809002457], [-75.30781798390285, 4.342785992658563], [-75.30772280577993, 4.3424290732503845], [-75.30760383281093, 4.342143538814525], [-75.30734209225007, 4.342095947980574], [-75.30691378906236, 4.342024563643028], [-75.30641410177263, 4.341715234349198], [-75.3061761557272, 4.34162005670708], [-75.30586682565284, 4.341715234445689], [-75.30534334490231, 4.341929385738495], [-75.30515298832752, 4.341929385730796], [-75.304915041735, 4.341905591378911], [-75.30443914914854, 4.34152487700556], [-75.30417740881599, 4.341382108595184], [-75.30391566838489, 4.341382109422835], [-75.30372531075035, 4.341358318303985], [-75.30244040227902, 4.34062068202193], [-75.30170276895505, 4.34019238069339], [-75.30108410902199, 4.33993063808425], [-75.30072718975879, 4.339764076433327], [-75.29965643260148, 4.339716490144666], [-75.29841911273824, 4.339692694431729], [-75.29801460498318, 4.3398830519250895], [-75.29772906874605, 4.340168585998842], [-75.29756250719133, 4.3402399677538455], [-75.29746732886083, 4.340287558174912], [-75.29732456083201, 4.340263763016092], [-75.29715799903906, 4.3401685856741565], [-75.29703902602026, 4.339954433197183], [-75.29687246342003, 4.339859256643276], [-75.29668210739678, 4.3398116662880675], [-75.29649174993746, 4.339859257165996], [-75.29620621395111, 4.339954432864482], [-75.29589688391589, 4.340311352746092], [-75.29573032211557, 4.340358944294523], [-75.29561134912524, 4.340311353326766], [-75.2953734027682, 4.340144790715782], [-75.29525442981118, 4.340097199661646], [-75.29513545742032, 4.340097200172838], [-75.29501648431851, 4.340192381149738], [-75.29482612684909, 4.340668272631786], [-75.2945881806017, 4.3411917523819294], [-75.29430264629788, 4.341405903625446], [-75.2941122887446, 4.341477289550508], [-75.29396952095999, 4.3414772900846605], [-75.29387434287, 4.3413107273914635], [-75.29363639609176, 4.341048985436618], [-75.29279010231467, 4.340189999970099], [-75.29258070855583, 4.339961570625309], [-75.29242842305949, 4.339961570722841], [-75.2920286738378, 4.340494573053929], [-75.29195253079719, 4.3408372130525965], [-75.29195253075689, 4.341255997750208], [-75.29219999516613, 4.342245854364182], [-75.29229517402982, 4.343007281355588], [-75.29221903104958, 4.344130387289341], [-75.29221903105999, 4.344568207829351], [-75.29214288808538, 4.34487277970036], [-75.29197156676216, 4.3449679573501445], [-75.2912101390804, 4.345177351548567], [-75.29070569362295, 4.345201143555193], [-75.29032022120413, 4.34517259112425], [-75.28993474842632, 4.345086933251877], [-75.28963493631925, 4.345058376736587], [-75.2891780802749, 4.3450583767622275], [-75.28854990166123, 4.345172591438532], [-75.28822153582364, 4.34518686668439], [-75.28783606374081, 4.345158313828522], [-75.28730782296286, 4.345029822667836], [-75.2868224132894, 4.3447871177702195], [-75.28640838679956, 4.344672903631006], [-75.28523769206888, 4.344301707621389], [-75.2844810238758, 4.344001896152621], [-75.28390995322982, 4.343587872402856], [-75.2836672478959, 4.343316614126765], [-75.28249655311784, 4.344273153711931], [-75.28199686576687, 4.344901332303278], [-75.28154000955338, 4.345886430444033], [-75.28131158240032, 4.346942909671901], [-75.28128302781884, 4.3470999540171915], [-75.28048352915187, 4.347028571126372], [-75.2782849073208, 4.346343284788559], [-75.27735691674336, 4.346114860207695], [-75.27677156998615, 4.346100579810036], [-75.27495842135774, 4.34641466987354], [-75.27420175179117, 4.346386116782828], [-75.27327376244757, 4.34618624083492], [-75.27241715631659, 4.345900705720815], [-75.27197457690615, 4.345672276629443], [-75.27164621116206, 4.34542957219255], [-75.27141778305572, 4.345386743008819], [-75.27117507769759, 4.345386742652221], [-75.27081815890004, 4.345472405187845], [-75.2703898558175, 4.345757939084546], [-75.27016142727894, 4.345943536285196], [-75.26981878476836, 4.34607202728463], [-75.26921916070032, 4.34614341182488], [-75.2682197867667, 4.346029197348144], [-75.2667492798184, 4.345815044758053], [-75.2660925490674, 4.345658001383516], [-75.26497896134076, 4.345443849185649], [-75.2627660627314, 4.3450583769944835], [-75.26199511679769, 4.344758565250781], [-75.26172385876822, 4.3446586266218485], [-75.26155253737384, 4.3446586265812615], [-75.26103857356578, 4.344758564856175], [-75.26052461016215, 4.344844227833807], [-75.259682281152, 4.344815671976891], [-75.25905410326058, 4.344829948038928], [-75.2584402024214, 4.344815672298447], [-75.25816894398413, 4.344872780176666], [-75.25798334591137, 4.345015547232788], [-75.25779774837487, 4.345129760577599], [-75.2574551062328, 4.345129760583587], [-75.25689831198856, 4.34495843886251], [-75.25651283917291, 4.344815672440801], [-75.25597032174177, 4.344758565371371], [-75.2555420194393, 4.344730013171348], [-75.2552850368557, 4.3447585651959875], [-75.25464258334694, 4.345001270642001], [-75.25411434163857, 4.345401018716534], [-75.25385736063214, 4.345486681563614], [-75.25321490560076, 4.345743663240078], [-75.25277232644886, 4.346043473163204], [-75.25251534487334, 4.346129135742889], [-75.25222980925453, 4.34612913635841], [-75.25192999694856, 4.346200517985096], [-75.25138747970962, 4.346486055638722], [-75.25104483820935, 4.346942909802232], [-75.25074502576344, 4.347257000594772], [-75.25045948959838, 4.347385492141174], [-75.2500311871673, 4.347456873222501], [-75.24981703584395, 4.347456873178691], [-75.24957433062545, 4.347271276953437], [-75.24881766210461, 4.34641467024552], [-75.24806099368126, 4.345201143681278], [-75.24768979763579, 4.344373092752275], [-75.24753275319802, 4.343773468313267], [-75.24747564606332, 4.343173843083703], [-75.2473043251792, 4.34283120269696], [-75.24697595886745, 4.342174472691824], [-75.24684746795192, 4.341589122572194], [-75.24676180827711, 4.340703963252681], [-75.24673325435958, 4.340289938774457], [-75.2466761465801, 4.339933018584167], [-75.24651910292754, 4.339633204654741], [-75.24627639839295, 4.339390503187513], [-75.24593375490188, 4.339147797198968], [-75.24536268482039, 4.33894792111353], [-75.24511997999511, 4.3387766011301725], [-75.24500576597889, 4.338533896153683], [-75.24496293461452, 4.337934270342065], [-75.245020041573, 4.337263264221764], [-75.24500576557331, 4.336278166341429], [-75.2449343816901, 4.3358926932333075], [-75.24474878416216, 4.335393005759526], [-75.24443469513642, 4.335007532646655], [-75.24397783780894, 4.3347362763635084], [-75.24359236572398, 4.334536400411982], [-75.2433353836559, 4.334522123055641], [-75.24303557176896, 4.334436465810529], [-75.24252160826782, 4.334108098053544], [-75.24229317999243, 4.333822563685208], [-75.24185059992324, 4.333622686868182], [-75.2415222345643, 4.333508472693792], [-75.24116531565832, 4.333494196280189], [-75.2407941196644, 4.333451367330594], [-75.24052286110728, 4.333294321159084], [-75.24032298582321, 4.333194386362641], [-75.24005172755504, 4.33282318904531], [-75.23983757630194, 4.3324948223122695], [-75.23968053202466, 4.331695324025275], [-75.2394663797582, 4.331209913191529], [-75.23926650581888, 4.3308958267511715], [-75.23920939875369, 4.330653121831734], [-75.23926650577285, 4.330453244999874], [-75.2393236127457, 4.330181986623401], [-75.23929505889117, 4.329767962178873], [-75.23919512216739, 4.329311103789086], [-75.23910946057643, 4.329168335823627], [-75.2388953097426, 4.328939908230703], [-75.23873826489056, 4.3286686493543565], [-75.2386526051915, 4.328226068800482], [-75.23868115839869, 4.327626447070872], [-75.23880964873622, 4.327098206759286], [-75.23893814016111, 4.3267270112285425], [-75.23902380067207, 4.326527134075997], [-75.23900952407494, 4.326298705744856], [-75.2389524165754, 4.325984618077572], [-75.23860977402553, 4.325484931141735], [-75.23812436377571, 4.324799647701058], [-75.23789079530694, 4.324016354363775], [-75.23792746731783, 4.323868107146763], [-75.23786761770991, 4.323688785087719], [-75.23778393858598, 4.323509500017275], [-75.23779536285882, 4.3231865337435105], [-75.23775415805407, 4.32297117130893], [-75.23768860529061, 4.32287666740728], [-75.23760411874731, 4.322792116731203], [-75.23747288772833, 4.3226846703010535], [-75.2372821722674, 4.32263711605062], [-75.23707961436034, 4.322637428099176], [-75.23693644931177, 4.322518036798791], [-75.23665004841686, 4.3222314120316225], [-75.23645911490672, 4.322040328729004], [-75.23635160508047, 4.3218610810755465], [-75.23617256901571, 4.3216580168279615], [-75.23613848302867, 4.321536127122899], [-75.23606038276094, 4.321256839437665], [-75.23602880598838, 4.321143915318393], [-75.2360162907897, 4.320749222553384], [-75.23587281880084, 4.320426496239556], [-75.23563191058508, 4.320295659837953], [-75.23524120642548, 4.320355694928269], [-75.23516160084314, 4.320383800360559], [-75.23500302862644, 4.3204397859471], [-75.23475279313529, 4.320428208032625], [-75.234597658985, 4.3202729518472065], [-75.23443050317503, 4.320045950437036], [-75.2342037696487, 4.319819036970952], [-75.23389364862818, 4.319604211876521], [-75.23344047378698, 4.31934176439651], [-75.23302322620627, 4.319198867981449], [-75.23294448343034, 4.319139769705424], [-75.23278465225032, 4.3190198192382985], [-75.23264358345006, 4.318898112314986], [-75.23243507962682, 4.318717166026045], [-75.23214025603168, 4.318374904891221], [-75.23197288268653, 4.31800437041049], [-75.23188891680498, 4.317633708608221], [-75.23178124740697, 4.317346810440919], [-75.23163720173953, 4.317135420252681], [-75.23160212180134, 4.31708393892504], [-75.23143491333994, 4.3168210539183915], [-75.23104122481121, 4.316498705575926], [-75.2307907191672, 4.316307709683331], [-75.23067127877466, 4.316116517867463], [-75.23064697902097, 4.315805566588329], [-75.23066987075741, 4.315183563080798], [-75.23077631298668, 4.314657118914144], [-75.23082688055659, 4.314543415161461], [-75.23093068643557, 4.314310013856816], [-75.23118059637174, 4.314106298794254], [-75.23137098479552, 4.313938554282829], [-75.23170440902881, 4.313806473706152], [-75.23183936099109, 4.3138062692100645], [-75.23203362191782, 4.313805973343663], [-75.2321690972653, 4.313805768152848], [-75.23247892618708, 4.3138292196057115], [-75.23258178435921, 4.313864959116337], [-75.2327531166483, 4.313924487833535], [-75.23309863738075, 4.313912001443968], [-75.23326564501079, 4.313813863429161], [-75.23371723625837, 4.313584042116097], [-75.23430544659102, 4.313411735089152], [-75.23460252416041, 4.313275079728149], [-75.23486989307143, 4.31297206403743], [-75.23495626133217, 4.312806949830985], [-75.23505077178818, 4.31262920129269], [-75.23505019333743, 4.3122464529525235], [-75.23491865713399, 4.3119356665966615], [-75.23470030615147, 4.311636248583041], [-75.23456352568874, 4.311419921304617], [-75.2344049889099, 4.311063299963402], [-75.23424956886305, 4.310716667005006], [-75.23410617280717, 4.310441782825274], [-75.23397828716139, 4.310146138604158], [-75.23391486365983, 4.309999518184983], [-75.23385413506412, 4.3098755286015304], [-75.23362801808638, 4.309413867297243], [-75.233430184089, 4.3089655586277065], [-75.23326934030808, 4.308601067223426], [-75.23288715725539, 4.308003600076247], [-75.23277627024616, 4.307837174184067], [-75.23272299024798, 4.307757208291096], [-75.23267220039713, 4.307680980016206], [-75.23227875207034, 4.307514125709717], [-75.23187362509286, 4.307502779190681], [-75.23179312338411, 4.307444192623768], [-75.23161120666862, 4.307311802648866], [-75.23145571733868, 4.306917326736782], [-75.23145533828828, 4.3066661448055354], [-75.23128818631712, 4.306439139692814], [-75.23106147711587, 4.306224187247372], [-75.23081106484084, 4.3060929973160045], [-75.23068826817804, 4.306058956927783], [-75.23059650494798, 4.306033517204869], [-75.23046945233249, 4.305946531765961], [-75.2303698873332, 4.305878366722502], [-75.23027424276881, 4.30566321357663], [-75.23026177032283, 4.305292442722393], [-75.23027017902379, 4.304704645588019], [-75.23027255122324, 4.304538884825251], [-75.23028236240789, 4.304108416881551], [-75.23028372835732, 4.304048465566527], [-75.230247623835, 4.3038093013692675], [-75.2300872366657, 4.303568579993268], [-75.23005655286885, 4.30352252684081], [-75.22978225776555, 4.303355490309048], [-75.22946021256016, 4.30312871774591], [-75.22930567078265, 4.302968523018527], [-75.22912498005162, 4.3027801182959875], [-75.22887508669658, 4.302268412001822], [-75.22869586105185, 4.301933774809075], [-75.22862374307948, 4.301515251639869], [-75.22858911249719, 4.301211018446789], [-75.22869424529968, 4.300857290655959], [-75.22899163232964, 4.300533890764792], [-75.22927726585671, 4.300318161422907], [-75.22953907022273, 4.300102465713032], [-75.2295780376267, 4.300055379940929], [-75.22971746992364, 4.299886898659017], [-75.22986012475705, 4.299671385725587], [-75.22976442898906, 4.299420348950112], [-75.22966447065147, 4.299239120441713], [-75.22957326999983, 4.299073770319632], [-75.22945352920776, 4.298679236620515], [-75.22933530518911, 4.298388358921189], [-75.2292980606599, 4.298296719719305], [-75.22897589312545, 4.2979862230921695], [-75.22851080076526, 4.297711821664363], [-75.22818875891305, 4.297485053429885], [-75.22803347208655, 4.297222141598816], [-75.22797346667264, 4.29693516886802], [-75.2279727856555, 4.2964806532421065], [-75.22795561029918, 4.296121571590811], [-75.22794818606694, 4.295966366891014], [-75.22782851770376, 4.295619677262322], [-75.22772569339129, 4.295478871391358], [-75.22760349768194, 4.295330927040726], [-75.22750167764815, 4.295228206262134], [-75.2268745146279, 4.294595496223408], [-75.22675690741403, 4.294487630351539], [-75.22667091778335, 4.294377478952427], [-75.22655425673118, 4.2942072390885135], [-75.22638433699822, 4.293959275637539], [-75.22620509569786, 4.293612676979601], [-75.22599036122327, 4.293433584852689], [-75.22578764881236, 4.293326241302127], [-75.2254661644312, 4.2934702586660585], [-75.2253048543273, 4.293583975043956], [-75.22522811814441, 4.293638070259195], [-75.22482333635936, 4.293853978939242], [-75.22440646132094, 4.293950295403626], [-75.22395396591504, 4.294130391951673], [-75.2234181912798, 4.294394338975047], [-75.22303714859909, 4.294550403906507], [-75.22257273815929, 4.2947305166637015], [-75.22241809861352, 4.294813287658501], [-75.22195046520164, 4.295110393756746], [-75.2218466108505, 4.295186128910628], [-75.22170748984982, 4.29533933990944], [-75.22146596028131, 4.295605334599711], [-75.22124002310879, 4.295904700129404], [-75.2208352916277, 4.296156489346806], [-75.22052597107658, 4.2962190763815284], [-75.22029928274907, 4.296264943023977], [-75.22017750280588, 4.296280734722286], [-75.2197393920737, 4.296337549102271], [-75.21940021799077, 4.2963288555914785], [-75.21929852386305, 4.296326248966464], [-75.21882108744508, 4.296218484092124], [-75.21866682221145, 4.296183665059877], [-75.21819124063927, 4.296005444067164], [-75.21809458792593, 4.295969220796172], [-75.21759371965756, 4.295670943949483], [-75.21711669902896, 4.295384592689232], [-75.2169192704241, 4.295200164375274], [-75.21675875587012, 4.295050219717427], [-75.21647244480616, 4.294811427802605], [-75.21623404111985, 4.294740016143496], [-75.21587687895034, 4.294931925857492], [-75.21551980628031, 4.295183642068867], [-75.21496044509068, 4.295615075007114], [-75.21453200533226, 4.295950623892777], [-75.21402033767623, 4.2964059082229005], [-75.21374687998366, 4.296801033088874], [-75.2136279247627, 4.296932781223855], [-75.21356211761739, 4.296942318313211], [-75.21348150886033, 4.296954001995252], [-75.21342254532738, 4.297092067284964], [-75.21340186418257, 4.297270830090186], [-75.21329650656351, 4.2974193699434435], [-75.21317001882674, 4.297557336740868], [-75.21300122243187, 4.297642376158419], [-75.21282177434378, 4.297663843033623], [-75.21275629570086, 4.297660811999639], [-75.21260004811334, 4.297653572677408], [-75.2124530033382, 4.297542728067429], [-75.21234627196198, 4.2973889904098685], [-75.21231433333627, 4.297208861071357], [-75.21233518176537, 4.297028656112362], [-75.21226487493074, 4.296858013860687], [-75.21205482195134, 4.296707867290668], [-75.21173294267535, 4.296588735291719], [-75.211327730365, 4.296517569712116], [-75.21081538863322, 4.296518333044553], [-75.2105899549356, 4.296556395090635], [-75.21038655779792, 4.296590739447003], [-75.20999350743996, 4.296687012189479], [-75.20966001297438, 4.296771233913044], [-75.20921935492348, 4.296903460393514], [-75.2088186385298, 4.2971290395927735], [-75.2085409630508, 4.29741879513192], [-75.20846955543625, 4.297482703632827], [-75.20832677611855, 4.297610490684071], [-75.20806477117785, 4.297694606807503], [-75.20779062067575, 4.297623247410813], [-75.20748053285391, 4.297420368610336], [-75.20732802740953, 4.2971855957832235], [-75.20718204356608, 4.297002173326019], [-75.20705069760267, 4.296810993156849], [-75.2067647568809, 4.296823377152107], [-75.20646688374664, 4.296823818087196], [-75.20630021636447, 4.296919753287066], [-75.20596680875015, 4.297063782420864], [-75.20564540416837, 4.297267594777979], [-75.20537157160705, 4.297411534385945], [-75.2051097939056, 4.297651142745031], [-75.20491938400359, 4.297806922198599], [-75.20461430078949, 4.297972415770385], [-75.20455580219442, 4.297999588046219], [-75.20434788679175, 4.298094832212911], [-75.20402421325197, 4.298164960602207], [-75.20393680641565, 4.298167206939877], [-75.20374032957639, 4.298167497268483], [-75.20353908670917, 4.29809712342997], [-75.20350190839719, 4.298084124836262], [-75.20334676694213, 4.297916896214808], [-75.20310804655682, 4.297630185334293], [-75.20295267861623, 4.297307462284052], [-75.20288082404659, 4.29708417610075], [-75.20284495316125, 4.296972713258089], [-75.20268983114936, 4.2968174446373615], [-75.20241556001419, 4.296662356909327], [-75.20211740622298, 4.296471418944399], [-75.20200227155938, 4.29640510110687], [-75.20172388014375, 4.296244737904825], [-75.20140217602304, 4.296245213989424], [-75.20111635827998, 4.296341326357932], [-75.20083087239448, 4.296664695223967], [-75.20054543785058, 4.297023948776018], [-75.20031091177842, 4.2972246660235385], [-75.19990264226794, 4.297443536105416], [-75.19958112980122, 4.2975755846617965], [-75.1993202463971, 4.297654570802513], [-75.199267527832, 4.297670529844655], [-75.19922383917842, 4.297683757799531], [-75.19878300232818, 4.29769636944962], [-75.1987449946386, 4.297692611201047], [-75.1987012051811, 4.2976882790902895], [-75.19867897964042, 4.297667031586825], [-75.19862040900192, 4.297584970064136], [-75.19857917485749, 4.297567567707716], [-75.1984214340797, 4.297444955305588], [-75.1982758981217, 4.2973146203772705], [-75.19814566199189, 4.297184263830662], [-75.19796188922226, 4.297061664916622], [-75.19785161976371, 4.297006516731659], [-75.19779347219753, 4.296977436943115], [-75.19760984399741, 4.2969546692588665], [-75.19742616078017, 4.296893506228938], [-75.19726094527141, 4.296795646170297], [-75.19711986871867, 4.296686610610445], [-75.19697434514579, 4.296563956110114], [-75.19689077316097, 4.296493515387357], [-75.19682882071439, 4.296441301560249], [-75.19666042620159, 4.296372432230337], [-75.19647673103162, 4.2963035879898746], [-75.19630071971767, 4.296257770573679], [-75.19611711478933, 4.296250359641389], [-75.19593352192138, 4.296250633153067], [-75.19574996160055, 4.296273939303457], [-75.19557410738932, 4.2963356295513675], [-75.19542126933617, 4.296443366005982], [-75.19526075856302, 4.296535753706814], [-75.195146101605, 4.29659735700193], [-75.19503922886747, 4.296751104269684], [-75.1949247512599, 4.296935576316352], [-75.19481793513152, 4.29712771895639], [-75.19478745168263, 4.297294975446498], [-75.19472092204373, 4.297334820760323], [-75.19455891495284, 4.297338519139924], [-75.19431436070303, 4.297344103200778], [-75.19387912330521, 4.297535314901112], [-75.19384997184754, 4.297548123568481], [-75.19343332969936, 4.297811878125571], [-75.19323630430982, 4.29796358532807], [-75.19302867161073, 4.2981234598107], [-75.19261204582483, 4.2983991791560925], [-75.19207261219537, 4.298587935759562], [-75.19202850605392, 4.29860337219221], [-75.1915998259174, 4.298783415109451], [-75.19130655679582, 4.298925010621723], [-75.19102830371193, 4.299059360329414], [-75.19092927208882, 4.299122607751235], [-75.1905402387367, 4.29937106500027], [-75.19001627231478, 4.299575167033889], [-75.18958757366701, 4.2997432497986035], [-75.18874217680211, 4.300139203636183], [-75.18861831576943, 4.300215970562002], [-75.18827790618, 4.30042694896373], [-75.18830015491106, 4.300791821680447], [-75.1883677504144, 4.301161971240618], [-75.18845768155721, 4.301520870148105], [-75.18855866014219, 4.301789997769884], [-75.18852552103206, 4.302059315973385], [-75.18838053630793, 4.3022727023910425], [-75.18809022359939, 4.302463860304068], [-75.18801627739802, 4.302519704553271], [-75.1879115946385, 4.3025987578607205], [-75.1877932810243, 4.302711837199631], [-75.1878047670104, 4.302819871912213], [-75.1876382511948, 4.30302345617976], [-75.1874240560694, 4.303215146591199], [-75.18712640335602, 4.303371077105107], [-75.18678110707198, 4.3035390372918485], [-75.18660272743948, 4.303778520021887], [-75.18648393874969, 4.304029877785521], [-75.1864485234012, 4.304257194100238], [-75.18628197109305, 4.304436852058837], [-75.18617011613348, 4.304612623902642], [-75.18599668180846, 4.304903753767093], [-75.18583040706777, 4.305274794581238], [-75.18562668169155, 4.305512723345071], [-75.18553302995787, 4.305622099768436], [-75.18530716102539, 4.30598126563884], [-75.18503389108179, 4.306519916921404], [-75.18491525767736, 4.306878923681767], [-75.1847373778625, 4.307465282112692], [-75.18463454526983, 4.307707122617188], [-75.18452363073919, 4.3079679640556074], [-75.18435735430303, 4.308339004321608], [-75.18408364979959, 4.30857862413036], [-75.18384473768666, 4.3087416009835255], [-75.18371464222518, 4.308830344703616], [-75.18325039766326, 4.309142012431887], [-75.18277413512841, 4.30938192877455], [-75.18266767542376, 4.309445595415065], [-75.1823931761875, 4.309609748827556], [-75.18209536974497, 4.3099695939598694], [-75.18177470570102, 4.310388121896226], [-75.18145337427592, 4.310651737127789], [-75.18109610558318, 4.310783828949042], [-75.18094587462146, 4.310831468002901], [-75.18091290683266, 4.3111282631465], [-75.18091326912565, 4.311379450004074], [-75.1809851915722, 4.3116783728759325], [-75.18100572005805, 4.311768442625618], [-75.1810451476275, 4.311941433982061], [-75.1810487120889, 4.312007591589979], [-75.18105709008641, 4.312163098092937], [-75.18098494521132, 4.3123879133540735], [-75.1809743472794, 4.312419981822063], [-75.18090309673762, 4.312587543045552], [-75.18077606536363, 4.312721828440898], [-75.18066515325957, 4.312839074016364], [-75.18043891844789, 4.312947053698538], [-75.18027213862408, 4.312971219949202], [-75.18016988940093, 4.312986033808155], [-75.1800392354386, 4.313273292712431], [-75.17984902069733, 4.313572599275749], [-75.17964343614801, 4.3138637074229145], [-75.17946850679725, 4.314111405379566], [-75.17909995990766, 4.314686079667699], [-75.17862370915856, 4.3149379554067036], [-75.17830223716253, 4.315105877566126], [-75.17798055672414, 4.315130268831045], [-75.17774458516087, 4.315106108435687], [-75.17763496104652, 4.315094885069366], [-75.17731336708762, 4.315179079618643], [-75.17696799540356, 4.3152991924376405], [-75.17652712736256, 4.315299830553172], [-75.1761448038433, 4.315300385388319], [-75.17608626010042, 4.315300471123046], [-75.17558579774214, 4.31528923684183], [-75.17482314732474, 4.315242495425197], [-75.17438229741327, 4.315255093731174], [-75.17410557062732, 4.315255492090777], [-75.17404866738639, 4.315255573866346], [-75.17352447733373, 4.315316139143629], [-75.17308388324986, 4.3155081542461255], [-75.17302873997924, 4.315540090911696], [-75.17260766294461, 4.3157839522166155], [-75.17220303833042, 4.316131411725204], [-75.17163207612445, 4.316814022814146], [-75.17153401590369, 4.317165966077438], [-75.17152538566025, 4.317196937399864], [-75.17139498480576, 4.317663616314731], [-75.17127777386847, 4.317976428890956], [-75.17119319388352, 4.318202158720651], [-75.17106260434618, 4.318537262332642], [-75.17082465520409, 4.318788793662414], [-75.17059846775197, 4.318932651929402], [-75.17024102166685, 4.318945129320842], [-75.16983572696469, 4.318826102419816], [-75.1695644151325, 4.318661572118973], [-75.16953370071323, 4.318642947214358], [-75.16944217565825, 4.3185874442338825], [-75.16914396523352, 4.318360610872039], [-75.16883387387406, 4.318157715421502], [-75.1685477160725, 4.318026553141894], [-75.16850858416824, 4.318026609969706], [-75.16826174637028, 4.318026964565762], [-75.16792831862256, 4.318170978923461], [-75.16761879219496, 4.3183628054252825], [-75.16740329627964, 4.31854101939213], [-75.16728555199748, 4.318638393578742], [-75.16699982112559, 4.3188062622560155], [-75.16679717317498, 4.318746745566678], [-75.16648711630717, 4.318567772865517], [-75.16621285718858, 4.318424632973142], [-75.1659266478756, 4.318257586760268], [-75.1656757876898, 4.318195012236472], [-75.16564057492539, 4.3181862289785204], [-75.16519958519072, 4.318103135143635], [-75.16514853655498, 4.318103205956766], [-75.16464808926739, 4.318103925011429], [-75.1645799832588, 4.31810402190791], [-75.16418679482251, 4.318126930260706], [-75.1639485156939, 4.318140814160679], [-75.16340078035523, 4.318404744743709], [-75.16297981185565, 4.3189109664821475], [-75.16266336532225, 4.319350740186287], [-75.16236144169949, 4.319806755300426], [-75.16217121410372, 4.320094067550814], [-75.16169673169671, 4.320417706211138], [-75.16111376375346, 4.320727035655721], [-75.16050700106258, 4.320846011924062], [-75.15973367591882, 4.3207984207474635], [-75.1591507076277, 4.320608063261292], [-75.15891276197746, 4.320560473716808], [-75.15821082060818, 4.320810317199464], [-75.15708057696018, 4.321666923112232], [-75.15636673899479, 4.3219881498257], [-75.15568859258885, 4.322107124749958], [-75.15446316988705, 4.322226096914877], [-75.15345189912132, 4.322333172892248], [-75.15298790422851, 4.322273686842192], [-75.15258339564834, 4.32214281474474], [-75.15203612010319, 4.321821590794111], [-75.1515483299095, 4.321595538840686], [-75.15112002736697, 4.321452771584222], [-75.15059654580189, 4.321405184692324], [-75.14996598897999, 4.321464671338252], [-75.14920456061058, 4.321571747283965], [-75.1487167716916, 4.321547952221239], [-75.14831226283327, 4.321393284995889], [-75.14821184975231, 4.321029312903746], [-75.14822024055037, 4.320855960944589], [-75.1482350230146, 4.3205505507750495], [-75.14823437781199, 4.320091236795372], [-75.14829074132969, 4.319497876950659], [-75.14835507806582, 4.319259746318281], [-75.14840453926246, 4.319076676693063], [-75.14844871303103, 4.3189557929400175], [-75.14852653119051, 4.318742837211795], [-75.14853743182506, 4.318676600863889], [-75.14853687241728, 4.31827741451837], [-75.14852638524896, 4.318237339155591], [-75.14815471135789, 4.317660810322431], [-75.14792059463834, 4.317383854739744], [-75.14752452784339, 4.316915315642282], [-75.14746217157013, 4.316847043006971], [-75.1469950362784, 4.31633559419265], [-75.14691351840948, 4.31624634188009], [-75.14660789284095, 4.31582573432538], [-75.14628344439345, 4.315577395730937], [-75.14626472600364, 4.315558662315582], [-75.14607343839432, 4.315367172204528], [-75.14571043232648, 4.314812678173998], [-75.14564380467162, 4.3147433139255424], [-75.1453636346892, 4.314451635612052], [-75.14523311918876, 4.314315759879144], [-75.14495993541912, 4.3140102710379], [-75.14439404417986, 4.313491757051249], [-75.14377462411427, 4.313038758073379], [-75.14447353760866, 4.312667562105992], [-75.14515982426919, 4.312360215854876], [-75.14518636184242, 4.312330159601129], [-75.14546454783134, 4.312015110171738], [-75.14568002267971, 4.31150416729879], [-75.14574323332482, 4.311235995441457], [-75.14583185866957, 4.310955019450369], [-75.14599698179538, 4.310814364425181], [-75.14635067101608, 4.310624502618017], [-75.14680080638945, 4.3104240811947445], [-75.1470793192352, 4.310300073908823], [-75.14719000687518, 4.31022795610032], [-75.14735890567736, 4.310117909990097], [-75.14746245044776, 4.309990529435559], [-75.14755348696652, 4.309873876198597], [-75.14782447090107, 4.309652219313578], [-75.14804472881845, 4.3095327621817745], [-75.14823117212855, 4.309481434877316], [-75.14852674631784, 4.309472024656939], [-75.14879068872831, 4.30946362273408], [-75.14918050613953, 4.309343925122315], [-75.14941194996935, 4.309204077844204], [-75.1496769327678, 4.309123869937203], [-75.15011457692161, 4.309098843872103], [-75.15017699673881, 4.309105715156321], [-75.15123499456595, 4.309030268860814], [-75.15179416773132, 4.3090183695888165], [-75.1526157420569, 4.308709679397535], [-75.15332329644572, 4.308320730290809], [-75.15368741701788, 4.3080352267753845], [-75.15454198856308, 4.307245699697294], [-75.15527630970492, 4.306454609903924], [-75.15542940598306, 4.306351166555821], [-75.15568180882396, 4.306243585055233], [-75.15592998930961, 4.306164619996871], [-75.15622799136958, 4.3060697985611744], [-75.15677209074705, 4.305790212374338], [-75.15845144667809, 4.304504343967157], [-75.16029678106946, 4.303161929197309], [-75.1606777131056, 4.302910199879616], [-75.16365987873482, 4.30123591032731], [-75.16502265490438, 4.300201115922686], [-75.1656054212984, 4.299758607127724], [-75.16585321419522, 4.299570453405901], [-75.16627043638071, 4.299284412716814], [-75.16781622530038, 4.298659788330426], [-75.1684581762223, 4.298241469209172], [-75.16858788876078, 4.298068548796727], [-75.16861394120613, 4.297796684200648], [-75.16838921013802, 4.296919160822427], [-75.16826554756206, 4.294931819983629], [-75.16863171285124, 4.293833327623936], [-75.16872722964611, 4.293404969243906], [-75.16893741716947, 4.29246235994291], [-75.16896197941283, 4.292326451397365], [-75.1691322203593, 4.291899241633919], [-75.1697561936675, 4.289588407059833], [-75.16987349776693, 4.289153982811952], [-75.17029447741842, 4.2885312124052355], [-75.17243204893751, 4.286934713928943], [-75.17350972107195, 4.286040881824176], [-75.17441451172591, 4.285312058368071], [-75.17495858625045, 4.284873801209828], [-75.17541031918866, 4.2845099221015195], [-75.17635020576911, 4.2838793662851185], [-75.17682682611859, 4.283301735184356], [-75.1778730105707, 4.281313983906366], [-75.17810178923787, 4.280759970565461], [-75.17810849698971, 4.280606976261043], [-75.17807800725667, 4.28041607094245], [-75.17794597535712, 4.2801142870903535], [-75.17790317085445, 4.28], [-75.50096762091255, 4.28], [-75.50058217222497, 4.280456759231787]]]}}, {"type": "Feature", "properties": {"MpNombre": "Pijao", "Depto": "Quindío", "MpCodigo": "63548", "rol": "contexto", "marca": "F"}, "geometry": {"type": "Polygon", "coordinates": [[[-75.7799755108947, 4.349222960745524], [-75.77966786975846, 4.349358777561095], [-75.77892394432648, 4.349608664733936], [-75.77875954223578, 4.349594024776139], [-75.77856662868597, 4.349529109377527], [-75.77825955422418, 4.34933482184168], [-75.77797404919147, 4.349068807436976], [-75.77764594593562, 4.348630495441301], [-75.77718945715175, 4.3480197277216925], [-75.77688273970453, 4.347617330683659], [-75.77663325205452, 4.347193504708169], [-75.77621263226064, 4.346511039038361], [-75.7758061497537, 4.34592189035613], [-75.77552812860601, 4.345462133840063], [-75.77530007641614, 4.3450455189756765], [-75.77505791076597, 4.3445212397399455], [-75.77495834271049, 4.344219666621838], [-75.77479475510987, 4.343731403260304], [-75.77452980114084, 4.34398928773726], [-75.77405747782346, 4.344275518711869], [-75.77333481860259, 4.344633078805098], [-75.77286270557057, 4.344797313960549], [-75.77239086258417, 4.344803672917972], [-75.77209073056268, 4.3447313888217085], [-75.77171920909902, 4.344601576370935], [-75.77138367760664, 4.344328296650682], [-75.77111231464, 4.344155597749372], [-75.77086246127655, 4.3439470559290445], [-75.770655586829, 4.343688355289933], [-75.77039875679296, 4.343379335143698], [-75.77002758220455, 4.343048585807755], [-75.76977764173607, 4.342890276392176], [-75.7695562226135, 4.342775072643053], [-75.76926327918308, 4.342681276077941], [-75.76899883101116, 4.3426449352440475], [-75.76879151220001, 4.342644574629453], [-75.76865558428008, 4.342701749951521], [-75.76850525859892, 4.342816309242494], [-75.76841912583822, 4.343017089298914], [-75.76838297294127, 4.343253839837424], [-75.76833269561318, 4.343390102316959], [-75.76817519687883, 4.343518997291815], [-75.7677960447166, 4.343669039559389], [-75.76738833425475, 4.343797499942732], [-75.76681622223461, 4.343911323005954], [-75.76655166285083, 4.343939567600889], [-75.76635855635428, 4.343989465079679], [-75.76600796201826, 4.344161084146327], [-75.76557941101073, 4.343937875223534], [-75.76527951716616, 4.343729245822953], [-75.765186829097, 4.343585560270326], [-75.76514419639405, 4.34343478619246], [-75.76516611404547, 4.343162130214982], [-75.76527426531358, 4.34263128288903], [-75.7653387670981, 4.342538105694845], [-75.76548196830046, 4.342409184981018], [-75.7655536923924, 4.342272961184344], [-75.76559687112265, 4.342107984952189], [-75.76557573410793, 4.341928544121228], [-75.76551183979824, 4.341670093101397], [-75.76527000515999, 4.3409592303108555], [-75.76512047365078, 4.340614514388601], [-75.76498501662155, 4.340398994190255], [-75.76487092025059, 4.340233743440432], [-75.76465675056889, 4.340061144173209], [-75.76427827031567, 4.339823670297102], [-75.76399269961469, 4.339600711607936], [-75.76386428103007, 4.3394497897811295], [-75.76375050670146, 4.3390979603298145], [-75.76357952969263, 4.338753209036155], [-75.76332977870122, 4.338487252802667], [-75.76315987031111, 4.338540427449325], [-75.7629790546308, 4.338555556760502], [-75.7627743007723, 4.338536647960906], [-75.7625695738645, 4.338416687752882], [-75.7622458164302, 4.338229543816868], [-75.7621029377075, 4.338171885228553], [-75.76194089836999, 4.33817160195036], [-75.76166429272585, 4.338276371235536], [-75.76143048331815, 4.3384386233850885], [-75.76124442227028, 4.338548333071384], [-75.7609965539733, 4.338571819069469], [-75.76073453818991, 4.338509169809085], [-75.76052018812884, 4.338441816880386], [-75.76033445902456, 4.338360162718716], [-75.76013924806593, 4.338249787969277], [-75.75992513098966, 4.33804848511864], [-75.75967781926268, 4.337751436553061], [-75.75948278308074, 4.337540595111534], [-75.75925910071618, 4.337358409310723], [-75.7590305286659, 4.337247977078696], [-75.75885905709212, 4.337190266718139], [-75.75866368929299, 4.337170790610724], [-75.7583777032214, 4.3371894257796235], [-75.75788191801696, 4.337265103814742], [-75.75741479464536, 4.337302560583702], [-75.75720511259715, 4.337292623898665], [-75.75700503735554, 4.337239650605699], [-75.75677645827636, 4.337133998733906], [-75.75649556218171, 4.336966066189972], [-75.75626699104718, 4.336855630070498], [-75.75586678196002, 4.336783168860961], [-75.75514245965243, 4.336729274446707], [-75.75484714189875, 4.3366330745632915], [-75.7545661724333, 4.336508196928771], [-75.75426153878193, 4.336287594080095], [-75.75401416427114, 4.336028822031716], [-75.75381446370488, 4.335760562744147], [-75.75367194591307, 4.335497185936636], [-75.7535246370026, 4.33524815494988], [-75.75328198589716, 4.335013312052766], [-75.75308207782619, 4.334864654263026], [-75.752872538076, 4.334773386830683], [-75.75246755659978, 4.334705698985681], [-75.75216740778487, 4.3346477651154265], [-75.75180067135923, 4.33451316767975], [-75.7515054052718, 4.334388261565231], [-75.75121954502329, 4.334335135014577], [-75.75078597827692, 4.334262610757197], [-75.750466683421, 4.334252482638221], [-75.74980885320382, 4.334332656856403], [-75.74915573987109, 4.334441539969252], [-75.74873036683931, 4.334452752433521], [-75.74846828671795, 4.334428371365314], [-75.74830757557103, 4.334350346163715], [-75.74802194919491, 4.334164461424819], [-75.74782554587217, 4.334056476180559], [-75.74755762380397, 4.33396629978907], [-75.74732528941746, 4.333965889918259], [-75.74702729878717, 4.33403712643922], [-75.74672920432978, 4.334168164210171], [-75.74607913600616, 4.334579642969384], [-75.74555426541906, 4.3349375230580405], [-75.74520245883481, 4.335122285979732], [-75.74487453531624, 4.335277189349304], [-75.74446298829749, 4.33555752610078], [-75.74409330993238, 4.335742256233881], [-75.7438964779399, 4.335879450401595], [-75.74371167514867, 4.335950883871894], [-75.74353866228347, 4.336094101585033], [-75.74326414299674, 4.336368699308995], [-75.74305548000571, 4.336458031207579], [-75.74277542314591, 4.336493415560528], [-75.7425729061507, 4.336475118022909], [-75.7424716318367, 4.3364749411358545], [-75.74225682238738, 4.336671901372903], [-75.74186891434168, 4.3370599198185], [-75.74170779279844, 4.33721511940075], [-75.74152887421587, 4.337328422225803], [-75.74132024216253, 4.337399812824944], [-75.74103423892242, 4.337429207645391], [-75.74100408428005, 4.337638459306044], [-75.7409084830727, 4.337799748809116], [-75.74075939243603, 4.337889185770429], [-75.74059249305165, 4.337942711416925], [-75.74027675519433, 4.337942151264313], [-75.74003843097675, 4.337959669244793], [-75.73982378857227, 4.338060950021306], [-75.73950772467883, 4.3382457720177205], [-75.73915580065452, 4.338496310365061], [-75.73895289425994, 4.3386992760534735], [-75.73869019335733, 4.339027709954741], [-75.73839756701133, 4.339433836824371], [-75.73829610274349, 4.3395412966281395], [-75.7380277708012, 4.339684341610494], [-75.73782515805068, 4.339719864949313], [-75.73759878007299, 4.339719462279914], [-75.73721155410942, 4.339718774036384], [-75.73699105909611, 4.3397602427331385], [-75.73676446982256, 4.339879439858155], [-75.73643031065771, 4.3401898089347934], [-75.73617982906877, 4.340344844743696], [-75.73593540986992, 4.3404400913915895], [-75.73542300638479, 4.340481039317991], [-75.73477945584767, 4.340569598257968], [-75.73387376423757, 4.3406696441347306], [-75.73348653837897, 4.340668951560731], [-75.73317075663732, 4.34069230957769], [-75.73287880617042, 4.340715709416283], [-75.73269398065325, 4.340799101795478], [-75.73237187321551, 4.341031750760291], [-75.73226456731236, 4.341073418219037], [-75.73215138940967, 4.341067237419839], [-75.73185354384354, 4.341054745332096], [-75.73166286694425, 4.341078326363016], [-75.73135292731189, 4.341167470585299], [-75.7308461001766, 4.341423706654512], [-75.73058967043117, 4.341572751403654], [-75.73036918516907, 4.341608236791797], [-75.73023220919985, 4.3415840715523855], [-75.7301132428715, 4.341482198431374], [-75.72998262838954, 4.341230804722322], [-75.72985782124975, 4.341063138249115], [-75.72972102561204, 4.340937313393987], [-75.72954239064029, 4.340889156106841], [-75.72917313295792, 4.340834674002537], [-75.72884541678795, 4.340869966840452], [-75.7285176057239, 4.340959080750497], [-75.72823742106584, 4.3410662209599264], [-75.72795137456222, 4.341119530722975], [-75.72767729567974, 4.341142960768952], [-75.72746884322518, 4.341112684838547], [-75.7269426713274, 4.34115206099773], [-75.72643396329761, 4.341202204715866], [-75.7261283989902, 4.341422899132657], [-75.7257040056635, 4.3417284718123215], [-75.72522923575588, 4.3417616566005375], [-75.72458562376318, 4.341403113787034], [-75.72409432377523, 4.341198007177804], [-75.72348428802133, 4.341026724806282], [-75.72299268533709, 4.3409918053605745], [-75.72246982514747, 4.341037358176215], [-75.72201687932812, 4.341144186057403], [-75.72183803208682, 4.341215626365824], [-75.72152810331266, 4.341298788930332], [-75.72122996106732, 4.341453730977299], [-75.72107483623816, 4.341585011582767], [-75.72082443682352, 4.341692202261362], [-75.72060965380406, 4.341871216634682], [-75.7202400662611, 4.342002111810274], [-75.71979901175189, 4.3421209213334935], [-75.7192505132635, 4.342359132831128], [-75.71885711787166, 4.342478024006304], [-75.71853516709017, 4.342620962890714], [-75.71805817559398, 4.342847344328602], [-75.7176107792776, 4.343181416110356], [-75.71736025067676, 4.343360366718246], [-75.71710946491751, 4.343682832821167], [-75.7167034470062, 4.344196382284278], [-75.71642870315642, 4.344590568425302], [-75.7162974277241, 4.344709931870866], [-75.71617802411336, 4.34485323277369], [-75.71607044922524, 4.345044400056602], [-75.71599851109424, 4.345295431996022], [-75.7159504452607, 4.34552258737752], [-75.71590227115698, 4.345809540207691], [-75.7158294531022, 4.346550927440934], [-75.71533882629777, 4.347734081679596], [-75.71497281923146, 4.348293425241838], [-75.71508357261138, 4.348628968577234], [-75.71530544887258, 4.349095120904521], [-75.7156203229417, 4.349449660146242], [-75.71604638669051, 4.349897552574795], [-75.71660253463354, 4.350252528446281], [-75.71686200009852, 4.350457930146488], [-75.71726993971404, 4.350663596045734], [-75.71767776167448, 4.35102972883589], [-75.71775557881297, 4.351463786974539], [-75.71775472958427, 4.351937151869096], [-75.71763588098793, 4.3524694720616095], [-75.71743864780787, 4.352883312682295], [-75.71706436301909, 4.353415170000999], [-75.71670976117443, 4.353927343371792], [-75.71659126444574, 4.354262429841893], [-75.7166495383768, 4.354637281747237], [-75.71678644308349, 4.354992557223485], [-75.71690366284362, 4.355367515802907], [-75.71698151523736, 4.355781851564298], [-75.71701989123177, 4.356294735430573], [-75.71709774319604, 4.356709071978365], [-75.7170971762987, 4.357024646908895], [-75.71697850211827, 4.35745835022497], [-75.71680098584935, 4.357832776063592], [-75.71674122371215, 4.358286310396061], [-75.71681903921883, 4.358720371155008], [-75.71707337818053, 4.359332262402051], [-75.71703319298844, 4.359825278878712], [-75.71689490398784, 4.360239222719488], [-75.71687408403751, 4.360890063176094], [-75.7166567368365, 4.3615602728969], [-75.71628169907814, 4.3625063218348155], [-75.71592013871631, 4.363111430030276], [-75.71565804791268, 4.363667863102477], [-75.71530774596775, 4.364393560067585], [-75.71543245389476, 4.364615049359509], [-75.71552141678488, 4.364836470124078], [-75.7156222632642, 4.36507585333733], [-75.71563375744927, 4.365309093793502], [-75.71560361433382, 4.3655063791098625], [-75.71553761784533, 4.365763399758702], [-75.71537616291357, 4.366097986810949], [-75.71525649539372, 4.36638480992285], [-75.71519052069675, 4.366629870263868], [-75.71520201507408, 4.366863110786754], [-75.71523133894927, 4.367120305840637], [-75.71530829991455, 4.367389545240512], [-75.71534362526894, 4.367622831316621], [-75.71536089313942, 4.36795774244761], [-75.7153842696371, 4.3682089453897595], [-75.71550278322364, 4.368561983066964], [-75.715544053901, 4.368801255674669], [-75.71553779379124, 4.368968686568246], [-75.71555542898955, 4.369100279137905], [-75.71566224368182, 4.369333691801964], [-75.715792768614, 4.369632932076908], [-75.71582799572164, 4.369920035181666], [-75.71591116410517, 4.370051746112781], [-75.71596444688832, 4.370237223204971], [-75.71598203877375, 4.370392734657569], [-75.71592799022726, 4.3706318376771245], [-75.71577236111341, 4.371038194955595], [-75.7157303450309, 4.371211538658824], [-75.71574786083916, 4.371408910580038], [-75.7158428579435, 4.371588485713759], [-75.71595564124569, 4.371815932393717], [-75.71604490559653, 4.371869914307576], [-75.71611033087589, 4.371929830905568], [-75.71616375461139, 4.372037568089062], [-75.71621730798906, 4.372073548392865], [-75.71630652977859, 4.372151449195775], [-75.71635994268914, 4.372265164719702], [-75.71643720738766, 4.37236696712111], [-75.71644883109357, 4.372528449548567], [-75.71643069879184, 4.372671936845235], [-75.716382318772, 4.372817187450469], [-75.71636054842341, 4.37299654807998], [-75.71636018463386, 4.373197474332028], [-75.71637414608237, 4.3733840793677965], [-75.71635233630838, 4.373584965980285], [-75.71630137287488, 4.374094371548568], [-75.71629307124522, 4.37473302035203], [-75.71634228471616, 4.375192372985701], [-75.71642760740208, 4.375450864729233], [-75.71646311903338, 4.375580097689137], [-75.71642719265337, 4.3756804976747805], [-75.71626947291641, 4.3759241939474265], [-75.71621922219863, 4.376038917902953], [-75.71621897539869, 4.376175261725502], [-75.71623999490713, 4.3764121087128425], [-75.71625372207798, 4.376727877694474], [-75.71622485422441, 4.376878524207903], [-75.71618897920752, 4.376950216613108], [-75.71609229472983, 4.3767741783793985], [-75.71600186162193, 4.376669052931301], [-75.71589748838186, 4.3765639057876555], [-75.71581398764349, 4.3764797864295675], [-75.71572359330833, 4.37635367191284], [-75.71565403639136, 4.376269578691988], [-75.7155009788382, 4.376101366916953], [-75.7153965157616, 4.376045202062849], [-75.7152362352813, 4.376016917702478], [-75.71504814559314, 4.375946607421505], [-75.71487406179567, 4.375841330763105], [-75.71471397133428, 4.375708090387651], [-75.71458862057145, 4.3756378901928406], [-75.71428206471069, 4.375546369093355], [-75.71401722033424, 4.375517897176212], [-75.71375241376764, 4.375468431613314], [-75.7136270260907, 4.375419222906047], [-75.71349486937586, 4.375258047382865], [-75.71347410787993, 4.375174044238518], [-75.71349521107679, 4.37506912266097], [-75.7135789629972, 4.37501329764741], [-75.71373232378616, 4.375013578177167], [-75.71381596208454, 4.375020727438831], [-75.71387185616065, 4.374950857249262], [-75.7138442381597, 4.374803865370511], [-75.71374678505347, 4.374726721028293], [-75.71350299180882, 4.374621316146203], [-75.71323126595402, 4.374543851227914], [-75.71307787994824, 4.37455756774311], [-75.71291741014312, 4.374634243170827], [-75.7128336202565, 4.374711058958477], [-75.71270105779591, 4.3747737924015375], [-75.71259649475971, 4.3747736021977515], [-75.71247814133979, 4.3746894186979], [-75.71237383101611, 4.374549285226748], [-75.71226962185224, 4.37435317640859], [-75.71216524841924, 4.374248024599419], [-75.71209553855633, 4.3742479004345185], [-75.71199788331009, 4.374282705443571], [-75.71187917512951, 4.3743944448942615], [-75.711788362617, 4.374499236949862], [-75.71171864095753, 4.3745061073045655], [-75.71162112382328, 4.374463945192882], [-75.71154467231806, 4.37433785676721], [-75.71155187182556, 4.374211918837021], [-75.71162881828496, 4.374065120598996], [-75.71164997062621, 4.373932211720048], [-75.71160836060386, 4.373813182193156], [-75.71147629495127, 4.373603026862892], [-75.71142076833777, 4.373469978288613], [-75.71147675128876, 4.373351130120569], [-75.71153278392353, 4.373204289318528], [-75.71149817121317, 4.373071277929266], [-75.7114147345685, 4.37295217304423], [-75.71128938619383, 4.372881972710815], [-75.71120576065145, 4.372867825743954], [-75.7110871536265, 4.37292358693052], [-75.71096843264664, 4.373042321642911], [-75.71082890085435, 4.373105042862196], [-75.71063358937108, 4.373174656955387], [-75.71038960844196, 4.373174212126869], [-75.71021538620431, 4.373145905287989], [-75.7100621655831, 4.373068655683282], [-75.70990911057262, 4.372900443369977], [-75.70978390066608, 4.372753272756496], [-75.70951244312347, 4.372528868598898], [-75.70946382366814, 4.372430817777283], [-75.70947098570049, 4.372325875079052], [-75.70953391379078, 4.372221029659378], [-75.70968751535585, 4.372088366904338], [-75.70977833910236, 4.371976576028442], [-75.70979249744367, 4.371857648832926], [-75.70973691976242, 4.371752588935843], [-75.7095837629077, 4.371640356297464], [-75.7092494793063, 4.37146481718379], [-75.70899188562024, 4.371282416122647], [-75.70888058105648, 4.371156263261268], [-75.70881812233196, 4.371002212244553], [-75.70882544773339, 4.370806303152202], [-75.70883274868, 4.37062438860376], [-75.70888899876242, 4.370358598678491], [-75.70896622433759, 4.3700578633502545], [-75.70897356343089, 4.36985495519826], [-75.70889723831449, 4.369658895008404], [-75.70878597136324, 4.369511751056142], [-75.70864671900645, 4.369420532451925], [-75.70840992581165, 4.3693011470910825], [-75.70834735320221, 4.3692100695478], [-75.70831962181458, 4.369126053034122], [-75.70838276613442, 4.3689022576985455], [-75.70857843216218, 4.368636722867992], [-75.70866237404594, 4.368475940409986], [-75.70866265268329, 4.368322003092488], [-75.70858630262043, 4.368139939074175], [-75.7084472667038, 4.367929769285053], [-75.7082245304471, 4.36774743628866], [-75.70793892855714, 4.367634957441442], [-75.70752086861265, 4.367529234902101], [-75.70715164439353, 4.367402608715482], [-75.70678945301945, 4.367241014051449], [-75.70664328124835, 4.3671217954468755], [-75.70649750338843, 4.36678566089301], [-75.70623413700602, 4.365945516725848], [-75.70610928361697, 4.365602427446408], [-75.70600489975917, 4.365504277987061], [-75.70591440679975, 4.365434138731454], [-75.70575416709737, 4.365384865152518], [-75.70562173374923, 4.365377624674413], [-75.70551015035733, 4.36540540903454], [-75.70537056929521, 4.365496118720814], [-75.70524483989823, 4.365635832357236], [-75.70507011243662, 4.365887408580801], [-75.70479760202493, 4.3662437677587], [-75.70452516791998, 4.366558141396527], [-75.7044063207939, 4.366746847180058], [-75.70437811896765, 4.366921724826632], [-75.70428703996375, 4.367173455744265], [-75.7041682574248, 4.367327175984046], [-75.70401455531825, 4.367515818731926], [-75.70367922962514, 4.367914043159248], [-75.70332304170029, 4.3682842427327495], [-75.70303753191973, 4.368572738735446], [-75.70265611480914, 4.3686485812043365], [-75.7024464131873, 4.36864819537002], [-75.70228445718683, 4.368600056671094], [-75.701938381005, 4.368421442331144], [-75.7017099281389, 4.368248800360052], [-75.70138855264887, 4.368068810922481], [-75.70108855821864, 4.367924743020498], [-75.70085992299457, 4.367852560919567], [-75.7006097624487, 4.367823397367858], [-75.70025235438159, 4.367801212675512], [-75.70000212759203, 4.367807927812691], [-75.69960884489109, 4.367857436949458], [-75.69922988589292, 4.367892621275273], [-75.6988367203972, 4.36787754397995], [-75.69849357131982, 4.367876916364995], [-75.69830769940911, 4.367876571743487], [-75.69797150165242, 4.367983591219319], [-75.69766394030628, 4.368069137682267], [-75.69722761936757, 4.368197500445596], [-75.69699154664795, 4.36828317888423], [-75.69672702299849, 4.368289864974455], [-75.69631235795377, 4.368303453351006], [-75.69586909803643, 4.368316988050688], [-75.69554725197739, 4.36839532943813], [-75.69520390622446, 4.368502335811397], [-75.6949821053316, 4.368602389190921], [-75.69464590773315, 4.3687094103688064], [-75.69435981921374, 4.368780640797755], [-75.69415962241403, 4.368794621702784], [-75.69397368411812, 4.368830160657973], [-75.69352869628652, 4.368967500440567], [-75.69311654160153, 4.368934910445382], [-75.69276792308625, 4.368838783138995], [-75.69226076001016, 4.368742358711982], [-75.69176971460071, 4.368502736324048], [-75.69156422286258, 4.368168158409368], [-75.69151776993523, 4.367563335064955], [-75.69126766595448, 4.365621337032494], [-75.69073113363066, 4.364251723651949], [-75.69046278206473, 4.363614660349847], [-75.69011507139638, 4.3630251920753995], [-75.689498160924, 4.36226017062738], [-75.68919836407518, 4.361479820057798], [-75.68907290502995, 4.36073162214925], [-75.68899503684835, 4.359967595351943], [-75.68875845161466, 4.359298762216805], [-75.68820528398058, 4.3583588008948455], [-75.68780992584584, 4.3578169902076755], [-75.68758835040593, 4.357609694668162], [-75.68735068620762, 4.357529681818837], [-75.68668475765013, 4.357560278193293], [-75.68532107765631, 4.357685064738088], [-75.68446487276925, 4.3577312197319245], [-75.68346604057595, 4.357745280821217], [-75.68222916510999, 4.357886210980766], [-75.68129342668959, 4.358075444107357], [-75.68083327870035, 4.358281470248043], [-75.68000807809605, 4.358709615583316], [-75.67938891907104, 4.359169973259134], [-75.67837314406574, 4.359772818548548], [-75.67781787101515, 4.359978667313878], [-75.67694557633567, 4.360152093884445], [-75.67608922255391, 4.360277810780629], [-75.67532823075906, 4.360276387040919], [-75.67490052658738, 4.360084619651637], [-75.67436202299331, 4.3597971588018325], [-75.67399767563877, 4.359637336649542], [-75.67361715110576, 4.359652541059716], [-75.67291919184132, 4.359858116972447], [-75.67185638399174, 4.36017441140108], [-75.67134879059401, 4.360316684923403], [-75.66982660234639, 4.360425232807394], [-75.66841580697401, 4.360311185188896], [-75.66740133203047, 4.3602137961195435], [-75.66619637259097, 4.360243358810347], [-75.66519739621143, 4.360336964269393], [-75.66407123192154, 4.3606212993407], [-75.66248557080246, 4.360761534763944], [-75.66147097929738, 4.360727795308209], [-75.66066272820802, 4.360567128866707], [-75.65953736870264, 4.3604217767908064], [-75.65844341976333, 4.360435624267104], [-75.65777737771764, 4.360529847884483], [-75.6572060096092, 4.3608629614278565], [-75.6561748194021, 4.361227029656463], [-75.6553977694479, 4.3613369562550695], [-75.65470025832197, 4.361303808426604], [-75.65417758898442, 4.361032276772994], [-75.6534968921689, 4.3604899118627864], [-75.6528474828647, 4.3601704010043925], [-75.65243519342856, 4.3602173626979965], [-75.65194333383603, 4.360423307960727], [-75.65145117463214, 4.360788393344517], [-75.65073688066953, 4.361248540924047], [-75.64953102579598, 4.361755490674114], [-75.64837303272803, 4.3621033920907], [-75.64746882188821, 4.362388118858542], [-75.6468976612076, 4.3626098248313525], [-75.64648494892835, 4.362879577399405], [-75.64621464993955, 4.363292822006942], [-75.6458964270991, 4.363896940844547], [-75.64565762381314, 4.364421644399211], [-75.64521256816695, 4.365025521419781], [-75.64462449494731, 4.365804178687447], [-75.64402083885928, 4.3664395806313845], [-75.64251157180128, 4.3680917348188775], [-75.64125632535251, 4.369553402756057], [-75.64052564913557, 4.370284039573838], [-75.6396521026796, 4.371109885177926], [-75.63884215407015, 4.371840366952341], [-75.63853995715141, 4.372349026286667], [-75.63768156232373, 4.373540911548879], [-75.63688743174863, 4.37428733592137], [-75.63595024824318, 4.375224445903851], [-75.63528303887082, 4.375923366209347], [-75.63496476899114, 4.376543390910743], [-75.63464570743008, 4.377577173871271], [-75.63419990239045, 4.3785629711325615], [-75.63386550207255, 4.379326187018863], [-75.6334355177675, 4.3803279261881105], [-75.63321294944795, 4.380645769798198], [-75.63257829485495, 4.3808991663522745], [-75.63186458441125, 4.381041008876779], [-75.63081821144951, 4.381038982362542], [-75.62958213979478, 4.380750139162978], [-75.62788630064442, 4.380460405177892], [-75.62679279844176, 4.3802354883357735], [-75.62563560270497, 4.380153672087486], [-75.62452581811856, 4.380151517152182], [-75.6237329001969, 4.380261368930708], [-75.62255914612507, 4.380545531167585], [-75.6217345502285, 4.380639406773057], [-75.62122731284335, 4.380590677206036], [-75.61916643997239, 4.380507089404162], [-75.61740710614859, 4.380264948073133], [-75.6169631930544, 4.380264080697791], [-75.61624963866682, 4.380326340903126], [-75.61536187555384, 4.380292779013483], [-75.61436335206558, 4.380147598010312], [-75.61379285578937, 4.380019172406682], [-75.61327032425692, 4.379683961725844], [-75.6123201697968, 4.379125122062239], [-75.61156010888216, 4.378646221409816], [-75.61064178856978, 4.378023787702569], [-75.60997738142258, 4.377274543088833], [-75.60931316099597, 4.3764298164082005], [-75.60872780803626, 4.375792122155538], [-75.60820534436783, 4.375425081775267], [-75.60722346124403, 4.374882092161738], [-75.60622612855033, 4.374132190993204], [-75.60562467904441, 4.373621771332402], [-75.60513436093234, 4.373032003240183], [-75.60450194981323, 4.372139597054934], [-75.60394853013162, 4.371390570567772], [-75.60349057543452, 4.370466678604726], [-75.60273202193001, 4.369223927079992], [-75.60232107137408, 4.368586574116749], [-75.60206843755105, 4.36806093138637], [-75.6019107726889, 4.367615036597823], [-75.60137258875521, 4.367184312421079], [-75.60085075693114, 4.366498998444646], [-75.59980662868261, 4.365367078877225], [-75.59937961017711, 4.364841088189175], [-75.59854030573808, 4.364362025886358], [-75.59770056578661, 4.364105752030258], [-75.59693997087479, 4.363913289171428], [-75.59617928240444, 4.363768564793678], [-75.59532334826946, 4.36368730913299], [-75.59462635612735, 4.363399484627591], [-75.59373971600829, 4.362808932016281], [-75.5922495293639, 4.361590514337069], [-75.59252025296566, 4.361281179026934], [-75.59299388799548, 4.3603492830671815], [-75.593252615324, 4.359646582016754], [-75.59345446333852, 4.3587859048783555], [-75.59352732783884, 4.358082837430159], [-75.59372937211418, 4.35712170063398], [-75.59393099265526, 4.356375834293757], [-75.5939467521279, 4.355629598363169], [-75.5940052896797, 4.354940854064321], [-75.59410699923549, 4.35410868241931], [-75.59418025405652, 4.353204692839348], [-75.59418182779795, 4.352401024880062], [-75.59395498666628, 4.351424690006508], [-75.59374185417852, 4.350749760423823], [-75.59344277223941, 4.350160769617828], [-75.59315823936575, 4.349442646271689], [-75.59307355261467, 4.348882775926611], [-75.5930744521383, 4.348423539110072], [-75.59334758131763, 4.347663458700339], [-75.59369208073676, 4.346960925598341], [-75.59403716934617, 4.345957016362594], [-75.59421035728614, 4.345124983244123], [-75.59436908012553, 4.3443790287936395], [-75.594570411974, 4.343776670712942], [-75.59481609240035, 4.3424281342954725], [-75.59527652830923, 4.340922155193555], [-75.59590874610008, 4.339301701809678], [-75.59625332128314, 4.338556111355844], [-75.59664039431432, 4.338011521789072], [-75.59728533660919, 4.337194764220097], [-75.59790165804206, 4.33639230010041], [-75.59877514863308, 4.335676445334367], [-75.59959131218555, 4.335032233877772], [-75.60004966871512, 4.334588240773346], [-75.60027911105425, 4.334229907424105], [-75.60032272595133, 4.3338568570702405], [-75.60020860268213, 4.333727473667964], [-75.59966627989827, 4.33323846711315], [-75.5989392996239, 4.332131994368173], [-75.59821399409351, 4.330164443070591], [-75.59748855241857, 4.328268649826722], [-75.59699087942046, 4.326875599237623], [-75.59666325899018, 4.326257853857636], [-75.5962926672991, 4.325683077245925], [-75.59563692730492, 4.324705902167354], [-75.59533781827261, 4.324131264930687], [-75.59519588625068, 4.323599989424209], [-75.59518211993841, 4.323327286836073], [-75.59536439836702, 4.322945376086509], [-75.5957801627083, 4.322343434993955], [-75.59611006669572, 4.321784379726303], [-75.59616783724839, 4.321483117717904], [-75.59598284765019, 4.321037864029305], [-75.59569764599578, 4.320664173814121], [-75.59496950779533, 4.320160452335285], [-75.59425524922845, 4.319872028646053], [-75.59346970494066, 4.319483005338855], [-75.5930843191282, 4.3191665216087545], [-75.5929561818646, 4.318893596123977], [-75.5930710827531, 4.318621146818122], [-75.59361484384978, 4.31836389035109], [-75.59395845632373, 4.318106237775528], [-75.59431653236281, 4.31776250784612], [-75.59476080384182, 4.317203676853765], [-75.59507635172388, 4.316673299118183], [-75.59529160289533, 4.316257531946407], [-75.59543495631138, 4.3160568918853555], [-75.5959648079008, 4.3155986858176965], [-75.59713929634445, 4.3144672286833865], [-75.59756934966268, 4.313865309888176], [-75.5977992294098, 4.313277356638314], [-75.5980484477383, 4.312544731128213], [-75.59814570025209, 4.311540324585456], [-75.5981472716253, 4.3107270902244315], [-75.59786296780975, 4.309889376341771], [-75.59748358809225, 4.308931879015261], [-75.5969848421593, 4.308093746576082], [-75.59665730901777, 4.307432950777432], [-75.59622067226549, 4.306513614381502], [-75.59607859924421, 4.306054097551753], [-75.59593660121529, 4.3055563081195265], [-75.5959276257542, 4.305269264193083], [-75.59589681389951, 4.304887516187728], [-75.59611031877037, 4.304437243122242], [-75.59631105508466, 4.304131472771048], [-75.59667370201664, 4.303883424176055], [-75.59703594197599, 4.303845861726332], [-75.5977982309687, 4.30393345389892], [-75.59836996234796, 4.303991967593396], [-75.5989132122792, 4.303993025811127], [-75.59920897808105, 4.303830951565054], [-75.59974387802887, 4.303219667952408], [-75.60031673423957, 4.302694566864368], [-75.60073735559143, 4.30203522107478], [-75.60090013318562, 4.301643270443038], [-75.60114938626221, 4.3008879128381325], [-75.60132185862356, 4.300409870221723], [-75.60140857499648, 4.299922095242375], [-75.60147628339072, 4.299405578432034], [-75.6015726580519, 4.298850845302719], [-75.60163046671204, 4.29852565937862], [-75.60183116295497, 4.298239022787259], [-75.6022321120006, 4.297895368933897], [-75.60255666930878, 4.297628105352143], [-75.60291938516471, 4.297341780957379], [-75.60308182843407, 4.297122037721572], [-75.60315857007545, 4.296863862622632], [-75.60318763864962, 4.296615163831538], [-75.60328401100773, 4.296060431422491], [-75.60334303201473, 4.295103787728038], [-75.60334481424833, 4.294175736103708], [-75.60327075408061, 4.293037052064132], [-75.60322420258426, 4.29246290776574], [-75.60324405286597, 4.292051540016296], [-75.60333054415597, 4.291678573773572], [-75.60345502925055, 4.2913726515648705], [-75.60371350991734, 4.290770392726832], [-75.60403857620346, 4.290235236767987], [-75.60435584543357, 4.28966576939169], [-75.60441232063265, 4.289164390091203], [-75.6042510167007, 4.288790943189738], [-75.603280295811, 4.288061933075615], [-75.6025764872231, 4.287304736616842], [-75.6016724656651, 4.2865854201888896], [-75.60105393795303, 4.286086710883047], [-75.60003524241826, 4.285529821601052], [-75.59860686612396, 4.284905166268849], [-75.5978169230339, 4.284339151027605], [-75.59718897983026, 4.283783017648851], [-75.59678947391491, 4.28338040494614], [-75.59629468297825, 4.282968041135693], [-75.59616179093995, 4.282690328321887], [-75.5963062192627, 4.281925203954657], [-75.5964983548358, 4.2811314686152535], [-75.59669063587678, 4.280261193965708], [-75.5968329044141, 4.28], [-75.74450523745809, 4.28], [-75.74452553579896, 4.28014182339301], [-75.7446322011118, 4.280464933701282], [-75.74486700235117, 4.281096843326549], [-75.74504495125822, 4.281534894220636], [-75.74507320856486, 4.28172869899497], [-75.74505863938371, 4.281886547937383], [-75.74499386988066, 4.28213759893043], [-75.74499368373453, 4.282245239959719], [-75.74507206723376, 4.282388899977057], [-75.74527896900963, 4.282618894594497], [-75.74537877205213, 4.282776947083683], [-75.74539283273762, 4.282913316880803], [-75.74540677033508, 4.283121446426825], [-75.74544215096127, 4.283329616388132], [-75.7455855632402, 4.283536444137398], [-75.74581244478912, 4.283831697338971], [-75.74613445112082, 4.283908354395819], [-75.74657949664734, 4.284061311670577], [-75.74720010189655, 4.284238436451585], [-75.74762166605964, 4.284346810372341], [-75.74809337857327, 4.284390689702167], [-75.74842953456346, 4.284283632082318], [-75.74863720829093, 4.284068709004465], [-75.74880937399533, 4.283717379025073], [-75.74900263776304, 4.283567015951049], [-75.74925287755133, 4.283538748869115], [-75.74958876122317, 4.283589564881466], [-75.75012451273037, 4.283805778101745], [-75.7505529155699, 4.28409356790243], [-75.7508239583684, 4.284438493314875], [-75.75111633405093, 4.284848040275269], [-75.75152305856118, 4.285272137757376], [-75.75179423773484, 4.285538125966898], [-75.75204376055899, 4.285926070739079], [-75.75227940889863, 4.286070004252067], [-75.75267251817148, 4.286099390177905], [-75.75303731700453, 4.285963675101824], [-75.75336641173108, 4.2858063700919296], [-75.75358805999596, 4.285778053409579], [-75.75393822993986, 4.285836066138345], [-75.75445246531316, 4.286095300384909], [-75.7546951138533, 4.286325357107989], [-75.75485185904114, 4.286627026951343], [-75.7549945918152, 4.286763618762548], [-75.75521619063923, 4.28676400459023], [-75.75556670593288, 4.286621088071761], [-75.7558958507509, 4.286435079011212], [-75.75611036158563, 4.286399570679676], [-75.7562675032985, 4.28647160242016], [-75.75645307618103, 4.286636977007622], [-75.75680261940107, 4.287060972008156], [-75.7570023412397, 4.287312481611285], [-75.75719518714557, 4.287406105250592], [-75.7574809488262, 4.287507065182528], [-75.75760232280028, 4.287593388673743], [-75.75769495626686, 4.287765777335411], [-75.75771585969387, 4.288081562755933], [-75.7576794159147, 4.288490540902015], [-75.75770052836069, 4.2886843326479775], [-75.75785036098821, 4.28884964394313], [-75.75853609959435, 4.289145052048018], [-75.75916488696387, 4.2893040141980725], [-75.75943651310735, 4.289311659908536], [-75.75970828738302, 4.2892331910526345], [-75.76000865355483, 4.289154773228865], [-75.7601587328454, 4.289176559633864], [-75.76023716790888, 4.289291514592664], [-75.76023688640646, 4.289456566558707], [-75.76022907260383, 4.2898440662249815], [-75.7602926587846, 4.290281918565324], [-75.76036368768291, 4.2905475586251285], [-75.76052774364769, 4.290755950597607], [-75.7607347898968, 4.290907010761319], [-75.76119199201716, 4.29108002488071], [-75.7617565562435, 4.291174291164673], [-75.76220678286181, 4.29124682704993], [-75.76259261258525, 4.291355134819928], [-75.76286398298366, 4.291513479392073], [-75.7630134977287, 4.291865368040186], [-75.76310581301776, 4.292224336158776], [-75.76314843396321, 4.292382286744706], [-75.76331274922718, 4.292439977742827], [-75.76357010491527, 4.292433245229911], [-75.7640207374212, 4.292268970290007], [-75.7642640047417, 4.292140216909193], [-75.76440693603348, 4.292161991790768], [-75.76450680564955, 4.292284160452609], [-75.76467784060708, 4.292593028578432], [-75.76483490996257, 4.2927081183124285], [-75.76506358593515, 4.292751569666314], [-75.76542108088873, 4.292709128698818], [-75.76575020279869, 4.292537465318371], [-75.76625870904675, 4.291971422917519], [-75.7665522107774, 4.291727938232547], [-75.7667238707651, 4.291670822734303], [-75.76688817365427, 4.291735690628402], [-75.76708074094915, 4.291994363973376], [-75.76727325875721, 4.292281741823597], [-75.76747303618166, 4.292504549044992], [-75.76761583303185, 4.292605257558211], [-75.7677802114459, 4.292627068587731], [-75.76803768931015, 4.2925485761630116], [-75.76845266542215, 4.292334003167035], [-75.76869588330693, 4.292233951628438], [-75.76913931760001, 4.2920983661282355], [-75.7694826511723, 4.291976959964469], [-75.76967570738616, 4.291948586254645], [-75.76981141831425, 4.292013403559911], [-75.77003267722077, 4.292214719686518], [-75.77027533398002, 4.292444772548626], [-75.77067523091782, 4.292689446795168], [-75.77106103970615, 4.292812104444063], [-75.77177567700166, 4.292935322896669], [-75.77207580277066, 4.293000424563834], [-75.7723042599126, 4.293173045086154], [-75.77256835094828, 4.293410311040891], [-75.77311081705813, 4.293892042138652], [-75.77346033573912, 4.294337564366198], [-75.77377391927567, 4.294897844423947], [-75.77400164657323, 4.295501032712417], [-75.77420760035729, 4.296297943933894], [-75.77436405135478, 4.296779016918122], [-75.77457059036841, 4.29723147044305], [-75.77512694282815, 4.297957220377407], [-75.77549084661912, 4.298352529568886], [-75.77564756634295, 4.298675726651457], [-75.77573267844755, 4.299070567189225], [-75.77574657429994, 4.29930740317116], [-75.77582493896779, 4.299465413212429], [-75.7759749369896, 4.299537434174252], [-75.77626095141818, 4.2994948631052905], [-75.77656841042409, 4.299452331194532], [-75.7770978150437, 4.299209244563067], [-75.77757705802804, 4.299037834304337], [-75.77793453299263, 4.299009742239816], [-75.77855601714798, 4.299269144221717], [-75.77908446131227, 4.299592975013791], [-75.77947704811028, 4.299938103155282], [-75.77996938639647, 4.3004771609699075], [-75.78, 4.300504143687049], [-75.78, 4.349203823872788], [-75.7799755108947, 4.349222960745524]]]}}, {"type": "Feature", "properties": {"MpNombre": "Buenavista", "Depto": "Quindío", "MpCodigo": "63111", "rol": "contexto", "marca": "F"}, "geometry": {"type": "Polygon", "coordinates": [[[-75.7798784053998, 4.365441085357298], [-75.77964046655863, 4.365623540854157], [-75.7791410323122, 4.365869150361342], [-75.77826128961502, 4.366177705159336], [-75.77708858689772, 4.366422144788076], [-75.77648640006694, 4.366540364350039], [-75.7760190047945, 4.366579306348391], [-75.77555155422186, 4.366650048652506], [-75.77490174689669, 4.366823838942124], [-75.77411720334098, 4.367045094444195], [-75.77368132587107, 4.367179497844657], [-75.77319771831914, 4.367433081269657], [-75.77247597710516, 4.367980425233791], [-75.77143700311304, 4.368757786932923], [-75.77073887131397, 4.369392629003614], [-75.77017579125815, 4.369797134109831], [-75.76920797562872, 4.370646173642374], [-75.76848589875469, 4.3713843310691995], [-75.7677874854416, 4.372178179141699], [-75.76724768130403, 4.37286100019862], [-75.76666843717254, 4.373448337775358], [-75.76624018575032, 4.373749713336395], [-75.76576453365529, 4.373979452880235], [-75.76533662808397, 4.37408206271845], [-75.76434613493807, 4.374302942434372], [-75.7635696426293, 4.37444469206564], [-75.76222255893147, 4.374752402592409], [-75.76145390436338, 4.374941867907223], [-75.76066137543985, 4.375194895777638], [-75.7600987593062, 4.3753290667166675], [-75.759464883118, 4.375447211276818], [-75.75917955208078, 4.3755500670855385], [-75.75864813167264, 4.3759625667716255], [-75.75796609033323, 4.376446358228364], [-75.75773626022598, 4.376517508343668], [-75.75727665622617, 4.376628004679585], [-75.75692787391412, 4.376778452842034], [-75.75630159677085, 4.377079472929534], [-75.75588120699676, 4.377412659897735], [-75.75541305287045, 4.377880921412543], [-75.75523038524483, 4.37815887428909], [-75.75508715440893, 4.378532301436565], [-75.75495142427958, 4.379144263812443], [-75.75495860474341, 4.379565663040714], [-75.75504497979473, 4.379995152003439], [-75.75532043674642, 4.381005376737463], [-75.75603640693406, 4.38375758059064], [-75.75623359199741, 4.384234971773512], [-75.75666762366497, 4.385158020320994], [-75.75707000018015, 4.386065110056862], [-75.7571484266604, 4.386510486618087], [-75.7570290118445, 4.386852154843108], [-75.75670320556642, 4.387447882023291], [-75.75633019423668, 4.387860654596438], [-75.75594923340878, 4.388289320902343], [-75.75560762433633, 4.388861162721697], [-75.75547993659231, 4.389401581759679], [-75.75546357820923, 4.389695727648295], [-75.75555808376768, 4.390005972406633], [-75.75577126481014, 4.390395935768881], [-75.75612705228886, 4.390770250190983], [-75.75675206905966, 4.3911927409420946], [-75.7571236433909, 4.3915988853403345], [-75.75735269517969, 4.3919729732505655], [-75.75759729609297, 4.392514053978899], [-75.75768386838745, 4.392832236124041], [-75.75769926324652, 4.39308668241921], [-75.75755576158392, 4.393611173554438], [-75.75722152576051, 4.394493107742696], [-75.75688821275868, 4.3948502978179285], [-75.75653124908239, 4.395143840039207], [-75.75581741702946, 4.395675269446039], [-75.75517518206925, 4.396031913014335], [-75.7545089997608, 4.396491867371439], [-75.75343044696409, 4.397221413931884], [-75.75261366558178, 4.397736753018447], [-75.75177312015092, 4.398252048744881], [-75.75105160133887, 4.398648298821761], [-75.7503457956099, 4.39911612826314], [-75.74953679124211, 4.399710985574777], [-75.74868791230968, 4.4004568287411905], [-75.74829139269896, 4.400718491646198], [-75.74797426762186, 4.400876939162108], [-75.74743514182063, 4.4011542486027295], [-75.74680864283486, 4.4015665613649535], [-75.74610276177663, 4.402074142241591], [-75.74567462796544, 4.402295991706329], [-75.74485021410979, 4.4026443436923826], [-75.74426369992253, 4.402842055976992], [-75.74367737013425, 4.4029364138998695], [-75.74263147602383, 4.403109448922614], [-75.74166483478201, 4.403258774647732], [-75.74092807462844, 4.403313104935517], [-75.73951801141199, 4.403374175605656], [-75.73856734018241, 4.40345196873187], [-75.73751375207593, 4.403497774561486], [-75.73687211812074, 4.403512519146923], [-75.73600862228851, 4.403566613914961], [-75.73516898982818, 4.403565098049129], [-75.73455097578908, 4.403659389277717], [-75.73387754300214, 4.40373767957335], [-75.73356057164187, 4.403808660445347], [-75.73315631283663, 4.403966943167403], [-75.73227325117338, 4.404572813694922], [-75.73185633011302, 4.404890024547792], [-75.73104153711247, 4.404997567301133], [-75.73046199067828, 4.405150961308648], [-75.72948404930486, 4.4053853911779], [-75.72888644906955, 4.40551149418089], [-75.72820467324847, 4.405475609313471], [-75.7278649311544, 4.40547886529663], [-75.7275448404249, 4.405288406977605], [-75.72722859690555, 4.405105707959022], [-75.727024115932, 4.4050317099570835], [-75.72675786608515, 4.404957599664001], [-75.72648385912554, 4.404902853819362], [-75.72624006358824, 4.404876655312016], [-75.72572430782776, 4.404680396007777], [-75.72531877344632, 4.404356946333392], [-75.72506585440738, 4.403855437092222], [-75.72467593229942, 4.403015472373248], [-75.72441946309624, 4.402512682616492], [-75.72416993571721, 4.402124723161402], [-75.72396305870642, 4.40187318506811], [-75.72377763037919, 4.401621686649594], [-75.72361346763684, 4.4014706908638175], [-75.72342784471077, 4.401326833150617], [-75.72324203959285, 4.4012834383025625], [-75.72294898189881, 4.401247023937966], [-75.72288472926077, 4.4011966746911195], [-75.72282067068538, 4.401038686259857], [-75.72280730597356, 4.40052199085235], [-75.72278636396723, 4.400242085136697], [-75.72267255894629, 4.399918958200765], [-75.72255863665622, 4.3996604123568455], [-75.72250197369553, 4.399366090697547], [-75.7225023495754, 4.399157989376247], [-75.72256025755514, 4.3987634105683835], [-75.72256780921082, 4.398540968674083], [-75.7224755555771, 4.398160470984566], [-75.72226890141039, 4.3977869406529635], [-75.72201936334267, 4.397406160379495], [-75.72187707767603, 4.397018392624269], [-75.72177764930287, 4.396652237783616], [-75.72172120665387, 4.396235923143322], [-75.72172215371579, 4.395712074592866], [-75.72179443801834, 4.395274470355016], [-75.72187376678013, 4.39489428662456], [-75.72186699413794, 4.394686169731988], [-75.72183158386395, 4.394499525970913], [-75.7216250598468, 4.39405423628157], [-75.72131886014405, 4.393379133336054], [-75.72126902259437, 4.393264224985947], [-75.72126921756711, 4.393156584751389], [-75.72139145459987, 4.392769304938112], [-75.72168566166427, 4.392167051624975], [-75.72176453669225, 4.392038027593768], [-75.72180775706904, 4.391858704667025], [-75.7217938337749, 4.391650576796002], [-75.72172302815657, 4.391270120061163], [-75.72171612463214, 4.391133759625522], [-75.72173810377174, 4.39083958297824], [-75.721767167036, 4.390581300065504], [-75.72176023817639, 4.39045929382285], [-75.72166053763398, 4.39024383300163], [-75.72143930079136, 4.390028147939605], [-75.72130362089354, 4.389941791980789], [-75.72125370578487, 4.389869937946993], [-75.72123244011289, 4.389769434698401], [-75.72128994424021, 4.3895973153411765], [-75.72136902557695, 4.389353475046425], [-75.72138364779224, 4.389174100197797], [-75.7213555053557, 4.388922890384087], [-75.72128442661308, 4.388693128002023], [-75.72125610164535, 4.388542378584531], [-75.72119248511049, 4.388140404699647], [-75.72112127843549, 4.387982405098405], [-75.72092875489311, 4.38770218830666], [-75.7207503229338, 4.387536817952777], [-75.72057905315776, 4.387364278668202], [-75.72052929401208, 4.387206316341357], [-75.72051533191123, 4.387019714949751], [-75.72052276612574, 4.386861854921053], [-75.72060878991546, 4.386732843108637], [-75.72081640144029, 4.386575347546537], [-75.72102398558526, 4.386432205286598], [-75.7210598616913, 4.386360512663604], [-75.72106719212951, 4.386260058674193], [-75.72102469807616, 4.386037525206956], [-75.72082523368228, 4.38564248057079], [-75.72062584700771, 4.385204381252802], [-75.72059037335765, 4.385053619737643], [-75.7206120655677, 4.384917314839506], [-75.7206551812769, 4.384795401649206], [-75.72071970500939, 4.384695054569902], [-75.72073415857864, 4.384608967573875], [-75.72072717772657, 4.384515667779774], [-75.72064174974415, 4.384314583227543], [-75.72050660160927, 4.383934007554237], [-75.72046400527633, 4.383768884377568], [-75.72043597841409, 4.383453089269585], [-75.72040085425778, 4.38310857380682], [-75.72036541931814, 4.3829362871926065], [-75.7202657451261, 4.3827064710666725], [-75.72007319700846, 4.3824406099116695], [-75.7199660890498, 4.382368653727799], [-75.71985174233198, 4.382346917226927], [-75.71976608243834, 4.382275001270379], [-75.71968766135727, 4.382152867385611], [-75.71967354426492, 4.382052375736059], [-75.7196380056328, 4.381937498609145], [-75.71955955905545, 4.381829712569548], [-75.71943819269295, 4.381736203742557], [-75.71913102644582, 4.381599301220994], [-75.71900965924787, 4.381505792270559], [-75.71892416759479, 4.381340588066266], [-75.7188387536626, 4.381132331074701], [-75.71876766405983, 4.3809097436861295], [-75.71861070659601, 4.38073005579147], [-75.71836800006892, 4.380528685891102], [-75.71801104871166, 4.3802481717999004], [-75.7177990088361, 4.380089065300276], [-75.71767782499043, 4.379895094222405], [-75.71764239028913, 4.379722803369233], [-75.71765701198315, 4.379543430836945], [-75.71772871121198, 4.379428743555687], [-75.71792909295952, 4.379314292300327], [-75.7180364848302, 4.379228376916665], [-75.71807243825022, 4.379113625354559], [-75.71800827728522, 4.379013042568606], [-75.7179012093842, 4.3789195597103925], [-75.71785843057063, 4.37885489837789], [-75.71786576201401, 4.378754446892992], [-75.71790180520931, 4.378589465428123], [-75.71787355759393, 4.3783956624049205], [-75.71775215272717, 4.3783236796704905], [-75.71763065813792, 4.378301931340997], [-75.71736604977077, 4.378351683268557], [-75.71727311216088, 4.378351512317378], [-75.71715170731724, 4.3782795339649825], [-75.7169660904408, 4.378135674746458], [-75.71661608308068, 4.377969988715748], [-75.71636617557391, 4.377797310199412], [-75.71618774674248, 4.3776319357219675], [-75.71615223483539, 4.3775027027861215], [-75.71618122002614, 4.377287474714594], [-75.71620286241117, 4.377179877184915], [-75.71618878387784, 4.377057858236079], [-75.71618897920752, 4.376950216613108], [-75.71622485422441, 4.376878524207903], [-75.71625372207798, 4.376727877694474], [-75.71623999490713, 4.3764121087128425], [-75.71621897539869, 4.376175261725502], [-75.71621922219863, 4.376038917902953], [-75.71626947291641, 4.3759241939474265], [-75.71642719265337, 4.3756804976747805], [-75.71646311903338, 4.375580097689137], [-75.71642760740208, 4.375450864729233], [-75.71634228471616, 4.375192372985701], [-75.71629307124522, 4.37473302035203], [-75.71630137287488, 4.374094371548568], [-75.71635233630838, 4.373584965980285], [-75.71637414608237, 4.3733840793677965], [-75.71636018463386, 4.373197474332028], [-75.71636054842341, 4.37299654807998], [-75.716382318772, 4.372817187450469], [-75.71643069879184, 4.372671936845235], [-75.71644883109357, 4.372528449548567], [-75.71643720738766, 4.37236696712111], [-75.71635994268914, 4.372265164719702], [-75.71630652977859, 4.372151449195775], [-75.71621730798906, 4.372073548392865], [-75.71616375461139, 4.372037568089062], [-75.71611033087589, 4.371929830905568], [-75.71604490559653, 4.371869914307576], [-75.71595564124569, 4.371815932393717], [-75.7158428579435, 4.371588485713759], [-75.71574786083916, 4.371408910580038], [-75.7157303450309, 4.371211538658824], [-75.71577236111341, 4.371038194955595], [-75.71592799022726, 4.3706318376771245], [-75.71598203877375, 4.370392734657569], [-75.71596444688832, 4.370237223204971], [-75.71591116410517, 4.370051746112781], [-75.71582799572164, 4.369920035181666], [-75.715792768614, 4.369632932076908], [-75.71566224368182, 4.369333691801964], [-75.71555542898955, 4.369100279137905], [-75.71553779379124, 4.368968686568246], [-75.715544053901, 4.368801255674669], [-75.71550278322364, 4.368561983066964], [-75.7153842696371, 4.3682089453897595], [-75.71536089313942, 4.36795774244761], [-75.71534362526894, 4.367622831316621], [-75.71530829991455, 4.367389545240512], [-75.71523133894927, 4.367120305840637], [-75.71520201507408, 4.366863110786754], [-75.71519052069675, 4.366629870263868], [-75.71525649539372, 4.36638480992285], [-75.71537616291357, 4.366097986810949], [-75.71553761784533, 4.365763399758702], [-75.71560361433382, 4.3655063791098625], [-75.71563375744927, 4.365309093793502], [-75.7156222632642, 4.36507585333733], [-75.71552141678488, 4.364836470124078], [-75.71543245389476, 4.364615049359509], [-75.71530774596775, 4.364393560067585], [-75.71565804791268, 4.363667863102477], [-75.71592013871631, 4.363111430030276], [-75.71628169907814, 4.3625063218348155], [-75.7166567368365, 4.3615602728969], [-75.71687408403751, 4.360890063176094], [-75.71689490398784, 4.360239222719488], [-75.71703319298844, 4.359825278878712], [-75.71707337818053, 4.359332262402051], [-75.71681903921883, 4.358720371155008], [-75.71674122371215, 4.358286310396061], [-75.71680098584935, 4.357832776063592], [-75.71697850211827, 4.35745835022497], [-75.7170971762987, 4.357024646908895], [-75.71709774319604, 4.356709071978365], [-75.71701989123177, 4.356294735430573], [-75.71698151523736, 4.355781851564298], [-75.71690366284362, 4.355367515802907], [-75.71678644308349, 4.354992557223485], [-75.7166495383768, 4.354637281747237], [-75.71659126444574, 4.354262429841893], [-75.71670976117443, 4.353927343371792], [-75.71706436301909, 4.353415170000999], [-75.71743864780787, 4.352883312682295], [-75.71763588098793, 4.3524694720616095], [-75.71775472958427, 4.351937151869096], [-75.71775557881297, 4.351463786974539], [-75.71767776167448, 4.35102972883589], [-75.71726993971404, 4.350663596045734], [-75.71686200009852, 4.350457930146488], [-75.71660253463354, 4.350252528446281], [-75.71604638669051, 4.349897552574795], [-75.7156203229417, 4.349449660146242], [-75.71530544887258, 4.349095120904521], [-75.71508357261138, 4.348628968577234], [-75.71497281923146, 4.348293425241838], [-75.71533882629777, 4.347734081679596], [-75.7158294531022, 4.346550927440934], [-75.71590227115698, 4.345809540207691], [-75.7159504452607, 4.34552258737752], [-75.71599851109424, 4.345295431996022], [-75.71607044922524, 4.345044400056602], [-75.71617802411336, 4.34485323277369], [-75.7162974277241, 4.344709931870866], [-75.71642870315642, 4.344590568425302], [-75.7167034470062, 4.344196382284278], [-75.71710946491751, 4.343682832821167], [-75.71736025067676, 4.343360366718246], [-75.7176107792776, 4.343181416110356], [-75.71805817559398, 4.342847344328602], [-75.71853516709017, 4.342620962890714], [-75.71885711787166, 4.342478024006304], [-75.7192505132635, 4.342359132831128], [-75.71979901175189, 4.3421209213334935], [-75.7202400662611, 4.342002111810274], [-75.72060965380406, 4.341871216634682], [-75.72082443682352, 4.341692202261362], [-75.72107483623816, 4.341585011582767], [-75.72122996106732, 4.341453730977299], [-75.72152810331266, 4.341298788930332], [-75.72183803208682, 4.341215626365824], [-75.72201687932812, 4.341144186057403], [-75.72246982514747, 4.341037358176215], [-75.72299268533709, 4.3409918053605745], [-75.72348428802133, 4.341026724806282], [-75.72409432377523, 4.341198007177804], [-75.72458562376318, 4.341403113787034], [-75.72522923575588, 4.3417616566005375], [-75.7257040056635, 4.3417284718123215], [-75.7261283989902, 4.341422899132657], [-75.72643396329761, 4.341202204715866], [-75.7269426713274, 4.34115206099773], [-75.72746884322518, 4.341112684838547], [-75.72767729567974, 4.341142960768952], [-75.72795137456222, 4.341119530722975], [-75.72823742106584, 4.3410662209599264], [-75.7285176057239, 4.340959080750497], [-75.72884541678795, 4.340869966840452], [-75.72917313295792, 4.340834674002537], [-75.72954239064029, 4.340889156106841], [-75.72972102561204, 4.340937313393987], [-75.72985782124975, 4.341063138249115], [-75.72998262838954, 4.341230804722322], [-75.7301132428715, 4.341482198431374], [-75.73023220919985, 4.3415840715523855], [-75.73036918516907, 4.341608236791797], [-75.73058967043117, 4.341572751403654], [-75.7308461001766, 4.341423706654512], [-75.73135292731189, 4.341167470585299], [-75.73166286694425, 4.341078326363016], [-75.73185354384354, 4.341054745332096], [-75.73215138940967, 4.341067237419839], [-75.73226456731236, 4.341073418219037], [-75.73237187321551, 4.341031750760291], [-75.73269398065325, 4.340799101795478], [-75.73287880617042, 4.340715709416283], [-75.73317075663732, 4.34069230957769], [-75.73348653837897, 4.340668951560731], [-75.73387376423757, 4.3406696441347306], [-75.73477945584767, 4.340569598257968], [-75.73542300638479, 4.340481039317991], [-75.73593540986992, 4.3404400913915895], [-75.73617982906877, 4.340344844743696], [-75.73643031065771, 4.3401898089347934], [-75.73676446982256, 4.339879439858155], [-75.73699105909611, 4.3397602427331385], [-75.73721155410942, 4.339718774036384], [-75.73759878007299, 4.339719462279914], [-75.73782515805068, 4.339719864949313], [-75.7380277708012, 4.339684341610494], [-75.73829610274349, 4.3395412966281395], [-75.73839756701133, 4.339433836824371], [-75.73869019335733, 4.339027709954741], [-75.73895289425994, 4.3386992760534735], [-75.73915580065452, 4.338496310365061], [-75.73950772467883, 4.3382457720177205], [-75.73982378857227, 4.338060950021306], [-75.74003843097675, 4.337959669244793], [-75.74027675519433, 4.337942151264313], [-75.74059249305165, 4.337942711416925], [-75.74075939243603, 4.337889185770429], [-75.7409084830727, 4.337799748809116], [-75.74100408428005, 4.337638459306044], [-75.74103423892242, 4.337429207645391], [-75.74132024216253, 4.337399812824944], [-75.74152887421587, 4.337328422225803], [-75.74170779279844, 4.33721511940075], [-75.74186891434168, 4.3370599198185], [-75.74225682238738, 4.336671901372903], [-75.7424716318367, 4.3364749411358545], [-75.7425729061507, 4.336475118022909], [-75.74277542314591, 4.336493415560528], [-75.74305548000571, 4.336458031207579], [-75.74326414299674, 4.336368699308995], [-75.74353866228347, 4.336094101585033], [-75.74371167514867, 4.335950883871894], [-75.7438964779399, 4.335879450401595], [-75.74409330993238, 4.335742256233881], [-75.74446298829749, 4.33555752610078], [-75.74487453531624, 4.335277189349304], [-75.74520245883481, 4.335122285979732], [-75.74555426541906, 4.3349375230580405], [-75.74607913600616, 4.334579642969384], [-75.74672920432978, 4.334168164210171], [-75.74702729878717, 4.33403712643922], [-75.74732528941746, 4.333965889918259], [-75.74755762380397, 4.33396629978907], [-75.74782554587217, 4.334056476180559], [-75.74802194919491, 4.334164461424819], [-75.74830757557103, 4.334350346163715], [-75.74846828671795, 4.334428371365314], [-75.74873036683931, 4.334452752433521], [-75.74915573987109, 4.334441539969252], [-75.74980885320382, 4.334332656856403], [-75.750466683421, 4.334252482638221], [-75.75078597827692, 4.334262610757197], [-75.75121954502329, 4.334335135014577], [-75.7515054052718, 4.334388261565231], [-75.75180067135923, 4.33451316767975], [-75.75216740778487, 4.3346477651154265], [-75.75246755659978, 4.334705698985681], [-75.752872538076, 4.334773386830683], [-75.75308207782619, 4.334864654263026], [-75.75328198589716, 4.335013312052766], [-75.7535246370026, 4.33524815494988], [-75.75367194591307, 4.335497185936636], [-75.75381446370488, 4.335760562744147], [-75.75401416427114, 4.336028822031716], [-75.75426153878193, 4.336287594080095], [-75.7545661724333, 4.336508196928771], [-75.75484714189875, 4.3366330745632915], [-75.75514245965243, 4.336729274446707], [-75.75586678196002, 4.336783168860961], [-75.75626699104718, 4.336855630070498], [-75.75649556218171, 4.336966066189972], [-75.75677645827636, 4.337133998733906], [-75.75700503735554, 4.337239650605699], [-75.75720511259715, 4.337292623898665], [-75.75741479464536, 4.337302560583702], [-75.75788191801696, 4.337265103814742], [-75.7583777032214, 4.3371894257796235], [-75.75866368929299, 4.337170790610724], [-75.75885905709212, 4.337190266718139], [-75.7590305286659, 4.337247977078696], [-75.75925910071618, 4.337358409310723], [-75.75948278308074, 4.337540595111534], [-75.75967781926268, 4.337751436553061], [-75.75992513098966, 4.33804848511864], [-75.76013924806593, 4.338249787969277], [-75.76033445902456, 4.338360162718716], [-75.76052018812884, 4.338441816880386], [-75.76073453818991, 4.338509169809085], [-75.7609965539733, 4.338571819069469], [-75.76124442227028, 4.338548333071384], [-75.76143048331815, 4.3384386233850885], [-75.76166429272585, 4.338276371235536], [-75.76194089836999, 4.33817160195036], [-75.7621029377075, 4.338171885228553], [-75.7622458164302, 4.338229543816868], [-75.7625695738645, 4.338416687752882], [-75.7627743007723, 4.338536647960906], [-75.7629790546308, 4.338555556760502], [-75.76315987031111, 4.338540427449325], [-75.76332977870122, 4.338487252802667], [-75.76357952969263, 4.338753209036155], [-75.76375050670146, 4.3390979603298145], [-75.76386428103007, 4.3394497897811295], [-75.76399269961469, 4.339600711607936], [-75.76427827031567, 4.339823670297102], [-75.76465675056889, 4.340061144173209], [-75.76487092025059, 4.340233743440432], [-75.76498501662155, 4.340398994190255], [-75.76512047365078, 4.340614514388601], [-75.76527000515999, 4.3409592303108555], [-75.76551183979824, 4.341670093101397], [-75.76557573410793, 4.341928544121228], [-75.76559687112265, 4.342107984952189], [-75.7655536923924, 4.342272961184344], [-75.76548196830046, 4.342409184981018], [-75.7653387670981, 4.342538105694845], [-75.76527426531358, 4.34263128288903], [-75.76516611404547, 4.343162130214982], [-75.76514419639405, 4.34343478619246], [-75.765186829097, 4.343585560270326], [-75.76527951716616, 4.343729245822953], [-75.76557941101073, 4.343937875223534], [-75.76600796201826, 4.344161084146327], [-75.76635855635428, 4.343989465079679], [-75.76655166285083, 4.343939567600889], [-75.76681622223461, 4.343911323005954], [-75.76738833425475, 4.343797499942732], [-75.7677960447166, 4.343669039559389], [-75.76817519687883, 4.343518997291815], [-75.76833269561318, 4.343390102316959], [-75.76838297294127, 4.343253839837424], [-75.76841912583822, 4.343017089298914], [-75.76850525859892, 4.342816309242494], [-75.76865558428008, 4.342701749951521], [-75.76879151220001, 4.342644574629453], [-75.76899883101116, 4.3426449352440475], [-75.76926327918308, 4.342681276077941], [-75.7695562226135, 4.342775072643053], [-75.76977764173607, 4.342890276392176], [-75.77002758220455, 4.343048585807755], [-75.77039875679296, 4.343379335143698], [-75.770655586829, 4.343688355289933], [-75.77086246127655, 4.3439470559290445], [-75.77111231464, 4.344155597749372], [-75.77138367760664, 4.344328296650682], [-75.77171920909902, 4.344601576370935], [-75.77209073056268, 4.3447313888217085], [-75.77239086258417, 4.344803672917972], [-75.77286270557057, 4.344797313960549], [-75.77333481860259, 4.344633078805098], [-75.77405747782346, 4.344275518711869], [-75.77452980114084, 4.34398928773726], [-75.77479475510987, 4.343731403260304], [-75.77495834271049, 4.344219666621838], [-75.77505791076597, 4.3445212397399455], [-75.77530007641614, 4.3450455189756765], [-75.77552812860601, 4.345462133840063], [-75.7758061497537, 4.34592189035613], [-75.77621263226064, 4.346511039038361], [-75.77663325205452, 4.347193504708169], [-75.77688273970453, 4.347617330683659], [-75.77718945715175, 4.3480197277216925], [-75.77764594593562, 4.348630495441301], [-75.77797404919147, 4.349068807436976], [-75.77825955422418, 4.34933482184168], [-75.77856662868597, 4.349529109377527], [-75.77875954223578, 4.349594024776139], [-75.77892394432648, 4.349608664733936], [-75.77966786975846, 4.349358777561095], [-75.7799755108947, 4.349222960745524], [-75.78, 4.349203823872788], [-75.78, 4.365290376895394], [-75.7798784053998, 4.365441085357298]]]}}, {"type": "Feature", "properties": {"MpNombre": "Córdoba", "Depto": "Quindío", "MpCodigo": "63212", "rol": "contexto", "marca": "F"}, "geometry": {"type": "Polygon", "coordinates": [[[-75.60710712588165, 4.433255884254874], [-75.60591739614038, 4.4328989637114], [-75.60404357032661, 4.432601529904685], [-75.60291332617726, 4.432423068896707], [-75.60175333919665, 4.432006666303967], [-75.60062309471822, 4.431322568097182], [-75.59981462169347, 4.430764870063592], [-75.59963607431916, 4.430632802041849], [-75.59933852163954, 4.4304647758587254], [-75.59869540116927, 4.430308018433725], [-75.59833855795677, 4.429996356681928], [-75.59794644522341, 4.429445439981674], [-75.59769743534869, 4.428835015215286], [-75.59752001183872, 4.428176893232335], [-75.59727040792117, 4.427865447061885], [-75.59684193195724, 4.427625400710867], [-75.59633031089344, 4.427253635309429], [-75.5959026212525, 4.426618930688007], [-75.59559413198127, 4.425960545745631], [-75.59521407999384, 4.425337898111395], [-75.59476213332918, 4.424918413042629], [-75.59379804422797, 4.42439026986752], [-75.5929409332641, 4.42399389088039], [-75.59215567091877, 4.42341826482533], [-75.59141807220618, 4.422842733339291], [-75.59060938812517, 4.422063750357696], [-75.58980065819274, 4.421308688661939], [-75.58940834131253, 4.4208654016907385], [-75.58900420262023, 4.420374256183122], [-75.58874235557222, 4.420230217115561], [-75.5881468606803, 4.420097467158936], [-75.5875272496368, 4.420108180125308], [-75.58660918677678, 4.420405318188651], [-75.58542851080871, 4.420941110369335], [-75.58423570416934, 4.421584505827765], [-75.58378225823813, 4.421918451764365], [-75.58359118370329, 4.422133335907412], [-75.58345913507284, 4.422623401215429], [-75.58333885730288, 4.423185246427352], [-75.5831114619881, 4.4236870775594115], [-75.58294407362709, 4.423973761614855], [-75.58270531388594, 4.424200507378142], [-75.58217202915927, 4.423696484426931], [-75.58129388513603, 4.423099136958829], [-75.58064432564431, 4.4225955320524015], [-75.58033762060283, 4.422243308991606], [-75.5801240417262, 4.421797991145095], [-75.58003205526789, 4.421324216687855], [-75.57962098210365, 4.419543841109032], [-75.5793164100583, 4.418129636394047], [-75.57907587811042, 4.416866248726651], [-75.57906238722643, 4.416464388337665], [-75.5791420482957, 4.415955081703357], [-75.57930006066958, 4.415589446716424], [-75.57970158590562, 4.415001860634648], [-75.58005302372618, 4.414435700571005], [-75.58021093537508, 4.414120293139581], [-75.58074484174465, 4.413610876630057], [-75.58099362291618, 4.413137789748864], [-75.58106580259978, 4.412793508429717], [-75.58100941570837, 4.412391561064282], [-75.58095314326246, 4.411932212981653], [-75.5808251796154, 4.411573174927167], [-75.58069733227747, 4.411156730658312], [-75.58064103083268, 4.410711731868793], [-75.58051321103154, 4.4102809397304075], [-75.58022802833806, 4.409892882262115], [-75.57988539488795, 4.409633869642481], [-75.57939961089768, 4.409460676007515], [-75.57907098919361, 4.409345203076414], [-75.57895721013546, 4.409043600850788], [-75.5789294481561, 4.408627361794168], [-75.57898781780949, 4.408039079798203], [-75.57906054259252, 4.407422127799845], [-75.57919040300781, 4.406833990822291], [-75.57930584898142, 4.406303231130119], [-75.579364017009, 4.405815410394804], [-75.57946479129795, 4.405471186247568], [-75.57962269906753, 4.405155777144651], [-75.57970911839762, 4.404840229421653], [-75.57969536480371, 4.40456752634399], [-75.57989685464895, 4.403907779176669], [-75.58044347163472, 4.402258496219889], [-75.58068785335959, 4.401598835716662], [-75.58109016826981, 4.4006094119458545], [-75.58130572425327, 4.4000645042003415], [-75.58136380330527, 4.399619732769117], [-75.58135042181505, 4.399160466733015], [-75.58132277063694, 4.398686822158351], [-75.5813377276276, 4.398356776757333], [-75.5815244862835, 4.397912264969823], [-75.5822713427238, 4.396220324551773], [-75.58264499918675, 4.395259549027313], [-75.58281822916965, 4.3944275268299515], [-75.58283464155963, 4.393365570917674], [-75.58280759021457, 4.392590551626264], [-75.5827953207756, 4.391571593173207], [-75.58288264888508, 4.3907968038509715], [-75.58292676881187, 4.390179794129043], [-75.58295613538579, 4.389792370420612], [-75.58277140901929, 4.3892179496941734], [-75.5827436712827, 4.388787358337773], [-75.58272988682697, 4.388529010607651], [-75.58283071243288, 4.388156080173491], [-75.58283139718709, 4.38781165477858], [-75.58280365814771, 4.387381065213985], [-75.58280457084867, 4.386921825913213], [-75.58296267076653, 4.386505958328312], [-75.58330649566871, 4.386162217911804], [-75.58390813111207, 4.385589374337005], [-75.58442372420059, 4.385145519244559], [-75.58522609177312, 4.384286051055191], [-75.58581365508273, 4.383598366718988], [-75.58644479092622, 4.382566340022714], [-75.58711921610849, 4.381333482014527], [-75.58776404942465, 4.380602854983253], [-75.58941222419838, 4.378596969422413], [-75.59008595805112, 4.377708530801252], [-75.59044438428717, 4.377206950910049], [-75.59047360163393, 4.376891280891668], [-75.59036001659592, 4.376489219798009], [-75.5898322606557, 4.37585671640714], [-75.58930467632557, 4.375138105721301], [-75.58874835589515, 4.3744911918261655], [-75.58846337356178, 4.374002684003466], [-75.58825002021177, 4.3734425611276], [-75.58822272908824, 4.372782351724966], [-75.58825268398715, 4.372093550311329], [-75.58835387013607, 4.371534054192321], [-75.58861258035465, 4.3708457121134], [-75.58898586505788, 4.370057132718781], [-75.5892741019574, 4.3688952584294185], [-75.5895478988387, 4.367805105043542], [-75.58967812936308, 4.367016045967091], [-75.58972232111377, 4.366355977914772], [-75.5900114286317, 4.364749210966401], [-75.59024125708963, 4.364204318639079], [-75.59045701334568, 4.3635445902562475], [-75.5910302528505, 4.362856866641472], [-75.59168910361325, 4.3622554186141596], [-75.59201872711834, 4.361854235396177], [-75.5922495293639, 4.361590514337069], [-75.59373971600829, 4.362808932016281], [-75.59462635612735, 4.363399484627591], [-75.59532334826946, 4.36368730913299], [-75.59617928240444, 4.363768564793678], [-75.59693997087479, 4.363913289171428], [-75.59770056578661, 4.364105752030258], [-75.59854030573808, 4.364362025886358], [-75.59937961017711, 4.364841088189175], [-75.59980662868261, 4.365367078877225], [-75.60085075693114, 4.366498998444646], [-75.60137258875521, 4.367184312421079], [-75.6019107726889, 4.367615036597823], [-75.60206843755105, 4.36806093138637], [-75.60232107137408, 4.368586574116749], [-75.60273202193001, 4.369223927079992], [-75.60349057543452, 4.370466678604726], [-75.60394853013162, 4.371390570567772], [-75.60450194981323, 4.372139597054934], [-75.60513436093234, 4.373032003240183], [-75.60562467904441, 4.373621771332402], [-75.60622612855033, 4.374132190993204], [-75.60722346124403, 4.374882092161738], [-75.60820534436783, 4.375425081775267], [-75.60872780803626, 4.375792122155538], [-75.60931316099597, 4.3764298164082005], [-75.60997738142258, 4.377274543088833], [-75.61064178856978, 4.378023787702569], [-75.61156010888216, 4.378646221409816], [-75.6123201697968, 4.379125122062239], [-75.61327032425692, 4.379683961725844], [-75.61379285578937, 4.380019172406682], [-75.61436335206558, 4.380147598010312], [-75.61536187555384, 4.380292779013483], [-75.61624963866682, 4.380326340903126], [-75.6169631930544, 4.380264080697791], [-75.61740710614859, 4.380264948073133], [-75.61916643997239, 4.380507089404162], [-75.62122731284335, 4.380590677206036], [-75.6217345502285, 4.380639406773057], [-75.62255914612507, 4.380545531167585], [-75.6237329001969, 4.380261368930708], [-75.62452581811856, 4.380151517152182], [-75.62563560270497, 4.380153672087486], [-75.62679279844176, 4.3802354883357735], [-75.62788630064442, 4.380460405177892], [-75.62958213979478, 4.380750139162978], [-75.63081821144951, 4.381038982362542], [-75.63186458441125, 4.381041008876779], [-75.63257829485495, 4.3808991663522745], [-75.63321294944795, 4.380645769798198], [-75.6334355177675, 4.3803279261881105], [-75.63386550207255, 4.379326187018863], [-75.63419990239045, 4.3785629711325615], [-75.63464570743008, 4.377577173871271], [-75.63496476899114, 4.376543390910743], [-75.63528303887082, 4.375923366209347], [-75.63595024824318, 4.375224445903851], [-75.63688743174863, 4.37428733592137], [-75.63768156232373, 4.373540911548879], [-75.63853995715141, 4.372349026286667], [-75.63884215407015, 4.371840366952341], [-75.6396521026796, 4.371109885177926], [-75.64052564913557, 4.370284039573838], [-75.64125632535251, 4.369553402756057], [-75.64251157180128, 4.3680917348188775], [-75.64402083885928, 4.3664395806313845], [-75.64462449494731, 4.365804178687447], [-75.64521256816695, 4.365025521419781], [-75.64565762381314, 4.364421644399211], [-75.6458964270991, 4.363896940844547], [-75.64621464993955, 4.363292822006942], [-75.64648494892835, 4.362879577399405], [-75.6468976612076, 4.3626098248313525], [-75.64746882188821, 4.362388118858542], [-75.64837303272803, 4.3621033920907], [-75.64953102579598, 4.361755490674114], [-75.65073688066953, 4.361248540924047], [-75.65145117463214, 4.360788393344517], [-75.65194333383603, 4.360423307960727], [-75.65243519342856, 4.3602173626979965], [-75.6528474828647, 4.3601704010043925], [-75.6534968921689, 4.3604899118627864], [-75.65417758898442, 4.361032276772994], [-75.65470025832197, 4.361303808426604], [-75.6553977694479, 4.3613369562550695], [-75.6561748194021, 4.361227029656463], [-75.6572060096092, 4.3608629614278565], [-75.65777737771764, 4.360529847884483], [-75.65844341976333, 4.360435624267104], [-75.65953736870264, 4.3604217767908064], [-75.66066272820802, 4.360567128866707], [-75.66147097929738, 4.360727795308209], [-75.66248557080246, 4.360761534763944], [-75.66407123192154, 4.3606212993407], [-75.66519739621143, 4.360336964269393], [-75.66619637259097, 4.360243358810347], [-75.66740133203047, 4.3602137961195435], [-75.66841580697401, 4.360311185188896], [-75.66982660234639, 4.360425232807394], [-75.67134879059401, 4.360316684923403], [-75.67185638399174, 4.36017441140108], [-75.67291919184132, 4.359858116972447], [-75.67361715110576, 4.359652541059716], [-75.67399767563877, 4.359637336649542], [-75.67436202299331, 4.3597971588018325], [-75.67490052658738, 4.360084619651637], [-75.67532823075906, 4.360276387040919], [-75.67608922255391, 4.360277810780629], [-75.67694557633567, 4.360152093884445], [-75.67781787101515, 4.359978667313878], [-75.67837314406574, 4.359772818548548], [-75.67938891907104, 4.359169973259134], [-75.68000807809605, 4.358709615583316], [-75.68083327870035, 4.358281470248043], [-75.68129342668959, 4.358075444107357], [-75.68222916510999, 4.357886210980766], [-75.68346604057595, 4.357745280821217], [-75.68446487276925, 4.3577312197319245], [-75.68532107765631, 4.357685064738088], [-75.68668475765013, 4.357560278193293], [-75.68735068620762, 4.357529681818837], [-75.68758835040593, 4.357609694668162], [-75.68780992584584, 4.3578169902076755], [-75.68820528398058, 4.3583588008948455], [-75.68875845161466, 4.359298762216805], [-75.68899503684835, 4.359967595351943], [-75.68907290502995, 4.36073162214925], [-75.68919836407518, 4.361479820057798], [-75.689498160924, 4.36226017062738], [-75.69011507139638, 4.3630251920753995], [-75.69046278206473, 4.363614660349847], [-75.69073113363066, 4.364251723651949], [-75.69126766595448, 4.365621337032494], [-75.69151776993523, 4.367563335064955], [-75.69156422286258, 4.368168158409368], [-75.69176971460071, 4.368502736324048], [-75.69226076001016, 4.368742358711982], [-75.69276792308625, 4.368838783138995], [-75.69311654160153, 4.368934910445382], [-75.69352869628652, 4.368967500440567], [-75.69397368411812, 4.368830160657973], [-75.69415962241403, 4.368794621702784], [-75.69435981921374, 4.368780640797755], [-75.69464590773315, 4.3687094103688064], [-75.6949821053316, 4.368602389190921], [-75.69520390622446, 4.368502335811397], [-75.69554725197739, 4.36839532943813], [-75.69586909803643, 4.368316988050688], [-75.69631235795377, 4.368303453351006], [-75.69672702299849, 4.368289864974455], [-75.69699154664795, 4.36828317888423], [-75.69722761936757, 4.368197500445596], [-75.69766394030628, 4.368069137682267], [-75.69797150165242, 4.367983591219319], [-75.69830769940911, 4.367876571743487], [-75.69849357131982, 4.367876916364995], [-75.6988367203972, 4.36787754397995], [-75.69922988589292, 4.367892621275273], [-75.69960884489109, 4.367857436949458], [-75.70000212759203, 4.367807927812691], [-75.70025235438159, 4.367801212675512], [-75.7006097624487, 4.367823397367858], [-75.70085992299457, 4.367852560919567], [-75.70108855821864, 4.367924743020498], [-75.70138855264887, 4.368068810922481], [-75.7017099281389, 4.368248800360052], [-75.701938381005, 4.368421442331144], [-75.70228445718683, 4.368600056671094], [-75.7024464131873, 4.36864819537002], [-75.70265611480914, 4.3686485812043365], [-75.70303753191973, 4.368572738735446], [-75.70332304170029, 4.3682842427327495], [-75.70367922962514, 4.367914043159248], [-75.70401455531825, 4.367515818731926], [-75.7041682574248, 4.367327175984046], [-75.70428703996375, 4.367173455744265], [-75.70437811896765, 4.366921724826632], [-75.7044063207939, 4.366746847180058], [-75.70452516791998, 4.366558141396527], [-75.70479760202493, 4.3662437677587], [-75.70507011243662, 4.365887408580801], [-75.70524483989823, 4.365635832357236], [-75.70537056929521, 4.365496118720814], [-75.70551015035733, 4.36540540903454], [-75.70562173374923, 4.365377624674413], [-75.70575416709737, 4.365384865152518], [-75.70591440679975, 4.365434138731454], [-75.70600489975917, 4.365504277987061], [-75.70610928361697, 4.365602427446408], [-75.70623413700602, 4.365945516725848], [-75.70649750338843, 4.36678566089301], [-75.70664328124835, 4.3671217954468755], [-75.70678945301945, 4.367241014051449], [-75.70715164439353, 4.367402608715482], [-75.70752086861265, 4.367529234902101], [-75.70793892855714, 4.367634957441442], [-75.7082245304471, 4.36774743628866], [-75.7084472667038, 4.367929769285053], [-75.70858630262043, 4.368139939074175], [-75.70866265268329, 4.368322003092488], [-75.70866237404594, 4.368475940409986], [-75.70857843216218, 4.368636722867992], [-75.70838276613442, 4.3689022576985455], [-75.70831962181458, 4.369126053034122], [-75.70834735320221, 4.3692100695478], [-75.70840992581165, 4.3693011470910825], [-75.70864671900645, 4.369420532451925], [-75.70878597136324, 4.369511751056142], [-75.70889723831449, 4.369658895008404], [-75.70897356343089, 4.36985495519826], [-75.70896622433759, 4.3700578633502545], [-75.70888899876242, 4.370358598678491], [-75.70883274868, 4.37062438860376], [-75.70882544773339, 4.370806303152202], [-75.70881812233196, 4.371002212244553], [-75.70888058105648, 4.371156263261268], [-75.70899188562024, 4.371282416122647], [-75.7092494793063, 4.37146481718379], [-75.7095837629077, 4.371640356297464], [-75.70973691976242, 4.371752588935843], [-75.70979249744367, 4.371857648832926], [-75.70977833910236, 4.371976576028442], [-75.70968751535585, 4.372088366904338], [-75.70953391379078, 4.372221029659378], [-75.70947098570049, 4.372325875079052], [-75.70946382366814, 4.372430817777283], [-75.70951244312347, 4.372528868598898], [-75.70978390066608, 4.372753272756496], [-75.70990911057262, 4.372900443369977], [-75.7100621655831, 4.373068655683282], [-75.71021538620431, 4.373145905287989], [-75.71038960844196, 4.373174212126869], [-75.71063358937108, 4.373174656955387], [-75.71082890085435, 4.373105042862196], [-75.71096843264664, 4.373042321642911], [-75.7110871536265, 4.37292358693052], [-75.71120576065145, 4.372867825743954], [-75.71128938619383, 4.372881972710815], [-75.7114147345685, 4.37295217304423], [-75.71149817121317, 4.373071277929266], [-75.71153278392353, 4.373204289318528], [-75.71147675128876, 4.373351130120569], [-75.71142076833777, 4.373469978288613], [-75.71147629495127, 4.373603026862892], [-75.71160836060386, 4.373813182193156], [-75.71164997062621, 4.373932211720048], [-75.71162881828496, 4.374065120598996], [-75.71155187182556, 4.374211918837021], [-75.71154467231806, 4.37433785676721], [-75.71162112382328, 4.374463945192882], [-75.71171864095753, 4.3745061073045655], [-75.711788362617, 4.374499236949862], [-75.71187917512951, 4.3743944448942615], [-75.71199788331009, 4.374282705443571], [-75.71209553855633, 4.3742479004345185], [-75.71216524841924, 4.374248024599419], [-75.71226962185224, 4.37435317640859], [-75.71237383101611, 4.374549285226748], [-75.71247814133979, 4.3746894186979], [-75.71259649475971, 4.3747736021977515], [-75.71270105779591, 4.3747737924015375], [-75.7128336202565, 4.374711058958477], [-75.71291741014312, 4.374634243170827], [-75.71307787994824, 4.37455756774311], [-75.71323126595402, 4.374543851227914], [-75.71350299180882, 4.374621316146203], [-75.71374678505347, 4.374726721028293], [-75.7138442381597, 4.374803865370511], [-75.71387185616065, 4.374950857249262], [-75.71381596208454, 4.375020727438831], [-75.71373232378616, 4.375013578177167], [-75.7135789629972, 4.37501329764741], [-75.71349521107679, 4.37506912266097], [-75.71347410787993, 4.375174044238518], [-75.71349486937586, 4.375258047382865], [-75.7136270260907, 4.375419222906047], [-75.71375241376764, 4.375468431613314], [-75.71401722033424, 4.375517897176212], [-75.71428206471069, 4.375546369093355], [-75.71458862057145, 4.3756378901928406], [-75.71471397133428, 4.375708090387651], [-75.71487406179567, 4.375841330763105], [-75.71504814559314, 4.375946607421505], [-75.7152362352813, 4.376016917702478], [-75.7153965157616, 4.376045202062849], [-75.7155009788382, 4.376101366916953], [-75.71565403639136, 4.376269578691988], [-75.71572359330833, 4.37635367191284], [-75.71581398764349, 4.3764797864295675], [-75.71589748838186, 4.3765639057876555], [-75.71600186162193, 4.376669052931301], [-75.71609229472983, 4.3767741783793985], [-75.71618897920752, 4.376950216613108], [-75.71618878387784, 4.377057858236079], [-75.71620286241117, 4.377179877184915], [-75.71618122002614, 4.377287474714594], [-75.71615223483539, 4.3775027027861215], [-75.71618774674248, 4.3776319357219675], [-75.71636617557391, 4.377797310199412], [-75.71661608308068, 4.377969988715748], [-75.7169660904408, 4.378135674746458], [-75.71715170731724, 4.3782795339649825], [-75.71727311216088, 4.378351512317378], [-75.71736604977077, 4.378351683268557], [-75.71763065813792, 4.378301931340997], [-75.71775215272717, 4.3783236796704905], [-75.71787355759393, 4.3783956624049205], [-75.71790180520931, 4.378589465428123], [-75.71786576201401, 4.378754446892992], [-75.71785843057063, 4.37885489837789], [-75.7179012093842, 4.3789195597103925], [-75.71800827728522, 4.379013042568606], [-75.71807243825022, 4.379113625354559], [-75.7180364848302, 4.379228376916665], [-75.71792909295952, 4.379314292300327], [-75.71772871121198, 4.379428743555687], [-75.71765701198315, 4.379543430836945], [-75.71764239028913, 4.379722803369233], [-75.71767782499043, 4.379895094222405], [-75.7177990088361, 4.380089065300276], [-75.71801104871166, 4.3802481717999004], [-75.71836800006892, 4.380528685891102], [-75.71861070659601, 4.38073005579147], [-75.71876766405983, 4.3809097436861295], [-75.7188387536626, 4.381132331074701], [-75.71892416759479, 4.381340588066266], [-75.71900965924787, 4.381505792270559], [-75.71913102644582, 4.381599301220994], [-75.71943819269295, 4.381736203742557], [-75.71955955905545, 4.381829712569548], [-75.7196380056328, 4.381937498609145], [-75.71967354426492, 4.382052375736059], [-75.71968766135727, 4.382152867385611], [-75.71976608243834, 4.382275001270379], [-75.71985174233198, 4.382346917226927], [-75.7199660890498, 4.382368653727799], [-75.72007319700846, 4.3824406099116695], [-75.7202657451261, 4.3827064710666725], [-75.72036541931814, 4.3829362871926065], [-75.72040085425778, 4.38310857380682], [-75.72043597841409, 4.383453089269585], [-75.72046400527633, 4.383768884377568], [-75.72050660160927, 4.383934007554237], [-75.72064174974415, 4.384314583227543], [-75.72072717772657, 4.384515667779774], [-75.72073415857864, 4.384608967573875], [-75.72071970500939, 4.384695054569902], [-75.7206551812769, 4.384795401649206], [-75.7206120655677, 4.384917314839506], [-75.72059037335765, 4.385053619737643], [-75.72062584700771, 4.385204381252802], [-75.72082523368228, 4.38564248057079], [-75.72102469807616, 4.386037525206956], [-75.72106719212951, 4.386260058674193], [-75.7210598616913, 4.386360512663604], [-75.72102398558526, 4.386432205286598], [-75.72081640144029, 4.386575347546537], [-75.72060878991546, 4.386732843108637], [-75.72052276612574, 4.386861854921053], [-75.72051533191123, 4.387019714949751], [-75.72052929401208, 4.387206316341357], [-75.72057905315776, 4.387364278668202], [-75.7207503229338, 4.387536817952777], [-75.72092875489311, 4.38770218830666], [-75.72112127843549, 4.387982405098405], [-75.72119248511049, 4.388140404699647], [-75.72125610164535, 4.388542378584531], [-75.72128442661308, 4.388693128002023], [-75.7213555053557, 4.388922890384087], [-75.72138364779224, 4.389174100197797], [-75.72136902557695, 4.389353475046425], [-75.72128994424021, 4.3895973153411765], [-75.72123244011289, 4.389769434698401], [-75.72125370578487, 4.389869937946993], [-75.72130362089354, 4.389941791980789], [-75.72143930079136, 4.390028147939605], [-75.72166053763398, 4.39024383300163], [-75.72176023817639, 4.39045929382285], [-75.721767167036, 4.390581300065504], [-75.72173810377174, 4.39083958297824], [-75.72171612463214, 4.391133759625522], [-75.72172302815657, 4.391270120061163], [-75.7217938337749, 4.391650576796002], [-75.72180775706904, 4.391858704667025], [-75.72176453669225, 4.392038027593768], [-75.72168566166427, 4.392167051624975], [-75.72139145459987, 4.392769304938112], [-75.72126921756711, 4.393156584751389], [-75.72126902259437, 4.393264224985947], [-75.72131886014405, 4.393379133336054], [-75.7216250598468, 4.39405423628157], [-75.72183158386395, 4.394499525970913], [-75.72186699413794, 4.394686169731988], [-75.72187376678013, 4.39489428662456], [-75.72179443801834, 4.395274470355016], [-75.72172215371579, 4.395712074592866], [-75.72172120665387, 4.396235923143322], [-75.72177764930287, 4.396652237783616], [-75.72187707767603, 4.397018392624269], [-75.72201936334267, 4.397406160379495], [-75.72226890141039, 4.3977869406529635], [-75.7224755555771, 4.398160470984566], [-75.72256780921082, 4.398540968674083], [-75.72256025755514, 4.3987634105683835], [-75.7225023495754, 4.399157989376247], [-75.72250197369553, 4.399366090697547], [-75.72255863665622, 4.3996604123568455], [-75.72267255894629, 4.399918958200765], [-75.72278636396723, 4.400242085136697], [-75.72280730597356, 4.40052199085235], [-75.72282067068538, 4.401038686259857], [-75.72288472926077, 4.4011966746911195], [-75.72294898189881, 4.401247023937966], [-75.72324203959285, 4.4012834383025625], [-75.72342784471077, 4.401326833150617], [-75.72361346763684, 4.4014706908638175], [-75.72377763037919, 4.401621686649594], [-75.72396305870642, 4.40187318506811], [-75.72416993571721, 4.402124723161402], [-75.72441946309624, 4.402512682616492], [-75.72467593229942, 4.403015472373248], [-75.72506585440738, 4.403855437092222], [-75.72531877344632, 4.404356946333392], [-75.72572430782776, 4.404680396007777], [-75.72624006358824, 4.404876655312016], [-75.72648385912554, 4.404902853819362], [-75.72675786608515, 4.404957599664001], [-75.727024115932, 4.4050317099570835], [-75.72722859690555, 4.405105707959022], [-75.7275448404249, 4.405288406977605], [-75.7278649311544, 4.40547886529663], [-75.7272548112397, 4.405555256827326], [-75.72688402904046, 4.4056437091723595], [-75.72662150585657, 4.405643232212245], [-75.72616988226902, 4.405603659879815], [-75.72541842180297, 4.405481382313613], [-75.72480342038573, 4.405566372679497], [-75.72429547726274, 4.40575202687695], [-75.72408765188713, 4.406024337823601], [-75.72406577589646, 4.406261104730981], [-75.72413664715982, 4.406605684044525], [-75.72470692417635, 4.407532430384715], [-75.72489196457376, 4.407999210815607], [-75.72475539969724, 4.408400818617707], [-75.72437567565913, 4.408845040844445], [-75.72411100573477, 4.408923496340017], [-75.72381071810419, 4.40893012323386], [-75.72318909578382, 4.408720884332549], [-75.72246748825903, 4.408454054573304], [-75.72221735007858, 4.408403366938015], [-75.72195995877198, 4.408410071549263], [-75.72174524257257, 4.408538850851989], [-75.72151587686507, 4.40886135119241], [-75.72135770630557, 4.409349034154531], [-75.72121440467319, 4.40952099356514], [-75.72067763981644, 4.409828582305113], [-75.72032685069007, 4.410086277408471], [-75.72016199717085, 4.410315609392862], [-75.72014015839676, 4.410530849316183], [-75.72015342760444, 4.411097778207988], [-75.7200887047133, 4.411305765144518], [-75.71999550213576, 4.411449113875589], [-75.71978091613799, 4.4115061322228595], [-75.7194951606708, 4.411383617980357], [-75.71921652873677, 4.411275465927251], [-75.71905202691481, 4.411311044053909], [-75.71877283541373, 4.411511459712089], [-75.7184720903001, 4.411769246152115], [-75.71816453508386, 4.4118404438347625], [-75.71789292175534, 4.411804066076514], [-75.71762875920064, 4.411602653334647], [-75.71738617557232, 4.411329519880772], [-75.71715036283575, 4.411264502923257], [-75.71680001595725, 4.411278213250054], [-75.71641365987244, 4.411435376316432], [-75.71568351886799, 4.411929181240362], [-75.71526093230561, 4.412351790257501], [-75.71492366720751, 4.413032891434037], [-75.7147868591099, 4.413563662580017], [-75.71479356371852, 4.413807659023134], [-75.71478606235868, 4.414038656932918], [-75.71467785290835, 4.414201818354017], [-75.71426073605438, 4.414379762999081], [-75.71386956909275, 4.414560832651333], [-75.71360223810422, 4.414789976169072], [-75.71343002310228, 4.415134104848299], [-75.71337221623435, 4.415468879160757], [-75.71304754837396, 4.415774456091595], [-75.71261777781538, 4.416213793192861], [-75.71231226344553, 4.416471566298273], [-75.71190202866839, 4.41665260172249], [-75.71151070318624, 4.416919785312424], [-75.71133853764205, 4.417235211192834], [-75.7112041361899, 4.417751635102054], [-75.71124132138958, 4.418268377337982], [-75.71141147190667, 4.419053264686855], [-75.71145859223313, 4.419349957105478], [-75.7114200230231, 4.419589084570123], [-75.71124808617289, 4.419780128764131], [-75.71083762162162, 4.420085546048906], [-75.71049383277273, 4.4204197927965785], [-75.71026422597666, 4.420869061824858], [-75.70997447541095, 4.421625891602166], [-75.70961470360035, 4.421524067243333], [-75.7092044073507, 4.421494407679391], [-75.7083620292679, 4.421536204185793], [-75.70784361243425, 4.421578597878027], [-75.70751247884321, 4.421563536168434], [-75.70714549573738, 4.421468919324481], [-75.70679323002308, 4.421200913240222], [-75.7063619612094, 4.420831597564092], [-75.70607436756617, 4.420628743163532], [-75.70571467794676, 4.420483562938], [-75.70543421858562, 4.42031684707365], [-75.70514670575069, 4.420070636869086], [-75.70485922083606, 4.419809977117364], [-75.70462190323232, 4.419672246451006], [-75.70444197898186, 4.4196430109720515], [-75.70425478913442, 4.419649886619934], [-75.70411090000927, 4.419599038573061], [-75.70385937097082, 4.419360121740803], [-75.70339925400712, 4.4190196547273795], [-75.70312582178903, 4.4189468918219745], [-75.70287378679164, 4.4189825505933], [-75.70247021332484, 4.419213027666359], [-75.70187882168527, 4.419789993179693], [-75.70113594213659, 4.420532870404941], [-75.70012678832747, 4.421224671196509], [-75.69859906967208, 4.422038338727147], [-75.69710735773084, 4.422844849412539], [-75.69611297136063, 4.4233343452393035], [-75.69545758389559, 4.4234776346733575], [-75.69467991981321, 4.423562892042841], [-75.69437029118224, 4.423598443439695], [-75.69376519116535, 4.423799631557222], [-75.69286457825227, 4.424188140638483], [-75.69206499412056, 4.424446768646894], [-75.69125842500486, 4.424589775922265], [-75.69032212478912, 4.4248120187692335], [-75.68946488036757, 4.425106664954062], [-75.68889574682964, 4.425322369870815], [-75.68851412722279, 4.425357780770101], [-75.6881542522909, 4.425313754120131], [-75.6876360517663, 4.425240519879439], [-75.68738411028745, 4.42522559681358], [-75.68703120588621, 4.425304417192951], [-75.68644044835936, 4.425534529428], [-75.68590274377378, 4.42566956131891], [-75.68553337862012, 4.425656904977155], [-75.68514042727837, 4.425512647340213], [-75.68459292859984, 4.425176740280871], [-75.6839029566022, 4.424565490933388], [-75.68349831402607, 4.424301610346215], [-75.68305785832091, 4.42407354406392], [-75.6824505601803, 4.423857122854152], [-75.68185497622261, 4.423748359238657], [-75.68097328225163, 4.423710815802394], [-75.68029417693405, 4.4236616974422285], [-75.6799249703396, 4.423565321573219], [-75.67955601028517, 4.42333738737052], [-75.6790560001273, 4.42309724544284], [-75.67855583440365, 4.422940821828406], [-75.6779840158059, 4.422867983125249], [-75.67710207687693, 4.422961992655576], [-75.67656584991276, 4.422972936752164], [-75.67620851503136, 4.422900502019027], [-75.67592278688021, 4.4227684041974955], [-75.6755779299678, 4.4223969953163635], [-75.6750192886383, 4.421654430330269], [-75.67465145672868, 4.420828508378527], [-75.67431944002065, 4.419966772216724], [-75.67405731872864, 4.4199543183804915], [-75.67379535564785, 4.41985814164388], [-75.67341450710816, 4.419618222862425], [-75.67300985018905, 4.419366303326559], [-75.67261681514758, 4.419269875978495], [-75.67223538155076, 4.419340911728897], [-75.67187735129971, 4.419639226920668], [-75.67122019140426, 4.420594762272459], [-75.67096966974584, 4.4207497628498045], [-75.67049293332126, 4.420808657125202], [-75.67021896483922, 4.420760298407086], [-75.66970706868948, 4.420508169732603], [-75.66932595081285, 4.420411764650867], [-75.6689446750416, 4.420399079728254], [-75.66837241133071, 4.420565431417583], [-75.66729962441313, 4.420766701966446], [-75.66617928855057, 4.420908084679954], [-75.66491567219042, 4.421204670341351], [-75.66384261335335, 4.421549454017209], [-75.66242416182519, 4.421809859101384], [-75.66207860967624, 4.4218091976292335], [-75.6614591599067, 4.421724293883849], [-75.6610064586364, 4.421675589963164], [-75.6605179440108, 4.421662695402303], [-75.66007690998617, 4.421745567843653], [-75.65949245636298, 4.422055403422376], [-75.65912289219776, 4.422150369980959], [-75.65880121696682, 4.422125834249066], [-75.65850353335675, 4.422017627212708], [-75.65800383108227, 4.421622001228912], [-75.65771813197071, 4.421477933141436], [-75.65742033388736, 4.421429524723107], [-75.65702707601221, 4.421452688044325], [-75.65664545997778, 4.421619394072938], [-75.65616822270047, 4.421941387720375], [-75.65581055177883, 4.422048339728187], [-75.6554769403665, 4.422035741090877], [-75.6551435104468, 4.4219274599823954], [-75.654405522942, 4.421519411880704], [-75.65352519020914, 4.420776219184958], [-75.65243074631248, 4.419841258968782], [-75.65224030391009, 4.4197332543682055], [-75.65193068438073, 4.419636980309589], [-75.65118014577124, 4.419563777043175], [-75.65064390432995, 4.419586663834155], [-75.65028607370185, 4.419777329220145], [-75.65001199520351, 4.419788760721775], [-75.64978571641566, 4.419728528418094], [-75.64913070832682, 4.41954786773481], [-75.6483326021574, 4.419426731013021], [-75.64759400391624, 4.419341587889076], [-75.64630715833853, 4.419327145611772], [-75.64550852529577, 4.4194810772735496], [-75.645150946752, 4.419540181873704], [-75.64478161362926, 4.419515548089234], [-75.64432894293034, 4.41945487408269], [-75.6431135216186, 4.419476440221156], [-75.64232731068859, 4.41936728090739], [-75.64144561560498, 4.419341653229446], [-75.64057551367128, 4.4194834799703475], [-75.63996748197944, 4.419661694587718], [-75.6395976195571, 4.419912130397585], [-75.63901249640651, 4.420568774134726], [-75.63867824168089, 4.420891030945064], [-75.63817703162934, 4.421284727153693], [-75.63765205993809, 4.421642491076132], [-75.63740123578197, 4.421952954137092], [-75.63720922591646, 4.422658196424606], [-75.6369932693413, 4.423423191219943], [-75.63677818944875, 4.423733722408276], [-75.63644413982959, 4.42394834375741], [-75.63606270656976, 4.4240193579603915], [-75.63543144221761, 4.423886573431833], [-75.63482437827935, 4.4235624802272255], [-75.63444368565278, 4.423250788677381], [-75.63406273864665, 4.423070655145045], [-75.6334791373996, 4.422937960704698], [-75.6331458289784, 4.42276987291289], [-75.63252715379694, 4.42229028208274], [-75.63222963855503, 4.422098349227411], [-75.63172933137315, 4.422025614001118], [-75.6313478988998, 4.422096626350019], [-75.63109772165112, 4.422072217853725], [-75.63068089081833, 4.421963769023731], [-75.63032324321382, 4.422058746034108], [-75.6300247777666, 4.4223571500382635], [-75.6296777912093, 4.423097965586401], [-75.62928314212246, 4.42383868683029], [-75.62823139772075, 4.425475086096249], [-75.6274786542389, 4.426538009735654], [-75.62727550932657, 4.426836600725174], [-75.62698818740519, 4.427529691936936], [-75.62648664236876, 4.4280908059098465], [-75.62604523281789, 4.4283650089897195], [-75.62569970728744, 4.428352371893849], [-75.62527133309453, 4.428052541444502], [-75.62510472572144, 4.4279445769667225], [-75.62477123258411, 4.427872163916102], [-75.62422321541861, 4.427823250604216], [-75.62377061415621, 4.427726683091597], [-75.62327044465424, 4.427582185298669], [-75.62183004097048, 4.427128768443463], [-75.62116083455065, 4.427369129746635], [-75.62031313514372, 4.427426201197568], [-75.61986698600577, 4.428021066035129], [-75.61948032424463, 4.428764649547559], [-75.61900443128242, 4.429746175853125], [-75.6183500801253, 4.430519500182986], [-75.61721983613569, 4.430846675747473], [-75.61614907797075, 4.430608730858141], [-75.61472140164366, 4.43010309467002], [-75.61365064425223, 4.430043607698791], [-75.61299629211095, 4.43031129829303], [-75.61189579169343, 4.4309061662943146], [-75.61103323694748, 4.431679487895701], [-75.60984350700306, 4.433017934767359], [-75.608802491935, 4.433583058935678], [-75.60791019374845, 4.433553313361528], [-75.60710712588165, 4.433255884254874]]]}}, {"type": "Feature", "properties": {"MpNombre": "La Tebaida", "Depto": "Quindío", "MpCodigo": "63401", "rol": "contexto", "marca": "F"}, "geometry": {"type": "MultiPolygon", "coordinates": [[[[-75.77998908537462, 4.481318693156227], [-75.77931740393971, 4.48106633373505], [-75.77901001779018, 4.481022729686726], [-75.7787026968944, 4.480943246276613], [-75.7782023809467, 4.480827539642923], [-75.77790948698878, 4.4806763179597], [-75.77742376370324, 4.480395584003186], [-75.77711655659556, 4.480251511579842], [-75.77690933872526, 4.480172206860985], [-75.77671627026156, 4.480179039264936], [-75.7764301206042, 4.480257467407245], [-75.77613678322484, 4.480357411352497], [-75.77600819330124, 4.480292598360294], [-75.77582966481644, 4.480163107214803], [-75.77540721721712, 4.480492458928502], [-75.77487750165668, 4.480828792965113], [-75.77421895488645, 4.481236663213784], [-75.77384686333863, 4.481393873153093], [-75.77334601521761, 4.481579560393379], [-75.77280947863625, 4.481729298660227], [-75.7724087592339, 4.481900811310571], [-75.7718720583387, 4.482143841027757], [-75.77130667778069, 4.482429878089088], [-75.77089137765256, 4.482759236432898], [-75.77052606431373, 4.48312456715555], [-75.77019636228339, 4.48356889678383], [-75.76997411717757, 4.4838986025918395], [-75.7697659301644, 4.484364679318167], [-75.76955751292057, 4.484959925875315], [-75.76917156427285, 4.484865947203494], [-75.76876410068648, 4.484807805333916], [-75.76823501961526, 4.484785326881634], [-75.76766289580037, 4.484841710724957], [-75.7670835972471, 4.484912432430537], [-75.76671165457691, 4.484983526248901], [-75.76624656806187, 4.485162093153703], [-75.76592452491207, 4.48531939173846], [-75.76568837433872, 4.485426608999524], [-75.7654523129074, 4.485483594788255], [-75.7651232859816, 4.485547586326173], [-75.76483004809455, 4.48559011786034], [-75.7645438708703, 4.48568289164082], [-75.76414308377423, 4.4858902773721185], [-75.76367069168789, 4.486154944571966], [-75.76322694012491, 4.486398134599638], [-75.76288347008982, 4.486541036326751], [-75.76261876924319, 4.486619496810265], [-75.7623398322009, 4.486662051255614], [-75.76196803131687, 4.486654203599923], [-75.76167501072288, 4.4865747387038715], [-75.7613177810757, 4.486416222137909], [-75.76090333525765, 4.486264774180407], [-75.76049595094246, 4.4861635729478], [-75.75995260862423, 4.48611953472232], [-75.75945215505033, 4.486082752857946], [-75.75900882706473, 4.486089128180121], [-75.75859390641494, 4.486203193577758], [-75.75820748271681, 4.4863747219801535], [-75.75776375529772, 4.4866035588407955], [-75.7572912592133, 4.486925626818326], [-75.75673283035297, 4.48731930157273], [-75.7562675467813, 4.487605503216131], [-75.75580950359466, 4.487841484781692], [-75.75553766527482, 4.487912752900956], [-75.75523011417457, 4.487962429249087], [-75.7549298293014, 4.48794753440105], [-75.75460103269144, 4.487882351073346], [-75.75425801473659, 4.487774087011294], [-75.75382201832346, 4.487680006919076], [-75.75348603330892, 4.487636340869218], [-75.75322147444574, 4.487635861051383], [-75.75295685006925, 4.487671261114747], [-75.75229151491749, 4.48787098340965], [-75.75133283778243, 4.488170636016336], [-75.75080344735527, 4.488320374730953], [-75.7503814268359, 4.488405720157741], [-75.74992357765957, 4.488534054758382], [-75.74929392835426, 4.488769719371335], [-75.74876456265966, 4.488905100561228], [-75.74813501606916, 4.4890833536925685], [-75.74724781376011, 4.489397484005833], [-75.74644650503338, 4.489661538118988], [-75.74598870685179, 4.489761166088585], [-75.74560243721601, 4.489846574648213], [-75.74520194544833, 4.489888898418811], [-75.74481576588309, 4.489924073452365], [-75.74446540407247, 4.489923433206586], [-75.74417944736595, 4.48989420515061], [-75.74387207740452, 4.489843411172756], [-75.74344332336689, 4.489699105278039], [-75.74323618766927, 4.489576735851364], [-75.74305066014317, 4.489368286836323], [-75.74291517073164, 4.48916710925622], [-75.74280834739984, 4.4889301046098895], [-75.74330246921885, 4.48851479580183], [-75.7438253222091, 4.488027778858523], [-75.74410477959417, 4.487698190439633], [-75.7446494463262, 4.487010283827613], [-75.74513692336777, 4.486315094876721], [-75.7453663017547, 4.485999766951275], [-75.74549525327768, 4.485863654583874], [-75.74601801063791, 4.485426867640339], [-75.74655504385309, 4.48500445937398], [-75.74717080510321, 4.4845391380949975], [-75.7475791191846, 4.484123667276927], [-75.74850318109117, 4.483192458705648], [-75.74917644017097, 4.482562190873387], [-75.7496278858544, 4.482017627253613], [-75.74984298744845, 4.481687916753523], [-75.75027985970574, 4.481294025719225], [-75.75053046569485, 4.4811007282523105], [-75.75086690029133, 4.480893231006614], [-75.75122480875469, 4.480671422032011], [-75.75165441520448, 4.480342102180663], [-75.75214128591021, 4.479977003148254], [-75.75236325113607, 4.47980517868031], [-75.7528857044225, 4.479533435306993], [-75.75340095505818, 4.479290381140147], [-75.75378010827738, 4.479183427077344], [-75.75410199500307, 4.479112251206187], [-75.75552505911179, 4.47901436004481], [-75.75659777821294, 4.478908656353129], [-75.75810659372927, 4.478839621580122], [-75.75900758067165, 4.478805366689653], [-75.75997300981906, 4.478720994807846], [-75.76098859163957, 4.478579302561585], [-75.76158219917487, 4.478501434364038], [-75.76216852661284, 4.478495312431725], [-75.76280493198222, 4.478474930010179], [-75.76311959168105, 4.47844679194347], [-75.76326263367487, 4.478425516951332], [-75.76353460963345, 4.4782753105904884], [-75.76399277183181, 4.47796755738252], [-75.76616191197226, 4.476493166710285], [-75.76723558842446, 4.475849240084745], [-75.76846673125708, 4.4751123029709055], [-75.76881034818099, 4.474883278184012], [-75.76906099930804, 4.474661266035171], [-75.7694121081112, 4.47423850106436], [-75.769684464311, 4.473873007309338], [-75.76997137489639, 4.473364011178688], [-75.7706170134031, 4.47216674809028], [-75.77057448079873, 4.471958562045549], [-75.77049605863871, 4.4718292527100845], [-75.77035323400546, 4.47172852989936], [-75.77022464595545, 4.471663718234839], [-75.7699243778081, 4.471641653365159], [-75.76960268518096, 4.471605194822889], [-75.76931683164698, 4.471518571105996], [-75.76903109395538, 4.471367364129073], [-75.76885265930053, 4.471187637823468], [-75.76875298965511, 4.4709434709540306], [-75.76852534542216, 4.4702900349310974], [-75.76836867899, 4.4699309488444365], [-75.76814769994728, 4.469550216675053], [-75.7678980572538, 4.469205315579474], [-75.76751260129268, 4.4688386452596225], [-75.76674660921887, 4.469361132686476], [-75.76608075635778, 4.4698622716901975], [-75.76540780333723, 4.470334690581976], [-75.76497116023477, 4.470606600072375], [-75.76452028133048, 4.470842604332572], [-75.7640337031902, 4.471049839126632], [-75.76436292092433, 4.4707021481853095], [-75.76449429300835, 4.470381486377978], [-75.76458950042478, 4.469965947267889], [-75.76464824364005, 4.469623274699988], [-75.76464166471055, 4.469236726881786], [-75.7648027507627, 4.468551461288956], [-75.76521935074288, 4.467202976684343], [-75.76540215775971, 4.466561508318394], [-75.76548999286355, 4.4662043012608335], [-75.76564331773687, 4.465796162094234], [-75.76599318030618, 4.465198751250462], [-75.76618269456414, 4.464870899097971], [-75.76643077092082, 4.464302475901806], [-75.7665330218404, 4.464010932081289], [-75.76655530123487, 4.463741125560421], [-75.76655594790002, 4.4633764709615], [-75.76656440461001, 4.462705514361372], [-75.76653641174154, 4.462100135995535], [-75.76647240962116, 4.461312361686805], [-75.76633636208734, 4.460174385838044], [-75.7662287734176, 4.459379242645347], [-75.76620786601823, 4.458875977260815], [-75.76624529774165, 4.458256128562145], [-75.76634869726723, 4.457315499099074], [-75.76649537271246, 4.456557271002673], [-75.7666854790988, 4.455893934794008], [-75.76691880960215, 4.455442177284835], [-75.76729039811013, 4.4548812647157945], [-75.76767637687254, 4.454400604819067], [-75.76814237686624, 4.453869037287552], [-75.76852083013085, 4.453534224672197], [-75.76887001103336, 4.453316051858409], [-75.76950270164312, 4.453032747423373], [-75.76997532326872, 4.452865843358355], [-75.77052783707578, 4.452720962718934], [-75.77122582394988, 4.45249611705321], [-75.77192375804212, 4.45230044008575], [-75.77334855216257, 4.451989361591164], [-75.77439527964401, 4.451794301946427], [-75.77506396771608, 4.451700678219073], [-75.77652468404786, 4.451623036656674], [-75.77721862770187, 4.449560296604827], [-75.77619400963019, 4.449580362829904], [-75.77325836197033, 4.449560577895505], [-75.7725167538695, 4.449799938671402], [-75.77194242964897, 4.449952074583124], [-75.77135354669991, 4.450118772241825], [-75.77099728227, 4.45023483015086], [-75.76992198019158, 4.450152694655852], [-75.76908628006127, 4.450180380821103], [-75.76855556731182, 4.450325302925695], [-75.76793738639988, 4.45062322063598], [-75.7673120281297, 4.4508700716907], [-75.76685396692265, 4.451022411590619], [-75.76693460785967, 4.450621432809713], [-75.76709525801981, 4.450176838270018], [-75.76740180509601, 4.449411602082229], [-75.76754781795775, 4.4490253276551925], [-75.76767212067257, 4.448587959284213], [-75.7677527226946, 4.448208856604511], [-75.76806032390382, 4.446845586131086], [-75.7682797207188, 4.446051021696188], [-75.76832370567345, 4.445832306168748], [-75.76833859972321, 4.445628124130177], [-75.76707475087625, 4.445334149710401], [-75.76657250182662, 4.445821899004545], [-75.7662741013683, 4.446091212051801], [-75.76585952633579, 4.4463092680565754], [-75.76547418401705, 4.446432565383267], [-75.76505137467855, 4.446860517244794], [-75.76466463998729, 4.447203703739004], [-75.76416392119489, 4.447421143067269], [-75.76373957141567, 4.447507722711511], [-75.76341314240071, 4.4475780981713395], [-75.76284164568192, 4.447839078820269], [-75.76205228442944, 4.448285252297632], [-75.76170927713478, 4.448502973596492], [-75.76140964201821, 4.448797188844486], [-75.76102240110814, 4.449424205745882], [-75.7606732952539, 4.4500130820528545], [-75.76036798765716, 4.450438286792579], [-75.7598499309313, 4.4512288200146655], [-75.75956112236504, 4.451550345341582], [-75.75930516712687, 4.451746387632404], [-75.75911469601047, 4.451817005113073], [-75.7589678400918, 4.45182765862072], [-75.75889719835739, 4.451794780644781], [-75.7586366109838, 4.4515377711965805], [-75.758446664561, 4.451313637808432], [-75.75818067933314, 4.451034785108381], [-75.75813797822323, 4.450581666365825], [-75.75803018209673, 4.450035641326105], [-75.75787337193933, 4.449527729888623], [-75.75769524691312, 4.448774159447718], [-75.75763056892654, 4.448446542361052], [-75.75757702064097, 4.447977030177155], [-75.75757225302026, 4.447600394285021], [-75.75759475472665, 4.447180145004982], [-75.75764406892215, 4.446972812967704], [-75.75778065059951, 4.446623723593587], [-75.75798794008703, 4.4462693032419285], [-75.75821150610928, 4.445936743846651], [-75.75843490567894, 4.445696977597389], [-75.75864743010375, 4.4454571906630065], [-75.75880017997811, 4.4451900071399555], [-75.75883311112246, 4.445020854594251], [-75.75882791523678, 4.444884387003127], [-75.75880096489016, 4.44474788162297], [-75.75873068406635, 4.444513044689721], [-75.75860053213407, 4.444305395574418], [-75.75845419116763, 4.444026758397313], [-75.75839473762413, 4.443819233859133], [-75.75834616092676, 4.443611729111063], [-75.75831391921118, 4.443393339600281], [-75.75833085460985, 4.443044036269483], [-75.7583919579655, 4.442323642570402], [-75.75846337436786, 4.441919852971404], [-75.7585129102313, 4.441586980668098], [-75.75854597744328, 4.441341415609647], [-75.75856833098368, 4.441003038552353], [-75.75857966365761, 4.440746515304371], [-75.75862902629785, 4.440511893600852], [-75.75868916683943, 4.440331877199956], [-75.75876007942001, 4.440211921732672], [-75.75889624960305, 4.440092079905977], [-75.75905963310791, 4.43996137140124], [-75.75944616073915, 4.439732811399911], [-75.75971293023387, 4.439569537991579], [-75.75986005494681, 4.439406050028165], [-75.75999103969514, 4.439144284154198], [-75.76006208581559, 4.438947911770354], [-75.76012226555227, 4.43874605759247], [-75.76014981613864, 4.4385441484373755], [-75.76013935494018, 4.438309420174345], [-75.76006911160137, 4.438052755223075], [-75.759911962329, 4.437735888622473], [-75.75975468693659, 4.437489979659644], [-75.75960831669398, 4.437227719898168], [-75.75957583189775, 4.437145784034812], [-75.7595651099144, 4.437058433140275], [-75.75959259207323, 4.436894729748992], [-75.7596528297205, 4.436660129991743], [-75.75971290320982, 4.436518319637108], [-75.7598327974151, 4.436376617176125], [-75.75997437697876, 4.436273160235825], [-75.76021383602344, 4.436175336756563], [-75.76033363385213, 4.4360882178645875], [-75.7607857294101, 4.435685105943712], [-75.76090022270411, 4.435521559728903], [-75.76093307513446, 4.435396077161849], [-75.7609388038699, 4.435232336942313], [-75.76090633808329, 4.435139488081784], [-75.76083583332529, 4.43503019329372], [-75.76073825305757, 4.434855351747698], [-75.76072217962799, 4.434718863551262], [-75.76073332702137, 4.434566050399211], [-75.7607770372643, 4.43445150170478], [-75.76091858715091, 4.434364420855102], [-75.76106018602302, 4.434250050040266], [-75.76116925124441, 4.434081036119517], [-75.76119125542137, 4.43393915597545], [-75.76116973429357, 4.433808117600725], [-75.76107755392466, 4.4336551180315675], [-75.76099070528389, 4.433562171603661], [-75.76087663590035, 4.4334855509860205], [-75.76078974006244, 4.433419898984311], [-75.76076267409537, 4.433348889338707], [-75.76078997227198, 4.433288897580913], [-75.76089346336511, 4.433196291213988], [-75.76110578835049, 4.433065666067185], [-75.76132888322141, 4.432995108069519], [-75.76146499540097, 4.43290801512733], [-75.76154678217824, 4.432788076354363], [-75.76162335244514, 4.432542586953351], [-75.76163455657824, 4.432357022914905], [-75.76160766526483, 4.432187768437508], [-75.7615371704494, 4.4320730161520805], [-75.76137414731976, 4.43200176486091], [-75.76121117328036, 4.431903223557477], [-75.76103749560514, 4.4317064146651886], [-75.76091811398886, 4.431558826689791], [-75.76084768738497, 4.431405869369005], [-75.76078304597527, 4.43105641624458], [-75.7607509276435, 4.430767065577826], [-75.76077302865154, 4.43057060642251], [-75.76090931372754, 4.43038526435304], [-75.76108355134627, 4.430265490826275], [-75.76123609166416, 4.43011293010445], [-75.76129610644396, 4.4300038702339455], [-75.76130710779724, 4.429932929749362], [-75.761307349759, 4.429796470041316], [-75.76127492334729, 4.429681786751736], [-75.7611935799978, 4.429550642003153], [-75.76103080910242, 4.429337475786828], [-75.76092779121755, 4.4291626252077165], [-75.76086827866945, 4.428987855144824], [-75.76083061663553, 4.428758534111356], [-75.76082558428863, 4.428529276431113], [-75.76085307375891, 4.4283601140831435], [-75.76091315584263, 4.428212845815785], [-75.76103311473837, 4.4280329329348325], [-75.76115293060874, 4.427934897165813], [-75.76127809674783, 4.427885994271505], [-75.76149568484892, 4.427853630725924], [-75.76177313160377, 4.427799541884833], [-75.76193640509248, 4.427728875657204], [-75.76211071775978, 4.427565431974242], [-75.76224700227641, 4.427380093814134], [-75.76229618680259, 4.427243718829263], [-75.76227475164275, 4.427063556245149], [-75.76219892456332, 4.426888754246214], [-75.762112183153, 4.426735763884998], [-75.76212331988498, 4.42658841200347], [-75.76216711539199, 4.4264247357903495], [-75.7622543478712, 4.426299352220631], [-75.76239592484163, 4.42619589168661], [-75.76251022534265, 4.426141513257964], [-75.76259197212651, 4.426043407408147], [-75.76263017420062, 4.425967059809631], [-75.76261409127736, 4.425836028263977], [-75.76257099897556, 4.425601244212729], [-75.76253323985186, 4.425426506942085], [-75.76248453619363, 4.425289963590303], [-75.76248471034336, 4.4251917133395064], [-75.76251215057057, 4.425049843872843], [-75.76261572785799, 4.424908110266521], [-75.7627736675752, 4.424777392080957], [-75.76293157879407, 4.424663045313683], [-75.76316560529223, 4.424559751965372], [-75.76344859465785, 4.424445629265854], [-75.76368801180489, 4.42436963705168], [-75.76395455188832, 4.424331901597722], [-75.76419392062803, 4.424283203683915], [-75.76435718261604, 4.42421799407637], [-75.76444435772385, 4.424125355237109], [-75.76448804690804, 4.424021722814796], [-75.76445558123842, 4.423928874964098], [-75.76437418965455, 4.4238250185862835], [-75.76417860595052, 4.423715506068029], [-75.76403735708685, 4.423633381124747], [-75.76399405295076, 4.423518677219305], [-75.76399970314853, 4.423398603237221], [-75.76405986901123, 4.423202210285582], [-75.76417970271878, 4.4230932526499185], [-75.76435385130182, 4.423022602973725], [-75.76470206984898, 4.422924970263161], [-75.765316915301, 4.422740475969994], [-75.76558358870803, 4.422626326393324], [-75.76572519372435, 4.422506490037433], [-75.76579608319511, 4.422397449580148], [-75.76583985826387, 4.4222446922687615], [-75.7658945381236, 4.422075580778165], [-75.76599819011673, 4.421890178897094], [-75.76617259717804, 4.421672155959254], [-75.76638510931518, 4.421432362601484], [-75.76671758765202, 4.42100719686931], [-75.76681023910365, 4.420892735254704], [-75.76695177739394, 4.420811109987726], [-75.76721837308257, 4.420740625205416], [-75.76738162523588, 4.420680871187504], [-75.76743617999797, 4.420582717188127], [-75.7674255996027, 4.420413488323747], [-75.76736067802692, 4.420222330275899], [-75.76723040018192, 4.420085642388943], [-75.7670294071619, 4.419959742172145], [-75.76699694083055, 4.419866892707402], [-75.76701343791918, 4.41976321390354], [-75.76710062179772, 4.419665118758202], [-75.76718769024816, 4.419632519914976], [-75.76737802717248, 4.419632857843785], [-75.76762814608034, 4.419655131686859], [-75.76774787278733, 4.419606219326013], [-75.76782959941474, 4.41951903041067], [-75.76784612477442, 4.419398973985319], [-75.76781914390891, 4.419278841583965], [-75.76771594266397, 4.419207701103103], [-75.76745506298003, 4.419119905582755], [-75.76738450113861, 4.419043363700677], [-75.76736838724993, 4.418928708557195], [-75.76744479027153, 4.418776010300863], [-75.76753196366545, 4.418683375346191], [-75.76779845528469, 4.41867292608539], [-75.76811386957517, 4.418673484295491], [-75.7683042552107, 4.418646528721984], [-75.76844577216104, 4.418575820182568], [-75.76852752700128, 4.418472255447675], [-75.76856589101556, 4.418303115813727], [-75.76860425502842, 4.4181339743801376], [-75.76869153402633, 4.417981290678908], [-75.76880041333058, 4.417915982596854], [-75.76894733985003, 4.417861659431578], [-75.76911055330571, 4.417823740587755], [-75.76955113211352, 4.417775392845665], [-75.76977421321797, 4.4177102840136255], [-75.76998111308295, 4.417568732092796], [-75.77022082312415, 4.41732352825867], [-75.77040062839545, 4.417127343060396], [-75.77056944117979, 4.416996643154907], [-75.77083611285843, 4.416882484420578], [-75.77096669606154, 4.416844506635157], [-75.77109179295381, 4.416833810893234], [-75.7713037298884, 4.416921517304342], [-75.7715482484165, 4.417036573846407], [-75.77174391822727, 4.417096962806661], [-75.7720212845611, 4.41708653499168], [-75.77217364933719, 4.4170322172931105], [-75.77237509210727, 4.416901571325828], [-75.77258231543743, 4.416574433258518], [-75.77267509755606, 4.4163835528884485], [-75.7727190516497, 4.416127086735511], [-75.77271400514367, 4.415903286012511], [-75.77273071115019, 4.415679522295872], [-75.77279622621259, 4.415532258298346], [-75.77288890442854, 4.415401422023906], [-75.7730414121998, 4.4152652290026015], [-75.77327554914298, 4.415096431060904], [-75.7736130023911, 4.414933275054166], [-75.77391774002585, 4.414819184096268], [-75.77412992411814, 4.414764972384723], [-75.77436924204945, 4.414743558648614], [-75.77465202791471, 4.414744057373435], [-75.77482062973773, 4.414733436095359], [-75.77493492687732, 4.414679052887351], [-75.77515824510594, 4.41447748605508], [-75.7752999041858, 4.4143248991460275], [-75.7754977011928, 4.414175285831797], [-75.77564991573908, 4.414105097269564], [-75.77579624877403, 4.4140525131985955], [-75.77592495335557, 4.414046864863644], [-75.77606532372684, 4.414058854719472], [-75.77621736528168, 4.41408847821271], [-75.77637517269905, 4.414165082656657], [-75.77651544257684, 4.414235787370474], [-75.77677846416204, 4.414359547867198], [-75.77708257632735, 4.414401182011116], [-75.77734002313036, 4.414366404634741], [-75.77754493640799, 4.414266950721001], [-75.77762118571708, 4.4141496562230556], [-75.7776156117877, 4.4139911186809115], [-75.77752840763269, 4.413679778722631], [-75.77748196804205, 4.413474199205541], [-75.77747055513743, 4.413309776898853], [-75.77751748471168, 4.413233530958764], [-75.7776170111021, 4.4131867358301005], [-75.77776906200128, 4.413210487680171], [-75.77795606817635, 4.413316500095883], [-75.77828316962884, 4.413593030557996], [-75.77846426460928, 4.4137342614084245], [-75.77853436909368, 4.413787226820718], [-75.77872751124163, 4.413728850416252], [-75.77884474934847, 4.41358814103176], [-75.7791553943445, 4.4132364007954425], [-75.77932528016761, 4.413095784221389], [-75.77936649273397, 4.412943197770236], [-75.77939014665955, 4.412796453595319], [-75.77935533393295, 4.4126319927447195], [-75.77936724808671, 4.412508714724704], [-75.77943760683154, 4.412414894379547], [-75.77949039726126, 4.41233278859596], [-75.77997580673893, 4.412398221138391], [-75.78, 4.412398263485148], [-75.78, 4.481322627218924], [-75.77998908537462, 4.481318693156227]]], [[[-75.77976940714376, 4.402288414179328], [-75.77946441393783, 4.401017517632233], [-75.77909848409962, 4.39945667102495], [-75.77884672515994, 4.399376065622205], [-75.77858877764817, 4.39932011220046], [-75.7783308110231, 4.399276493565881], [-75.77804201771299, 4.399294489688673], [-75.77763636158376, 4.399386284034807], [-75.77717527261582, 4.399558151222967], [-75.77683087521714, 4.399754884924009], [-75.77655419755172, 4.399871571092609], [-75.7763636423993, 4.399926741365035], [-75.77615470727099, 4.39995104141004], [-75.77581062956423, 4.399962771676603], [-75.77557716257596, 4.399962363278924], [-75.77538663858702, 4.3999990314048905], [-75.77501776070083, 4.400140222178196], [-75.77479183111585, 4.398796548734812], [-75.77469979628722, 4.396901876731978], [-75.77457088810512, 4.395146137797737], [-75.77526402081516, 4.3953554609685535], [-75.7756210566285, 4.395607251284304], [-75.7758850380846, 4.395923464565475], [-75.77610632116826, 4.396124784231765], [-75.77644235737701, 4.396118195163481], [-75.77687147309085, 4.396032831756797], [-75.77745083771832, 4.395883142269259], [-75.77812339493317, 4.395590092830572], [-75.77888324211011, 4.3954646398577735], [-75.77981318578631, 4.395167253858182], [-75.78, 4.395138589791481], [-75.78, 4.402825417960353], [-75.77976940714376, 4.402288414179328]]]]}}, {"type": "Feature", "properties": {"MpNombre": "Montenegro", "Depto": "Quindío", "MpCodigo": "63470", "rol": "contexto", "marca": "F"}, "geometry": {"type": "MultiPolygon", "coordinates": [[[[-75.77996907437878, 4.564925731556081], [-75.77986181862146, 4.5649195584212485], [-75.77968914044598, 4.564841505180158], [-75.77956423312922, 4.564709715008405], [-75.7793800449182, 4.564404394735605], [-75.7791777854064, 4.564206684296757], [-75.77898124910806, 4.564140549060717], [-75.77882038233714, 4.56412231561029], [-75.77866535567165, 4.564169876336972], [-75.77850418832224, 4.564319087000599], [-75.7783668456178, 4.5644743243636166], [-75.77833083335523, 4.56461777978965], [-75.77831218138006, 4.565048315825074], [-75.77828170706943, 4.565425010630196], [-75.77822743900762, 4.565777738297599], [-75.77810765208815, 4.566112408091343], [-75.777952022376, 4.566494853854465], [-75.77774879544701, 4.566835353363336], [-75.77752190181047, 4.5670801274106285], [-75.77732504160831, 4.567193395280549], [-75.77715215860152, 4.567228961750922], [-75.77697940471221, 4.567192766177797], [-75.77684256860985, 4.567066935552095], [-75.77679509974088, 4.566953226220799], [-75.77680732012664, 4.56678580521584], [-75.77688527488473, 4.566516841267541], [-75.77701682028247, 4.566271895417482], [-75.7770886746654, 4.566080661239959], [-75.77711881605292, 4.565889350973184], [-75.7771133946553, 4.565590337383255], [-75.77708990335634, 4.565398931201193], [-75.77700085866513, 4.565207402029462], [-75.77686411967754, 4.5650277505626935], [-75.77662007131478, 4.564871825627422], [-75.77645917223, 4.564871534931844], [-75.77631012732056, 4.564907145056013], [-75.77619068328458, 4.565050450095015], [-75.77616033805567, 4.565355381610489], [-75.77612402174556, 4.565666281745098], [-75.77601637932091, 4.565875391580889], [-75.77583132995956, 4.566048480242972], [-75.77556287324117, 4.566209454097414], [-75.77534224120137, 4.56628679532835], [-75.7750443014338, 4.566274293627997], [-75.77469879378044, 4.5662019064251105], [-75.77454402667946, 4.5661059450777515], [-75.77441913063554, 4.565968171882401], [-75.77438955141481, 4.565848516976936], [-75.7743897577279, 4.565733699675852], [-75.77441854408549, 4.565633284258859], [-75.77457138501934, 4.565475687284785], [-75.77470990610298, 4.565327631229282], [-75.77481984119893, 4.56516995900756], [-75.77488684281792, 4.56502655420597], [-75.7749157059461, 4.5648830864270495], [-75.77490166336804, 4.5647395361483865], [-75.77485427363297, 4.564581574409705], [-75.77479722863309, 4.564490572662281], [-75.77469721841973, 4.564432983822085], [-75.77453038607841, 4.564418326923702], [-75.77432043977883, 4.564518411076185], [-75.77414381376751, 4.5646472611307], [-75.77402457826908, 4.5646757486958265], [-75.77389588431848, 4.5646611628528], [-75.77373387088909, 4.564617811024908], [-75.77362904067286, 4.564588915861422], [-75.77351458096302, 4.564612629019277], [-75.77342867260397, 4.564665101280839], [-75.77338082584356, 4.5647606926870905], [-75.77336155819812, 4.564870692387082], [-75.77336613523345, 4.564975950652481], [-75.7733897310518, 4.565109947957904], [-75.77337025510411, 4.565334765070155], [-75.77329841584059, 4.565516429813508], [-75.77320287013842, 4.565626290770783], [-75.77311225494269, 4.565645265237423], [-75.77295024982692, 4.5655971258138885], [-75.77284554134819, 4.56550125586115], [-75.7727505557248, 4.565300149073798], [-75.77275080739295, 4.5651614120537305], [-75.77280380104519, 4.564855324601412], [-75.77285193330212, 4.5646018578249725], [-75.77285214861985, 4.56448225374978], [-75.7728191396766, 4.564281262438486], [-75.77275286328727, 4.564022803414039], [-75.77269591371413, 4.563879175579177], [-75.77261978287123, 4.563797705638102], [-75.77252446209138, 4.563783182024409], [-75.77241954539812, 4.563802124794334], [-75.77222861725046, 4.563930949326392], [-75.77219034797471, 4.5640026412426336], [-75.77218065776697, 4.564088737915588], [-75.77215628513065, 4.56438530702544], [-75.77213708557687, 4.564457031885442], [-75.77207014381207, 4.564566946628661], [-75.77177864164746, 4.564949140809344], [-75.77150635704, 4.565250043231126], [-75.77126290924967, 4.565421829352404], [-75.7711627507606, 4.565445564706603], [-75.77103877438957, 4.565459692387203], [-75.77094343504885, 4.565454734708846], [-75.7707955245988, 4.56552144472822], [-75.77049964382306, 4.56568834582945], [-75.7703086376712, 4.56586022473062], [-75.7702178056147, 4.565998797811468], [-75.77019843358808, 4.566166205687879], [-75.77022189825935, 4.566371964046919], [-75.77028363159917, 4.566506032198606], [-75.77042153857528, 4.566697648175195], [-75.77048870397607, 4.567123552980474], [-75.77050209616384, 4.567625905923053], [-75.77041567322472, 4.567963027705782], [-75.77019356018702, 4.568199434352779], [-75.7698929405554, 4.568349587157977], [-75.76942078716726, 4.568449192404314], [-75.76899896412758, 4.568398187780091], [-75.76878456157972, 4.568326033303717], [-75.76870613405974, 4.5681967202628835], [-75.76869926905098, 4.568038833133033], [-75.76879260986665, 4.567830894628643], [-75.76911498128848, 4.567515734179639], [-75.76927978129275, 4.567336630564976], [-75.76935875525595, 4.567164548200591], [-75.76933745770455, 4.567078395743908], [-75.76923030911477, 4.56701361536153], [-75.76904432855436, 4.567041979837769], [-75.76847199568873, 4.567177281780017], [-75.7679495771527, 4.567391612304173], [-75.76762010698286, 4.567678054959881], [-75.76746925686555, 4.568050938336415], [-75.76739025634184, 4.568237372616934], [-75.76721124481742, 4.568366216999755], [-75.76694660292276, 4.568394435796263], [-75.76665360376036, 4.568286259237275], [-75.76627500138575, 4.568063106759373], [-75.76600336382472, 4.568005201230382], [-75.76573150573462, 4.568069287803597], [-75.76530195870762, 4.56833402032936], [-75.76490778792018, 4.568806919621532], [-75.76465716133616, 4.568993040299562], [-75.76451411269916, 4.5690071297248025], [-75.76439270100187, 4.56892079372728], [-75.76416455932862, 4.5685400416645825], [-75.76390786474471, 4.568130533361941], [-75.76356523964817, 4.567785451865836], [-75.76342710368583, 4.56772061271946], [-75.76328406126959, 4.567732310683234], [-75.76312900233776, 4.567797809833274], [-75.76300355342183, 4.567965022017139], [-75.76290166935947, 4.568281779915799], [-75.76287708038757, 4.568694360069724], [-75.76284093258387, 4.5689095768658525], [-75.76269157058728, 4.569118606881362], [-75.7625244825578, 4.569243883684659], [-75.76232177214612, 4.569297330294028], [-75.76208347930665, 4.569255032320931], [-75.76168459177043, 4.569044996977716], [-75.76134531896656, 4.568823113331471], [-75.76120246158241, 4.568733147435639], [-75.76099396519831, 4.568690903121235], [-75.76079731122708, 4.5686905429345686], [-75.76062438380454, 4.568750025002879], [-75.76054074803221, 4.56886349280836], [-75.76049280062496, 4.569012906807393], [-75.76049220116245, 4.569341812144149], [-75.76047396310346, 4.569539119943547], [-75.76040818193863, 4.5696645809380305], [-75.76031271409123, 4.569730187348542], [-75.76014579084136, 4.569765760141517], [-75.75990150619037, 4.569741394450275], [-75.75960975512521, 4.569603313942136], [-75.75925271544405, 4.569321590833717], [-75.75896714177306, 4.569063922140703], [-75.75871120070074, 4.568896009570425], [-75.75846709156103, 4.568775958404424], [-75.75815732216114, 4.568715586701776], [-75.7579368644398, 4.568697241133372], [-75.75767459325975, 4.568732639831497], [-75.75751359473239, 4.568786165062418], [-75.75741203721036, 4.568923519339343], [-75.75737000537382, 4.569096862076069], [-75.75742922634153, 4.569300294943308], [-75.75755983637515, 4.569569638822209], [-75.7576605854447, 4.569874808097542], [-75.75761849787256, 4.570078056088145], [-75.75749910568338, 4.5701914546090965], [-75.75725463624782, 4.570268747449731], [-75.75702219321907, 4.570286258868543], [-75.75683762061273, 4.570196215731239], [-75.75664727588008, 4.570004503451615], [-75.7565046489012, 4.569788957956236], [-75.7564096741352, 4.5695854591076435], [-75.75630282399325, 4.569358019312795], [-75.75623151020001, 4.569250248278943], [-75.75613629433343, 4.569178309569552], [-75.75598739122756, 4.56913617515236], [-75.75574893403673, 4.569183576209589], [-75.75535528736334, 4.569368232267757], [-75.75510476905566, 4.569493350928996], [-75.7549854104277, 4.569588811989565], [-75.75491968312761, 4.569684372270293], [-75.75488960222137, 4.5698398008765775], [-75.75462138206255, 4.569869202871204], [-75.75436511429402, 4.569880690404788], [-75.75415662903528, 4.569832464974188], [-75.75403168302947, 4.569724591571117], [-75.75396635131231, 4.569604873403127], [-75.75396066621254, 4.569455359711059], [-75.75402654601594, 4.569276079716503], [-75.75402079617439, 4.5691624459153655], [-75.75396733815096, 4.569066667805397], [-75.75388996739356, 4.569012701997087], [-75.75376486834666, 4.568988551810641], [-75.75361586613292, 4.569000237549611], [-75.75344885414978, 4.569083647848827], [-75.75325206919949, 4.569155044563431], [-75.7530970963439, 4.5691727023816595], [-75.7529660161395, 4.5691604969703015], [-75.75290051895445, 4.569130474761537], [-75.75287086610605, 4.569052682217605], [-75.75287108522215, 4.56893308156764], [-75.75291308497678, 4.568777673888408], [-75.75292520139342, 4.568670057915691], [-75.75288367322284, 4.568568318904139], [-75.7527705582176, 4.568508307830022], [-75.75265731081997, 4.568520062015155], [-75.7525856362478, 4.568609627151791], [-75.75251939297583, 4.568986252265037], [-75.75245935084746, 4.569231321858124], [-75.75237575792826, 4.569320866845512], [-75.75228628210488, 4.569368542264953], [-75.7522088227531, 4.569362419762531], [-75.75207189289307, 4.569290404644449], [-75.75179835164717, 4.568972955394784], [-75.75139989755746, 4.568529694393958], [-75.75118577374467, 4.568308037294561], [-75.75097147443925, 4.568182057288984], [-75.75078084486123, 4.568145823024362], [-75.75063778138359, 4.56816947862111], [-75.75051847627567, 4.5682350391703865], [-75.7504228101081, 4.568408282875297], [-75.75038072186558, 4.5686115289119265], [-75.75044006136602, 4.5687491790660495], [-75.7506956675904, 4.569096495761666], [-75.75077275304662, 4.569305941092576], [-75.75075444724534, 4.569539130238594], [-75.7506529088822, 4.569664525307727], [-75.75051568313194, 4.569753971611811], [-75.75034282169705, 4.569777570043057], [-75.75008655386911, 4.5697890551571225], [-75.74978862715543, 4.569770564414859], [-75.74965759045105, 4.569734440223916], [-75.7494849045605, 4.569662359299654], [-75.74919287103022, 4.569679757965034], [-75.74897219367404, 4.569781009800591], [-75.74879313111425, 4.569936159295384], [-75.74861379339166, 4.570240811715645], [-75.74855975301371, 4.570461975087353], [-75.74857726672371, 4.570659347087397], [-75.74867196432793, 4.5710123448133935], [-75.74871325957571, 4.5712396654139855], [-75.74871287486114, 4.57144896478361], [-75.74867074070009, 4.571676131141727], [-75.74855123812029, 4.571849331061813], [-75.74841993561229, 4.571956727063464], [-75.74827691500582, 4.571956461746071], [-75.74818163381325, 4.571920406296455], [-75.7480508513893, 4.571746739930401], [-75.74792616968212, 4.571495345733711], [-75.74782507263583, 4.5713815403611955], [-75.74774766907349, 4.571345512895441], [-75.74765232204459, 4.571345339196367], [-75.74754492384079, 4.571416897269382], [-75.74745508319752, 4.571661913804011], [-75.74725760160511, 4.572110049695562], [-75.74699473393386, 4.572468366413466], [-75.74676787625837, 4.572689206228409], [-75.74659484912875, 4.572802507233454], [-75.7462668701142, 4.572921496071746], [-75.74602229881772, 4.573052602921107], [-75.74586708398378, 4.57320181483086], [-75.7457594970461, 4.5733750369056185], [-75.74563973835188, 4.573685780169115], [-75.74553807801446, 4.573876949315505], [-75.74541266870669, 4.574020237779598], [-75.74531727714461, 4.574043979559657], [-75.7452458104264, 4.574019926167846], [-75.74517450999824, 4.573906174192579], [-75.74507345655492, 4.573768442852964], [-75.74494257541839, 4.573648601334971], [-75.74476988993543, 4.57357651684101], [-75.74463286125203, 4.57355832239317], [-75.74453148842301, 4.573594012611702], [-75.74437633815802, 4.573707345185023], [-75.74425675479826, 4.573922406324698], [-75.74420861703038, 4.574173475636545], [-75.7442080528005, 4.5744784580749], [-75.74432070267252, 4.574789629797451], [-75.74443324276847, 4.575160605343285], [-75.74446847829348, 4.575441731989557], [-75.74445596167037, 4.575764629669792], [-75.74439588287721, 4.576027639728958], [-75.7442344625516, 4.576308401947301], [-75.74405531043408, 4.57651139025533], [-75.7436608157602, 4.576989057755416], [-75.74351732915012, 4.577239952575213], [-75.74340989620995, 4.577329452703813], [-75.74324909645021, 4.577275332257497], [-75.74295469465353, 4.576960831219546], [-75.74278542128205, 4.5766555327179645], [-75.74275036388508, 4.57627872504057], [-75.74262608431438, 4.57581205244932], [-75.74247448936765, 4.575614427005326], [-75.74230474978178, 4.575560288825688], [-75.74199174100588, 4.575640436707955], [-75.74170551477597, 4.575738570977853], [-75.74153567730602, 4.575738253884083], [-75.74122298335305, 4.575647968897268], [-75.74085663977517, 4.575566556952384], [-75.74053485784034, 4.575556983589222], [-75.74034695938563, 4.575655303804382], [-75.74032878161199, 4.575816729678806], [-75.74049788808054, 4.576211731141983], [-75.74059563305349, 4.576525865035249], [-75.74059521730628, 4.576750113663553], [-75.74034437899881, 4.5770456566346915], [-75.73988773115131, 4.577457428376195], [-75.739216498596, 4.5778957053278235], [-75.738652399941, 4.5784059402143935], [-75.73815967790615, 4.578988073183859], [-75.73781059406211, 4.57923857806179], [-75.73731860530056, 4.579426027882071], [-75.73702338772053, 4.579551056819241], [-75.73676372627428, 4.57978378792052], [-75.73634247903935, 4.580383992363339], [-75.73609162226462, 4.580688500751519], [-75.73574273715619, 4.58083136876787], [-75.73550014101488, 4.5809793025589896], [-75.73544190297116, 4.581014817245334], [-75.7352511654004, 4.581103481655391], [-75.73521940257473, 4.581064454188585], [-75.73515643618907, 4.580982558673011], [-75.73510131777213, 4.580893430840236], [-75.73503741775737, 4.580786799708237], [-75.73498208493741, 4.580692687048419], [-75.73494434642326, 4.580628009418271], [-75.73482497561824, 4.580420800587431], [-75.73477489337682, 4.580356365448533], [-75.73467116382115, 4.580222901948484], [-75.73457256764077, 4.580114364050354], [-75.73449134186494, 4.580024949089964], [-75.73442735803783, 4.579944565189336], [-75.73433381501819, 4.579827039176633], [-75.73420641937314, 4.579675953777247], [-75.73410503306833, 4.579573982295367], [-75.73399452800822, 4.579475294688864], [-75.73389065922784, 4.579388096960232], [-75.7338090236766, 4.579301750701226], [-75.73375710589474, 4.5792378566816], [-75.73368864984239, 4.57913790792749], [-75.73366501643208, 4.5790750953705235], [-75.73363319703323, 4.578990529241373], [-75.73392803705151, 4.578894551550048], [-75.73387230990768, 4.578713134287145], [-75.73383408610722, 4.578588695009035], [-75.73380500830883, 4.578517938028959], [-75.73371169098758, 4.578290860013191], [-75.73364507465895, 4.5781287569482085], [-75.7335971030726, 4.57801202272317], [-75.73344561473559, 4.577890490789181], [-75.73329181114364, 4.577765859650611], [-75.73315662013489, 4.577656310340181], [-75.73309162739228, 4.577559927129919], [-75.73302101040692, 4.577455207809173], [-75.73296004867558, 4.577358946564423], [-75.73291629588081, 4.577271822368003], [-75.73288364739086, 4.577206804928289], [-75.73285557389515, 4.577150899619058], [-75.7328237068048, 4.577083357891666], [-75.73280088180157, 4.577026740038946], [-75.73274842103963, 4.576896605430511], [-75.73273786307877, 4.5768484926426005], [-75.73272052130714, 4.576769458713384], [-75.7327137118587, 4.576738429189165], [-75.73271216721905, 4.576688203623983], [-75.73270926508623, 4.576593860192048], [-75.73270711927371, 4.576524092167983], [-75.73269946714211, 4.5764682769281215], [-75.73268640225227, 4.5763729715906925], [-75.73261661679236, 4.576246351041984], [-75.73256427325167, 4.576154896819123], [-75.7324257682375, 4.576109164115666], [-75.73238231973522, 4.576094818013441], [-75.73229305494218, 4.57609881130178], [-75.73223175204406, 4.576101553262669], [-75.73217813982836, 4.5760909849771725], [-75.73210575201637, 4.576076714165855], [-75.73207540887122, 4.576052259014246], [-75.73201835429272, 4.576006275584019], [-75.73196239610178, 4.575974545150565], [-75.73196096676108, 4.575895086031066], [-75.7319595635951, 4.57581706328844], [-75.73199797824495, 4.57573268419245], [-75.73207214403756, 4.575676348425199], [-75.73212823932454, 4.575629293585877], [-75.73214746210434, 4.575579426198494], [-75.7321475592677, 4.575529524298612], [-75.7321132248915, 4.575479552337061], [-75.73205590179597, 4.575448734732059], [-75.73201753436992, 4.575442733100573], [-75.7319067597672, 4.57542541317503], [-75.73185293541555, 4.575396194037389], [-75.73175772634838, 4.575344512738558], [-75.73167897033755, 4.57526064626521], [-75.73162411004903, 4.575202224182528], [-75.73154775601995, 4.575059270305752], [-75.73149070328975, 4.574952452964093], [-75.7314809426056, 4.57490215656275], [-75.73145950823485, 4.574791701040235], [-75.73144524622732, 4.574718205847407], [-75.7314482967889, 4.574642477623751], [-75.73144935140235, 4.574574213327096], [-75.73144945582231, 4.574518598906909], [-75.73142286908909, 4.574418745431079], [-75.7313514315883, 4.574313168121196], [-75.73130843267856, 4.574249623725084], [-75.73124831263412, 4.574178207445595], [-75.73113273669307, 4.57404092125026], [-75.7310527178647, 4.573945868607845], [-75.73099227534671, 4.573903916230521], [-75.73088080573214, 4.573826538651969], [-75.73083804088282, 4.573816642918953], [-75.73074698039537, 4.573795570772553], [-75.73069860861007, 4.573796866430452], [-75.73061308600376, 4.573799150938382], [-75.73056211167435, 4.573809736228269], [-75.73046857771809, 4.573829160674078], [-75.73041565633613, 4.573840152057261], [-75.73034432331484, 4.5738543244161], [-75.73029321738836, 4.573862281319124], [-75.73018447897446, 4.573879212630332], [-75.73008883238, 4.573894106945592], [-75.73004960739398, 4.573901900071067], [-75.72998217218303, 4.573915300867353], [-75.72991662554988, 4.573928321094252], [-75.72976041042784, 4.573917703753983], [-75.72962593980156, 4.57390856555271], [-75.72949937114844, 4.573888607755273], [-75.72942036894317, 4.573876148979859], [-75.72931948564299, 4.573848036568715], [-75.72919423039625, 4.573810229334376], [-75.7291097564473, 4.573784730172912], [-75.72904813990228, 4.57375841427035], [-75.72887182267264, 4.5736914239312565], [-75.7287150578649, 4.573666273652488], [-75.72857764859796, 4.573646683344939], [-75.728466808705, 4.57363256223172], [-75.72842976109803, 4.573631561738962], [-75.72834231359224, 4.573629196720647], [-75.72823531879159, 4.573626306865684], [-75.72816889307342, 4.573636780961441], [-75.72798058913759, 4.57366646815686], [-75.72791553667247, 4.573687026724478], [-75.72783909911182, 4.5737111878088275], [-75.72778333970658, 4.573728807236579], [-75.72774315396602, 4.57374150910132], [-75.72764267690472, 4.573765745551311], [-75.72755207878885, 4.573787602022178], [-75.72744747844958, 4.573784483256517], [-75.72734373673717, 4.5737813919384225], [-75.72724460762151, 4.573763106386242], [-75.72712617570355, 4.573737016789975], [-75.72699998758512, 4.573693634860284], [-75.72688098066436, 4.573652723329114], [-75.72676501260572, 4.573573307133553], [-75.7266726780361, 4.573510074960367], [-75.72659000514497, 4.573453458611769], [-75.72647834456357, 4.573376993806176], [-75.72638695840786, 4.573314411556579], [-75.72626232190794, 4.573230383400002], [-75.72612265760601, 4.573142684288063], [-75.72600731969574, 4.573070256239016], [-75.72584623221626, 4.573017675671149], [-75.72560919074418, 4.572889448644835], [-75.72547639988916, 4.572788092352361], [-75.72538379415907, 4.572717673067104], [-75.7252797839965, 4.572639073334169], [-75.72514675660278, 4.572592354895091], [-75.72500785819719, 4.572592085555205], [-75.7248632257996, 4.572562769299431], [-75.72478748806533, 4.572533809952168], [-75.72465555105526, 4.572483365393611], [-75.7245107751911, 4.572428015652723], [-75.72439933892878, 4.572383655676675], [-75.72429702025048, 4.572342353617703], [-75.72419583029814, 4.5723015091944506], [-75.72410563515992, 4.572265103220628], [-75.72405711775164, 4.572239120145406], [-75.72395843280107, 4.572186268896053], [-75.72388398805703, 4.5721464002038195], [-75.72383046157968, 4.572117734956999], [-75.7237304226129, 4.572064161977417], [-75.72369707687955, 4.572046300694133], [-75.72358396232002, 4.571985724279109], [-75.7235222283564, 4.571956197959019], [-75.72344237394063, 4.571918008652866], [-75.72336660064606, 4.5718817700475975], [-75.72327972099285, 4.571828257185536], [-75.72321487211416, 4.571788315708542], [-75.72316498101294, 4.571757589847543], [-75.72302177484106, 4.571579497580502], [-75.72290778621914, 4.571458741873685], [-75.72277205183194, 4.571314944903641], [-75.72267483437938, 4.571211957121437], [-75.72261997006476, 4.571147955931902], [-75.72254727373198, 4.571063158661163], [-75.7224711375936, 4.570999991392568], [-75.72243759928037, 4.570945908439348], [-75.72244441880727, 4.570898654664776], [-75.72246468744558, 4.57085593132267], [-75.72248397773937, 4.5708275223465265], [-75.72250742225796, 4.570792991818611], [-75.72255578505593, 4.570759220830824], [-75.7226002573236, 4.570728164042622], [-75.7226454016537, 4.570696634607496], [-75.72269383721765, 4.570662813620124], [-75.72273072376159, 4.570638099356712], [-75.72277263076373, 4.570610020220843], [-75.72281079691417, 4.57058445131107], [-75.72283923302807, 4.57056539671005], [-75.72288107623966, 4.570537365728466], [-75.72295385366924, 4.570460701951952], [-75.7230061008618, 4.57040233316683], [-75.72302642741829, 4.5703303501010195], [-75.72303550976899, 4.570271848058779], [-75.72295497321079, 4.570163653842367], [-75.72280540674193, 4.570025686929237], [-75.72276914470795, 4.569992237750937], [-75.72266897037083, 4.56994374912307], [-75.72260108188684, 4.569910885752972], [-75.7224396074436, 4.569903818230652], [-75.72231853875239, 4.569878829434671], [-75.72223902155676, 4.569870949445777], [-75.72216480601091, 4.569865463027945], [-75.72210319836262, 4.569867191576587], [-75.72202922394138, 4.569869261841642], [-75.72199783127591, 4.569874271025076], [-75.72193836273078, 4.569883754256514], [-75.72189937937853, 4.569889972037826], [-75.72185455828485, 4.569897119644633], [-75.72180208415755, 4.569906381011494], [-75.72174875603667, 4.56991636793418], [-75.72169509573754, 4.569926420301841], [-75.72165002277706, 4.569934864317991], [-75.72159620041872, 4.569944944416458], [-75.72153789712706, 4.569938079392262], [-75.72150206687914, 4.569908751711799], [-75.72149894801323, 4.569882244101759], [-75.72149544475957, 4.56985246991557], [-75.72152690379858, 4.569823271604017], [-75.72159426899248, 4.569782888781988], [-75.72177598982765, 4.569758487430156], [-75.72191091573114, 4.569724049379871], [-75.72195102169061, 4.56971380896307], [-75.72198298610212, 4.569696070806013], [-75.72201164403187, 4.569680166819089], [-75.72205086420612, 4.569639558281267], [-75.72207457076995, 4.569615016211551], [-75.72208817756572, 4.5695362712836], [-75.72209391506506, 4.569477045150248], [-75.72209782908, 4.5694366404300455], [-75.72214458182668, 4.569282535999728], [-75.72217688142008, 4.569210880775136], [-75.72225374808113, 4.56913973687875], [-75.72227353773508, 4.569121423942749], [-75.72239157737322, 4.569060686118502], [-75.72244533125178, 4.56898189799015], [-75.7224633868879, 4.568885110908377], [-75.72245921012387, 4.568820345574974], [-75.7224564476696, 4.568777521772599], [-75.72243975199912, 4.568724813936079], [-75.72242803258256, 4.568687818045622], [-75.72241341202114, 4.568638318823939], [-75.72239551092704, 4.568577715327853], [-75.72237703676865, 4.568515171267169], [-75.72235702407595, 4.568447414140239], [-75.72233982815811, 4.56839438997811], [-75.72232875919805, 4.568360260969054], [-75.72229188999277, 4.568246574036159], [-75.72226297342716, 4.5681574082670515], [-75.72224487699857, 4.568101607652437], [-75.72222203725646, 4.568031179924558], [-75.72219598826874, 4.567998376173047], [-75.72217173151654, 4.567967828372739], [-75.72214162128896, 4.567937855169927], [-75.72208980218656, 4.567917737824379], [-75.72204662697887, 4.567900978610965], [-75.72201148035067, 4.567887333072314], [-75.72198306027558, 4.567874103134795], [-75.72195087337093, 4.567859122859041], [-75.72192206522973, 4.567845709067945], [-75.72189716923985, 4.567834120093563], [-75.72187223534962, 4.567822514085446], [-75.72182068129716, 4.5677998201478465], [-75.72175279259119, 4.567769935302888], [-75.7216758621734, 4.567736071848702], [-75.72162068796717, 4.5676965379750305], [-75.72157525506208, 4.567663983196125], [-75.72153042827821, 4.567631861847576], [-75.72150034082749, 4.56761030584917], [-75.72147608513295, 4.567592924162256], [-75.72144352531784, 4.567569594821165], [-75.72140485641346, 4.567541887003115], [-75.72135469199277, 4.567505943818659], [-75.7212024497559, 4.567375314213748], [-75.72128441467133, 4.567239965589705], [-75.72140292580991, 4.567056084995632], [-75.72156249973622, 4.566826208244872], [-75.72173117038062, 4.566573360141469], [-75.72189429323319, 4.566365609436169], [-75.72208277413125, 4.566118115688746], [-75.72225380003823, 4.565928020362035], [-75.72250397113056, 4.565742149935797], [-75.72268839703453, 4.565644667628248], [-75.72297396879813, 4.565560187775822], [-75.7232946118964, 4.56543150994823], [-75.72351424921564, 4.565351592655232], [-75.72372061700074, 4.565236415641685], [-75.7238654552786, 4.565130198924495], [-75.7240145993048, 4.564984266729008], [-75.72407587733677, 4.564865009759465], [-75.72417655994464, 4.564675072367345], [-75.72419385372663, 4.564547090622248], [-75.7242021537623, 4.564330896302072], [-75.72420984020636, 4.563845581368431], [-75.72421270822258, 4.563174984275017], [-75.72419867401615, 4.562804426706129], [-75.72420692356178, 4.5625661717972825], [-75.72425505262915, 4.562464588748138], [-75.72436022258285, 4.562314347166908], [-75.72450063410002, 4.5621949063649865], [-75.72464993943697, 4.562119564181608], [-75.72480373974308, 4.562088329171088], [-75.72506751983927, 4.562087722124184], [-75.72505384867938, 4.561875987778898], [-75.7249388696992, 4.561580664861356], [-75.72483726171724, 4.561364719089831], [-75.72475313781038, 4.561104617855666], [-75.72474837961248, 4.560945806114502], [-75.72479627728741, 4.560742753307309], [-75.72480032175065, 4.5605883324095835], [-75.72483484867294, 4.560305899673187], [-75.72491282616602, 4.560069446698342], [-75.72498662825166, 4.559899906994702], [-75.72504940391094, 4.5597750613746015], [-75.72514374286959, 4.559665033009096], [-75.72522142793689, 4.5595717958501485], [-75.72534910568369, 4.559441214592224], [-75.72555661994893, 4.559347677871226], [-75.72576774111998, 4.559209462591947], [-75.72591098864658, 4.559129411962003], [-75.72595791836495, 4.559104488036034], [-75.7260912526817, 4.559014843635859], [-75.726264052119, 4.558880438760591], [-75.72642690929091, 4.558723724325482], [-75.72656257990921, 4.558574514353074], [-75.72670803022874, 4.5583756511381655], [-75.72678929690115, 4.5582265682818734], [-75.72687536310714, 4.558012949285623], [-75.72695395327862, 4.557774532577914], [-75.72703261737313, 4.557568377278598], [-75.72712596473734, 4.557295184872711], [-75.7271996889231, 4.55709152176604], [-75.7270562247904, 4.5570769623124106], [-75.7269127557963, 4.557059922221068], [-75.72675440475044, 4.5570230601670385], [-75.72663314684571, 4.556986113269544], [-75.72651040401668, 4.556942390944925], [-75.72630026965909, 4.556831547090595], [-75.72613207092087, 4.556702551267527], [-75.72601806831968, 4.556672723839295], [-75.72591832918609, 4.556639625748054], [-75.72581266098544, 4.556631712587966], [-75.72565008635833, 4.556615776177248], [-75.72545897334449, 4.556559127980521], [-75.72517433700997, 4.55647414467663], [-75.72493436981193, 4.5563768290614215], [-75.72467408589509, 4.556279559669151], [-75.72455202518762, 4.556210518122511], [-75.72442433106616, 4.556110280314539], [-75.72425486590215, 4.556128575021467], [-75.7240184702546, 4.556138067987276], [-75.72355461043281, 4.556161512805335], [-75.72337636633078, 4.556242496443177], [-75.7232427293342, 4.556323377813956], [-75.72311353218848, 4.55639529615746], [-75.72295745936374, 4.556418038241357], [-75.72270319919897, 4.556418618032739], [-75.722399812031, 4.556392453184709], [-75.72229706281094, 4.5563255437418], [-75.72219432503907, 4.556263108229283], [-75.72203355674594, 4.556182900806713], [-75.72189974657518, 4.556187683966924], [-75.72174819511096, 4.55623727073777], [-75.72164578199617, 4.556318079690456], [-75.721529926259, 4.556372064832509], [-75.7213872054356, 4.556381342129585], [-75.72124891308314, 4.5563771824178545], [-75.72104812130512, 4.556350781883731], [-75.72089201655551, 4.55636009532856], [-75.72089192623714, 4.556319805219099], [-75.72084253260789, 4.556176673219673], [-75.72078865876068, 4.556024600222189], [-75.72064551962306, 4.555850347051535], [-75.72051592662451, 4.555747687173035], [-75.7203909357505, 4.5557076856897405], [-75.72028831994518, 4.555698968111966], [-75.72019919661102, 4.555739457798933], [-75.72004159998534, 4.555751148791567], [-75.72004432101551, 4.55559004165529], [-75.72009654357035, 4.555475291577353], [-75.72022587025492, 4.555326288111494], [-75.72040761587664, 4.555149282033585], [-75.72060470628875, 4.554931962644316], [-75.7207066195683, 4.554947221692298], [-75.72093182511387, 4.554875449134259], [-75.72113536392138, 4.554778942296048], [-75.72136962003094, 4.55461420737426], [-75.72152364381299, 4.554465145629452], [-75.72176695844391, 4.554210544678329], [-75.72201034795467, 4.5539900232525605], [-75.72218905468286, 4.553834708922691], [-75.72228758558094, 4.553719854042626], [-75.7223367768404, 4.553629896595379], [-75.72220990633723, 4.553500068010421], [-75.72200884238815, 4.553327034272179], [-75.72188506815262, 4.553214673990486], [-75.72179022527034, 4.553140536410013], [-75.72162971828715, 4.553153296127289], [-75.72141171442654, 4.553224017018738], [-75.72121844491541, 4.553311205890521], [-75.72109515286729, 4.553398238255339], [-75.7210129298474, 4.553443860974723], [-75.7209430657218, 4.553493590876941], [-75.72086916865163, 4.553580506722617], [-75.72078689026168, 4.553601350400277], [-75.72063769692355, 4.553611499707304], [-75.72048637358063, 4.553590159103324], [-75.7203844462291, 4.55356870831053], [-75.72028564085672, 4.553562736106732], [-75.72015899541577, 4.553532043908041], [-75.72003235621227, 4.553504449742611], [-75.71991184232084, 4.553455155707436], [-75.71981913370276, 4.5534150940596385], [-75.71974503300495, 4.553412164320797], [-75.7196276982174, 4.553403139641256], [-75.71953509485753, 4.553409547041735], [-75.71943633226537, 4.553422162161096], [-75.7193622743838, 4.553437825264809], [-75.71923891142347, 4.553493871422567], [-75.71915259570108, 4.553549836149824], [-75.71903544990488, 4.553624458145818], [-75.71899236201955, 4.553683417057429], [-75.71891205208149, 4.553665013066191], [-75.71879777583348, 4.553643587957149], [-75.71864326701645, 4.5535788776016135], [-75.71851956689883, 4.553486217563006], [-75.7184266906621, 4.553371803073829], [-75.7183429779727, 4.553213986961043], [-75.71834278811191, 4.553130339247926], [-75.71838271844383, 4.553040404174295], [-75.71842883029299, 4.552953552853339], [-75.71847490736408, 4.552851207602628], [-75.7184931488687, 4.552727242139258], [-75.71849591432489, 4.55258472316977], [-75.71849244033068, 4.55241433504684], [-75.71845183629719, 4.552206855120004], [-75.71842058477066, 4.552039627634013], [-75.718377181439, 4.551959178145657], [-75.7183059158783, 4.551844710716313], [-75.71826860943644, 4.551730163679069], [-75.71826217493101, 4.551615549625707], [-75.7182650518912, 4.551522598749229], [-75.71826478466859, 4.5514048750379965], [-75.71826129843754, 4.551228288027243], [-75.71824569416029, 4.5511539693480225], [-75.71820845106659, 4.551067306662372], [-75.71817114476076, 4.550952762296608], [-75.71817090609633, 4.550847427213181], [-75.7181798586506, 4.550711090038682], [-75.71821673658499, 4.550636650700119], [-75.71828762434636, 4.5505838236737395], [-75.71836474076207, 4.550555765957744], [-75.71845732157998, 4.550540061119104], [-75.71860861591983, 4.550549010320782], [-75.71875067720752, 4.550570375001749], [-75.71886805435084, 4.550597987575033], [-75.71901631760919, 4.550631731041032], [-75.71913053094883, 4.550625272032308], [-75.71926005990346, 4.550566112907412], [-75.7193895122089, 4.550472876906484], [-75.71948190401535, 4.5503735243120484], [-75.71960506869618, 4.550230730038408], [-75.71972819236453, 4.550069350119002], [-75.7198606256143, 4.549929630647887], [-75.71996854499216, 4.549870520683005], [-75.72005797603718, 4.549826944849718], [-75.72019687230411, 4.549814233292593], [-75.72027721024017, 4.5498450323241535], [-75.72036378491049, 4.549903696845915], [-75.72047206880117, 4.550005686768234], [-75.72061121826837, 4.550104508813669], [-75.72083071910741, 4.550240324951535], [-75.72096357387602, 4.550286492419919], [-75.72106244204991, 4.550320344594066], [-75.72115842629066, 4.550286981881558], [-75.72130049163334, 4.550164218736773], [-75.72139165079618, 4.5500109612119175], [-75.72143708025463, 4.549868010825733], [-75.72148234674769, 4.549653638831596], [-75.72152271580289, 4.549520904974722], [-75.72162396073104, 4.549331913136762], [-75.72173035992961, 4.549173521020333], [-75.72182677641612, 4.549096775415011], [-75.7218978780106, 4.549066002877139], [-75.72199449062302, 4.549075984713574], [-75.72209607243053, 4.549034941044859], [-75.72222306027238, 4.548988736895527], [-75.72232970241922, 4.548937474892874], [-75.72239050909289, 4.548850607912718], [-75.72239532633691, 4.548733260411341], [-75.72244596614864, 4.548646414739789], [-75.72251179910144, 4.548534029032198], [-75.72261818604696, 4.548370534719976], [-75.72272978438417, 4.548263146827065], [-75.7228616813403, 4.548140404164695], [-75.72299868560178, 4.548027854895268], [-75.72310525843793, 4.547945985734013], [-75.7232829197363, 4.547828240857305], [-75.72338445426386, 4.54776679178611], [-75.72348598875513, 4.547705339094795], [-75.72358247392718, 4.547659205148926], [-75.72384657032278, 4.547546362803617], [-75.72403438707737, 4.547423494316425], [-75.7241917153122, 4.547305800135048], [-75.72440999910137, 4.547167553720628], [-75.72461827912001, 4.547100757271846], [-75.7248974740225, 4.546921564057536], [-75.7251005662641, 4.546808860301794], [-75.72528335718191, 4.546711512226376], [-75.72549668521566, 4.5466293969197515], [-75.72583708121704, 4.546536790131668], [-75.72593862715847, 4.546480437747425], [-75.72608863898586, 4.5464360291919235], [-75.7263120857096, 4.5463816604167455], [-75.72652074610423, 4.54627247733068], [-75.7266004081874, 4.546138143145248], [-75.72664044827768, 4.545958911849931], [-75.72668039464946, 4.5458294859748225], [-75.72678450604607, 4.5457190283302], [-75.72693959385364, 4.545635597554803], [-75.72716616798975, 4.545564263811084], [-75.72729728666147, 4.545552548203933], [-75.72750578395397, 4.545588819343282], [-75.72795238259093, 4.545763076775885], [-75.72836317183952, 4.545967168288915], [-75.7290124206473, 4.54611788533818], [-75.72931625044603, 4.546160312294395], [-75.72963189744694, 4.546256582657689], [-75.72990578683138, 4.546376696421293], [-75.73011402831953, 4.546550507149241], [-75.73031034095177, 4.546730276175018], [-75.73059668331923, 4.5465633699486645], [-75.73075788601177, 4.54639623155726], [-75.73088343504344, 4.5461752036278815], [-75.73088980368635, 4.545953956215615], [-75.73091988796864, 4.545798531447406], [-75.73098558078044, 4.545720914831718], [-75.73114659512356, 4.545655436376655], [-75.73134339616945, 4.545572085355867], [-75.73148659982535, 4.545470690152822], [-75.73158820165338, 4.545309418123358], [-75.73164817919356, 4.545100230379649], [-75.7317676914234, 4.5449210524147405], [-75.73189314015909, 4.54475384639705], [-75.7320007117051, 4.544586606071173], [-75.73217975755615, 4.5444374424165215], [-75.73241831544419, 4.544330246862755], [-75.73271646181522, 4.544223161424046], [-75.7331098860715, 4.544152135168667], [-75.73349727376106, 4.544122957619063], [-75.7338489295719, 4.544081752953041], [-75.73402780930502, 4.544022287688204], [-75.73423067878656, 4.543879145431265], [-75.73453502775489, 4.54364051034342], [-75.73470823577468, 4.5434255538956085], [-75.73483361786572, 4.543294225690968], [-75.73497078406817, 4.543234680993906], [-75.73514956363599, 4.543229032722858], [-75.73529244625378, 4.543301063228571], [-75.73545320501991, 4.543373120713164], [-75.73559619811938, 4.543385348551704], [-75.73576323558848, 4.543283997275844], [-75.73591831278677, 4.543206548272579], [-75.73612691959214, 4.543183016320419], [-75.73635921966897, 4.543237265778445], [-75.73649025064766, 4.54327339211684], [-75.73662136955551, 4.543261674238931], [-75.7367763801384, 4.543220103724454], [-75.73694942202782, 4.543094842816078], [-75.73708056328141, 4.543071165643094], [-75.73720564593206, 4.54310129916956], [-75.7372889608187, 4.543161257400478], [-75.73739015181638, 4.543221242591955], [-75.73754509588059, 4.543215551440194], [-75.73769414817488, 4.543173969059813], [-75.73792083066607, 4.543042828755779], [-75.7380223758085, 4.542911457198462], [-75.73808216398413, 4.542803929428514], [-75.73814945979977, 4.542502658386829], [-75.73823074875476, 4.542368856142753], [-75.73830237238823, 4.542306796659455], [-75.73840255165535, 4.54226871233495], [-75.7384692753658, 4.542278403694638], [-75.73855489931447, 4.542379027074549], [-75.73865959118719, 4.542479689128713], [-75.73876921786052, 4.542489456894621], [-75.73893143426278, 4.542417999281222], [-75.73900309990977, 4.542332020435122], [-75.73902235420323, 4.542231592316018], [-75.73903697304131, 4.542059391782277], [-75.73906579667921, 4.541939844566995], [-75.7391614837723, 4.541753444827311], [-75.73933352471995, 4.541524131708723], [-75.73946730531142, 4.541361725100444], [-75.73962949355936, 4.541304615142913], [-75.73979646777767, 4.5412379478717755], [-75.74009221679563, 4.541138032351337], [-75.74020677786494, 4.541056915801202], [-75.7403023588801, 4.540927924664769], [-75.740359777367, 4.54081321644058], [-75.74040772955148, 4.540660215199657], [-75.74045086260423, 4.540535911032055], [-75.7405370328346, 4.540339926265495], [-75.74064010461957, 4.540129730430521], [-75.74068709884811, 4.540038186399247], [-75.74070615002746, 4.539978952088132], [-75.74074265157503, 4.539980947645442], [-75.74085240224895, 4.539923745967146], [-75.74090975790963, 4.53984252337099], [-75.74086715262841, 4.539679787785057], [-75.74078170469097, 4.539483481149203], [-75.74067710123944, 4.539334983421551], [-75.74054868708642, 4.53917208674224], [-75.74053459714519, 4.539057243652557], [-75.74054908331698, 4.538956805767725], [-75.74061595542194, 4.538885171106334], [-75.7406684471298, 4.538856564921621], [-75.74085448036095, 4.538794715118323], [-75.74097356981407, 4.538842777702699], [-75.74114520470387, 4.538833527097462], [-75.7413454953972, 4.538795624370328], [-75.74149336520117, 4.538748059133998], [-75.74165546477298, 4.538738792252113], [-75.7417507551133, 4.538767671765713], [-75.74196035160297, 4.538854172720598], [-75.74206979388089, 4.53896440684292], [-75.74232201287185, 4.539204079434883], [-75.7425159184031, 4.539398187604254], [-75.74265874620005, 4.539500115062964], [-75.74280760902404, 4.539560192958784], [-75.74298634443105, 4.53957846167004], [-75.74313536200782, 4.539554817110975], [-75.74337990874619, 4.539429686895479], [-75.7435826891099, 4.539334382358516], [-75.74369595287982, 4.539310671309855], [-75.7438329638787, 4.539334843600445], [-75.74402946688056, 4.539412948328148], [-75.74424387889513, 4.539473145162567], [-75.7444584008285, 4.539473541584388], [-75.74464925138285, 4.539384197147263], [-75.74477464108149, 4.539246885969181], [-75.74486436557737, 4.539061668193569], [-75.74490031667305, 4.5389540949062885], [-75.7448826918576, 4.538816521023799], [-75.74483522859998, 4.538702810745251], [-75.7448057092189, 4.538553256163473], [-75.74485373104244, 4.538361983982835], [-75.7449313732288, 4.538266447915674], [-75.74505659832293, 4.538218836377219], [-75.74516976255815, 4.538248947303952], [-75.74537809630462, 4.538374910785115], [-75.74557427999422, 4.538626436845384], [-75.74565730042393, 4.538847852007478], [-75.74569860661717, 4.539069191875905], [-75.74571015212321, 4.53927253156361], [-75.7457754039875, 4.539434115040069], [-75.7459301943642, 4.539512141151853], [-75.7460791347064, 4.539530356221674], [-75.7461924321083, 4.539488704735296], [-75.74631169823564, 4.539441086676444], [-75.74639511257986, 4.539447219828849], [-75.74647838415157, 4.539531093265143], [-75.74651997623907, 4.539596953228097], [-75.74652573799823, 4.539704604371221], [-75.74651951587859, 4.539848113262119], [-75.74656683678408, 4.540039561700291], [-75.74666797458617, 4.540129449105347], [-75.74678706591625, 4.540177509448534], [-75.74699560817484, 4.54018985428411], [-75.74724599398722, 4.540130514868692], [-75.74739525168448, 4.539975309050132], [-75.7474670218407, 4.539831920130599], [-75.74749112054967, 4.539688442642224], [-75.74749749583725, 4.539461211807306], [-75.74752158388452, 4.5393237170561385], [-75.74758726402942, 4.53925207764424], [-75.74773641187346, 4.539156671165696], [-75.74787356695725, 4.539103103315754], [-75.74798082755225, 4.539103301930386], [-75.7480761382063, 4.539121416394941], [-75.74815946506999, 4.539175392180917], [-75.74824861895151, 4.539301136134303], [-75.74840287377556, 4.539672184009188], [-75.7485571172663, 4.540049211766273], [-75.7486521982681, 4.540192908121873], [-75.74874141833212, 4.540282773623171], [-75.74900936262584, 4.540396890629709], [-75.74917024386187, 4.540403165409544], [-75.74934314172954, 4.540355643314185], [-75.749480275331, 4.540314035106863], [-75.74963520824812, 4.540314320879847], [-75.74984965386352, 4.540356578289333], [-75.74998657920821, 4.540428589194529], [-75.75012932118841, 4.540578352627956], [-75.75026603760624, 4.5407639871245955], [-75.75041476087712, 4.54090180202637], [-75.75055765594615, 4.540967846138942], [-75.75074235059012, 4.540986126003787], [-75.75089733859495, 4.540956511413964], [-75.75105846055976, 4.540831228406848], [-75.75114812872181, 4.5406759098010765], [-75.75117224878467, 4.540520474426715], [-75.751160570897, 4.540388889435125], [-75.75107148225491, 4.540227264428169], [-75.75085737377083, 4.539999625582342], [-75.75071472974064, 4.539796045015118], [-75.75067326902433, 4.539658423704523], [-75.75069732258095, 4.539538870122178], [-75.75078091277624, 4.53944932090688], [-75.75091207460405, 4.5394136800708855], [-75.75104915264895, 4.539401971727407], [-75.75121588385562, 4.539468059576956], [-75.75140039311938, 4.539588000362239], [-75.75158484822875, 4.539737843758298], [-75.75171585802644, 4.539785923617879], [-75.75184097378053, 4.5397981136783905], [-75.75201977567752, 4.5397805008992504], [-75.75215695226039, 4.539714973268716], [-75.75224054128277, 4.539625424889019], [-75.75231825934196, 4.53948802677228], [-75.75233637590595, 4.53935649900398], [-75.75233665929721, 4.539201015563284], [-75.7524023280496, 4.539135358711808], [-75.75256329562478, 4.5390937929490764], [-75.75267055670201, 4.539093991765407], [-75.75283735435238, 4.5391241947236995], [-75.75306944768185, 4.539292064033974], [-75.75318845343115, 4.539387964856839], [-75.75331946308506, 4.53943604530265], [-75.75348032227379, 4.539454281911167], [-75.75368300286887, 4.539412791588871], [-75.7538918073814, 4.539281613924821], [-75.75411263690866, 4.5390906559624815], [-75.75444078311217, 4.53886999665246], [-75.75466739825934, 4.538774729969385], [-75.75488198555162, 4.538739242610951], [-75.75509055982785, 4.538733648038362], [-75.75526947086439, 4.53865623125235], [-75.75541268175573, 4.5385488532323155], [-75.7555262169867, 4.538375637576129], [-75.75565166020289, 4.538208425965448], [-75.75578896613932, 4.538071135596468], [-75.75590229468374, 4.53801154222693], [-75.75606324191273, 4.537981936799328], [-75.75626587904246, 4.537964368692291], [-75.75637899037393, 4.538024375648103], [-75.75647411611526, 4.538144151205655], [-75.75650358532442, 4.5383236082311225], [-75.75640172806091, 4.538628406443376], [-75.75621032278296, 4.539022739816847], [-75.7562160858853, 4.539130391819319], [-75.75628150516879, 4.539202273314556], [-75.75643640509696, 4.5392204985857], [-75.75660335383355, 4.539166981857902], [-75.7567345280223, 4.53912536199326], [-75.756871584016, 4.539125614378433], [-75.75702043912835, 4.539191667716897], [-75.75711553243605, 4.5393293820329355], [-75.75715701711991, 4.5394550395851665], [-75.75721051693277, 4.53952689871509], [-75.7573653416305, 4.539586982598797], [-75.75755010230905, 4.5395693837276765], [-75.757693270223, 4.539485921598129], [-75.75779473568957, 4.539396405856982], [-75.7578724302066, 4.539270966824503], [-75.75795004862704, 4.539187389364081], [-75.75807523097863, 4.539163695832727], [-75.7582301431171, 4.539175939821671], [-75.75843880355526, 4.539122500901037], [-75.7585760450654, 4.539021089986345], [-75.7586953551008, 4.538949547848893], [-75.75883245505, 4.538925877322378], [-75.75901114769061, 4.538968065348631], [-75.75919576828089, 4.539028202924263], [-75.75936857805324, 4.539028518679068], [-75.75960111872422, 4.538951204026194], [-75.75979207805325, 4.538802050886081], [-75.75994729293548, 4.538646851271555], [-75.76009640843216, 4.538569381338942], [-75.76022745119512, 4.538599521377726], [-75.76035242735676, 4.5386894511870866], [-75.76043558202285, 4.5388391069772736], [-75.7605367536863, 4.538911051630342], [-75.76068567485848, 4.538941223416816], [-75.76077515662054, 4.538887567784834], [-75.76087648104063, 4.538875791246115], [-75.76110285669641, 4.538912083742498], [-75.76143050379731, 4.538966502887287], [-75.76169279574832, 4.538913159692027], [-75.76189556440282, 4.538823830570796], [-75.76202699697215, 4.538638686772065], [-75.76210461460485, 4.538555105580004], [-75.76221194181592, 4.5385194206382335], [-75.7623727689734, 4.538555595070309], [-75.76253945888234, 4.538645600449736], [-75.76264676309017, 4.538621875336463], [-75.76276623540438, 4.538460632785472], [-75.76282607424871, 4.538323197557265], [-75.76295141802817, 4.538209805167197], [-75.76309452015823, 4.538162224850541], [-75.76327919396724, 4.53819246070307], [-75.76357104407191, 4.538270733253219], [-75.76372601970255, 4.538247097407859], [-75.76377987834866, 4.538121610580918], [-75.76379206564022, 4.537972130684602], [-75.76383985706762, 4.5379064371427065], [-75.76392919909098, 4.537930523203682], [-75.76404817315566, 4.538044361295731], [-75.76417899972321, 4.538194099252281], [-75.76431005359966, 4.538218260357967], [-75.76444132500866, 4.53812281463909], [-75.7645130062884, 4.538027263822992], [-75.764626334183, 4.537967670422402], [-75.76476336883077, 4.537979882197772], [-75.76490620119463, 4.538081804398034], [-75.76500146943438, 4.538123837062466], [-75.765090973392, 4.538058217669835], [-75.76516293355489, 4.537807183271288], [-75.76525898964647, 4.537412672988913], [-75.765408450638, 4.537143839331964], [-75.7655875867759, 4.536940839705128], [-75.76570699293046, 4.5368154767890365], [-75.7658264316027, 4.536672168675669], [-75.76589829479423, 4.536474957379897], [-75.76594034280996, 4.536289651152941], [-75.76599421070601, 4.536158188172692], [-75.76612543655715, 4.536086662210328], [-75.76627456262428, 4.536003213596604], [-75.76653690768573, 4.535919967175832], [-75.7666383403032, 4.535848390911875], [-75.76662655207414, 4.535776607044076], [-75.76653725271576, 4.5357286042346745], [-75.76640622064406, 4.5356924870745345], [-75.76635267589786, 4.535644546897421], [-75.76635280621696, 4.53557278600554], [-75.76643045644008, 4.535471265977], [-75.76663337260325, 4.535298211228597], [-75.76674675532071, 4.535208716436573], [-75.7667828109326, 4.535041337695146], [-75.76681290686814, 4.53487395107925], [-75.76690242085893, 4.534802350978083], [-75.76707525321714, 4.534790703837022], [-75.76722417290418, 4.534820878241121], [-75.76734317890913, 4.53491677422888], [-75.76740264016017, 4.534988643683539], [-75.76755750808056, 4.535024803069964], [-75.76769478994449, 4.534899471993427], [-75.76792751268775, 4.5347204892859265], [-75.76820219573878, 4.534404041752667], [-75.76838154597554, 4.5340814422349265], [-75.76854903220959, 4.533728918412312], [-75.76863881409955, 4.5335078159656925], [-75.76869278879057, 4.533316549563426], [-75.76865734760118, 4.5331430640571195], [-75.76856826517196, 4.532975457701327], [-75.76847326627195, 4.532783923777482], [-75.76843778119512, 4.532634356962668], [-75.76852157185989, 4.5324311846339835], [-75.7686291130875, 4.5322758949030755], [-75.76876043565147, 4.532150553450867], [-75.76885600469642, 4.53202514210885], [-75.76893377224465, 4.531857838711716], [-75.76907705531882, 4.5317085961179675], [-75.76925019813558, 4.531523526136972], [-75.76939943982876, 4.531374293249252], [-75.76947130217667, 4.53117708067985], [-75.76944770302521, 4.531045474899168], [-75.76938841476536, 4.530877924280803], [-75.76929924564433, 4.530758159928232], [-75.76910885002384, 4.530596355093447], [-75.7690078057476, 4.530452647101765], [-75.76897824804136, 4.530321033347047], [-75.7690023736525, 4.530159610936759], [-75.76908607883833, 4.530004280793729], [-75.76918154030571, 4.5299386732269715], [-75.76932458624147, 4.529920989745128], [-75.76948539129869, 4.529969123354688], [-75.769616412316, 4.530011220402638], [-75.76971181909477, 4.529975514141245], [-75.76983119111172, 4.529868087763868], [-75.76996833280027, 4.5298204931383195], [-75.77018877005895, 4.52984481382005], [-75.77039139531549, 4.5298332196090385], [-75.77060605588812, 4.529755866696644], [-75.77070758313454, 4.5296304669872365], [-75.77076138505561, 4.529534882067169], [-75.77075567267005, 4.529397329214523], [-75.77069029734562, 4.529301528839017], [-75.77066675105362, 4.529140024585988], [-75.770702944337, 4.528894905831375], [-75.77082247707787, 4.528697776441682], [-75.77096579096629, 4.528530590765175], [-75.77110308274537, 4.528399276614606], [-75.77119872589776, 4.528232006204468], [-75.77121690304854, 4.528064598986556], [-75.77119932611856, 4.527897122778392], [-75.77110435898324, 4.527687645884209], [-75.77102637221842, 4.527555446064665], [-75.77094201305864, 4.527447300377928], [-75.77085001604928, 4.527312139430897], [-75.77082332724183, 4.527192521598543], [-75.77161953730315, 4.526835257749369], [-75.7716467998347, 4.52663474258667], [-75.77163953462662, 4.52639945427247], [-75.77160523482195, 4.526237397423979], [-75.77149031575242, 4.52602505544017], [-75.77140779298735, 4.525856649415152], [-75.77131299733544, 4.525551491309896], [-75.77128968679332, 4.525258424763329], [-75.7713262329241, 4.524815961387891], [-75.7713445822954, 4.524552867695209], [-75.77137495483765, 4.524229998055047], [-75.77144096317775, 4.52397297371056], [-75.77157255227839, 4.523698121920674], [-75.77176412481565, 4.523202120103456], [-75.77191355717339, 4.5229452417571965], [-75.77191978388207, 4.5227957513374895], [-75.7719081116431, 4.522658187059659], [-75.77182493543869, 4.522520493554675], [-75.77175981516385, 4.522281173628438], [-75.77175418904092, 4.522095778043928], [-75.77179626489517, 4.521892530448637], [-75.77190392044865, 4.521671459103625], [-75.77202940960399, 4.52147434103917], [-75.77225017727591, 4.521313275907307], [-75.77244706519669, 4.521176087873243], [-75.77259040982999, 4.52099096240128], [-75.77270392673148, 4.520823726247107], [-75.77274589569889, 4.520680275917739], [-75.77274616384948, 4.520530774075109], [-75.77277631079545, 4.520333484389352], [-75.77286600363773, 4.520160223203185], [-75.77300331444437, 4.520016945548407], [-75.77316428865674, 4.5199693976750375], [-75.77327751784435, 4.5199636186366785], [-75.77337878563341, 4.519981740620866], [-75.77352161668595, 4.520083660767503], [-75.77364067577646, 4.520149656365282], [-75.77375388380928, 4.5201558424358685], [-75.77388501092854, 4.520138137161189], [-75.77408789023796, 4.519983018203621], [-75.77429085404096, 4.5197800610683325], [-75.77437454458418, 4.519630706172607], [-75.77441657668865, 4.519451377586601], [-75.77441687638274, 4.519283938106057], [-75.77438744460306, 4.519080557215632], [-75.77431022575522, 4.518942876451797], [-75.7742746441526, 4.518847129170733], [-75.77424506260914, 4.518727473866479], [-75.77423944612904, 4.518536099680404], [-75.77422185774539, 4.518374606397489], [-75.77419237330372, 4.518201127577291], [-75.77421644418699, 4.518069608953112], [-75.774329928761, 4.517920311792498], [-75.7744611303983, 4.51786074476511], [-75.7745803812418, 4.517819098857766], [-75.77474730274882, 4.517777536070414], [-75.774890507949, 4.517670152080021], [-75.77495035155147, 4.517526739270497], [-75.77495063988714, 4.517365273415406], [-75.77495108876847, 4.517114108423283], [-75.77496332612219, 4.516934725970687], [-75.77505898843249, 4.51675549400543], [-75.77518444281542, 4.516576316066384], [-75.77530986721102, 4.516415079583892], [-75.77560208382721, 4.516284040735565], [-75.7758048225743, 4.51620666239158], [-75.7759301709045, 4.516087286877211], [-75.77607952638313, 4.51587226766297], [-75.7762288694271, 4.515663231969391], [-75.77631257006149, 4.5155078984000045], [-75.7764682021993, 4.515113488206446], [-75.77667177188205, 4.5145696607470995], [-75.77686905131858, 4.514211207890326], [-75.77702446014783, 4.513942379750088], [-75.77717378067955, 4.51374530310444], [-75.77741337399632, 4.513239123447052], [-75.77757406308395, 4.512887250054779], [-75.77774730696011, 4.51239947398756], [-75.77793911659435, 4.51185612705128], [-75.77795846503817, 4.511361898673324], [-75.77804547564811, 4.510898681628717], [-75.7781507246885, 4.510565242435219], [-75.7782375161527, 4.510225591313178], [-75.7784346261692, 4.510164164006013], [-75.77876749015152, 4.509923802817476], [-75.7791128211041, 4.5095969707487535], [-75.77929799122853, 4.509325455584099], [-75.77941540914635, 4.509072356391412], [-75.77956363009409, 4.508806956319734], [-75.77966235962867, 4.508677386035198], [-75.77982868735285, 4.5086159012122105], [-75.77995180116869, 4.508622300739741], [-75.78, 4.508636905874269], [-75.78, 4.5635810734265565], [-75.77999532841321, 4.563580249363752], [-75.77987014083966, 4.563603946151757], [-75.77973287527124, 4.5637173182131905], [-75.77972666842382, 4.5638548499116], [-75.77974425624625, 4.5640163469090025], [-75.77982136075046, 4.564219808991001], [-75.78, 4.56443739359133], [-75.78, 4.564912731226493], [-75.77996907437878, 4.564925731556081]]], [[[-75.77996639286154, 4.507337237748065], [-75.77980631960139, 4.507343130002224], [-75.77965872524263, 4.507256370865099], [-75.77962195174877, 4.507163633294091], [-75.77967754431809, 4.507058700825649], [-75.77983776967089, 4.506966309967611], [-75.78, 4.506952648550526], [-75.78, 4.507341795950788], [-75.77996639286154, 4.507337237748065]]]]}}, {"type": "Feature", "properties": {"MpNombre": "Armenia", "Depto": "Quindío", "MpCodigo": "63001", "rol": "contexto", "marca": "F"}, "geometry": {"type": "Polygon", "coordinates": [[[-75.77995180116869, 4.508622300739741], [-75.77982868735285, 4.5086159012122105], [-75.77966235962867, 4.508677386035198], [-75.77956363009409, 4.508806956319734], [-75.77941540914635, 4.509072356391412], [-75.77929799122853, 4.509325455584099], [-75.7791128211041, 4.5095969707487535], [-75.77876749015152, 4.509923802817476], [-75.7784346261692, 4.510164164006013], [-75.7782375161527, 4.510225591313178], [-75.7781507246885, 4.510565242435219], [-75.77804547564811, 4.510898681628717], [-75.77795846503817, 4.511361898673324], [-75.77793911659435, 4.51185612705128], [-75.77774730696011, 4.51239947398756], [-75.77757406308395, 4.512887250054779], [-75.77741337399632, 4.513239123447052], [-75.77717378067955, 4.51374530310444], [-75.77702446014783, 4.513942379750088], [-75.77686905131858, 4.514211207890326], [-75.77667177188205, 4.5145696607470995], [-75.7764682021993, 4.515113488206446], [-75.77631257006149, 4.5155078984000045], [-75.7762288694271, 4.515663231969391], [-75.77607952638313, 4.51587226766297], [-75.7759301709045, 4.516087286877211], [-75.7758048225743, 4.51620666239158], [-75.77560208382721, 4.516284040735565], [-75.77530986721102, 4.516415079583892], [-75.77518444281542, 4.516576316066384], [-75.77505898843249, 4.51675549400543], [-75.77496332612219, 4.516934725970687], [-75.77495108876847, 4.517114108423283], [-75.77495063988714, 4.517365273415406], [-75.77495035155147, 4.517526739270497], [-75.774890507949, 4.517670152080021], [-75.77474730274882, 4.517777536070414], [-75.7745803812418, 4.517819098857766], [-75.7744611303983, 4.51786074476511], [-75.774329928761, 4.517920311792498], [-75.77421644418699, 4.518069608953112], [-75.77419237330372, 4.518201127577291], [-75.77422185774539, 4.518374606397489], [-75.77423944612904, 4.518536099680404], [-75.77424506260914, 4.518727473866479], [-75.7742746441526, 4.518847129170733], [-75.77431022575522, 4.518942876451797], [-75.77438744460306, 4.519080557215632], [-75.77441687638274, 4.519283938106057], [-75.77441657668865, 4.519451377586601], [-75.77437454458418, 4.519630706172607], [-75.77429085404096, 4.5197800610683325], [-75.77408789023796, 4.519983018203621], [-75.77388501092854, 4.520138137161189], [-75.77375388380928, 4.5201558424358685], [-75.77364067577646, 4.520149656365282], [-75.77352161668595, 4.520083660767503], [-75.77337878563341, 4.519981740620866], [-75.77327751784435, 4.5199636186366785], [-75.77316428865674, 4.5199693976750375], [-75.77300331444437, 4.520016945548407], [-75.77286600363773, 4.520160223203185], [-75.77277631079545, 4.520333484389352], [-75.77274616384948, 4.520530774075109], [-75.77274589569889, 4.520680275917739], [-75.77270392673148, 4.520823726247107], [-75.77259040982999, 4.52099096240128], [-75.77244706519669, 4.521176087873243], [-75.77225017727591, 4.521313275907307], [-75.77202940960399, 4.52147434103917], [-75.77190392044865, 4.521671459103625], [-75.77179626489517, 4.521892530448637], [-75.77175418904092, 4.522095778043928], [-75.77175981516385, 4.522281173628438], [-75.77182493543869, 4.522520493554675], [-75.7719081116431, 4.522658187059659], [-75.77191978388207, 4.5227957513374895], [-75.77191355717339, 4.5229452417571965], [-75.77176412481565, 4.523202120103456], [-75.77157255227839, 4.523698121920674], [-75.77144096317775, 4.52397297371056], [-75.77137495483765, 4.524229998055047], [-75.7713445822954, 4.524552867695209], [-75.7713262329241, 4.524815961387891], [-75.77128968679332, 4.525258424763329], [-75.77131299733544, 4.525551491309896], [-75.77140779298735, 4.525856649415152], [-75.77149031575242, 4.52602505544017], [-75.77160523482195, 4.526237397423979], [-75.77163953462662, 4.52639945427247], [-75.7716467998347, 4.52663474258667], [-75.77161953730315, 4.526835257749369], [-75.77082332724183, 4.527192521598543], [-75.77085001604928, 4.527312139430897], [-75.77094201305864, 4.527447300377928], [-75.77102637221842, 4.527555446064665], [-75.77110435898324, 4.527687645884209], [-75.77119932611856, 4.527897122778392], [-75.77121690304854, 4.528064598986556], [-75.77119872589776, 4.528232006204468], [-75.77110308274537, 4.528399276614606], [-75.77096579096629, 4.528530590765175], [-75.77082247707787, 4.528697776441682], [-75.770702944337, 4.528894905831375], [-75.77066675105362, 4.529140024585988], [-75.77069029734562, 4.529301528839017], [-75.77075567267005, 4.529397329214523], [-75.77076138505561, 4.529534882067169], [-75.77070758313454, 4.5296304669872365], [-75.77060605588812, 4.529755866696644], [-75.77039139531549, 4.5298332196090385], [-75.77018877005895, 4.52984481382005], [-75.76996833280027, 4.5298204931383195], [-75.76983119111172, 4.529868087763868], [-75.76971181909477, 4.529975514141245], [-75.769616412316, 4.530011220402638], [-75.76948539129869, 4.529969123354688], [-75.76932458624147, 4.529920989745128], [-75.76918154030571, 4.5299386732269715], [-75.76908607883833, 4.530004280793729], [-75.7690023736525, 4.530159610936759], [-75.76897824804136, 4.530321033347047], [-75.7690078057476, 4.530452647101765], [-75.76910885002384, 4.530596355093447], [-75.76929924564433, 4.530758159928232], [-75.76938841476536, 4.530877924280803], [-75.76944770302521, 4.531045474899168], [-75.76947130217667, 4.53117708067985], [-75.76939943982876, 4.531374293249252], [-75.76925019813558, 4.531523526136972], [-75.76907705531882, 4.5317085961179675], [-75.76893377224465, 4.531857838711716], [-75.76885600469642, 4.53202514210885], [-75.76876043565147, 4.532150553450867], [-75.7686291130875, 4.5322758949030755], [-75.76852157185989, 4.5324311846339835], [-75.76843778119512, 4.532634356962668], [-75.76847326627195, 4.532783923777482], [-75.76856826517196, 4.532975457701327], [-75.76865734760118, 4.5331430640571195], [-75.76869278879057, 4.533316549563426], [-75.76863881409955, 4.5335078159656925], [-75.76854903220959, 4.533728918412312], [-75.76838154597554, 4.5340814422349265], [-75.76820219573878, 4.534404041752667], [-75.76792751268775, 4.5347204892859265], [-75.76769478994449, 4.534899471993427], [-75.76755750808056, 4.535024803069964], [-75.76740264016017, 4.534988643683539], [-75.76734317890913, 4.53491677422888], [-75.76722417290418, 4.534820878241121], [-75.76707525321714, 4.534790703837022], [-75.76690242085893, 4.534802350978083], [-75.76681290686814, 4.53487395107925], [-75.7667828109326, 4.535041337695146], [-75.76674675532071, 4.535208716436573], [-75.76663337260325, 4.535298211228597], [-75.76643045644008, 4.535471265977], [-75.76635280621696, 4.53557278600554], [-75.76635267589786, 4.535644546897421], [-75.76640622064406, 4.5356924870745345], [-75.76653725271576, 4.5357286042346745], [-75.76662655207414, 4.535776607044076], [-75.7666383403032, 4.535848390911875], [-75.76653690768573, 4.535919967175832], [-75.76627456262428, 4.536003213596604], [-75.76612543655715, 4.536086662210328], [-75.76599421070601, 4.536158188172692], [-75.76594034280996, 4.536289651152941], [-75.76589829479423, 4.536474957379897], [-75.7658264316027, 4.536672168675669], [-75.76570699293046, 4.5368154767890365], [-75.7655875867759, 4.536940839705128], [-75.765408450638, 4.537143839331964], [-75.76525898964647, 4.537412672988913], [-75.76516293355489, 4.537807183271288], [-75.765090973392, 4.538058217669835], [-75.76500146943438, 4.538123837062466], [-75.76490620119463, 4.538081804398034], [-75.76476336883077, 4.537979882197772], [-75.764626334183, 4.537967670422402], [-75.7645130062884, 4.538027263822992], [-75.76444132500866, 4.53812281463909], [-75.76431005359966, 4.538218260357967], [-75.76417899972321, 4.538194099252281], [-75.76404817315566, 4.538044361295731], [-75.76392919909098, 4.537930523203682], [-75.76383985706762, 4.5379064371427065], [-75.76379206564022, 4.537972130684602], [-75.76377987834866, 4.538121610580918], [-75.76372601970255, 4.538247097407859], [-75.76357104407191, 4.538270733253219], [-75.76327919396724, 4.53819246070307], [-75.76309452015823, 4.538162224850541], [-75.76295141802817, 4.538209805167197], [-75.76282607424871, 4.538323197557265], [-75.76276623540438, 4.538460632785472], [-75.76264676309017, 4.538621875336463], [-75.76253945888234, 4.538645600449736], [-75.7623727689734, 4.538555595070309], [-75.76221194181592, 4.5385194206382335], [-75.76210461460485, 4.538555105580004], [-75.76202699697215, 4.538638686772065], [-75.76189556440282, 4.538823830570796], [-75.76169279574832, 4.538913159692027], [-75.76143050379731, 4.538966502887287], [-75.76110285669641, 4.538912083742498], [-75.76087648104063, 4.538875791246115], [-75.76077515662054, 4.538887567784834], [-75.76068567485848, 4.538941223416816], [-75.7605367536863, 4.538911051630342], [-75.76043558202285, 4.5388391069772736], [-75.76035242735676, 4.5386894511870866], [-75.76022745119512, 4.538599521377726], [-75.76009640843216, 4.538569381338942], [-75.75994729293548, 4.538646851271555], [-75.75979207805325, 4.538802050886081], [-75.75960111872422, 4.538951204026194], [-75.75936857805324, 4.539028518679068], [-75.75919576828089, 4.539028202924263], [-75.75901114769061, 4.538968065348631], [-75.75883245505, 4.538925877322378], [-75.7586953551008, 4.538949547848893], [-75.7585760450654, 4.539021089986345], [-75.75843880355526, 4.539122500901037], [-75.7582301431171, 4.539175939821671], [-75.75807523097863, 4.539163695832727], [-75.75795004862704, 4.539187389364081], [-75.7578724302066, 4.539270966824503], [-75.75779473568957, 4.539396405856982], [-75.757693270223, 4.539485921598129], [-75.75755010230905, 4.5395693837276765], [-75.7573653416305, 4.539586982598797], [-75.75721051693277, 4.53952689871509], [-75.75715701711991, 4.5394550395851665], [-75.75711553243605, 4.5393293820329355], [-75.75702043912835, 4.539191667716897], [-75.756871584016, 4.539125614378433], [-75.7567345280223, 4.53912536199326], [-75.75660335383355, 4.539166981857902], [-75.75643640509696, 4.5392204985857], [-75.75628150516879, 4.539202273314556], [-75.7562160858853, 4.539130391819319], [-75.75621032278296, 4.539022739816847], [-75.75640172806091, 4.538628406443376], [-75.75650358532442, 4.5383236082311225], [-75.75647411611526, 4.538144151205655], [-75.75637899037393, 4.538024375648103], [-75.75626587904246, 4.537964368692291], [-75.75606324191273, 4.537981936799328], [-75.75590229468374, 4.53801154222693], [-75.75578896613932, 4.538071135596468], [-75.75565166020289, 4.538208425965448], [-75.7555262169867, 4.538375637576129], [-75.75541268175573, 4.5385488532323155], [-75.75526947086439, 4.53865623125235], [-75.75509055982785, 4.538733648038362], [-75.75488198555162, 4.538739242610951], [-75.75466739825934, 4.538774729969385], [-75.75444078311217, 4.53886999665246], [-75.75411263690866, 4.5390906559624815], [-75.7538918073814, 4.539281613924821], [-75.75368300286887, 4.539412791588871], [-75.75348032227379, 4.539454281911167], [-75.75331946308506, 4.53943604530265], [-75.75318845343115, 4.539387964856839], [-75.75306944768185, 4.539292064033974], [-75.75283735435238, 4.5391241947236995], [-75.75267055670201, 4.539093991765407], [-75.75256329562478, 4.5390937929490764], [-75.7524023280496, 4.539135358711808], [-75.75233665929721, 4.539201015563284], [-75.75233637590595, 4.53935649900398], [-75.75231825934196, 4.53948802677228], [-75.75224054128277, 4.539625424889019], [-75.75215695226039, 4.539714973268716], [-75.75201977567752, 4.5397805008992504], [-75.75184097378053, 4.5397981136783905], [-75.75171585802644, 4.539785923617879], [-75.75158484822875, 4.539737843758298], [-75.75140039311938, 4.539588000362239], [-75.75121588385562, 4.539468059576956], [-75.75104915264895, 4.539401971727407], [-75.75091207460405, 4.5394136800708855], [-75.75078091277624, 4.53944932090688], [-75.75069732258095, 4.539538870122178], [-75.75067326902433, 4.539658423704523], [-75.75071472974064, 4.539796045015118], [-75.75085737377083, 4.539999625582342], [-75.75107148225491, 4.540227264428169], [-75.751160570897, 4.540388889435125], [-75.75117224878467, 4.540520474426715], [-75.75114812872181, 4.5406759098010765], [-75.75105846055976, 4.540831228406848], [-75.75089733859495, 4.540956511413964], [-75.75074235059012, 4.540986126003787], [-75.75055765594615, 4.540967846138942], [-75.75041476087712, 4.54090180202637], [-75.75026603760624, 4.5407639871245955], [-75.75012932118841, 4.540578352627956], [-75.74998657920821, 4.540428589194529], [-75.74984965386352, 4.540356578289333], [-75.74963520824812, 4.540314320879847], [-75.749480275331, 4.540314035106863], [-75.74934314172954, 4.540355643314185], [-75.74917024386187, 4.540403165409544], [-75.74900936262584, 4.540396890629709], [-75.74874141833212, 4.540282773623171], [-75.7486521982681, 4.540192908121873], [-75.7485571172663, 4.540049211766273], [-75.74840287377556, 4.539672184009188], [-75.74824861895151, 4.539301136134303], [-75.74815946506999, 4.539175392180917], [-75.7480761382063, 4.539121416394941], [-75.74798082755225, 4.539103301930386], [-75.74787356695725, 4.539103103315754], [-75.74773641187346, 4.539156671165696], [-75.74758726402942, 4.53925207764424], [-75.74752158388452, 4.5393237170561385], [-75.74749749583725, 4.539461211807306], [-75.74749112054967, 4.539688442642224], [-75.7474670218407, 4.539831920130599], [-75.74739525168448, 4.539975309050132], [-75.74724599398722, 4.540130514868692], [-75.74699560817484, 4.54018985428411], [-75.74678706591625, 4.540177509448534], [-75.74666797458617, 4.540129449105347], [-75.74656683678408, 4.540039561700291], [-75.74651951587859, 4.539848113262119], [-75.74652573799823, 4.539704604371221], [-75.74651997623907, 4.539596953228097], [-75.74647838415157, 4.539531093265143], [-75.74639511257986, 4.539447219828849], [-75.74631169823564, 4.539441086676444], [-75.7461924321083, 4.539488704735296], [-75.7460791347064, 4.539530356221674], [-75.7459301943642, 4.539512141151853], [-75.7457754039875, 4.539434115040069], [-75.74571015212321, 4.53927253156361], [-75.74569860661717, 4.539069191875905], [-75.74565730042393, 4.538847852007478], [-75.74557427999422, 4.538626436845384], [-75.74537809630462, 4.538374910785115], [-75.74516976255815, 4.538248947303952], [-75.74505659832293, 4.538218836377219], [-75.7449313732288, 4.538266447915674], [-75.74485373104244, 4.538361983982835], [-75.7448057092189, 4.538553256163473], [-75.74483522859998, 4.538702810745251], [-75.7448826918576, 4.538816521023799], [-75.74490031667305, 4.5389540949062885], [-75.74486436557737, 4.539061668193569], [-75.74477464108149, 4.539246885969181], [-75.74464925138285, 4.539384197147263], [-75.7444584008285, 4.539473541584388], [-75.74424387889513, 4.539473145162567], [-75.74402946688056, 4.539412948328148], [-75.7438329638787, 4.539334843600445], [-75.74369595287982, 4.539310671309855], [-75.7435826891099, 4.539334382358516], [-75.74337990874619, 4.539429686895479], [-75.74313536200782, 4.539554817110975], [-75.74298634443105, 4.53957846167004], [-75.74280760902404, 4.539560192958784], [-75.74265874620005, 4.539500115062964], [-75.7425159184031, 4.539398187604254], [-75.74232201287185, 4.539204079434883], [-75.74206979388089, 4.53896440684292], [-75.74196035160297, 4.538854172720598], [-75.7417507551133, 4.538767671765713], [-75.74165546477298, 4.538738792252113], [-75.74149336520117, 4.538748059133998], [-75.7413454953972, 4.538795624370328], [-75.74114520470387, 4.538833527097462], [-75.74097356981407, 4.538842777702699], [-75.74085448036095, 4.538794715118323], [-75.7406684471298, 4.538856564921621], [-75.74061595542194, 4.538885171106334], [-75.74054908331698, 4.538956805767725], [-75.74053459714519, 4.539057243652557], [-75.74054868708642, 4.53917208674224], [-75.74067710123944, 4.539334983421551], [-75.74078170469097, 4.539483481149203], [-75.74086715262841, 4.539679787785057], [-75.74090975790963, 4.53984252337099], [-75.74085240224895, 4.539923745967146], [-75.74074265157503, 4.539980947645442], [-75.74070615002746, 4.539978952088132], [-75.74065208517199, 4.539975996362633], [-75.7405854513959, 4.539918463769065], [-75.74049033738817, 4.539793906037759], [-75.74038577599181, 4.539621484439461], [-75.7402811097895, 4.539506474017324], [-75.7401382372293, 4.53942966481911], [-75.73997145708526, 4.539391082029361], [-75.73985226974007, 4.53939564559476], [-75.73975683036247, 4.539448096401772], [-75.73963747525032, 4.5395435522806755], [-75.73958484261853, 4.539648704076381], [-75.73952261374349, 4.5397873261964445], [-75.73952231510002, 4.53994998103658], [-75.73955072356654, 4.54005528404399], [-75.73955526209424, 4.5401796791315885], [-75.73954078390618, 4.540275330336825], [-75.73949275078375, 4.540471388938502], [-75.7393971256352, 4.540624299346072], [-75.7392253591378, 4.540705306886453], [-75.73901082783557, 4.540709693168701], [-75.73889649615391, 4.540666424322963], [-75.73879184774556, 4.540541844633049], [-75.73869689344936, 4.540331171835686], [-75.73862589717365, 4.540053566430084], [-75.73853569228443, 4.539852468840162], [-75.73844054257232, 4.539747045917911], [-75.73833096925266, 4.539708568120256], [-75.738183204636, 4.539698726144467], [-75.73806397396876, 4.539727212417175], [-75.73792074841556, 4.539841760229305], [-75.73780601008293, 4.540018555701869], [-75.73771520462212, 4.540142774375817], [-75.73756723778244, 4.540242961029614], [-75.73734310188178, 4.540285601146967], [-75.73714764899557, 4.540285239703233], [-75.73699996497535, 4.540232339230807], [-75.73678569128893, 4.540097988931822], [-75.73664773490178, 4.53993985984134], [-75.73654316686168, 4.539772223004151], [-75.73647689460525, 4.539518547065426], [-75.73643439721961, 4.539298401900606], [-75.73636316371123, 4.53914996435173], [-75.73623003782485, 4.5389583583326], [-75.73602066407582, 4.538752252905975], [-75.7357731350034, 4.538555647744016], [-75.7356301834334, 4.538521893797832], [-75.73545853965402, 4.53853592714535], [-75.73532973928751, 4.538583528386953], [-75.73523899534455, 4.5386742548434444], [-75.73521496498405, 4.538779459964792], [-75.73525294314632, 4.538865642651384], [-75.73536711620483, 4.538995022789669], [-75.7355147028096, 4.539100545790904], [-75.73558131025565, 4.539172430423185], [-75.73560498603719, 4.539258586871582], [-75.73557143128542, 4.539358988956264], [-75.73548066127184, 4.539464070377966], [-75.73529935869942, 4.539545061740127], [-75.73508482070247, 4.539554228000457], [-75.73488942975759, 4.539520379180954], [-75.73475617071726, 4.539400528246485], [-75.73468014503744, 4.539266435293305], [-75.73466171286648, 4.538921951884316], [-75.73464775619502, 4.538735347133335], [-75.7345907976111, 4.538601287560416], [-75.73449562410644, 4.538510214048291], [-75.73436700916356, 4.538457354279203], [-75.73421444294267, 4.538466635812859], [-75.73406652855964, 4.538538120142855], [-75.7339805353366, 4.538638423704844], [-75.73393258141542, 4.538791425265016], [-75.73393220030573, 4.538997139291758], [-75.73397468881987, 4.539222063717206], [-75.7340554563834, 4.5393705189672735], [-75.73419346365036, 4.539499944568955], [-75.73444103631057, 4.53967263000753], [-75.73454097815616, 4.539763714274734], [-75.73461222773601, 4.539902584065952], [-75.7346548498754, 4.540055751827859], [-75.73467357306521, 4.540242362878828], [-75.7346494374037, 4.540404975028447], [-75.7345920537348, 4.540500548869691], [-75.73447253895682, 4.540682117586955], [-75.73434358784138, 4.540811049853868], [-75.73418607482982, 4.540917198196177], [-75.73386991985976, 4.541096009092893], [-75.73338681511864, 4.541328329919487], [-75.73321988712199, 4.541369878792102], [-75.73309474964455, 4.541369648349861], [-75.73298756574006, 4.541327587990963], [-75.7329043412937, 4.541219790903143], [-75.73276770558803, 4.5409922970609315], [-75.73260715824077, 4.5408066149434845], [-75.73241668343772, 4.540692637771076], [-75.73227371401306, 4.540668450563017], [-75.73216638598133, 4.540704131208619], [-75.73208878718893, 4.540775746686943], [-75.7320468198743, 4.540913209245277], [-75.73204067336097, 4.541014858181551], [-75.7320941260469, 4.541110640095293], [-75.73217722963595, 4.541284215670685], [-75.73219482912252, 4.541433746951315], [-75.73216481325048, 4.541553291849785], [-75.73203939806172, 4.541702558176606], [-75.73186044172922, 4.54180388426892], [-75.73158018369206, 4.5419050213023295], [-75.73138928660168, 4.542018284930198], [-75.73133538040626, 4.542167685142711], [-75.73131710400115, 4.5423829315763165], [-75.73135850628583, 4.542550452094687], [-75.73149509634078, 4.542801865774908], [-75.73154244516363, 4.542975377193826], [-75.7315362870111, 4.543083003560837], [-75.7315063044407, 4.543184608243468], [-75.73142276800974, 4.543244253708883], [-75.73129171511562, 4.543220087388719], [-75.73102367371487, 4.54315978631725], [-75.73088664014756, 4.543147571962502], [-75.73080913025726, 4.5431713458256455], [-75.73074347084844, 4.543231025616296], [-75.73065375259782, 4.543410256776043], [-75.73064761689679, 4.543505928437055], [-75.73065935741118, 4.5436016272392274], [-75.73059964619281, 4.54366729800045], [-75.73046248988028, 4.543720860220684], [-75.73025389437774, 4.5437384097212785], [-75.73011690479153, 4.543702273056897], [-75.72971798942665, 4.543522127826355], [-75.72934310885395, 4.543234384693358], [-75.72920034979562, 4.543096578677263], [-75.72900421572278, 4.542821130444994], [-75.72894493762018, 4.5426535777563615], [-75.7289273828145, 4.542480124672297], [-75.72899327630859, 4.542294868124322], [-75.72914866375561, 4.5420499799514715], [-75.72928618483576, 4.5417990736545475], [-75.72929236601398, 4.54167948779524], [-75.72925081982017, 4.54158970824169], [-75.72909606643013, 4.541493738287675], [-75.72889356309963, 4.541439539300339], [-75.72874451220981, 4.541481120842058], [-75.72859532756209, 4.541594460988652], [-75.72855337125105, 4.541725943654995], [-75.728565043599, 4.541857526064598], [-75.72856475631664, 4.54201300533998], [-75.72850492198614, 4.542144453580653], [-75.72839747219818, 4.5422459133287445], [-75.7282484427604, 4.542275533756135], [-75.72812334977652, 4.54225138027738], [-75.72804010295278, 4.542155546102064], [-75.7280224707033, 4.542023950038435], [-75.72796321465438, 4.541844438670607], [-75.727778921821, 4.5416108748993], [-75.72759435241846, 4.541526809390758], [-75.72744533382728, 4.5415504485628935], [-75.72732604531848, 4.5416100255788745], [-75.7272543712731, 4.541699591222266], [-75.72723609442946, 4.541914840083268], [-75.72727100240668, 4.542369384439748], [-75.72735955113814, 4.542818050235211], [-75.72744834592528, 4.543135156990208], [-75.727537150818, 4.543446286285033], [-75.7275546277852, 4.543661600398648], [-75.72753643894502, 4.543829005595519], [-75.72741101225618, 4.5439842493200615], [-75.72724988713854, 4.544109527190015], [-75.72710686231378, 4.544115238942368], [-75.72691627608863, 4.544061064227254], [-75.72680927133872, 4.54392332285672], [-75.72673817559853, 4.543701928694109], [-75.72673872068495, 4.54340890822345], [-75.72679889984227, 4.543092079773826], [-75.72682330389843, 4.542787148054604], [-75.72679394265775, 4.542553869824691], [-75.72669919018121, 4.542236751872268], [-75.72660412485146, 4.542087073636746], [-75.72649702112744, 4.542003153094557], [-75.72639577513611, 4.541973062714847], [-75.72625867529962, 4.541996728934156], [-75.72613938471216, 4.54205630315057], [-75.7260439203631, 4.542121903787856], [-75.72594670007012, 4.542340410425128], [-75.72580720630349, 4.542505692946221], [-75.72572962955174, 4.5426400542686975], [-75.7256726448489, 4.542789969968749], [-75.7256465811469, 4.5429451213623615], [-75.72559980998895, 4.543146788757652], [-75.72546019042457, 4.543379325401221], [-75.72479403221926, 4.543998869045944], [-75.72442242487809, 4.544236141008446], [-75.72427283234194, 4.5442875924451975], [-75.72412342273786, 4.5442407518101025], [-75.72404632876301, 4.5441164487339085], [-75.72403631795123, 4.543956059237237], [-75.72408295437256, 4.543826814099129], [-75.72422274816543, 4.543501160004956], [-75.72425917109439, 4.543320165850932], [-75.72423872534272, 4.543227007112538], [-75.72415634087541, 4.5431751197171195], [-75.72401202796785, 4.54315932899512], [-75.72384699986728, 4.543195233414236], [-75.72375411274892, 4.543246791108309], [-75.72355776728533, 4.543489566058793], [-75.72326845836808, 4.543825286878398], [-75.72316002839779, 4.5439181999071785], [-75.72302588075455, 4.543980025994419], [-75.72287613394145, 4.54411424989015], [-75.722788313907, 4.544212377121546], [-75.7227778205849, 4.544310650412623], [-75.72279301581997, 4.5444555291841855], [-75.72277739608153, 4.544538272704452], [-75.72271011934792, 4.544677824970546], [-75.72258078898774, 4.544920725435198], [-75.72247755283871, 4.544992955659784], [-75.7223589579733, 4.5450082526602955], [-75.72226108020216, 4.544971857123772], [-75.7221993928665, 4.544878620903879], [-75.72215845180516, 4.5447181763237685], [-75.72217944037394, 4.544521627839969], [-75.72221587318244, 4.544335460610952], [-75.72221087175923, 4.544252680214624], [-75.72218519443719, 4.544200896411533], [-75.72209760634571, 4.544174865359967], [-75.7217985660091, 4.54420017109585], [-75.72164386627783, 4.5442257447918335], [-75.72154071741933, 4.544251415622175], [-75.721365183901, 4.544390765034102], [-75.72125685121692, 4.5444319485635], [-75.7210712893959, 4.544421251925798], [-75.72093220006883, 4.544369255656857], [-75.72071592966053, 4.544239516674495], [-75.72022690734603, 4.543860946953925], [-75.72001077270414, 4.5436587839975], [-75.71991303064294, 4.54354995984029], [-75.71985154801472, 4.5433480886570345], [-75.71983635439074, 4.543203210352351], [-75.71987264206508, 4.543094639375043], [-75.72000185691071, 4.542913816018422], [-75.72005872719828, 4.54282597703187], [-75.72005378359503, 4.542712155716758], [-75.7199973021931, 4.542593065097158], [-75.71990978206954, 4.542530821813391], [-75.71978609102156, 4.542515067958628], [-75.71961597544647, 4.542514746553399], [-75.71949213838775, 4.542576596361173], [-75.71936814582803, 4.542721211895745], [-75.71930071456607, 4.542943535299408], [-75.71924388368087, 4.543010680136118], [-75.71906334181001, 4.543072417667139], [-75.71876945658329, 4.543097729591884], [-75.7185786241813, 4.543149104182917], [-75.7184701743682, 4.543252365241185], [-75.71843386576764, 4.543371282007746], [-75.7184284500005, 4.543510948855189], [-75.71849522270668, 4.543640406175897], [-75.71864936032131, 4.543914879915711], [-75.71866436067917, 4.544163228254666], [-75.71861763639261, 4.544339030289083], [-75.71852970990516, 4.544494063358308], [-75.71842140507567, 4.544519722558694], [-75.71832865271134, 4.544498854383886], [-75.71822573706508, 4.544400369787177], [-75.71803551406549, 4.54412582782371], [-75.71793256928667, 4.544042859009899], [-75.71782433232626, 4.5440323080390925], [-75.71772628015158, 4.544089029570047], [-75.71761783098026, 4.544192290651435], [-75.71751434222419, 4.544399025765082], [-75.7174830051948, 4.544616242864482], [-75.71736926372289, 4.544791921874058], [-75.71716786772527, 4.544977775645346], [-75.7169975776773, 4.545070576439775], [-75.71668821675766, 4.545101030680165], [-75.71652846883991, 4.545069688829707], [-75.71638430276755, 4.544976297304153], [-75.71620926540206, 4.544851807091928], [-75.71605984573883, 4.544810139217608], [-75.71591035992431, 4.544804683213429], [-75.71579685192044, 4.544856202406967], [-75.71566769491388, 4.545005984069617], [-75.71551250031494, 4.545295393164646], [-75.71539359402811, 4.545476231078958], [-75.71518194627083, 4.545631027579418], [-75.71500647073456, 4.5457393345814685], [-75.71484661582198, 4.545764898568817], [-75.71475393198227, 4.5457078162036915], [-75.71469230454818, 4.545583540622175], [-75.71466689858406, 4.5453869093452575], [-75.71470851921013, 4.545185231261523], [-75.71487913007422, 4.54492171863647], [-75.71502916089601, 4.544637474763985], [-75.7150655371974, 4.544482344955021], [-75.71505534405145, 4.544420246933332], [-75.71500384194796, 4.544394282215815], [-75.71484403639721, 4.544393978923962], [-75.71453996674508, 4.544352017692317], [-75.71439570356294, 4.544310358841792], [-75.71430283567867, 4.544351570038981], [-75.71423564560853, 4.544444563844984], [-75.7142148511666, 4.544537640410761], [-75.71426097377294, 4.54468257917444], [-75.71443570019296, 4.5449726112606506], [-75.71445606755212, 4.54510715493725], [-75.71438889730915, 4.545189800313873], [-75.71419282091857, 4.545287723396981], [-75.71397119315264, 4.545266609158373], [-75.71378065207054, 4.545162784804769], [-75.71368281275257, 4.545105690901001], [-75.7135178805991, 4.5450898610706245], [-75.71338916055429, 4.545006843882361], [-75.71328626487514, 4.5448980097384615], [-75.71325557801964, 4.544768620677605], [-75.71323528937434, 4.5445926919412685], [-75.71326655022949, 4.544416860952463], [-75.71330820838033, 4.5441944894075545], [-75.71329818000648, 4.544044445912191], [-75.7132004288633, 4.5439407967692595], [-75.71306128157154, 4.543919840411296], [-75.7128395187203, 4.543971152282828], [-75.71264321963837, 4.54418805669224], [-75.71231762613189, 4.544627165694605], [-75.71222447501565, 4.544818400435456], [-75.71222925971223, 4.545014992369854], [-75.71233177687718, 4.545325584751276], [-75.71234181379722, 4.545470452768996], [-75.71226434327853, 4.545547904401818], [-75.71209392504213, 4.545707951145473], [-75.71199565798793, 4.545878484905601], [-75.7119592120163, 4.546069823412683], [-75.71202578012617, 4.5463079197857645], [-75.71212859758062, 4.546458138117056], [-75.71219531237973, 4.546618635662817], [-75.71218980601162, 4.546804861905418], [-75.71207567410879, 4.547187468354534], [-75.71193613741515, 4.547373440372312], [-75.71181741603532, 4.547455985372912], [-75.71169884026602, 4.5474609352045245], [-75.71159585619354, 4.547398658710462], [-75.71147758212011, 4.547243239823013], [-75.71134883314113, 4.547175741036234], [-75.71105506418236, 4.5471389708083185], [-75.71084882274467, 4.54715927209014], [-75.71073523691538, 4.5472521749754575], [-75.71060091310102, 4.547407119989159], [-75.7104564057017, 4.547494788400078], [-75.7103636448454, 4.547479092178201], [-75.71032266759464, 4.547339337031157], [-75.71029743933404, 4.547049587365596], [-75.71031335309355, 4.546811649104031], [-75.71033956681482, 4.546578903680398], [-75.71033476339605, 4.5463926581350815], [-75.71032503832127, 4.546082242705741], [-75.71026868439176, 4.545895900158038], [-75.71023814375019, 4.5456889117959], [-75.71023847532679, 4.545513024256483], [-75.71013045441114, 4.545388661206095], [-75.70999643277136, 4.54538323167989], [-75.70989846823478, 4.545393391103144], [-75.7098313057953, 4.5454708616783055], [-75.70977430769504, 4.545625953827033], [-75.70977396743186, 4.545807014327874], [-75.70981984514269, 4.54608128627154], [-75.7097831257038, 4.546417475225852], [-75.70969005236, 4.546567321548087], [-75.70955591390464, 4.546623973192735], [-75.7094115730737, 4.546623699354548], [-75.70921057607914, 4.546597452605759], [-75.70900427656323, 4.546648790707541], [-75.70885978967529, 4.5467261157258285], [-75.70877197790038, 4.546819066946518], [-75.70871490183379, 4.547015540622992], [-75.70869400819801, 4.54716035195431], [-75.7086934614052, 4.547450056243798], [-75.708764577447, 4.548008901076873], [-75.70870214031575, 4.548314000777439], [-75.70855729131294, 4.54858273695655], [-75.70841269608232, 4.548716963188129], [-75.70819088243655, 4.548794140125038], [-75.70801567905669, 4.548757594270788], [-75.70794362582318, 4.548695377928661], [-75.70788213694573, 4.548498677811982], [-75.7077436640132, 4.548120767642364], [-75.70768230238119, 4.547856818740048], [-75.70761585439179, 4.547556642684112], [-75.70760104373025, 4.547210005744892], [-75.70761185207081, 4.546946192034324], [-75.70759164214779, 4.546728879099707], [-75.70756627755085, 4.546511553906971], [-75.70754081526606, 4.546345959595738], [-75.7074894409973, 4.546252744637049], [-75.70729885195576, 4.5461747854212256], [-75.70713394912681, 4.546143431838132], [-75.70685543205816, 4.546220500314339], [-75.70663357011217, 4.546323540977158], [-75.70636499002443, 4.546597210890033], [-75.70612227436804, 4.546824372311064], [-75.70580240797963, 4.54695826631729], [-75.70534353232154, 4.546998778155858], [-75.70503934632426, 4.547018890957656], [-75.70480740893514, 4.546997755842146], [-75.7045498252534, 4.546909320365276], [-75.70436432211126, 4.546867582105107], [-75.7041117163062, 4.546872274009961], [-75.70391052439518, 4.546949486887414], [-75.70374519965713, 4.547140580956386], [-75.70367269681805, 4.547316334679223], [-75.70367763565513, 4.547430153107297], [-75.70375482426904, 4.547502725580604], [-75.70398140958176, 4.547627315298878], [-75.70438332577464, 4.547721201247985], [-75.70448634796296, 4.547762782013673], [-75.70449644262753, 4.547876615330833], [-75.7044497830592, 4.548016200949489], [-75.70429499499299, 4.548088332570328], [-75.70409377160736, 4.548181065366743], [-75.70408334427653, 4.548243124045567], [-75.70421708111331, 4.548398577276872], [-75.70437171336826, 4.5484092187018135], [-75.70459338940093, 4.548404468187561], [-75.70469130544127, 4.548420173803676], [-75.70476336806571, 4.548477218640835], [-75.70479402381707, 4.548622125821616], [-75.70477310003713, 4.5487824580977785], [-75.70476256544639, 4.548901420682765], [-75.70479327924336, 4.549015290335162], [-75.70479804182935, 4.549222229333175], [-75.7047050259174, 4.549341035597719], [-75.70456062599857, 4.5493718013416355], [-75.70440090808812, 4.54932493556094], [-75.70422071661514, 4.549200434090523], [-75.70409190999823, 4.5491639758608065], [-75.70399386558611, 4.549215520933133], [-75.70395758479947, 4.549318917067406], [-75.70397281525847, 4.549443103107253], [-75.70410142624657, 4.549583026114434], [-75.70417343013729, 4.549671107598799], [-75.70418867880754, 4.549784949575314], [-75.70414206773239, 4.549898670665508], [-75.70395631000751, 4.549991434173164], [-75.70380162888394, 4.550006660187357], [-75.70349769768754, 4.54989226801122], [-75.70330736286094, 4.54967980293697], [-75.70310157430751, 4.549462134337438], [-75.70295782067973, 4.549151466703079], [-75.70294773744561, 4.549032463012712], [-75.70295835124399, 4.548872114140276], [-75.70292766627726, 4.5487427218366685], [-75.70287106880993, 4.54868570813874], [-75.70278858829035, 4.5486855506455335], [-75.70271624126191, 4.548778530407609], [-75.70267454876404, 4.549016418593792], [-75.70266391497161, 4.549187116071391], [-75.70253463656839, 4.549398971691381], [-75.70220387122784, 4.549843237252066], [-75.70194586284629, 4.549977248186525], [-75.70165697518759, 4.550085335225081], [-75.70137310419524, 4.550265852846419], [-75.70113043397879, 4.5504671468428715], [-75.7009239963088, 4.550590908333865], [-75.70074862607028, 4.550642304287492], [-75.70052179476332, 4.550647045369146], [-75.70028977911097, 4.5506672929137535], [-75.70013500012473, 4.5507342503729316], [-75.69999021639411, 4.550966764660436], [-75.69991229037629, 4.551282184009975], [-75.6999428762727, 4.5514633042884745], [-75.69992710640051, 4.551623644864272], [-75.69983924402385, 4.551742460722164], [-75.69962251517488, 4.551855855354664], [-75.69918414900138, 4.551953307766308], [-75.69889530915412, 4.552035525159803], [-75.69872519290884, 4.552035198316044], [-75.69865828469291, 4.551978167807417], [-75.69865326800151, 4.5519057297566325], [-75.6987309982846, 4.551693779031482], [-75.69882429014865, 4.5514301221906655], [-75.69883486644451, 4.551290467310625], [-75.6987836703229, 4.5511041310314155], [-75.6986807369113, 4.551015989408796], [-75.69855185141678, 4.551020914684793], [-75.69844344776922, 4.551098304948205], [-75.69831406857858, 4.551361892020432], [-75.69828792964663, 4.551553253101365], [-75.69826154393377, 4.55187393968295], [-75.6981786491605, 4.552091055623479], [-75.69799257484931, 4.552349359954492], [-75.69781704726655, 4.552483527269955], [-75.69769330577111, 4.552493635988472], [-75.69747170809835, 4.5524569997246385], [-75.69717298212447, 4.552316747900756], [-75.69694628786503, 4.552249061413303], [-75.69665263762789, 4.552150207908515], [-75.69642600343, 4.552051479846262], [-75.69617375095324, 4.5518699364052715], [-75.69598838664504, 4.551755766007023], [-75.69584412509856, 4.551714103665337], [-75.69569969463566, 4.551760387003374], [-75.69551370876846, 4.551972131823488], [-75.69518783581634, 4.552550903051879], [-75.6950014935663, 4.552948881778826], [-75.69486206089823, 4.553077944819027], [-75.69464020578998, 4.55317580925047], [-75.69440818898475, 4.553196056373916], [-75.69418147589916, 4.55313871404398], [-75.69404764202262, 4.553034992362282], [-75.69396547756075, 4.552869293826845], [-75.69396585397195, 4.552672712094703], [-75.69403834038009, 4.552507307195584], [-75.69409012822592, 4.552383250304801], [-75.69403365000292, 4.5522641591801785], [-75.69393067730317, 4.552196706686393], [-75.69379151107631, 4.552186093131215], [-75.6935182941897, 4.55218557012732], [-75.69326052341162, 4.552195418182058], [-75.69313688085902, 4.5521537937189125], [-75.69310091393896, 4.5520916471604735], [-75.69310115203581, 4.551967489567921], [-75.6931942292339, 4.5518176465729745], [-75.69326160032423, 4.551631541107198], [-75.69327224571869, 4.551455674894012], [-75.69320030331646, 4.551336552007853], [-75.69308705085392, 4.551253562022523], [-75.69285013688183, 4.551139294218809], [-75.69257193380852, 4.551050814150299], [-75.69241221738024, 4.551003949069233], [-75.69223694565974, 4.551003610010954], [-75.69204095601371, 4.551054963936877], [-75.69167450441786, 4.551287054159218], [-75.6914472668363, 4.551503889975633], [-75.69125603608875, 4.551762181553627], [-75.69113709424468, 4.551958534076159], [-75.69099778020755, 4.552025517308154], [-75.6908534292047, 4.552030414249582], [-75.69076591235861, 4.551968164790169], [-75.69067853355104, 4.551833492696543], [-75.6905502430096, 4.551528027900878], [-75.69042692824837, 4.55131568811844], [-75.69031370557018, 4.551217177657366], [-75.69019005529555, 4.5511807290755755], [-75.69009726399415, 4.5511805519119415], [-75.69000949026638, 4.551252804319486], [-75.68991113934165, 4.5514647161110116], [-75.68972475486501, 4.551883385158237], [-75.6895904956894, 4.5520021103835155], [-75.68942037125804, 4.552006957012995], [-75.68925552926191, 4.551944558113801], [-75.68917327572997, 4.551825416080103], [-75.689132303839, 4.551685662861482], [-75.68905040819908, 4.5513802842288085], [-75.68896815570355, 4.551261141204465], [-75.68881365421352, 4.5511832451266905], [-75.68870027414313, 4.551167506590832], [-75.68856097895386, 4.551224144323983], [-75.68841122616753, 4.551358359375753], [-75.6883183559331, 4.55139956410131], [-75.68818437479955, 4.551373438191921], [-75.68802994332623, 4.551259330068304], [-75.68796326491612, 4.551083311987227], [-75.68797905691606, 4.550912626835515], [-75.68806713923709, 4.5506800046349465], [-75.68807268117101, 4.550478263138772], [-75.68800085772693, 4.550297058754174], [-75.68786696616321, 4.5502243766369075], [-75.68772777083643, 4.550229279696791], [-75.68743371673064, 4.550342522034453], [-75.68722219331876, 4.550430059413422], [-75.68708288921039, 4.550491867123522], [-75.68690767826249, 4.550460488708916], [-75.68682534729122, 4.550382731842582], [-75.68666571044878, 4.550294479391795], [-75.68650592455761, 4.55028382455404], [-75.68630998465608, 4.550309313855103], [-75.68617581594097, 4.5503814788984505], [-75.68602593266418, 4.5505829417036034], [-75.68588139364024, 4.55068612720053], [-75.685587488687, 4.550721768617606], [-75.68529884818128, 4.55070051839165], [-75.68505665211995, 4.55065349105407], [-75.68490732576514, 4.550565258384355], [-75.68479389637658, 4.5505753850479325], [-75.68456189056724, 4.550590455644291], [-75.6842577256508, 4.5506002121277245], [-75.683989755268, 4.550553134124526], [-75.68375272359798, 4.550500945661173], [-75.68356722373899, 4.550459199132372], [-75.68348485337266, 4.550402136421439], [-75.68338202179623, 4.550262261327531], [-75.68327922980669, 4.5501016914400925], [-75.68315053535113, 4.550008326686298], [-75.68303200023793, 4.549992578279103], [-75.68289276481491, 4.550018174252135], [-75.68279469955807, 4.550080058892355], [-75.6826760263868, 4.550136737132358], [-75.68253168616208, 4.550136453766883], [-75.68240296000319, 4.550058606972396], [-75.68222312259208, 4.549753039573513], [-75.68213572684039, 4.549628714070012], [-75.6820120571314, 4.549602612416052], [-75.68184702803181, 4.5496385011374105], [-75.68164573361658, 4.549767439806982], [-75.68152182531239, 4.549865489606483], [-75.68140321966571, 4.549885952934089], [-75.6813311300783, 4.549844427407771], [-75.68124891918387, 4.549704593269763], [-75.68107451629183, 4.549254188577398], [-75.68096654100448, 4.549109128213819], [-75.68085841601346, 4.549041666743427], [-75.68073465555597, 4.549062119270056], [-75.68050246172933, 4.5491754793595005], [-75.68028551385056, 4.549402681425103], [-75.679965426383, 4.5496503694250325], [-75.67958872334266, 4.549851391411288], [-75.67937198382128, 4.549969953585527], [-75.67925833442068, 4.55009388778649], [-75.67921172027508, 4.550207607781744], [-75.67917523512645, 4.550414466263787], [-75.67920550591614, 4.550755955307868], [-75.67915352715067, 4.550978299198382], [-75.67904487299612, 4.5511850143698815], [-75.67893131334594, 4.551262393207113], [-75.67875086808706, 4.551272387214543], [-75.67853461816834, 4.551137466432162], [-75.67830310296704, 4.550899049389161], [-75.67812291788857, 4.550774540725547], [-75.67798375308723, 4.550763925604009], [-75.67777750344001, 4.55078938793692], [-75.67761747911607, 4.5509028866440415], [-75.6774934188545, 4.551078532619162], [-75.6771374242755, 4.551233034851599], [-75.6766680096939, 4.551392491287034], [-75.67639994956504, 4.5513919685888915], [-75.67598762060874, 4.551354951764352], [-75.67560108630981, 4.55130764003531], [-75.67528672214266, 4.551260469070307], [-75.67505479815495, 4.551234151558999], [-75.67488983817975, 4.55123382958657], [-75.67473503767877, 4.551311124592364], [-75.67442526771288, 4.5515536617978745], [-75.67418776682067, 4.5517446059697795], [-75.67398133665593, 4.551863185062578], [-75.67378017184464, 4.551924869429053], [-75.67351727821583, 4.551919183369899], [-75.67330589281606, 4.551934290647368], [-75.67314599800872, 4.551980538317684], [-75.673011807763, 4.5520630461516856], [-75.67287227235106, 4.552243835866937], [-75.67262933521732, 4.552579615687152], [-75.67242796902862, 4.552744764603011], [-75.67220100871593, 4.552816743336411], [-75.6717314726229, 4.553038270870019], [-75.67154550082867, 4.553239662258078], [-75.67114784344281, 4.553611353333649], [-75.67083817086773, 4.553802152407056], [-75.67062146036358, 4.553905191558982], [-75.67045621931715, 4.554049715630029], [-75.6703169131529, 4.55411152133233], [-75.67000762275983, 4.554105745583646], [-75.66986852916683, 4.554058913199693], [-75.66968831487243, 4.553949923040751], [-75.66960015732697, 4.554218757259144], [-75.66955827273101, 4.554549753603169], [-75.66945906017968, 4.555201377207829], [-75.66944335441173, 4.555325503338284], [-75.66931945334493, 4.555418378580402], [-75.6691235318745, 4.555433514598076], [-75.66890714303388, 4.555371009965707], [-75.66875252311775, 4.555355190183028], [-75.66856687155492, 4.55539103608251], [-75.66841711488892, 4.555525246023211], [-75.66833944762998, 4.555700979285214], [-75.66830785314303, 4.556042345252278], [-75.66823505808227, 4.556362938007211], [-75.66808992173107, 4.556771331646405], [-75.66794480482194, 4.557169380105592], [-75.66789287241892, 4.557365860086354], [-75.66788220892133, 4.5575468981606955], [-75.66785627285621, 4.557629620290676], [-75.66774271124686, 4.557706994123416], [-75.66771671400183, 4.557820751100911], [-75.66759778559559, 4.55800674976019], [-75.66728287617515, 4.558238925582609], [-75.66690100059182, 4.55844510163984], [-75.66660690202512, 4.558579024379229], [-75.6663333629156, 4.5587440273893085], [-75.66614230421509, 4.558909195931118], [-75.66593556762624, 4.5591829644439725], [-75.66578571931711, 4.5593637287060815], [-75.665625336598, 4.559658285794475], [-75.66559409365769, 4.559818590901322], [-75.6655679746683, 4.559994425956698], [-75.665505852341, 4.560128804248929], [-75.66532494083297, 4.560376759113054], [-75.66524719121281, 4.560593879263994], [-75.66515353060315, 4.561038584976368], [-75.66516314383698, 4.561395553799279], [-75.66514211962583, 4.561602435412735], [-75.66500756303833, 4.561871177146121], [-75.66479061576175, 4.56209319292074], [-75.66462542236496, 4.562211849251726], [-75.6644394758677, 4.562397718424283], [-75.66430477800387, 4.562738878990582], [-75.66404047419093, 4.5634522522090215], [-75.66387477334094, 4.563829564988242], [-75.6638177543089, 4.56398982144964], [-75.66379676902584, 4.564176012728695], [-75.66379644463595, 4.564341550752712], [-75.66373952663993, 4.564450077227891], [-75.66358462228784, 4.564579100370972], [-75.66350186791912, 4.564718610200735], [-75.66347583927663, 4.564847886825534], [-75.66352703511917, 4.565029048255402], [-75.66370641940446, 4.565562236006236], [-75.66376786529943, 4.565774455441552], [-75.66377797164529, 4.5658779404316014], [-75.66375702821894, 4.566043437560877], [-75.66374648521396, 4.566162399125075], [-75.66377716217636, 4.566291787737269], [-75.66383371621835, 4.566369496979707], [-75.6639110321067, 4.566374822008747], [-75.66405031031141, 4.56632853784414], [-75.6641998675806, 4.566297796985587], [-75.66429780359228, 4.566303161037922], [-75.66439561924095, 4.566370603944829], [-75.66444178181602, 4.566489677375018], [-75.66443105665101, 4.566701755384143], [-75.66431711823333, 4.566970534005481], [-75.6642394881287, 4.56712557844593], [-75.6642443998019, 4.567249742352061], [-75.66415111340167, 4.567503040800761], [-75.66394935493766, 4.567864762877907], [-75.66380450639394, 4.568123135072965], [-75.66378368263476, 4.5682265569511555], [-75.6637779710407, 4.568511069912252], [-75.6637312614209, 4.568671343386181], [-75.66360199915968, 4.5688676669451915], [-75.66342129680734, 4.569006985295271], [-75.66320975604489, 4.569099687231736], [-75.66264739444063, 4.569331365367746], [-75.6624305557578, 4.569496478970419], [-75.66222919279704, 4.569656446954869], [-75.66187291273357, 4.56995061255204], [-75.66169223090574, 4.570079582804841], [-75.66152701424242, 4.570208585067349], [-75.6614956161824, 4.570446489080307], [-75.6614436190801, 4.570674005117156], [-75.66147937880349, 4.570839616323059], [-75.66155131713158, 4.570958737965311], [-75.66171079987939, 4.571124596127345], [-75.66212718581458, 4.571725501430047], [-75.66213712091401, 4.5719169282696175], [-75.66205434400132, 4.572066784766414], [-75.66191973309671, 4.572361386839992], [-75.66170252736016, 4.5727127333255275], [-75.6613921227085, 4.5732708147030365], [-75.66122164871756, 4.573451540409887], [-75.66104094490946, 4.573590856371909], [-75.66087589039489, 4.57363708665454], [-75.66071103757265, 4.573579855752103], [-75.66055121862962, 4.573584712708823], [-75.66040672338332, 4.5736620232862375], [-75.66027231438309, 4.573853165311288], [-75.66019991889378, 4.573966830629483], [-75.66022547141716, 4.574080687758354], [-75.66027152139156, 4.574256665712158], [-75.66026596893396, 4.574458407058814], [-75.66017297333049, 4.574561686255468], [-75.66000787684942, 4.5746286098316835], [-75.65973966822078, 4.574700502206472], [-75.6596002463209, 4.574819208330714], [-75.65953298544743, 4.574943232388668], [-75.65949130630413, 4.575165593426181], [-75.65945343895159, 4.576070818175735], [-75.65937567398466, 4.576293104616899], [-75.65917935066973, 4.5765099880940765], [-75.65890063800423, 4.57668015109605], [-75.65877162682327, 4.576747145768114], [-75.65865303919512, 4.576757255720189], [-75.65843144878569, 4.576715432944066], [-75.6582357580332, 4.576611580638399], [-75.65805534942785, 4.576600875412549], [-75.65785414574945, 4.576678072218014], [-75.65765797491757, 4.5768173570556065], [-75.65762688109471, 4.576900065585675], [-75.65756448974552, 4.577168944978418], [-75.65752303424897, 4.577277497758356], [-75.65741462385144, 4.577354882142333], [-75.65733193687929, 4.5774581800538], [-75.65719270801235, 4.577478595196346], [-75.65693495142256, 4.5774780840717755], [-75.6566823596616, 4.577472407700786], [-75.65650696220644, 4.577534135661326], [-75.65635190971258, 4.577735582396017], [-75.65624331558975, 4.577906079288632], [-75.65619663292905, 4.5780508342109325], [-75.65609841994866, 4.57818513791839], [-75.65580922228277, 4.5784432186340185], [-75.65554063442497, 4.578706517007714], [-75.65539593166132, 4.5788872863673005], [-75.65531826823245, 4.579057847426391], [-75.65507592475538, 4.5790832282099965], [-75.65472024020261, 4.579072177338039], [-75.65443176702442, 4.578962965816041], [-75.65416908038932, 4.57884863263483], [-75.65396817333882, 4.578775811757482], [-75.65379800207127, 4.578801338138272], [-75.65359156083257, 4.578919906919892], [-75.65329758539252, 4.578986573372287], [-75.65312236178264, 4.578960359398612], [-75.65280285625438, 4.578902818742503], [-75.65254012780264, 4.578809177349426], [-75.6523341889708, 4.578674265741754], [-75.65210740378441, 4.578653121167794], [-75.65189599168671, 4.57867856599016], [-75.65153479487252, 4.5788485580955385], [-75.65114767786326, 4.579090925085625], [-75.65096708364246, 4.579173332240824], [-75.65081753432385, 4.57919889905768], [-75.65060101910932, 4.579198468981435], [-75.65031218797994, 4.579270313768978], [-75.65006965028334, 4.579393987309531], [-75.6498735091997, 4.579517748238126], [-75.6497185161822, 4.579688153244168], [-75.64961519782857, 4.579796578614842], [-75.64951206363119, 4.579811892721819], [-75.64929570285311, 4.579733864191108], [-75.64900215831906, 4.57958325872662], [-75.64877547560984, 4.579510384386752], [-75.64862088285635, 4.579479032706927], [-75.64838874841111, 4.579556168945717], [-75.64820806165376, 4.579685132238057], [-75.64805326396964, 4.57975724626681], [-75.6477954147109, 4.579803288906152], [-75.64750159298212, 4.579792355210982], [-75.64727461331779, 4.579869497428459], [-75.64699607167654, 4.579951709912621], [-75.64679500069008, 4.579961653727888], [-75.64660941580132, 4.579961281577619], [-75.64635616671988, 4.58028668169965], [-75.64601003168292, 4.58065845423079], [-75.64573084194257, 4.5810665659427485], [-75.64553421583068, 4.581433463364693], [-75.64544616681124, 4.581640210116835], [-75.645373840258, 4.581717662657386], [-75.64526040740286, 4.581727779895285], [-75.6451006702302, 4.581691250055625], [-75.64495139692059, 4.58157714323383], [-75.64477107005516, 4.581525048993991], [-75.64449279561909, 4.581472760412179], [-75.6436360887251, 4.581315276914518], [-75.64323780660935, 4.581926583419625], [-75.64299501239594, 4.582480454422113], [-75.64278637479032, 4.583219180896544], [-75.64271645630708, 4.5836521318280035], [-75.64261690120559, 4.584518117932127], [-75.64261427431379, 4.585834713372663], [-75.64266269890844, 4.587520987370904], [-75.64259856939456, 4.587936623865597], [-75.64241937772168, 4.588516877377708], [-75.64146560061369, 4.588466622221915], [-75.64150889361115, 4.58827296442583], [-75.64152372628352, 4.58800749431088], [-75.64149575439406, 4.587691704324022], [-75.64146050068281, 4.587440480820209], [-75.64138212832846, 4.5872968089636315], [-75.64119712270306, 4.586837187972633], [-75.64096945560418, 4.586255494873866], [-75.64077741513037, 4.585738456041452], [-75.64063492796652, 4.585472665632723], [-75.64047818170314, 4.585185320363125], [-75.64020745319087, 4.584682476832422], [-75.63999367325374, 4.584308904833702], [-75.63975100261922, 4.584078793262522], [-75.63958710723975, 4.58379143315952], [-75.63953035898751, 4.583561696248138], [-75.63955237078406, 4.583281885830191], [-75.63963864111678, 4.583052435685319], [-75.63992547665778, 4.582651171217051], [-75.6401692079642, 4.582350280800141], [-75.64047756840667, 4.581913181385728], [-75.6407143046101, 4.581533341876844], [-75.64091515860812, 4.581218013734389], [-75.64096578699137, 4.580931087581899], [-75.64085898317256, 4.5807012457125635], [-75.64080941463948, 4.580457173563243], [-75.64082433158696, 4.580148645321094], [-75.64087491755019, 4.579883242786799], [-75.64082570713225, 4.579459778047556], [-75.64077615222992, 4.579208525576914], [-75.64079082607482, 4.579021984890738], [-75.6409274930696, 4.578620419029438], [-75.64108536906635, 4.578340882641159], [-75.64125753240856, 4.578068551450359], [-75.64136525214265, 4.577839142734235], [-75.64140900101201, 4.5774158617277845], [-75.64135262355914, 4.576999553137903], [-75.64132439270611, 4.57681292693473], [-75.64138907877619, 4.576648015235851], [-75.64156116992064, 4.576411560224363], [-75.64182633505973, 4.576117886655387], [-75.64208433498771, 4.575831374576459], [-75.64215622944857, 4.575637776104001], [-75.6422141208888, 4.57529345515021], [-75.64212922698898, 4.57483403530005], [-75.64200816425277, 4.574582641139694], [-75.64182986697112, 4.5743454841577345], [-75.64175146544098, 4.574216163895535], [-75.64175172337434, 4.574087000684214], [-75.6417806262185, 4.573936371012396], [-75.64180952904482, 4.573785735017378], [-75.6417455012375, 4.573620563702073], [-75.64163153197653, 4.57339788740304], [-75.64158562492587, 4.573177214570391], [-75.64119742595638, 4.573034677257057], [-75.64078288144934, 4.572821206875642], [-75.64028922675132, 4.572430376084554], [-75.63983095959733, 4.572004175753649], [-75.63962721873175, 4.5723404461934525], [-75.63946758878194, 4.572694528039165], [-75.63918394259632, 4.573252135813728], [-75.63908659324748, 4.573367119754693], [-75.63889199887956, 4.573543927252661], [-75.63851193889901, 4.573746942753052], [-75.63803461814457, 4.574020642657358], [-75.6376721106284, 4.574276853685454], [-75.63725784978925, 4.573921621616486], [-75.6368489023145, 4.573568648682143], [-75.6366345706153, 4.573472540645628], [-75.63604498130113, 4.573297942831184], [-75.63569366668668, 4.57316567839192], [-75.63528287042958, 4.572979480806306], [-75.6347769472489, 4.572685450303381], [-75.6343722064385, 4.572451424295486], [-75.63397316125513, 4.572348964769317], [-75.63362784212035, 4.572198774960441], [-75.63317531144642, 4.572024446045609], [-75.63278832824953, 4.571850251727219], [-75.63250861780857, 4.571670295029947], [-75.63232428631919, 4.57147259279393], [-75.63232487412263, 4.571179584294168], [-75.63233742569645, 4.570862681095988], [-75.63234400790375, 4.570551748737997], [-75.63238024092145, 4.570312629274523], [-75.63248196189086, 4.5701035442176074], [-75.6327029197982, 4.569864799843307], [-75.63303720612315, 4.5695724631815375], [-75.63350853372499, 4.569286384274081], [-75.63392005663961, 4.569107820261183], [-75.63426594903383, 4.568970982368301], [-75.63453444731755, 4.568798109246306], [-75.63480904576083, 4.568553490795752], [-75.63513777758075, 4.568057834020163], [-75.63537695798047, 4.567645712362471], [-75.63567018671856, 4.5670244029348295], [-75.63598720169392, 4.566427062046768], [-75.63620224725972, 4.566164384120686], [-75.63651870087679, 4.565848092599983], [-75.63670367710624, 4.565722888177957], [-75.6368586550296, 4.565699280185507], [-75.6371148756895, 4.5657057772255305], [-75.63747815280544, 4.565814140158782], [-75.63774602935922, 4.565952213142318], [-75.63802003084473, 4.566006582437797], [-75.63830005117029, 4.5660310648931475], [-75.63875901673082, 4.5659662060829165], [-75.63899166425915, 4.565841099699696], [-75.63908140436352, 4.565661884017167], [-75.63908776755308, 4.565458584111118], [-75.63900495058655, 4.565153447660599], [-75.63861907691069, 4.564423141974746], [-75.63857775794618, 4.564225726756472], [-75.63858415684327, 4.564004486034348], [-75.63863209034528, 4.56387302695566], [-75.6388411507394, 4.56362229608087], [-75.63906190316372, 4.56348520507575], [-75.63936009717769, 4.563360224892295], [-75.63969399582258, 4.563259237728747], [-75.64004567694597, 4.563206126618177], [-75.64042112225569, 4.563188937412109], [-75.64059401244347, 4.563147426430911], [-75.64076706944871, 4.5630221969330576], [-75.64100587557634, 4.562795442074389], [-75.64114315614724, 4.562682100974738], [-75.64122709137449, 4.562425137927643], [-75.64120383822181, 4.562132081816658], [-75.64118638935993, 4.561916774222516], [-75.64122825589129, 4.561839119588707], [-75.64132992518819, 4.561653950322094], [-75.64158114714276, 4.56117606968445], [-75.64171891391433, 4.5608175575796785], [-75.64191674378522, 4.560219973706798], [-75.64204889528318, 4.559688037401377], [-75.64204350628778, 4.559400998330723], [-75.64195457441787, 4.559173586157798], [-75.64183613275733, 4.558802603444927], [-75.64177129843935, 4.558443685405597], [-75.64169441516223, 4.55815052200669], [-75.64152825587219, 4.5578033626550045], [-75.64146314790698, 4.557581979565605], [-75.64143952624619, 4.557474295572115], [-75.64151173278532, 4.55712163301288], [-75.64162594735565, 4.556619559554192], [-75.64175187671424, 4.5562191629375155], [-75.64187812811916, 4.555657316387469], [-75.64206383530602, 4.555161364819083], [-75.64235709838309, 4.554516132132403], [-75.64257834403244, 4.554127885990682], [-75.6427873050339, 4.553924988825834], [-75.6431934633158, 4.553441437252454], [-75.64351592490289, 4.553095251058142], [-75.64373109255438, 4.552766791639798], [-75.64426229002461, 4.552331325705773], [-75.64468003310569, 4.5520152293929605], [-75.64504982113704, 4.551842549761826], [-75.64571212166685, 4.5514013648532154], [-75.64607618713703, 4.55110908040079], [-75.64627936518046, 4.5508164722103395], [-75.64652456088425, 4.5503684731111225], [-75.6468179113014, 4.5496754006218865], [-75.64703901057587, 4.549358907871357], [-75.64729550964611, 4.549221882344042], [-75.6476353494458, 4.549126880683714], [-75.64796317557838, 4.5490796935958615], [-75.6484281613993, 4.548978960212762], [-75.64908997543267, 4.548782941897857], [-75.64933456784459, 4.548639910663017], [-75.64951986728198, 4.548347266381576], [-75.6496993598086, 4.5479768759368655], [-75.64984271160134, 4.547803745739627], [-75.65009948096876, 4.547529182024422], [-75.65036239665139, 4.547158953698427], [-75.6506436237066, 4.5465675088667945], [-75.6507874807053, 4.546137246578241], [-75.65083569191684, 4.545862274012294], [-75.65083638563245, 4.545509464819106], [-75.65086675567704, 4.545216513566204], [-75.65095717207856, 4.544690467233494], [-75.65114273980119, 4.5442602912058705], [-75.65125052589514, 4.5439914089570905], [-75.65140572422598, 4.543854179643051], [-75.65168023795763, 4.5436454318875406], [-75.6519190567795, 4.543406709919746], [-75.65205659023027, 4.543161810899754], [-75.65206902368304, 4.542898723302976], [-75.65218278034064, 4.542623874964052], [-75.6523860348098, 4.542289406249459], [-75.65256505519753, 4.542158207170207], [-75.65275594573595, 4.542050946705536], [-75.65350738015002, 4.541729519418194], [-75.65385335031168, 4.541544828010911], [-75.65422324770589, 4.54131234507549], [-75.65452771775944, 4.541019935368576], [-75.65482022293726, 4.540751419143144], [-75.65521404868508, 4.54047114738751], [-75.65551836631028, 4.540256472944526], [-75.65579275991617, 4.540107515308638], [-75.65605504868866, 4.540054213976593], [-75.65637722973285, 4.53984555526714], [-75.65680672567161, 4.539607208229517], [-75.6572960305509, 4.539255361666705], [-75.6575168779808, 4.539064440821835], [-75.65767824277223, 4.53881958462513], [-75.65803645514869, 4.538467479978633], [-75.6582155198063, 4.538312357002792], [-75.65840666686319, 4.538073538745908], [-75.6586511959932, 4.537960403441404], [-75.65892567044153, 4.537769587741779], [-75.65928982862744, 4.537423473247743], [-75.65950487927529, 4.537148822777377], [-75.659708164296, 4.536796411678259], [-75.65976236324245, 4.536503508234766], [-75.65974516400534, 4.536156641199954], [-75.65966845892765, 4.535767801609074], [-75.6595498680153, 4.535468578368299], [-75.6594550193572, 4.535217235560354], [-75.65944956217638, 4.534960091816041], [-75.65959918174853, 4.534625516306643], [-75.65974263406378, 4.534398564781615], [-75.66011883538505, 4.533986691838409], [-75.66050113476417, 4.533503074124085], [-75.66075214537535, 4.5331208586977585], [-75.6610152821866, 4.532631024658392], [-75.6611763060529, 4.53255958484001], [-75.6613311266398, 4.5326137056215225], [-75.66144406237193, 4.532757446265608], [-75.66165787631411, 4.5331166561854435], [-75.66190203077815, 4.533194869780136], [-75.66214637181078, 4.533177409815096], [-75.66225977320612, 4.533081955292452], [-75.66236739037313, 4.532896789072068], [-75.66237993632186, 4.53257390369214], [-75.66238661634038, 4.532203164250017], [-75.66246459025744, 4.531940205893784], [-75.66267963692003, 4.531665551589724], [-75.6629482305673, 4.53143286364503], [-75.66312135799016, 4.5312657660042905], [-75.66339019504994, 4.530907500743947], [-75.66354582991478, 4.5305430352623075], [-75.66370131244504, 4.530256307302442], [-75.66394611668909, 4.5299996527576525], [-75.66416105858822, 4.529778818905541], [-75.66431643699303, 4.529545905854109], [-75.66438236518216, 4.5293487005646265], [-75.66440662886951, 4.5291274959666366], [-75.66441907969183, 4.528852443672688], [-75.66446722525625, 4.528607364189965], [-75.66467024915461, 4.528386505750868], [-75.66477787604843, 4.528195363116902], [-75.66480792383774, 4.528063862895045], [-75.66493361317734, 4.5277770760545275], [-75.66508899028759, 4.527544164131603], [-75.66523824618007, 4.52739495854858], [-75.6654111743266, 4.527329517560842], [-75.66570315913675, 4.527324109345278], [-75.66594158572268, 4.527282716155097], [-75.66619773862459, 4.527319093712515], [-75.66653730021194, 4.527361615735041], [-75.66674589982647, 4.527338106210533], [-75.66703810491866, 4.527219075903857], [-75.66735438838309, 4.526974520778118], [-75.66767067068423, 4.526729961121234], [-75.66798085561643, 4.526557148585468], [-75.66836233725962, 4.526492113593369], [-75.66879741013952, 4.526445125449219], [-75.66904188796076, 4.526355900619408], [-75.66923870888748, 4.526260605550093], [-75.66947741256377, 4.526075698111714], [-75.66958477179486, 4.526022086878939], [-75.66993643644776, 4.525968950345514], [-75.67019279707128, 4.525897692101786], [-75.67053272817898, 4.525748856031996], [-75.6707475743239, 4.525575859872063], [-75.67108792078398, 4.525211748447398], [-75.67142835989917, 4.524799798428572], [-75.67151212671999, 4.524620563032284], [-75.67150656140375, 4.524417239006753], [-75.6714182433718, 4.523866919084928], [-75.67138918814173, 4.523484150099651], [-75.67147334729484, 4.523101601288123], [-75.67159295767408, 4.522874596959349], [-75.67179582758125, 4.52273147477194], [-75.67200452930176, 4.522654140185145], [-75.67226677815283, 4.522618770369827], [-75.67261234260704, 4.522637381415627], [-75.67283273176568, 4.52267967004354], [-75.67301135344731, 4.522751773240603], [-75.67327324440528, 4.522901777829093], [-75.67353486031031, 4.523195298805862], [-75.67379657890773, 4.523435002451556], [-75.67401681841199, 4.52355502735445], [-75.67426689655943, 4.523651190442523], [-75.67461804204939, 4.5238671496408145], [-75.67535005740763, 4.524334995593158], [-75.67583231670687, 4.524539246719152], [-75.67608253416518, 4.5245636507035005], [-75.67644004142973, 4.524570325884446], [-75.6770122102822, 4.524499671722057], [-75.67763792625034, 4.524470984025098], [-75.67810267816645, 4.5244838419341304], [-75.67837682163102, 4.524460454075132], [-75.6786033766738, 4.5243951152771675], [-75.6789673710212, 4.524126722269514], [-75.67920626806725, 4.523840147423545], [-75.67949281081061, 4.523565625244903], [-75.67966580656966, 4.5234643009073885], [-75.67984456600823, 4.5234646494129], [-75.6799517297134, 4.523512693359777], [-75.67998729865383, 4.523608442716724], [-75.67999281041072, 4.523841666128711], [-75.6799864501853, 4.524050949909097], [-75.68005188102892, 4.524110875792825], [-75.68017101976365, 4.524129045144036], [-75.68037367063758, 4.524099537147761], [-75.68056439368279, 4.524075986717988], [-75.68076702270803, 4.52405843660994], [-75.68096950270672, 4.524118627351412], [-75.6812792606141, 4.524167063617355], [-75.6815295815762, 4.524137649806769], [-75.68175622888232, 4.524024466588559], [-75.68198902938472, 4.523809642434396], [-75.68213251806162, 4.523558761390695], [-75.68214499618622, 4.52326577176427], [-75.68208610803383, 4.522900880828948], [-75.68193190416405, 4.522523851896644], [-75.68174793035173, 4.522134801700699], [-75.68151632069831, 4.521727724776587], [-75.68134394389712, 4.521506133086879], [-75.68109409386746, 4.521290378283851], [-75.68090385224744, 4.521062771873595], [-75.68079113128528, 4.520805418770344], [-75.68068451699214, 4.520470338774828], [-75.68067327524825, 4.520117503426902], [-75.68073327369446, 4.51990234368885], [-75.68088864442481, 4.519669425987625], [-75.68114535685197, 4.519412784977698], [-75.68140781087895, 4.5192697737981025], [-75.68171186134731, 4.519186643883235], [-75.68206357980083, 4.519103600389201], [-75.68254049773246, 4.518984922642228], [-75.6828146747695, 4.51894358886746], [-75.6830234441841, 4.518830374009931], [-75.68335750269935, 4.518633678613187], [-75.68376939132139, 4.518245777409376], [-75.68396050010085, 4.518018908377823], [-75.68406220832784, 4.517803828610983], [-75.6840985988392, 4.517469021681714], [-75.68406380612885, 4.516966642552008], [-75.68408870166358, 4.516410558653794], [-75.68410718314843, 4.516093662246126], [-75.68416719120007, 4.515872518154619], [-75.68422131958738, 4.515609509418253], [-75.68431103034621, 4.515436261283591], [-75.68457378995622, 4.5151317911782325], [-75.68481842289246, 4.514958843382066], [-75.68505120743137, 4.514749993562324], [-75.68515282289027, 4.514582754006385], [-75.68523663103313, 4.514379598373593], [-75.68528482371917, 4.514104612388144], [-75.6852912266339, 4.513871408170194], [-75.68507797078894, 4.513213210352384], [-75.68489425840254, 4.512686625563093], [-75.68474634323091, 4.512136187579894], [-75.68469933487732, 4.5117892653160965], [-75.6847244573486, 4.511113582351829], [-75.68480869730124, 4.510683189746024], [-75.68492829019844, 4.510462162641646], [-75.68515545477852, 4.510073905957167], [-75.68534093258397, 4.509673605293044], [-75.68540712696168, 4.509332878205787], [-75.68539588091807, 4.508980039595958], [-75.68533666002396, 4.508788568666498], [-75.68528943578322, 4.508555262742164], [-75.68537926862655, 4.508316238754035], [-75.68551665691454, 4.508137104761334], [-75.68571344768597, 4.508053764600802], [-75.68591614144813, 4.5080003320097335], [-75.68605329008916, 4.507946774898319], [-75.68619055228001, 4.5078334199603685], [-75.68630411664952, 4.507648260070664], [-75.68631033685644, 4.507510733980183], [-75.68623315970065, 4.507361087641625], [-75.68594239842362, 4.506726662403438], [-75.68584172758565, 4.506397574094101], [-75.68583629337697, 4.506122485782329], [-75.68585478331794, 4.505799605934529], [-75.68597462423365, 4.505447021194775], [-75.68607067663201, 4.505070472262646], [-75.6860472625518, 4.504849169964429], [-75.68606925890514, 4.504562174275572], [-75.68612791079347, 4.504329998366638], [-75.6863189359561, 4.504144988098897], [-75.68647419782444, 4.5039658860564415], [-75.68651021035362, 4.503828418879138], [-75.6866116178491, 4.503768810623643], [-75.68682056413319, 4.503559914248156], [-75.68713127979876, 4.503100054763503], [-75.68737070963108, 4.502526439582953], [-75.6874729813539, 4.502012363335184], [-75.68752719683711, 4.5017015130623985], [-75.68766458316894, 4.50152237788902], [-75.68782573500866, 4.5013791657771245], [-75.68792740282088, 4.501182023895753], [-75.68796343794455, 4.501032592634838], [-75.68797036035267, 4.500524315177649], [-75.68802440606015, 4.500303159837902], [-75.68813203271438, 4.500106027656206], [-75.68837083700369, 4.499861306931137], [-75.68865746794435, 4.499532961330577], [-75.68884288265382, 4.499162560379046], [-75.68892095537497, 4.498839792800962], [-75.68901692479385, 4.498505097995413], [-75.68916656600987, 4.498146588395748], [-75.68935790518053, 4.497794139112151], [-75.6894299839393, 4.49748929939384], [-75.68946106693917, 4.496807649201521], [-75.68952798038788, 4.4960842027287615], [-75.6896238701629, 4.495791370363958], [-75.68990465204753, 4.495403210137358], [-75.6902269957627, 4.495092866713288], [-75.69062069458002, 4.494860399844915], [-75.69091887675928, 4.49472343225242], [-75.69153302604573, 4.494497361799036], [-75.6920934587332, 4.4943190288697545], [-75.69258225397292, 4.494212322248141], [-75.69293996377097, 4.494105360752287], [-75.69325012966239, 4.493932533722529], [-75.69365588015121, 4.4936283282151175], [-75.69420504862359, 4.493103135744346], [-75.6947719904403, 4.492631797371957], [-75.69572055297111, 4.492011682420913], [-75.69637085530363, 4.491570400333719], [-75.69679478106472, 4.491104768658565], [-75.69715324195273, 4.490597149838841], [-75.69735698603945, 4.489981601793556], [-75.69759038671337, 4.489437867778203], [-75.69787736883421, 4.488918156614902], [-75.69819397324677, 4.48848820023489], [-75.69846895785571, 4.488010324764956], [-75.69866042396235, 4.487586108638626], [-75.69888752795201, 4.487221760891001], [-75.69919783563675, 4.486971187772031], [-75.69966316322812, 4.486667092104078], [-75.70028346396627, 4.486333383048152], [-75.70064735283206, 4.486106833336868], [-75.70091014920926, 4.485772450896268], [-75.70108962911776, 4.485384092252118], [-75.70123974203732, 4.484768438899676], [-75.70140723721217, 4.484415938251462], [-75.7016281563528, 4.4841711774333], [-75.7018489628008, 4.483986216422731], [-75.70212340690962, 4.48379537491568], [-75.70234395668243, 4.483747946924452], [-75.7026001887025, 4.483736469558413], [-75.70289207165726, 4.483778878963443], [-75.7035233927434, 4.483923587148393], [-75.70379751195314, 4.48390616501863], [-75.70399437388159, 4.483780954304705], [-75.70410207073317, 4.483541957550381], [-75.70410269711019, 4.483207081359618], [-75.70401980370467, 4.4829258671882375], [-75.70397301889271, 4.482453361695431], [-75.70397386787062, 4.4819988861007225], [-75.7037550376285, 4.481125399654552], [-75.70363076077048, 4.480670691155034], [-75.70362533779067, 4.480383640843085], [-75.70375689139715, 4.480132733044216], [-75.7041392750078, 4.479571334809067], [-75.70431868416911, 4.479218850562102], [-75.70445101665227, 4.478549344367589], [-75.7045234417756, 4.478053143988798], [-75.70464891331402, 4.4778680004311155], [-75.70488751392318, 4.477724927777125], [-75.70548359408252, 4.477594489897738], [-75.7058949086923, 4.477493599891446], [-75.70610967605683, 4.4773504842227805], [-75.70618148810708, 4.47718317893475], [-75.70615811062974, 4.476937957562017], [-75.70603336540965, 4.476734405094446], [-75.7058072488646, 4.476572524167848], [-75.70534870215124, 4.47644010442611], [-75.7049617338664, 4.476265956723562], [-75.70489036673547, 4.476194061630117], [-75.70486077630584, 4.47608636671365], [-75.70493260968648, 4.475907102788271], [-75.70512365627214, 4.475704145040938], [-75.70540406424116, 4.475507332210928], [-75.7058156677232, 4.475250963264954], [-75.70648953705899, 4.474941268108846], [-75.70688914476625, 4.474726738673979], [-75.70703835898144, 4.474589478246196], [-75.70710425587504, 4.474398241766147], [-75.7070216288864, 4.473973509804706], [-75.7069030193744, 4.473674291424083], [-75.70678400927659, 4.473590345750865], [-75.70653385889786, 4.473536061256226], [-75.70584869796409, 4.4735108543836954], [-75.70571168983803, 4.4734926567817155], [-75.70565225166816, 4.473414806025478], [-75.7056584549246, 4.473283261367171], [-75.70573035459202, 4.473068115342198], [-75.7059572716931, 4.472799441153787], [-75.70623771269965, 4.4725846881068225], [-75.70654179735178, 4.472471638217337], [-75.70689943998413, 4.472394570427806], [-75.70720344659142, 4.472323378327424], [-75.7073943128235, 4.4722160972646545], [-75.7076091563897, 4.472031118883597], [-75.70818883273394, 4.471105308274648], [-75.70836222258876, 4.470782713293643], [-75.70837437189543, 4.470657156916573], [-75.70832104795717, 4.4704955992524695], [-75.70822002333315, 4.4703518883114], [-75.7080296572495, 4.470190074663734], [-75.7075357968545, 4.4698243723464275], [-75.70745852802722, 4.46972256835369], [-75.70743492807085, 4.4695969434369], [-75.7075186876621, 4.469411722599632], [-75.70773350804487, 4.4692387051326135], [-75.70821079226764, 4.468904717381901], [-75.70857476865409, 4.46862433843382], [-75.70869428870031, 4.468433204119293], [-75.70873055970276, 4.468152212281686], [-75.70869527692382, 4.46790098734259], [-75.70855873510611, 4.467631632263173], [-75.7082497819207, 4.467158637560488], [-75.70806570793958, 4.466817433626551], [-75.70804813329279, 4.466655942436938], [-75.70810790388639, 4.466554394701129], [-75.70825104557912, 4.466476924122952], [-75.70844762409999, 4.466501209179033], [-75.70864992766361, 4.4666510865556965], [-75.70888803659548, 4.466771133029106], [-75.70913213729463, 4.466873249236528], [-75.70941204326633, 4.466945528178477], [-75.70988270107979, 4.4669703284372915], [-75.71073483336872, 4.466918098014354], [-75.71121765295632, 4.466811356569902], [-75.7116172774341, 4.466584865812838], [-75.71195164769976, 4.46620276896855], [-75.71213702924935, 4.465838335235665], [-75.71240041973373, 4.46517504690307], [-75.71249708869405, 4.4644516503772955], [-75.71253452930993, 4.463536778101207], [-75.7124818329118, 4.463034361343423], [-75.71242925910049, 4.462466166850443], [-75.71217453488953, 4.461664373699905], [-75.71202637406854, 4.461233538258983], [-75.71206242201741, 4.461072144913804], [-75.71216383284158, 4.461006554046427], [-75.71231276707003, 4.461018791670272], [-75.71255695521387, 4.46107306511578], [-75.71293213576648, 4.461175422894951], [-75.71328956323792, 4.461211966762524], [-75.71352201080926, 4.46117054111432], [-75.71368315865922, 4.461021339616151], [-75.71374312821412, 4.460812153188472], [-75.71368985675329, 4.460620693396998], [-75.71349959101364, 4.460405058590279], [-75.71319016006062, 4.460189205408335], [-75.71286895659289, 4.459895588388384], [-75.71277982741509, 4.459763861831101], [-75.71276831879658, 4.459542580695906], [-75.71282237315332, 4.459309463853481], [-75.71301352129476, 4.45904669781095], [-75.7133179310971, 4.4587542468381995], [-75.71366398141352, 4.458497748824015], [-75.71383678008122, 4.458492088803527], [-75.71400941356833, 4.458576128918712], [-75.71423554970521, 4.458726049243484], [-75.71453852714868, 4.459210992078694], [-75.71475275806083, 4.459354909964939], [-75.7149731019747, 4.459415117411716], [-75.71512814759383, 4.459343645224241], [-75.71521776310705, 4.459212251198585], [-75.71523592378907, 4.459056805070568], [-75.71515334662087, 4.458602172062326], [-75.7150172330436, 4.45809960206185], [-75.71495251855121, 4.457650983291024], [-75.71501856602771, 4.457376022863563], [-75.71506641941377, 4.457274454567049], [-75.71517964571954, 4.457262704647522], [-75.71527489030542, 4.457310719629189], [-75.71554275574368, 4.457448757304135], [-75.7157393648122, 4.457455100269124], [-75.71589446586604, 4.45735372819737], [-75.71601990664603, 4.45718054234484], [-75.71606215420167, 4.456887601349038], [-75.71599718639658, 4.456576519052302], [-75.71580122571649, 4.456217357825273], [-75.71558129016802, 4.45593588775507], [-75.71533143084433, 4.455726126292157], [-75.7152125417862, 4.455576405059585], [-75.71516514130727, 4.455432798268374], [-75.71517137421267, 4.455283308626215], [-75.71527898460262, 4.455086170710099], [-75.71550594631474, 4.454787591696593], [-75.71558375414898, 4.45459637420959], [-75.71559014185443, 4.454363165638137], [-75.71548352239387, 4.454022107565829], [-75.71535899382654, 4.453698959321656], [-75.71534735264039, 4.45354943633029], [-75.71543697759971, 4.4534120616286375], [-75.71561575599318, 4.453394456592129], [-75.71582421601745, 4.453436699621747], [-75.7163123899261, 4.4536528837736284], [-75.71693739424705, 4.453982940629693], [-75.71720534807353, 4.454073138639216], [-75.7174020223632, 4.454043603352937], [-75.71755712163247, 4.45394222879054], [-75.71763503980226, 4.4536912142262794], [-75.7176056986127, 4.4534459781449645], [-75.71746328489732, 4.453128773994489], [-75.71722537501853, 4.452901096108476], [-75.71687444696879, 4.452571546219168], [-75.71676760741758, 4.452350087596996], [-75.7167621431105, 4.452080979849104], [-75.71679215441685, 4.451961433363991], [-75.71689366157221, 4.451842021242412], [-75.71709640482122, 4.4517526951250375], [-75.71737635039804, 4.451801053357665], [-75.71769174893632, 4.452010938348785], [-75.71797765288171, 4.452059307681255], [-75.71828755532538, 4.452018018121822], [-75.71865736686125, 4.451797441939227], [-75.71882465645093, 4.451546592403669], [-75.71911780209595, 4.450895312082172], [-75.7192438442734, 4.450393223901815], [-75.71925061329472, 4.44995071557238], [-75.71916210694002, 4.449478133718109], [-75.71896639826136, 4.448981430091705], [-75.71886572317386, 4.448646364549838], [-75.7188721195948, 4.448407176421219], [-75.71898560922361, 4.4482519054290215], [-75.71918234821806, 4.448186490547326], [-75.71943851644829, 4.448204901311789], [-75.71978992495217, 4.44827133144901], [-75.72011164325907, 4.448283882837588], [-75.72030837060093, 4.448224446066189], [-75.72046953677248, 4.448063284371216], [-75.72056535978413, 4.447794358782546], [-75.72050686196988, 4.447202231265508], [-75.72043611924366, 4.446789480280067], [-75.7205020530041, 4.44657432185771], [-75.72066307467259, 4.446490897036019], [-75.72083583901492, 4.446503177589674], [-75.721008439042, 4.446605154159948], [-75.72113327488051, 4.446760864407858], [-75.72148990965154, 4.447227962409614], [-75.7216802966135, 4.447377813223457], [-75.72193042986477, 4.447438073832436], [-75.72209727960517, 4.447426421020063], [-75.72234171629474, 4.447343150919509], [-75.72304570631388, 4.446836145981234], [-75.72340384884137, 4.446478002751765], [-75.72355937212653, 4.446143408988759], [-75.72370310873363, 4.445737033450268], [-75.72388295616629, 4.44513338065862], [-75.72396663101625, 4.444990014041448], [-75.72406801842268, 4.444936380168383], [-75.72425259899867, 4.445002498771364], [-75.72447262488355, 4.445236125123242], [-75.72475202432989, 4.445583478853269], [-75.72492459181468, 4.445703395627887], [-75.72508547291345, 4.445697713865784], [-75.72520472187341, 4.445650091416688], [-75.72528845309189, 4.445476825881564], [-75.72524714871585, 4.445255487399669], [-75.72467679312302, 4.444363416342417], [-75.72442736988165, 4.443914456842733], [-75.72434475195789, 4.443477765792162], [-75.72438719032614, 4.443077179649524], [-75.72456639078894, 4.442826347649259], [-75.7248348112366, 4.442659402363286], [-75.72507910444878, 4.442653870696155], [-75.7253470447388, 4.442750042372089], [-75.72563868720115, 4.442918018413743], [-75.72598957390737, 4.4432714824038735], [-75.72618394964292, 4.443407099832089], [-75.72637587807726, 4.44344197771284], [-75.72666304679352, 4.4434040808924875], [-75.72700784736095, 4.443251030762714], [-75.72742957299761, 4.442896412114288], [-75.72794781974547, 4.442090526666462], [-75.72821672318935, 4.441572338785288], [-75.72851377618285, 4.44136156673903], [-75.72904073520668, 4.441026351045115], [-75.72933787581853, 4.440767552665968], [-75.72947229133386, 4.44052766895309], [-75.72954036219714, 4.439932273855822], [-75.72965635204199, 4.439298540021236], [-75.72985793056202, 4.438962727383188], [-75.73012616776566, 4.438809536135092], [-75.73045147672849, 4.438848548950718], [-75.73086281085594, 4.438945353054699], [-75.73147513244446, 4.439032917837773], [-75.73191535000056, 4.439033719754222], [-75.73230792721574, 4.438919176575471], [-75.73268166026843, 4.438641307766613], [-75.7330748797336, 4.438171365622109], [-75.73356442463734, 4.437355815018236], [-75.73416950204151, 4.436156266693066], [-75.7346975136143, 4.4352351255555655], [-75.7350246766324, 4.434246384188473], [-75.73504471938945, 4.433746949873281], [-75.73515071632981, 4.433343723048052], [-75.73525648727251, 4.433065364895255], [-75.7354672683549, 4.432931273272187], [-75.73590748262275, 4.432932074128762], [-75.73643356812708, 4.433077108858077], [-75.73710282110038, 4.433433717749265], [-75.73775314237236, 4.433675025902713], [-75.73821241176907, 4.433723885777681], [-75.73861448701352, 4.4336477737758075], [-75.7388348723993, 4.433494488920159], [-75.7390846921552, 4.432937838213442], [-75.73937256679254, 4.432506128015597], [-75.73961234957791, 4.432208796740394], [-75.73999573436552, 4.431882912685275], [-75.74054171855994, 4.431605349122494], [-75.74108739278297, 4.431500679229296], [-75.74159447707834, 4.431568835207763], [-75.74214918729275, 4.431761941293883], [-75.74278983677283, 4.432060863417195], [-75.74332538980106, 4.432263539598441], [-75.7436603202429, 4.432273752965907], [-75.74412941933839, 4.432178544705985], [-75.74483812631286, 4.431882062276342], [-75.7455473147971, 4.43131663234981], [-75.74587344918987, 4.430894587584212], [-75.74610413969023, 4.4303282931436065], [-75.74622023296911, 4.42962731595509], [-75.74604902256556, 4.429041089342261], [-75.74570591584872, 4.428252836890646], [-75.74554412074592, 4.4277530736153325], [-75.7454687823836, 4.427070962805767], [-75.74571020894113, 4.4258515291557075], [-75.74593149980527, 4.425189164760641], [-75.74612339400375, 4.424910956604164], [-75.74645869935244, 4.424709849949273], [-75.74673620714792, 4.424719954574038], [-75.74706147941282, 4.424778171753524], [-75.74745396175425, 4.4247116403898215], [-75.74777012689381, 4.424510498769638], [-75.74804845711115, 4.424059549626111], [-75.74823129455858, 4.4234931679096485], [-75.74833779573831, 4.422801778632308], [-75.74836866327973, 4.42159157329373], [-75.74844641890937, 4.420919341059526], [-75.74864870159874, 4.420180098180573], [-75.74904296184867, 4.41911462082665], [-75.7494658100656, 4.418116429416376], [-75.75023407170814, 4.416609777814378], [-75.75060874265557, 4.415793999735356], [-75.75085892111011, 4.415026023136115], [-75.75105180011451, 4.414190710626894], [-75.7511781445794, 4.41368650910094], [-75.75129502618859, 4.413336645959009], [-75.75145038444957, 4.413142434817644], [-75.75167347321761, 4.41299696917223], [-75.75236205359197, 4.4128678300924795], [-75.75309151040051, 4.412754317143218], [-75.75383554433652, 4.412482951742261], [-75.75410765790723, 4.412239451119683], [-75.7545446036294, 4.411773783262389], [-75.75506701482615, 4.411494844421714], [-75.75553921299836, 4.4113091053676765], [-75.75593255081844, 4.411245220796364], [-75.7562327796588, 4.411274461260665], [-75.75637554185973, 4.411403883985121], [-75.75653247594646, 4.41160509740122], [-75.75666796189205, 4.411806270237652], [-75.75681791221608, 4.411914176205375], [-75.75700378733073, 4.41192168344592], [-75.75723282582365, 4.411778567890951], [-75.75761960969172, 4.411377393746169], [-75.75802098423857, 4.410811195004754], [-75.75861553437775, 4.410166398717648], [-75.759317477248, 4.409435679717046], [-75.7596113030949, 4.409041515929629], [-75.75999841327332, 4.4084537590442885], [-75.76026376616412, 4.407987784008484], [-75.7603930379733, 4.407657910859035], [-75.76050816238784, 4.407241897156078], [-75.76075209133558, 4.406761528208675], [-75.76115359943161, 4.406116387114596], [-75.76128999399843, 4.405800881156425], [-75.7613332696769, 4.405585670779492], [-75.76131933678568, 4.405377540800926], [-75.76124119742323, 4.405090356584715], [-75.76116313434927, 4.404760113870043], [-75.76114225279815, 4.404437152640714], [-75.76121437810546, 4.404078472347255], [-75.76152267580207, 4.403583863717798], [-75.7622464851884, 4.4026091921797095], [-75.76239004186553, 4.402286517607211], [-75.76245509205533, 4.4018847687943685], [-75.7623489966711, 4.4012315530726065], [-75.76232172080034, 4.400478009272251], [-75.76236570055933, 4.399860938791802], [-75.76256676613374, 4.399358964307013], [-75.76281789042211, 4.398849901964917], [-75.76297590681968, 4.398433965196807], [-75.76314118639951, 4.397953454594165], [-75.7631562021615, 4.397544444026123], [-75.76315663013094, 4.39730045375762], [-75.76315747216323, 4.396819654591473], [-75.76340855572792, 4.396332120651129], [-75.76368088676564, 4.39595944066594], [-75.76393165590137, 4.395651309970603], [-75.76429689117633, 4.395300319863346], [-75.76449747598858, 4.395071040153665], [-75.76515553425685, 4.394892793652399], [-75.76580630422733, 4.394793474203509], [-75.76664288261185, 4.394737538658745], [-75.76733628666622, 4.39478899070549], [-75.76870162187248, 4.394906210376817], [-75.76933779317733, 4.394979088967791], [-75.7700455844453, 4.394980332338349], [-75.77058191478103, 4.394909513707414], [-75.77098235737479, 4.394867159171227], [-75.77140415912658, 4.394875076092773], [-75.77284112866911, 4.394913475376774], [-75.77365606200576, 4.394972311360567], [-75.77457088810512, 4.395146137797737], [-75.77469979628722, 4.396901876731978], [-75.77479183111585, 4.398796548734812], [-75.77501776070083, 4.400140222178196], [-75.77538663858702, 4.3999990314048905], [-75.77557716257596, 4.399962363278924], [-75.77581062956423, 4.399962771676603], [-75.77615470727099, 4.39995104141004], [-75.7763636423993, 4.399926741365035], [-75.77655419755172, 4.399871571092609], [-75.77683087521714, 4.399754884924009], [-75.77717527261582, 4.399558151222967], [-75.77763636158376, 4.399386284034807], [-75.77804201771299, 4.399294489688673], [-75.7783308110231, 4.399276493565881], [-75.77858877764817, 4.39932011220046], [-75.77884672515994, 4.399376065622205], [-75.77909848409962, 4.39945667102495], [-75.77946441393783, 4.401017517632233], [-75.77976940714376, 4.402288414179328], [-75.78, 4.402825417960353], [-75.78, 4.412398263485148], [-75.77997580673893, 4.412398221138391], [-75.77949039726126, 4.41233278859596], [-75.77943760683154, 4.412414894379547], [-75.77936724808671, 4.412508714724704], [-75.77935533393295, 4.4126319927447195], [-75.77939014665955, 4.412796453595319], [-75.77936649273397, 4.412943197770236], [-75.77932528016761, 4.413095784221389], [-75.7791553943445, 4.4132364007954425], [-75.77884474934847, 4.41358814103176], [-75.77872751124163, 4.413728850416252], [-75.77853436909368, 4.413787226820718], [-75.77846426460928, 4.4137342614084245], [-75.77828316962884, 4.413593030557996], [-75.77795606817635, 4.413316500095883], [-75.77776906200128, 4.413210487680171], [-75.7776170111021, 4.4131867358301005], [-75.77751748471168, 4.413233530958764], [-75.77747055513743, 4.413309776898853], [-75.77748196804205, 4.413474199205541], [-75.77752840763269, 4.413679778722631], [-75.7776156117877, 4.4139911186809115], [-75.77762118571708, 4.4141496562230556], [-75.77754493640799, 4.414266950721001], [-75.77734002313036, 4.414366404634741], [-75.77708257632735, 4.414401182011116], [-75.77677846416204, 4.414359547867198], [-75.77651544257684, 4.414235787370474], [-75.77637517269905, 4.414165082656657], [-75.77621736528168, 4.41408847821271], [-75.77606532372684, 4.414058854719472], [-75.77592495335557, 4.414046864863644], [-75.77579624877403, 4.4140525131985955], [-75.77564991573908, 4.414105097269564], [-75.7754977011928, 4.414175285831797], [-75.7752999041858, 4.4143248991460275], [-75.77515824510594, 4.41447748605508], [-75.77493492687732, 4.414679052887351], [-75.77482062973773, 4.414733436095359], [-75.77465202791471, 4.414744057373435], [-75.77436924204945, 4.414743558648614], [-75.77412992411814, 4.414764972384723], [-75.77391774002585, 4.414819184096268], [-75.7736130023911, 4.414933275054166], [-75.77327554914298, 4.415096431060904], [-75.7730414121998, 4.4152652290026015], [-75.77288890442854, 4.415401422023906], [-75.77279622621259, 4.415532258298346], [-75.77273071115019, 4.415679522295872], [-75.77271400514367, 4.415903286012511], [-75.7727190516497, 4.416127086735511], [-75.77267509755606, 4.4163835528884485], [-75.77258231543743, 4.416574433258518], [-75.77237509210727, 4.416901571325828], [-75.77217364933719, 4.4170322172931105], [-75.7720212845611, 4.41708653499168], [-75.77174391822727, 4.417096962806661], [-75.7715482484165, 4.417036573846407], [-75.7713037298884, 4.416921517304342], [-75.77109179295381, 4.416833810893234], [-75.77096669606154, 4.416844506635157], [-75.77083611285843, 4.416882484420578], [-75.77056944117979, 4.416996643154907], [-75.77040062839545, 4.417127343060396], [-75.77022082312415, 4.41732352825867], [-75.76998111308295, 4.417568732092796], [-75.76977421321797, 4.4177102840136255], [-75.76955113211352, 4.417775392845665], [-75.76911055330571, 4.417823740587755], [-75.76894733985003, 4.417861659431578], [-75.76880041333058, 4.417915982596854], [-75.76869153402633, 4.417981290678908], [-75.76860425502842, 4.4181339743801376], [-75.76856589101556, 4.418303115813727], [-75.76852752700128, 4.418472255447675], [-75.76844577216104, 4.418575820182568], [-75.7683042552107, 4.418646528721984], [-75.76811386957517, 4.418673484295491], [-75.76779845528469, 4.41867292608539], [-75.76753196366545, 4.418683375346191], [-75.76744479027153, 4.418776010300863], [-75.76736838724993, 4.418928708557195], [-75.76738450113861, 4.419043363700677], [-75.76745506298003, 4.419119905582755], [-75.76771594266397, 4.419207701103103], [-75.76781914390891, 4.419278841583965], [-75.76784612477442, 4.419398973985319], [-75.76782959941474, 4.41951903041067], [-75.76774787278733, 4.419606219326013], [-75.76762814608034, 4.419655131686859], [-75.76737802717248, 4.419632857843785], [-75.76718769024816, 4.419632519914976], [-75.76710062179772, 4.419665118758202], [-75.76701343791918, 4.41976321390354], [-75.76699694083055, 4.419866892707402], [-75.7670294071619, 4.419959742172145], [-75.76723040018192, 4.420085642388943], [-75.76736067802692, 4.420222330275899], [-75.7674255996027, 4.420413488323747], [-75.76743617999797, 4.420582717188127], [-75.76738162523588, 4.420680871187504], [-75.76721837308257, 4.420740625205416], [-75.76695177739394, 4.420811109987726], [-75.76681023910365, 4.420892735254704], [-75.76671758765202, 4.42100719686931], [-75.76638510931518, 4.421432362601484], [-75.76617259717804, 4.421672155959254], [-75.76599819011673, 4.421890178897094], [-75.7658945381236, 4.422075580778165], [-75.76583985826387, 4.4222446922687615], [-75.76579608319511, 4.422397449580148], [-75.76572519372435, 4.422506490037433], [-75.76558358870803, 4.422626326393324], [-75.765316915301, 4.422740475969994], [-75.76470206984898, 4.422924970263161], [-75.76435385130182, 4.423022602973725], [-75.76417970271878, 4.4230932526499185], [-75.76405986901123, 4.423202210285582], [-75.76399970314853, 4.423398603237221], [-75.76399405295076, 4.423518677219305], [-75.76403735708685, 4.423633381124747], [-75.76417860595052, 4.423715506068029], [-75.76437418965455, 4.4238250185862835], [-75.76445558123842, 4.423928874964098], [-75.76448804690804, 4.424021722814796], [-75.76444435772385, 4.424125355237109], [-75.76435718261604, 4.42421799407637], [-75.76419392062803, 4.424283203683915], [-75.76395455188832, 4.424331901597722], [-75.76368801180489, 4.42436963705168], [-75.76344859465785, 4.424445629265854], [-75.76316560529223, 4.424559751965372], [-75.76293157879407, 4.424663045313683], [-75.7627736675752, 4.424777392080957], [-75.76261572785799, 4.424908110266521], [-75.76251215057057, 4.425049843872843], [-75.76248471034336, 4.4251917133395064], [-75.76248453619363, 4.425289963590303], [-75.76253323985186, 4.425426506942085], [-75.76257099897556, 4.425601244212729], [-75.76261409127736, 4.425836028263977], [-75.76263017420062, 4.425967059809631], [-75.76259197212651, 4.426043407408147], [-75.76251022534265, 4.426141513257964], [-75.76239592484163, 4.42619589168661], [-75.7622543478712, 4.426299352220631], [-75.76216711539199, 4.4264247357903495], [-75.76212331988498, 4.42658841200347], [-75.762112183153, 4.426735763884998], [-75.76219892456332, 4.426888754246214], [-75.76227475164275, 4.427063556245149], [-75.76229618680259, 4.427243718829263], [-75.76224700227641, 4.427380093814134], [-75.76211071775978, 4.427565431974242], [-75.76193640509248, 4.427728875657204], [-75.76177313160377, 4.427799541884833], [-75.76149568484892, 4.427853630725924], [-75.76127809674783, 4.427885994271505], [-75.76115293060874, 4.427934897165813], [-75.76103311473837, 4.4280329329348325], [-75.76091315584263, 4.428212845815785], [-75.76085307375891, 4.4283601140831435], [-75.76082558428863, 4.428529276431113], [-75.76083061663553, 4.428758534111356], [-75.76086827866945, 4.428987855144824], [-75.76092779121755, 4.4291626252077165], [-75.76103080910242, 4.429337475786828], [-75.7611935799978, 4.429550642003153], [-75.76127492334729, 4.429681786751736], [-75.761307349759, 4.429796470041316], [-75.76130710779724, 4.429932929749362], [-75.76129610644396, 4.4300038702339455], [-75.76123609166416, 4.43011293010445], [-75.76108355134627, 4.430265490826275], [-75.76090931372754, 4.43038526435304], [-75.76077302865154, 4.43057060642251], [-75.7607509276435, 4.430767065577826], [-75.76078304597527, 4.43105641624458], [-75.76084768738497, 4.431405869369005], [-75.76091811398886, 4.431558826689791], [-75.76103749560514, 4.4317064146651886], [-75.76121117328036, 4.431903223557477], [-75.76137414731976, 4.43200176486091], [-75.7615371704494, 4.4320730161520805], [-75.76160766526483, 4.432187768437508], [-75.76163455657824, 4.432357022914905], [-75.76162335244514, 4.432542586953351], [-75.76154678217824, 4.432788076354363], [-75.76146499540097, 4.43290801512733], [-75.76132888322141, 4.432995108069519], [-75.76110578835049, 4.433065666067185], [-75.76089346336511, 4.433196291213988], [-75.76078997227198, 4.433288897580913], [-75.76076267409537, 4.433348889338707], [-75.76078974006244, 4.433419898984311], [-75.76087663590035, 4.4334855509860205], [-75.76099070528389, 4.433562171603661], [-75.76107755392466, 4.4336551180315675], [-75.76116973429357, 4.433808117600725], [-75.76119125542137, 4.43393915597545], [-75.76116925124441, 4.434081036119517], [-75.76106018602302, 4.434250050040266], [-75.76091858715091, 4.434364420855102], [-75.7607770372643, 4.43445150170478], [-75.76073332702137, 4.434566050399211], [-75.76072217962799, 4.434718863551262], [-75.76073825305757, 4.434855351747698], [-75.76083583332529, 4.43503019329372], [-75.76090633808329, 4.435139488081784], [-75.7609388038699, 4.435232336942313], [-75.76093307513446, 4.435396077161849], [-75.76090022270411, 4.435521559728903], [-75.7607857294101, 4.435685105943712], [-75.76033363385213, 4.4360882178645875], [-75.76021383602344, 4.436175336756563], [-75.75997437697876, 4.436273160235825], [-75.7598327974151, 4.436376617176125], [-75.75971290320982, 4.436518319637108], [-75.7596528297205, 4.436660129991743], [-75.75959259207323, 4.436894729748992], [-75.7595651099144, 4.437058433140275], [-75.75957583189775, 4.437145784034812], [-75.75960831669398, 4.437227719898168], [-75.75975468693659, 4.437489979659644], [-75.759911962329, 4.437735888622473], [-75.76006911160137, 4.438052755223075], [-75.76013935494018, 4.438309420174345], [-75.76014981613864, 4.4385441484373755], [-75.76012226555227, 4.43874605759247], [-75.76006208581559, 4.438947911770354], [-75.75999103969514, 4.439144284154198], [-75.75986005494681, 4.439406050028165], [-75.75971293023387, 4.439569537991579], [-75.75944616073915, 4.439732811399911], [-75.75905963310791, 4.43996137140124], [-75.75889624960305, 4.440092079905977], [-75.75876007942001, 4.440211921732672], [-75.75868916683943, 4.440331877199956], [-75.75862902629785, 4.440511893600852], [-75.75857966365761, 4.440746515304371], [-75.75856833098368, 4.441003038552353], [-75.75854597744328, 4.441341415609647], [-75.7585129102313, 4.441586980668098], [-75.75846337436786, 4.441919852971404], [-75.7583919579655, 4.442323642570402], [-75.75833085460985, 4.443044036269483], [-75.75831391921118, 4.443393339600281], [-75.75834616092676, 4.443611729111063], [-75.75839473762413, 4.443819233859133], [-75.75845419116763, 4.444026758397313], [-75.75860053213407, 4.444305395574418], [-75.75873068406635, 4.444513044689721], [-75.75880096489016, 4.44474788162297], [-75.75882791523678, 4.444884387003127], [-75.75883311112246, 4.445020854594251], [-75.75880017997811, 4.4451900071399555], [-75.75864743010375, 4.4454571906630065], [-75.75843490567894, 4.445696977597389], [-75.75821150610928, 4.445936743846651], [-75.75798794008703, 4.4462693032419285], [-75.75778065059951, 4.446623723593587], [-75.75764406892215, 4.446972812967704], [-75.75759475472665, 4.447180145004982], [-75.75757225302026, 4.447600394285021], [-75.75757702064097, 4.447977030177155], [-75.75763056892654, 4.448446542361052], [-75.75769524691312, 4.448774159447718], [-75.75787337193933, 4.449527729888623], [-75.75803018209673, 4.450035641326105], [-75.75813797822323, 4.450581666365825], [-75.75818067933314, 4.451034785108381], [-75.758446664561, 4.451313637808432], [-75.7586366109838, 4.4515377711965805], [-75.75889719835739, 4.451794780644781], [-75.7589678400918, 4.45182765862072], [-75.75911469601047, 4.451817005113073], [-75.75930516712687, 4.451746387632404], [-75.75956112236504, 4.451550345341582], [-75.7598499309313, 4.4512288200146655], [-75.76036798765716, 4.450438286792579], [-75.7606732952539, 4.4500130820528545], [-75.76102240110814, 4.449424205745882], [-75.76140964201821, 4.448797188844486], [-75.76170927713478, 4.448502973596492], [-75.76205228442944, 4.448285252297632], [-75.76284164568192, 4.447839078820269], [-75.76341314240071, 4.4475780981713395], [-75.76373957141567, 4.447507722711511], [-75.76416392119489, 4.447421143067269], [-75.76466463998729, 4.447203703739004], [-75.76505137467855, 4.446860517244794], [-75.76547418401705, 4.446432565383267], [-75.76585952633579, 4.4463092680565754], [-75.7662741013683, 4.446091212051801], [-75.76657250182662, 4.445821899004545], [-75.76707475087625, 4.445334149710401], [-75.76833859972321, 4.445628124130177], [-75.76832370567345, 4.445832306168748], [-75.7682797207188, 4.446051021696188], [-75.76806032390382, 4.446845586131086], [-75.7677527226946, 4.448208856604511], [-75.76767212067257, 4.448587959284213], [-75.76754781795775, 4.4490253276551925], [-75.76740180509601, 4.449411602082229], [-75.76709525801981, 4.450176838270018], [-75.76693460785967, 4.450621432809713], [-75.76685396692265, 4.451022411590619], [-75.7673120281297, 4.4508700716907], [-75.76793738639988, 4.45062322063598], [-75.76855556731182, 4.450325302925695], [-75.76908628006127, 4.450180380821103], [-75.76992198019158, 4.450152694655852], [-75.77099728227, 4.45023483015086], [-75.77135354669991, 4.450118772241825], [-75.77194242964897, 4.449952074583124], [-75.7725167538695, 4.449799938671402], [-75.77325836197033, 4.449560577895505], [-75.77619400963019, 4.449580362829904], [-75.77721862770187, 4.449560296604827], [-75.77652468404786, 4.451623036656674], [-75.77506396771608, 4.451700678219073], [-75.77439527964401, 4.451794301946427], [-75.77334855216257, 4.451989361591164], [-75.77192375804212, 4.45230044008575], [-75.77122582394988, 4.45249611705321], [-75.77052783707578, 4.452720962718934], [-75.76997532326872, 4.452865843358355], [-75.76950270164312, 4.453032747423373], [-75.76887001103336, 4.453316051858409], [-75.76852083013085, 4.453534224672197], [-75.76814237686624, 4.453869037287552], [-75.76767637687254, 4.454400604819067], [-75.76729039811013, 4.4548812647157945], [-75.76691880960215, 4.455442177284835], [-75.7666854790988, 4.455893934794008], [-75.76649537271246, 4.456557271002673], [-75.76634869726723, 4.457315499099074], [-75.76624529774165, 4.458256128562145], [-75.76620786601823, 4.458875977260815], [-75.7662287734176, 4.459379242645347], [-75.76633636208734, 4.460174385838044], [-75.76647240962116, 4.461312361686805], [-75.76653641174154, 4.462100135995535], [-75.76656440461001, 4.462705514361372], [-75.76655594790002, 4.4633764709615], [-75.76655530123487, 4.463741125560421], [-75.7665330218404, 4.464010932081289], [-75.76643077092082, 4.464302475901806], [-75.76618269456414, 4.464870899097971], [-75.76599318030618, 4.465198751250462], [-75.76564331773687, 4.465796162094234], [-75.76548999286355, 4.4662043012608335], [-75.76540215775971, 4.466561508318394], [-75.76521935074288, 4.467202976684343], [-75.7648027507627, 4.468551461288956], [-75.76464166471055, 4.469236726881786], [-75.76464824364005, 4.469623274699988], [-75.76458950042478, 4.469965947267889], [-75.76449429300835, 4.470381486377978], [-75.76436292092433, 4.4707021481853095], [-75.7640337031902, 4.471049839126632], [-75.76452028133048, 4.470842604332572], [-75.76497116023477, 4.470606600072375], [-75.76540780333723, 4.470334690581976], [-75.76608075635778, 4.4698622716901975], [-75.76674660921887, 4.469361132686476], [-75.76751260129268, 4.4688386452596225], [-75.7678980572538, 4.469205315579474], [-75.76814769994728, 4.469550216675053], [-75.76836867899, 4.4699309488444365], [-75.76852534542216, 4.4702900349310974], [-75.76875298965511, 4.4709434709540306], [-75.76885265930053, 4.471187637823468], [-75.76903109395538, 4.471367364129073], [-75.76931683164698, 4.471518571105996], [-75.76960268518096, 4.471605194822889], [-75.7699243778081, 4.471641653365159], [-75.77022464595545, 4.471663718234839], [-75.77035323400546, 4.47172852989936], [-75.77049605863871, 4.4718292527100845], [-75.77057448079873, 4.471958562045549], [-75.7706170134031, 4.47216674809028], [-75.76997137489639, 4.473364011178688], [-75.769684464311, 4.473873007309338], [-75.7694121081112, 4.47423850106436], [-75.76906099930804, 4.474661266035171], [-75.76881034818099, 4.474883278184012], [-75.76846673125708, 4.4751123029709055], [-75.76723558842446, 4.475849240084745], [-75.76616191197226, 4.476493166710285], [-75.76399277183181, 4.47796755738252], [-75.76353460963345, 4.4782753105904884], [-75.76326263367487, 4.478425516951332], [-75.76311959168105, 4.47844679194347], [-75.76280493198222, 4.478474930010179], [-75.76216852661284, 4.478495312431725], [-75.76158219917487, 4.478501434364038], [-75.76098859163957, 4.478579302561585], [-75.75997300981906, 4.478720994807846], [-75.75900758067165, 4.478805366689653], [-75.75810659372927, 4.478839621580122], [-75.75659777821294, 4.478908656353129], [-75.75552505911179, 4.47901436004481], [-75.75410199500307, 4.479112251206187], [-75.75378010827738, 4.479183427077344], [-75.75340095505818, 4.479290381140147], [-75.7528857044225, 4.479533435306993], [-75.75236325113607, 4.47980517868031], [-75.75214128591021, 4.479977003148254], [-75.75165441520448, 4.480342102180663], [-75.75122480875469, 4.480671422032011], [-75.75086690029133, 4.480893231006614], [-75.75053046569485, 4.4811007282523105], [-75.75027985970574, 4.481294025719225], [-75.74984298744845, 4.481687916753523], [-75.7496278858544, 4.482017627253613], [-75.74917644017097, 4.482562190873387], [-75.74850318109117, 4.483192458705648], [-75.7475791191846, 4.484123667276927], [-75.74717080510321, 4.4845391380949975], [-75.74655504385309, 4.48500445937398], [-75.74601801063791, 4.485426867640339], [-75.74549525327768, 4.485863654583874], [-75.7453663017547, 4.485999766951275], [-75.74513692336777, 4.486315094876721], [-75.7446494463262, 4.487010283827613], [-75.74410477959417, 4.487698190439633], [-75.7438253222091, 4.488027778858523], [-75.74330246921885, 4.48851479580183], [-75.74280834739984, 4.4889301046098895], [-75.74291517073164, 4.48916710925622], [-75.74305066014317, 4.489368286836323], [-75.74323618766927, 4.489576735851364], [-75.74344332336689, 4.489699105278039], [-75.74387207740452, 4.489843411172756], [-75.74417944736595, 4.48989420515061], [-75.74446540407247, 4.489923433206586], [-75.74481576588309, 4.489924073452365], [-75.74520194544833, 4.489888898418811], [-75.74560243721601, 4.489846574648213], [-75.74598870685179, 4.489761166088585], [-75.74644650503338, 4.489661538118988], [-75.74724781376011, 4.489397484005833], [-75.74813501606916, 4.4890833536925685], [-75.74876456265966, 4.488905100561228], [-75.74929392835426, 4.488769719371335], [-75.74992357765957, 4.488534054758382], [-75.7503814268359, 4.488405720157741], [-75.75080344735527, 4.488320374730953], [-75.75133283778243, 4.488170636016336], [-75.75229151491749, 4.48787098340965], [-75.75295685006925, 4.487671261114747], [-75.75322147444574, 4.487635861051383], [-75.75348603330892, 4.487636340869218], [-75.75382201832346, 4.487680006919076], [-75.75425801473659, 4.487774087011294], [-75.75460103269144, 4.487882351073346], [-75.7549298293014, 4.48794753440105], [-75.75523011417457, 4.487962429249087], [-75.75553766527482, 4.487912752900956], [-75.75580950359466, 4.487841484781692], [-75.7562675467813, 4.487605503216131], [-75.75673283035297, 4.48731930157273], [-75.7572912592133, 4.486925626818326], [-75.75776375529772, 4.4866035588407955], [-75.75820748271681, 4.4863747219801535], [-75.75859390641494, 4.486203193577758], [-75.75900882706473, 4.486089128180121], [-75.75945215505033, 4.486082752857946], [-75.75995260862423, 4.48611953472232], [-75.76049595094246, 4.4861635729478], [-75.76090333525765, 4.486264774180407], [-75.7613177810757, 4.486416222137909], [-75.76167501072288, 4.4865747387038715], [-75.76196803131687, 4.486654203599923], [-75.7623398322009, 4.486662051255614], [-75.76261876924319, 4.486619496810265], [-75.76288347008982, 4.486541036326751], [-75.76322694012491, 4.486398134599638], [-75.76367069168789, 4.486154944571966], [-75.76414308377423, 4.4858902773721185], [-75.7645438708703, 4.48568289164082], [-75.76483004809455, 4.48559011786034], [-75.7651232859816, 4.485547586326173], [-75.7654523129074, 4.485483594788255], [-75.76568837433872, 4.485426608999524], [-75.76592452491207, 4.48531939173846], [-75.76624656806187, 4.485162093153703], [-75.76671165457691, 4.484983526248901], [-75.7670835972471, 4.484912432430537], [-75.76766289580037, 4.484841710724957], [-75.76823501961526, 4.484785326881634], [-75.76876410068648, 4.484807805333916], [-75.76917156427285, 4.484865947203494], [-75.76955751292057, 4.484959925875315], [-75.7697659301644, 4.484364679318167], [-75.76997411717757, 4.4838986025918395], [-75.77019636228339, 4.48356889678383], [-75.77052606431373, 4.48312456715555], [-75.77089137765256, 4.482759236432898], [-75.77130667778069, 4.482429878089088], [-75.7718720583387, 4.482143841027757], [-75.7724087592339, 4.481900811310571], [-75.77280947863625, 4.481729298660227], [-75.77334601521761, 4.481579560393379], [-75.77384686333863, 4.481393873153093], [-75.77421895488645, 4.481236663213784], [-75.77487750165668, 4.480828792965113], [-75.77540721721712, 4.480492458928502], [-75.77582966481644, 4.480163107214803], [-75.77600819330124, 4.480292598360294], [-75.77613678322484, 4.480357411352497], [-75.7764301206042, 4.480257467407245], [-75.77671627026156, 4.480179039264936], [-75.77690933872526, 4.480172206860985], [-75.77711655659556, 4.480251511579842], [-75.77742376370324, 4.480395584003186], [-75.77790948698878, 4.4806763179597], [-75.7782023809467, 4.480827539642923], [-75.7787026968944, 4.480943246276613], [-75.77901001779018, 4.481022729686726], [-75.77931740393971, 4.48106633373505], [-75.77998908537462, 4.481318693156227], [-75.78, 4.481322627218924], [-75.78, 4.506952648550526], [-75.77983776967089, 4.506966309967611], [-75.77967754431809, 4.507058700825649], [-75.77962195174877, 4.507163633294091], [-75.77965872524263, 4.507256370865099], [-75.77980631960139, 4.507343130002224], [-75.77996639286154, 4.507337237748065], [-75.78, 4.507341795950788], [-75.78, 4.508636905874269], [-75.77995180116869, 4.508622300739741]]]}}, {"type": "Feature", "properties": {"MpNombre": "Quimbaya", "Depto": "Quindío", "MpCodigo": "63594", "rol": "contexto", "marca": "F"}, "geometry": {"type": "MultiPolygon", "coordinates": [[[[-75.77982136075046, 4.564219808991001], [-75.77974425624625, 4.5640163469090025], [-75.77972666842382, 4.5638548499116], [-75.77973287527124, 4.5637173182131905], [-75.77987014083966, 4.563603946151757], [-75.77999532841321, 4.563580249363752], [-75.78, 4.5635810734265565], [-75.78, 4.56443739359133], [-75.77982136075046, 4.564219808991001]]], [[[-75.70531543516515, 4.61993100239469], [-75.70537677533974, 4.619791844590383], [-75.70544925759098, 4.619632281821388], [-75.7054903758017, 4.6194225204081425], [-75.70551312731156, 4.619140296833205], [-75.70551526690232, 4.618989883021076], [-75.7055081670083, 4.618832022718644], [-75.70549348261545, 4.618768858009367], [-75.70553511884852, 4.618630580088503], [-75.70560202107339, 4.618485862109494], [-75.70566517874259, 4.61836341932309], [-75.70569679104882, 4.61828548586792], [-75.70572106268678, 4.618174113176988], [-75.7057212100251, 4.618097975939598], [-75.70573059882382, 4.618027428305241], [-75.7057900657835, 4.617899410004136], [-75.70585318842353, 4.6177955371026655], [-75.70592364524701, 4.61772696396263], [-75.70598481718132, 4.617675086677218], [-75.70605150198955, 4.617643644774393], [-75.70614218816407, 4.617641965969323], [-75.70619954843175, 4.617647647562586], [-75.70628651840269, 4.617653385139847], [-75.70637165576444, 4.6176498353550475], [-75.70646605430925, 4.617642589770657], [-75.70656789002928, 4.617616790360889], [-75.70665680774661, 4.617572391915712], [-75.70672540438363, 4.617509385649877], [-75.70679219117383, 4.617424093789333], [-75.70683484906391, 4.617375895175763], [-75.70692013270418, 4.617296206377755], [-75.70701102179403, 4.617188677326942], [-75.70711490898442, 4.617058884787112], [-75.70716501905615, 4.616984700275528], [-75.70725215407755, 4.616905018879455], [-75.70738191011867, 4.6167957060054485], [-75.70757461087895, 4.61667537033865], [-75.70772287407631, 4.616566094346985], [-75.70784147575833, 4.616482756185874], [-75.70791752437843, 4.6163937658425205], [-75.70799546889313, 4.616280640592675], [-75.70805068974612, 4.616154892385773], [-75.70809778566418, 4.616004141717143], [-75.70814613756208, 4.615881671558893], [-75.70822776319204, 4.6157796916249], [-75.70830564810313, 4.61569813536883], [-75.70840203087101, 4.615620325270919], [-75.70846507088646, 4.615559168207347], [-75.7084387932535, 4.615515484599454], [-75.70839350883126, 4.615456208555509], [-75.70832267560436, 4.6153529965879905], [-75.70817290673531, 4.615271178008574], [-75.70801891875045, 4.615222603127095], [-75.70788969116303, 4.615150958615219], [-75.70768937576905, 4.61504672580335], [-75.70749540501878, 4.615007407920259], [-75.70734668572726, 4.6149811612636125], [-75.7072043849924, 4.614980887285458], [-75.70699737796934, 4.614993465193727], [-75.70684214140489, 4.614993164585775], [-75.70640221591799, 4.615037749041193], [-75.70616290537846, 4.615030794551309], [-75.70594954133357, 4.614984949862653], [-75.70579435400917, 4.614958687746754], [-75.7055874217163, 4.614932328300365], [-75.70535450397479, 4.614964328284973], [-75.70519273667509, 4.614996469022587], [-75.70507614673822, 4.6150806172534065], [-75.70499183634313, 4.615197282444931], [-75.70481702016721, 4.615287810149099], [-75.70462936783218, 4.615326390440285], [-75.70449999106799, 4.615332630844991], [-75.70430600663957, 4.615299802135269], [-75.70409907493199, 4.615273439564475], [-75.70393737003918, 4.615273128666723], [-75.70374979166802, 4.6152727627019425], [-75.70360746663752, 4.61528547004857], [-75.70337454921825, 4.6153174685941725], [-75.70296692815181, 4.615381587117615], [-75.70274698438814, 4.615394139075694], [-75.70261116511762, 4.615387385612595], [-75.70239773869923, 4.615373992146912], [-75.70220770935767, 4.6153152688403125], [-75.70205508729823, 4.615288952695251], [-75.70189981290598, 4.615308121382108], [-75.7017445137418, 4.615340273885407], [-75.70151809034971, 4.615359304062197], [-75.70126580490974, 4.615371798885408], [-75.70098121781389, 4.615364752988384], [-75.7006967554457, 4.615292806670897], [-75.70034762259634, 4.615214244848761], [-75.70006949090136, 4.615213703813517], [-75.7000024893844, 4.6152072518893705], [-75.69993920079877, 4.615137701258108], [-75.69988764434983, 4.6149640368883595], [-75.7000272412738, 4.614757735873808], [-75.70014067275544, 4.614558536258845], [-75.70018870140754, 4.614391818174471], [-75.70007289878697, 4.61406707267489], [-75.69998930130313, 4.613813784298765], [-75.69993790615608, 4.613631953104045], [-75.69993185028365, 4.613417760204032], [-75.6999452247841, 4.613190620776024], [-75.70001669973591, 4.613022007229027], [-75.70011404720518, 4.612853445296782], [-75.70023077355613, 4.612697904588093], [-75.70036713135403, 4.612425569069233], [-75.70044519908808, 4.61219206861278], [-75.70047786474238, 4.612023378635964], [-75.70053656599927, 4.6117703677814], [-75.7005692937187, 4.611569228118726], [-75.70055012670909, 4.611445872118236], [-75.70052451666439, 4.611309527031523], [-75.70049250169072, 4.611140711636851], [-75.70046702913739, 4.61093297157015], [-75.7004545429476, 4.6106992913953135], [-75.70047452218508, 4.61040077137564], [-75.70052677878557, 4.610134764275496], [-75.70059846567376, 4.60985581522941], [-75.70068306438183, 4.609589873177745], [-75.70070299997235, 4.609471261959219], [-75.70070923660852, 4.609434152873591], [-75.70071656174579, 4.609364893938377], [-75.70074217658832, 4.60912267760579], [-75.70077517072748, 4.608994144655695], [-75.70078816594788, 4.608752815282212], [-75.70076918560187, 4.608532103826048], [-75.70071782873381, 4.6083308030973695], [-75.70061476269692, 4.608109925908569], [-75.70045832338755, 4.60785607709939], [-75.70030789194163, 4.607678180555503], [-75.70015086812614, 4.607520007045056], [-75.7000592583067, 4.607434318151311], [-75.7000068907406, 4.60739474684459], [-75.69995452408705, 4.60735517733517], [-75.69982846684434, 4.607301170199917], [-75.69981746711935, 4.607169606876624], [-75.69974458568727, 4.606987403171985], [-75.69961248932144, 4.6067368767841606], [-75.6994849483732, 4.606554672771269], [-75.69945306177257, 4.606449907571701], [-75.69945761683726, 4.60633147498875], [-75.6995304979662, 4.606222155850588], [-75.69965348532617, 4.606167492433066], [-75.6998220218737, 4.60615838209553], [-75.70001333419515, 4.606217598129686], [-75.70030485825195, 4.606386138022747], [-75.7005280561902, 4.606536451716099], [-75.70063737736038, 4.60659566907498], [-75.70074669862699, 4.606609332938203], [-75.70086057469194, 4.60660477941539], [-75.70096989693458, 4.60657289429785], [-75.70139351703465, 4.6063132537842], [-75.7018125826683, 4.60601261986306], [-75.70218609677634, 4.605757537162185], [-75.70230908444134, 4.605698324343888], [-75.70240018458233, 4.60568921325657], [-75.70279647475893, 4.605762092627053], [-75.70303789332245, 4.605798532576773], [-75.70316999043577, 4.605798532680069], [-75.7033248622047, 4.6057575367604295], [-75.70345695885923, 4.605693766260323], [-75.70361638598808, 4.605538894424517], [-75.70377581332926, 4.605311142104053], [-75.70399445602719, 4.605001399177291], [-75.70410833172716, 4.604878412386556], [-75.70437708099982, 4.604691656107165], [-75.70456839301733, 4.604564112134963], [-75.70474148507152, 4.604500341079498], [-75.70484625173249, 4.604482121173657], [-75.70508311513562, 4.60446845566479], [-75.70525620675892, 4.604432015240838], [-75.70542018905546, 4.604354579942217], [-75.70559783612563, 4.604217930017199], [-75.70582103416092, 4.6039719556419545], [-75.70591669027291, 4.603826192394082], [-75.70603512224638, 4.603662210283041], [-75.70640863678351, 4.603265920786181], [-75.7065680637221, 4.603079163771587], [-75.70658628393996, 4.6029971728627075], [-75.70656806358033, 4.6029151823631835], [-75.70648151832172, 4.60280585909477], [-75.7063175360785, 4.602701093063627], [-75.70593035555247, 4.602523448076577], [-75.70584380921545, 4.602441456255922], [-75.70580281393363, 4.602332133044459], [-75.70580281435349, 4.602181815976591], [-75.7058802496051, 4.602008726403871], [-75.70601234718228, 4.601908514421748], [-75.70622187863582, 4.60183107685886], [-75.70654073338379, 4.601835632928198], [-75.70680948214114, 4.601872072206132], [-75.70713744608743, 4.601999615710738], [-75.70727865322183, 4.602045163839564], [-75.7074562999356, 4.602049721833763], [-75.707611172233, 4.602017833703202], [-75.70779792969633, 4.601899403308222], [-75.70793913585635, 4.601717199740284], [-75.70798468699786, 4.601512221752394], [-75.70794824674495, 4.601252583659646], [-75.70789814098191, 4.601052163676329], [-75.70790269612625, 4.600860849807707], [-75.70793002625733, 4.600537439954902], [-75.70803479292874, 4.600241363422345], [-75.70815777879805, 4.600022718304528], [-75.70833542729599, 4.599817741085792], [-75.70849029867766, 4.5997311953963855], [-75.7085950648255, 4.5997357533487975], [-75.70872716185315, 4.59976763821698], [-75.70893213938099, 4.59986784606703], [-75.7091234519028, 4.600009052990018], [-75.70929198937475, 4.600154815172668], [-75.70937853544586, 4.60016392544241], [-75.7094423059616, 4.600122929814801], [-75.70948785574124, 4.600022718224251], [-75.70968372395107, 4.599193700415823], [-75.70977027038033, 4.598924951836006], [-75.70984770606111, 4.598779186873732], [-75.70992058741822, 4.598738191852872], [-75.70997980296396, 4.598742747760551], [-75.71006634866772, 4.598820182762337], [-75.71019844573387, 4.598975055152948], [-75.71038064755763, 4.599102597682968], [-75.71055373996924, 4.599111708178776], [-75.71081337768595, 4.5990388280156385], [-75.71090448028147, 4.598975055201086], [-75.7110593519802, 4.598719973922325], [-75.71128255040955, 4.598168809891709], [-75.71136454097358, 4.597890951822596], [-75.71147386167253, 4.597649533200213], [-75.71166061911428, 4.597394451750087], [-75.71187470736976, 4.597207692080755], [-75.71206146483108, 4.597102926081615], [-75.71219811605705, 4.59709837168291], [-75.71231199283265, 4.597153031052417], [-75.71240764859847, 4.597307902564247], [-75.71253974626615, 4.59769508411446], [-75.71269917269761, 4.598155147126523], [-75.71279938391457, 4.598314570947516], [-75.71291326132369, 4.598382898965507], [-75.71302713719926, 4.5983646772200295], [-75.71315923391883, 4.59827813286715], [-75.71329588456659, 4.598091373334361], [-75.71354641411612, 4.597553876565641], [-75.71372406062896, 4.597080151161285], [-75.71378783210984, 4.596774960938665], [-75.71385615829165, 4.595900390294404], [-75.71392448391352, 4.595458550048045], [-75.71399364813968, 4.594900246352693], [-75.71425176412389, 4.594360678257715], [-75.71463581240108, 4.5937654441478015], [-75.71481593512107, 4.593561905199151], [-75.71519929745176, 4.593327386419302], [-75.71550429023621, 4.593210344225024], [-75.7156682783428, 4.59327339328206], [-75.71583190776224, 4.593524639061036], [-75.71595602037144, 4.594011061081568], [-75.716103962446, 4.59429364390006], [-75.71624449101988, 4.594364487103932], [-75.71649466296257, 4.594310075364089], [-75.71688585521179, 4.594067726888104], [-75.71721432174301, 4.593935047003807], [-75.71758961643432, 4.593833819282953], [-75.7177539311612, 4.593724349789602], [-75.71779342044371, 4.5935048586109515], [-75.71775485229998, 4.593238165099031], [-75.7176618941619, 4.592806693802787], [-75.71767039191975, 4.5924459939145645], [-75.71769457831023, 4.592053953171646], [-75.71782011737366, 4.591787575762271], [-75.71785171655544, 4.59160727613027], [-75.71785208765357, 4.591411235398203], [-75.71793057460297, 4.591231026384772], [-75.71804809142485, 4.591074413635197], [-75.71825926263986, 4.590980716346181], [-75.71847033086097, 4.59094191170287], [-75.71866556158905, 4.5910128570408775], [-75.7191496369736, 4.591241190097675], [-75.71937617072201, 4.591288672967053], [-75.7197278278069, 4.591289339938863], [-75.71995456976539, 4.591227038270097], [-75.720478947788, 4.590804584700183], [-75.72116003210307, 4.590162862007174], [-75.72155939107638, 4.589732324560609], [-75.72184898902492, 4.5894897813899425], [-75.72209935156931, 4.589333421813072], [-75.72242784466866, 4.589185052886692], [-75.72324892301039, 4.588896469853778], [-75.72362448188657, 4.588654088217955], [-75.72382835492812, 4.588285914380438], [-75.72387583276978, 4.587972335838951], [-75.72382952170513, 4.587666419937081], [-75.72378340167744, 4.587258561549838], [-75.72379170422408, 4.586999801356824], [-75.72392495140441, 4.586788328899828], [-75.72418321510129, 4.586584932063211], [-75.72446467233621, 4.586514889765399], [-75.72488668828763, 4.5865000062723755], [-75.72535551742106, 4.586524420387335], [-75.72584378024209, 4.586450492300444], [-75.72603437233643, 4.58637000357229], [-75.7262178749682, 4.586164547032235], [-75.72646757511161, 4.585812217732307], [-75.72673917918269, 4.585496676035819], [-75.72701784625886, 4.585320803302735], [-75.72735488866701, 4.585262639142404], [-75.727618477999, 4.585314589058041], [-75.72784529256148, 4.585447316762158], [-75.72806452123395, 4.585719685967008], [-75.72819564693901, 4.586102137583738], [-75.72838503875064, 4.586661102276395], [-75.72856026395453, 4.586962787440601], [-75.72871384734158, 4.587088028139651], [-75.72895550496833, 4.587117884588855], [-75.72933663360209, 4.586986304426826], [-75.73008473878038, 4.586458509669482], [-75.73045172779388, 4.58605494555997], [-75.73057685336535, 4.585731779795538], [-75.73081291982783, 4.58483551205673], [-75.73092463402398, 4.58385080961041], [-75.7310288153503, 4.582976346260688], [-75.73111037608524, 4.582447290168943], [-75.73122090461978, 4.58209469713266], [-75.73136779621069, 4.581881816897974], [-75.7315363159203, 4.581852733938448], [-75.73170464538818, 4.581926553713129], [-75.73183608889158, 4.5821399549582855], [-75.73198907979814, 4.582581246840647], [-75.7321644580168, 4.582802081650924], [-75.73231817895636, 4.582853822248251], [-75.73250870102879, 4.582810080260087], [-75.7327579985514, 4.582670898172738], [-75.7329636091631, 4.582391980996985], [-75.7330961803267, 4.582002675994172], [-75.73336112890226, 4.5813269606649625], [-75.73354484671982, 4.58100390318378], [-75.733640299686, 4.580879132299374], [-75.73384542973385, 4.580857464620003], [-75.73397717575588, 4.580909164381501], [-75.73419659764257, 4.581078628597026], [-75.73456260931135, 4.5811969177205984], [-75.73479690011592, 4.581248808671136], [-75.73501670627415, 4.581212471989727], [-75.7352511654004, 4.581103481655391], [-75.73544190297116, 4.581014817245334], [-75.73550014101488, 4.5809793025589896], [-75.73574273715619, 4.58083136876787], [-75.73609162226462, 4.580688500751519], [-75.73634247903935, 4.580383992363339], [-75.73676372627428, 4.57978378792052], [-75.73702338772053, 4.579551056819241], [-75.73731860530056, 4.579426027882071], [-75.73781059406211, 4.57923857806179], [-75.73815967790615, 4.578988073183859], [-75.738652399941, 4.5784059402143935], [-75.739216498596, 4.5778957053278235], [-75.73988773115131, 4.577457428376195], [-75.74034437899881, 4.5770456566346915], [-75.74059521730628, 4.576750113663553], [-75.74059563305349, 4.576525865035249], [-75.74049788808054, 4.576211731141983], [-75.74032878161199, 4.575816729678806], [-75.74034695938563, 4.575655303804382], [-75.74053485784034, 4.575556983589222], [-75.74085663977517, 4.575566556952384], [-75.74122298335305, 4.575647968897268], [-75.74153567730602, 4.575738253884083], [-75.74170551477597, 4.575738570977853], [-75.74199174100588, 4.575640436707955], [-75.74230474978178, 4.575560288825688], [-75.74247448936765, 4.575614427005326], [-75.74262608431438, 4.57581205244932], [-75.74275036388508, 4.57627872504057], [-75.74278542128205, 4.5766555327179645], [-75.74295469465353, 4.576960831219546], [-75.74324909645021, 4.577275332257497], [-75.74340989620995, 4.577329452703813], [-75.74351732915012, 4.577239952575213], [-75.7436608157602, 4.576989057755416], [-75.74405531043408, 4.57651139025533], [-75.7442344625516, 4.576308401947301], [-75.74439588287721, 4.576027639728958], [-75.74445596167037, 4.575764629669792], [-75.74446847829348, 4.575441731989557], [-75.74443324276847, 4.575160605343285], [-75.74432070267252, 4.574789629797451], [-75.7442080528005, 4.5744784580749], [-75.74420861703038, 4.574173475636545], [-75.74425675479826, 4.573922406324698], [-75.74437633815802, 4.573707345185023], [-75.74453148842301, 4.573594012611702], [-75.74463286125203, 4.57355832239317], [-75.74476988993543, 4.57357651684101], [-75.74494257541839, 4.573648601334971], [-75.74507345655492, 4.573768442852964], [-75.74517450999824, 4.573906174192579], [-75.7452458104264, 4.574019926167846], [-75.74531727714461, 4.574043979559657], [-75.74541266870669, 4.574020237779598], [-75.74553807801446, 4.573876949315505], [-75.74563973835188, 4.573685780169115], [-75.7457594970461, 4.5733750369056185], [-75.74586708398378, 4.57320181483086], [-75.74602229881772, 4.573052602921107], [-75.7462668701142, 4.572921496071746], [-75.74659484912875, 4.572802507233454], [-75.74676787625837, 4.572689206228409], [-75.74699473393386, 4.572468366413466], [-75.74725760160511, 4.572110049695562], [-75.74745508319752, 4.571661913804011], [-75.74754492384079, 4.571416897269382], [-75.74765232204459, 4.571345339196367], [-75.74774766907349, 4.571345512895441], [-75.74782507263583, 4.5713815403611955], [-75.74792616968212, 4.571495345733711], [-75.7480508513893, 4.571746739930401], [-75.74818163381325, 4.571920406296455], [-75.74827691500582, 4.571956461746071], [-75.74841993561229, 4.571956727063464], [-75.74855123812029, 4.571849331061813], [-75.74867074070009, 4.571676131141727], [-75.74871287486114, 4.57144896478361], [-75.74871325957571, 4.5712396654139855], [-75.74867196432793, 4.5710123448133935], [-75.74857726672371, 4.570659347087397], [-75.74855975301371, 4.570461975087353], [-75.74861379339166, 4.570240811715645], [-75.74879313111425, 4.569936159295384], [-75.74897219367404, 4.569781009800591], [-75.74919287103022, 4.569679757965034], [-75.7494849045605, 4.569662359299654], [-75.74965759045105, 4.569734440223916], [-75.74978862715543, 4.569770564414859], [-75.75008655386911, 4.5697890551571225], [-75.75034282169705, 4.569777570043057], [-75.75051568313194, 4.569753971611811], [-75.7506529088822, 4.569664525307727], [-75.75075444724534, 4.569539130238594], [-75.75077275304662, 4.569305941092576], [-75.7506956675904, 4.569096495761666], [-75.75044006136602, 4.5687491790660495], [-75.75038072186558, 4.5686115289119265], [-75.7504228101081, 4.568408282875297], [-75.75051847627567, 4.5682350391703865], [-75.75063778138359, 4.56816947862111], [-75.75078084486123, 4.568145823024362], [-75.75097147443925, 4.568182057288984], [-75.75118577374467, 4.568308037294561], [-75.75139989755746, 4.568529694393958], [-75.75179835164717, 4.568972955394784], [-75.75207189289307, 4.569290404644449], [-75.7522088227531, 4.569362419762531], [-75.75228628210488, 4.569368542264953], [-75.75237575792826, 4.569320866845512], [-75.75245935084746, 4.569231321858124], [-75.75251939297583, 4.568986252265037], [-75.7525856362478, 4.568609627151791], [-75.75265731081997, 4.568520062015155], [-75.7527705582176, 4.568508307830022], [-75.75288367322284, 4.568568318904139], [-75.75292520139342, 4.568670057915691], [-75.75291308497678, 4.568777673888408], [-75.75287108522215, 4.56893308156764], [-75.75287086610605, 4.569052682217605], [-75.75290051895445, 4.569130474761537], [-75.7529660161395, 4.5691604969703015], [-75.7530970963439, 4.5691727023816595], [-75.75325206919949, 4.569155044563431], [-75.75344885414978, 4.569083647848827], [-75.75361586613292, 4.569000237549611], [-75.75376486834666, 4.568988551810641], [-75.75388996739356, 4.569012701997087], [-75.75396733815096, 4.569066667805397], [-75.75402079617439, 4.5691624459153655], [-75.75402654601594, 4.569276079716503], [-75.75396066621254, 4.569455359711059], [-75.75396635131231, 4.569604873403127], [-75.75403168302947, 4.569724591571117], [-75.75415662903528, 4.569832464974188], [-75.75436511429402, 4.569880690404788], [-75.75462138206255, 4.569869202871204], [-75.75488960222137, 4.5698398008765775], [-75.75491968312761, 4.569684372270293], [-75.7549854104277, 4.569588811989565], [-75.75510476905566, 4.569493350928996], [-75.75535528736334, 4.569368232267757], [-75.75574893403673, 4.569183576209589], [-75.75598739122756, 4.56913617515236], [-75.75613629433343, 4.569178309569552], [-75.75623151020001, 4.569250248278943], [-75.75630282399325, 4.569358019312795], [-75.7564096741352, 4.5695854591076435], [-75.7565046489012, 4.569788957956236], [-75.75664727588008, 4.570004503451615], [-75.75683762061273, 4.570196215731239], [-75.75702219321907, 4.570286258868543], [-75.75725463624782, 4.570268747449731], [-75.75749910568338, 4.5701914546090965], [-75.75761849787256, 4.570078056088145], [-75.7576605854447, 4.569874808097542], [-75.75755983637515, 4.569569638822209], [-75.75742922634153, 4.569300294943308], [-75.75737000537382, 4.569096862076069], [-75.75741203721036, 4.568923519339343], [-75.75751359473239, 4.568786165062418], [-75.75767459325975, 4.568732639831497], [-75.7579368644398, 4.568697241133372], [-75.75815732216114, 4.568715586701776], [-75.75846709156103, 4.568775958404424], [-75.75871120070074, 4.568896009570425], [-75.75896714177306, 4.569063922140703], [-75.75925271544405, 4.569321590833717], [-75.75960975512521, 4.569603313942136], [-75.75990150619037, 4.569741394450275], [-75.76014579084136, 4.569765760141517], [-75.76031271409123, 4.569730187348542], [-75.76040818193863, 4.5696645809380305], [-75.76047396310346, 4.569539119943547], [-75.76049220116245, 4.569341812144149], [-75.76049280062496, 4.569012906807393], [-75.76054074803221, 4.56886349280836], [-75.76062438380454, 4.568750025002879], [-75.76079731122708, 4.5686905429345686], [-75.76099396519831, 4.568690903121235], [-75.76120246158241, 4.568733147435639], [-75.76134531896656, 4.568823113331471], [-75.76168459177043, 4.569044996977716], [-75.76208347930665, 4.569255032320931], [-75.76232177214612, 4.569297330294028], [-75.7625244825578, 4.569243883684659], [-75.76269157058728, 4.569118606881362], [-75.76284093258387, 4.5689095768658525], [-75.76287708038757, 4.568694360069724], [-75.76290166935947, 4.568281779915799], [-75.76300355342183, 4.567965022017139], [-75.76312900233776, 4.567797809833274], [-75.76328406126959, 4.567732310683234], [-75.76342710368583, 4.56772061271946], [-75.76356523964817, 4.567785451865836], [-75.76390786474471, 4.568130533361941], [-75.76416455932862, 4.5685400416645825], [-75.76439270100187, 4.56892079372728], [-75.76451411269916, 4.5690071297248025], [-75.76465716133616, 4.568993040299562], [-75.76490778792018, 4.568806919621532], [-75.76530195870762, 4.56833402032936], [-75.76573150573462, 4.568069287803597], [-75.76600336382472, 4.568005201230382], [-75.76627500138575, 4.568063106759373], [-75.76665360376036, 4.568286259237275], [-75.76694660292276, 4.568394435796263], [-75.76721124481742, 4.568366216999755], [-75.76739025634184, 4.568237372616934], [-75.76746925686555, 4.568050938336415], [-75.76762010698286, 4.567678054959881], [-75.7679495771527, 4.567391612304173], [-75.76847199568873, 4.567177281780017], [-75.76904432855436, 4.567041979837769], [-75.76923030911477, 4.56701361536153], [-75.76933745770455, 4.567078395743908], [-75.76935875525595, 4.567164548200591], [-75.76927978129275, 4.567336630564976], [-75.76911498128848, 4.567515734179639], [-75.76879260986665, 4.567830894628643], [-75.76869926905098, 4.568038833133033], [-75.76870613405974, 4.5681967202628835], [-75.76878456157972, 4.568326033303717], [-75.76899896412758, 4.568398187780091], [-75.76942078716726, 4.568449192404314], [-75.7698929405554, 4.568349587157977], [-75.77019356018702, 4.568199434352779], [-75.77041567322472, 4.567963027705782], [-75.77050209616384, 4.567625905923053], [-75.77048870397607, 4.567123552980474], [-75.77042153857528, 4.566697648175195], [-75.77028363159917, 4.566506032198606], [-75.77022189825935, 4.566371964046919], [-75.77019843358808, 4.566166205687879], [-75.7702178056147, 4.565998797811468], [-75.7703086376712, 4.56586022473062], [-75.77049964382306, 4.56568834582945], [-75.7707955245988, 4.56552144472822], [-75.77094343504885, 4.565454734708846], [-75.77103877438957, 4.565459692387203], [-75.7711627507606, 4.565445564706603], [-75.77126290924967, 4.565421829352404], [-75.77150635704, 4.565250043231126], [-75.77177864164746, 4.564949140809344], [-75.77207014381207, 4.564566946628661], [-75.77213708557687, 4.564457031885442], [-75.77215628513065, 4.56438530702544], [-75.77218065776697, 4.564088737915588], [-75.77219034797471, 4.5640026412426336], [-75.77222861725046, 4.563930949326392], [-75.77241954539812, 4.563802124794334], [-75.77252446209138, 4.563783182024409], [-75.77261978287123, 4.563797705638102], [-75.77269591371413, 4.563879175579177], [-75.77275286328727, 4.564022803414039], [-75.7728191396766, 4.564281262438486], [-75.77285214861985, 4.56448225374978], [-75.77285193330212, 4.5646018578249725], [-75.77280380104519, 4.564855324601412], [-75.77275080739295, 4.5651614120537305], [-75.7727505557248, 4.565300149073798], [-75.77284554134819, 4.56550125586115], [-75.77295024982692, 4.5655971258138885], [-75.77311225494269, 4.565645265237423], [-75.77320287013842, 4.565626290770783], [-75.77329841584059, 4.565516429813508], [-75.77337025510411, 4.565334765070155], [-75.7733897310518, 4.565109947957904], [-75.77336613523345, 4.564975950652481], [-75.77336155819812, 4.564870692387082], [-75.77338082584356, 4.5647606926870905], [-75.77342867260397, 4.564665101280839], [-75.77351458096302, 4.564612629019277], [-75.77362904067286, 4.564588915861422], [-75.77373387088909, 4.564617811024908], [-75.77389588431848, 4.5646611628528], [-75.77402457826908, 4.5646757486958265], [-75.77414381376751, 4.5646472611307], [-75.77432043977883, 4.564518411076185], [-75.77453038607841, 4.564418326923702], [-75.77469721841973, 4.564432983822085], [-75.77479722863309, 4.564490572662281], [-75.77485427363297, 4.564581574409705], [-75.77490166336804, 4.5647395361483865], [-75.7749157059461, 4.5648830864270495], [-75.77488684281792, 4.56502655420597], [-75.77481984119893, 4.56516995900756], [-75.77470990610298, 4.565327631229282], [-75.77457138501934, 4.565475687284785], [-75.77441854408549, 4.565633284258859], [-75.7743897577279, 4.565733699675852], [-75.77438955141481, 4.565848516976936], [-75.77441913063554, 4.565968171882401], [-75.77454402667946, 4.5661059450777515], [-75.77469879378044, 4.5662019064251105], [-75.7750443014338, 4.566274293627997], [-75.77534224120137, 4.56628679532835], [-75.77556287324117, 4.566209454097414], [-75.77583132995956, 4.566048480242972], [-75.77601637932091, 4.565875391580889], [-75.77612402174556, 4.565666281745098], [-75.77616033805567, 4.565355381610489], [-75.77619068328458, 4.565050450095015], [-75.77631012732056, 4.564907145056013], [-75.77645917223, 4.564871534931844], [-75.77662007131478, 4.564871825627422], [-75.77686411967754, 4.5650277505626935], [-75.77700085866513, 4.565207402029462], [-75.77708990335634, 4.565398931201193], [-75.7771133946553, 4.565590337383255], [-75.77711881605292, 4.565889350973184], [-75.7770886746654, 4.566080661239959], [-75.77701682028247, 4.566271895417482], [-75.77688527488473, 4.566516841267541], [-75.77680732012664, 4.56678580521584], [-75.77679509974088, 4.566953226220799], [-75.77684256860985, 4.567066935552095], [-75.77697940471221, 4.567192766177797], [-75.77715215860152, 4.567228961750922], [-75.77732504160831, 4.567193395280549], [-75.77752190181047, 4.5670801274106285], [-75.77774879544701, 4.566835353363336], [-75.777952022376, 4.566494853854465], [-75.77810765208815, 4.566112408091343], [-75.77822743900762, 4.565777738297599], [-75.77828170706943, 4.565425010630196], [-75.77831218138006, 4.565048315825074], [-75.77833083335523, 4.56461777978965], [-75.7783668456178, 4.5644743243636166], [-75.77850418832224, 4.564319087000599], [-75.77866535567165, 4.564169876336972], [-75.77882038233714, 4.56412231561029], [-75.77898124910806, 4.564140549060717], [-75.7791777854064, 4.564206684296757], [-75.7793800449182, 4.564404394735605], [-75.77956423312922, 4.564709715008405], [-75.77968914044598, 4.564841505180158], [-75.77986181862146, 4.5649195584212485], [-75.77996907437878, 4.564925731556081], [-75.78, 4.564912731226493], [-75.78, 4.6], [-75.77990369453344, 4.601960342806591], [-75.77961570560807, 4.603901806440322], [-75.77913880671466, 4.605805693545089], [-75.77847759065023, 4.607653668647301], [-75.77763842528697, 4.6094279347365195], [-75.77662939224605, 4.611111404660392], [-75.77546020906726, 4.612687865683273], [-75.77414213562373, 4.61414213562373], [-75.77268786568328, 4.615460209067255], [-75.7711114046604, 4.61662939224605], [-75.76942793473653, 4.617638425286967], [-75.76765366864731, 4.618477590650225], [-75.76580569354509, 4.619138806714644], [-75.76390180644033, 4.619615705608064], [-75.7619603428066, 4.619903694533444], [-75.76, 4.619999999999999], [-75.74579221999912, 4.619999999999999], [-75.7458218731048, 4.619941820244965], [-75.74585733921937, 4.619830128009664], [-75.74586421569002, 4.61973927174884], [-75.74585509056865, 4.619670536970983], [-75.74580985802332, 4.619578031289714], [-75.74580623409653, 4.619533918281611], [-75.7458778472112, 4.61936640485181], [-75.74594442099215, 4.619243697032894], [-75.74597208301698, 4.619214758482279], [-75.74600992170907, 4.619194460714622], [-75.74607508864463, 4.61917553596909], [-75.74613281355256, 4.6191691288512295], [-75.74620921429405, 4.619180705870281], [-75.74645124870051, 4.619257909552152], [-75.74657346894864, 4.619281853725555], [-75.74666442942161, 4.619287126684196], [-75.74676731381034, 4.619281016318988], [-75.74680612863834, 4.619271842088067], [-75.74683894359354, 4.6192510276930605], [-75.74687994483111, 4.6192050946178895], [-75.7469091066511, 4.6191503771626445], [-75.74692442865339, 4.619089351911099], [-75.74692200082852, 4.619035811001065], [-75.74690291103815, 4.618986597055875], [-75.74686984183626, 4.618937636186387], [-75.74676815812778, 4.6188650512732226], [-75.74670222839148, 4.618774517998214], [-75.74667944094581, 4.618720069735186], [-75.74666812560815, 4.618668861235839], [-75.74666824240347, 4.618616594130305], [-75.74667896417328, 4.618561365991362], [-75.74669815030445, 4.618512527068728], [-75.74672927166013, 4.61846436869922], [-75.74677504076458, 4.6184135825707875], [-75.74682247219684, 4.618375237194029], [-75.74689358042602, 4.618332183300247], [-75.74701645089279, 4.618276093734983], [-75.74713976442618, 4.6182141146827735], [-75.74719376689303, 4.618178294917567], [-75.74712999316118, 4.618150948420335], [-75.74704798857906, 4.6180662793592395], [-75.74701773289082, 4.618028287568649], [-75.7469706186407, 4.617993161719713], [-75.74637930312818, 4.617723253254188], [-75.74582571172634, 4.617500626346601], [-75.74568888798584, 4.617429390401173], [-75.74555229478493, 4.6173412658523185], [-75.74550944582303, 4.617306213713269], [-75.74548090506244, 4.617270899128521], [-75.74540729123262, 4.617103170900759], [-75.74535612268548, 4.617020426864736], [-75.74515607904033, 4.616852863700505], [-75.74509674799108, 4.6168309463128505], [-75.74500475079799, 4.6168139647143045], [-75.74492601725318, 4.616799431306699], [-75.7447779757865, 4.616797609865977], [-75.74470326383768, 4.616787508551966], [-75.74441232721223, 4.616706406895125], [-75.74432893682797, 4.6166691449060115], [-75.74419359602736, 4.616573734215205], [-75.74401822170506, 4.616470444563311], [-75.74391183325658, 4.616378220411285], [-75.74384225528495, 4.616293504337008], [-75.74381566511752, 4.6162399094356035], [-75.74378836391301, 4.616127193634026], [-75.7437444342544, 4.616010409978947], [-75.74369580668186, 4.61593121398492], [-75.74363953506625, 4.61586964761201], [-75.74355690612964, 4.615816931268488], [-75.7434169302111, 4.615756641584015], [-75.74337170682664, 4.615747667146325], [-75.74328450534713, 4.615748526164199], [-75.74318510162405, 4.6157375926408175], [-75.74310681497455, 4.61571977476931], [-75.74302579922352, 4.6156904070387155], [-75.74282317422572, 4.615589424438746], [-75.74256301002153, 4.615422383595567], [-75.7424951165758, 4.615360775216407], [-75.7421095061353, 4.614865194923126], [-75.74192212083334, 4.614688322258237], [-75.74186375192218, 4.614624591377896], [-75.74183139971714, 4.614601252101559], [-75.74174515013232, 4.614571505685657], [-75.74165723516556, 4.61455688156603], [-75.7415742376283, 4.614554758897918], [-75.74149565473377, 4.614571454107283], [-75.74145134185437, 4.614601105929387], [-75.74141564957368, 4.614677862888999], [-75.74139503674508, 4.61470509980104], [-75.7413056538965, 4.614777468349755], [-75.74122220235319, 4.6148722893580105], [-75.7411325852161, 4.614945359417443], [-75.74105525322099, 4.614982134069768], [-75.74098840298888, 4.614997694578471], [-75.74092542534765, 4.6149908478889525], [-75.74086605673536, 4.614965218273128], [-75.74080627224967, 4.614902362388376], [-75.74076701072765, 4.614823112577219], [-75.74073748112355, 4.61467515323505], [-75.74072568418785, 4.614505823356836], [-75.74070973369325, 4.61441808160541], [-75.74066911463757, 4.614279462797998], [-75.74058783028168, 4.6140598747001444], [-75.74055244038718, 4.613986803220157], [-75.74049162886391, 4.613892685252424], [-75.7404392437396, 4.613840395626673], [-75.74038146084848, 4.613801383194847], [-75.74032052942871, 4.613781195290281], [-75.74024519318746, 4.613776001734], [-75.74017288669761, 4.613787710425054], [-75.74010180573485, 4.61381475807799], [-75.74000094690963, 4.613887367881815], [-75.73977941298892, 4.614122838701384], [-75.73973224669054, 4.614149409761186], [-75.73957899110796, 4.61421064072608], [-75.73949605665288, 4.614234850360804], [-75.739403109827, 4.61424742160349], [-75.73929195972383, 4.61424699843305], [-75.73924385461561, 4.614230350712942], [-75.739188379344, 4.614168193899785], [-75.73914543414888, 4.6140485308911865], [-75.73911268564231, 4.613922087311469], [-75.73903815675367, 4.613546029656137], [-75.73905233127665, 4.613439963795886], [-75.73910026100482, 4.613323505308694], [-75.73916561004926, 4.613229643930959], [-75.73929182467887, 4.613094418824631], [-75.73931648310285, 4.613039798420468], [-75.73931768883521, 4.612962120570799], [-75.73929487171853, 4.612889370108976], [-75.73925356811085, 4.61283523763264], [-75.73921932265938, 4.61281034241876], [-75.73918828980234, 4.612787780696721], [-75.73910210401449, 4.612755122612221], [-75.73903112155871, 4.612742078824328], [-75.73894141178576, 4.612741475955476], [-75.73882718631346, 4.612754956328433], [-75.73854957696611, 4.6128176243411545], [-75.73833157089555, 4.612889424121602], [-75.73810478193411, 4.612934951126087], [-75.73793037761732, 4.612993455439917], [-75.73778808297658, 4.613014653950735], [-75.73769792055232, 4.612999407755898], [-75.73760122482634, 4.61295387083749], [-75.73740264292907, 4.612777614161705], [-75.73738615723933, 4.612639407854679], [-75.73741708658679, 4.612476265044175], [-75.73745638599169, 4.6123786323720495], [-75.73756983989952, 4.612156718899644], [-75.73763226103928, 4.612008961977773], [-75.73765364261455, 4.611941069816785], [-75.7376659016335, 4.611809716209847], [-75.73765551637393, 4.611755051113917], [-75.73763437890135, 4.611699960125403], [-75.73759069684132, 4.611632833353756], [-75.73753424258382, 4.611579586270511], [-75.73742489269972, 4.611520830791783], [-75.7372739873451, 4.6114613677252985], [-75.73716469428167, 4.611399330411869], [-75.73706665770891, 4.611331774075015], [-75.73674312084157, 4.611077158318632], [-75.7366477641975, 4.610982690939495], [-75.7365619828261, 4.610882199360096], [-75.73647273634325, 4.61075788419891], [-75.7363304810409, 4.6105328316793805], [-75.73630812916169, 4.610508997758489], [-75.7362688087179, 4.610467072219738], [-75.73615227082428, 4.610388117780164], [-75.73606175203628, 4.610314303559043], [-75.73602140030347, 4.610291265823543], [-75.73598050916297, 4.61028076335311], [-75.73587904918807, 4.610276238405903], [-75.73578570009423, 4.610261352063328], [-75.73573078838875, 4.610246463115241], [-75.73568868883468, 4.610225293444527], [-75.73562968866099, 4.610175533595552], [-75.73556058138058, 4.61009664118835], [-75.73551556765538, 4.610029638573698], [-75.73546654075486, 4.60992765809059], [-75.73543541498762, 4.609906190268209], [-75.73538779896349, 4.609891792062308], [-75.73533204604497, 4.609884963745223], [-75.73528453795686, 4.6098879419981325], [-75.73515957088466, 4.609926368421217], [-75.7350582354408, 4.609984763771942], [-75.73494379259184, 4.610077531277297], [-75.73489494780902, 4.610098479158567], [-75.73471031710234, 4.610120967171706], [-75.73455284256099, 4.610120848800762], [-75.73441900982336, 4.6101004979647096], [-75.73423540607098, 4.610023366226932], [-75.73415159600583, 4.6099701480761235], [-75.73380825505957, 4.609702449280667], [-75.73373159467518, 4.609663597175359], [-75.73365470302046, 4.609640596883338], [-75.73357636123191, 4.609635353332827], [-75.73348706529289, 4.609647085894061], [-75.73343394575124, 4.609667366709038], [-75.73327663087515, 4.609750253733204], [-75.73317966057884, 4.609774856397297], [-75.733061724728, 4.60979275967794], [-75.73292997508923, 4.609799570557941], [-75.73275819658066, 4.609796152021933], [-75.73266138176041, 4.6097784887507185], [-75.73257729339973, 4.609749319026786], [-75.73250827193122, 4.609707426084438], [-75.73244357983813, 4.609643268724251], [-75.73238185043758, 4.609555431096977], [-75.7323393860935, 4.609464269388027], [-75.73230343398045, 4.609336444792492], [-75.73228651940937, 4.609077877351357], [-75.73221666926149, 4.608890079903289], [-75.7322004997465, 4.6087550130437425], [-75.73218007361773, 4.608696849727484], [-75.7321444178751, 4.608636880028394], [-75.73209934533362, 4.608584803328443], [-75.7320437187551, 4.608541252289691], [-75.73198544712162, 4.60851067405654], [-75.7318991972477, 4.608494372043794], [-75.73182478599259, 4.608507002605185], [-75.73178633933945, 4.608538780110968], [-75.7316703722222, 4.6086850200075515], [-75.73161090992996, 4.608714903995987], [-75.73155217770147, 4.608721765386912], [-75.73150503932614, 4.608710235230192], [-75.731466696368, 4.608688041850566], [-75.73133846084055, 4.608529438749074], [-75.73125925689111, 4.608462879862994], [-75.73114329255351, 4.608398560555243], [-75.73103549585666, 4.608365363914624], [-75.73051133376156, 4.608364644005977], [-75.73022123935652, 4.608398071553962], [-75.73007941944626, 4.608405650023658], [-75.72977788065643, 4.608398033958352], [-75.72942973951577, 4.608357901385926], [-75.7293748642202, 4.608389365893352], [-75.72932888137119, 4.608429203558108], [-75.72925707716637, 4.608544267704198], [-75.72919276865854, 4.60870609033113], [-75.72915130414407, 4.608893744174756], [-75.72914461427918, 4.6089785574355], [-75.72915713393976, 4.6090561090391935], [-75.72919883063669, 4.609194779216174], [-75.7292546551031, 4.609304786622884], [-75.7292669116241, 4.6093506887667], [-75.72926454463179, 4.6094516103142675], [-75.72923899733478, 4.60953584336448], [-75.72915566831051, 4.609714310656377], [-75.7291238548704, 4.609758595886176], [-75.72901639666988, 4.609821462844019], [-75.72887112479582, 4.609885173053642], [-75.72883652917552, 4.609909603250336], [-75.7288095348327, 4.60993952595146], [-75.72867180310786, 4.610174679845516], [-75.72865929637977, 4.610218757074027], [-75.72864819461834, 4.6103287876550825], [-75.72861673375243, 4.610404317920913], [-75.72856190569546, 4.610482891432385], [-75.7283685378261, 4.610713835905799], [-75.72830515806574, 4.610765232341071], [-75.72814388658388, 4.6108549257936975], [-75.72800862928138, 4.610948451711533], [-75.72792937760622, 4.611024058117892], [-75.72774616459675, 4.611225278425384], [-75.72766909032603, 4.611293553035163], [-75.72763005458266, 4.611316022315515], [-75.72757336288932, 4.611322040371086], [-75.72749962298124, 4.6113096178327915], [-75.7272535604502, 4.61119305041157], [-75.72713468057356, 4.611151511160179], [-75.72706404610076, 4.61115182777856], [-75.72699586938916, 4.611177892180208], [-75.72695234111204, 4.611232098821345], [-75.72688852367142, 4.611388411621313], [-75.72689238162052, 4.611419156860301], [-75.72693357536029, 4.6114680450780625], [-75.72694352715325, 4.611493601349333], [-75.72694414971781, 4.61154743222897], [-75.72693022321369, 4.611608079250928], [-75.72689896111922, 4.611671300631325], [-75.72686032996118, 4.611725201896647], [-75.7268192308142, 4.611762247315548], [-75.72676717675476, 4.6117925212578506], [-75.72667100914151, 4.611816663711655], [-75.72649874590297, 4.611822561678758], [-75.72641980526582, 4.611807408106936], [-75.72636493411639, 4.611796869263928], [-75.72623262820815, 4.611748153858023], [-75.72614731310489, 4.6117427998726965], [-75.7260697032567, 4.611752475391685], [-75.72601638832816, 4.611767999678118], [-75.72597044737681, 4.611796024407974], [-75.72590000976125, 4.611851988776179], [-75.72581180835503, 4.611889923860504], [-75.72569306295391, 4.611916748371173], [-75.72559677657452, 4.611943801198238], [-75.7255103893408, 4.611974825311317], [-75.72547331493514, 4.611988134727781], [-75.72532269202286, 4.612042320587574], [-75.72519185044656, 4.612074260325968], [-75.7250882320169, 4.612064159016653], [-75.72501670108583, 4.612049166673286], [-75.72492868096978, 4.611996955041823], [-75.72482245385844, 4.612061132394254], [-75.72468407002006, 4.612167338076451], [-75.72453336599483, 4.612263616127091], [-75.72440490870358, 4.612340127365876], [-75.72433818594753, 4.612391995774748], [-75.72428375937292, 4.612466175151954], [-75.72426496255885, 4.6125467483531], [-75.72425237699684, 4.6126779525680135], [-75.72427676231759, 4.612831513124475], [-75.72429591630429, 4.6131410568135545], [-75.72427820658054, 4.613371293317698], [-75.72423989004311, 4.613553346140246], [-75.72417388806755, 4.6136588644268155], [-75.72405969878722, 4.613729077821972], [-75.72398072911614, 4.613733329845942], [-75.72390182512477, 4.613702363756178], [-75.723858149246, 4.613601039111285], [-75.72381469944521, 4.613380865867433], [-75.72379307313535, 4.613217954334549], [-75.72374519370045, 4.613019780186096], [-75.7236314801826, 4.612839086648156], [-75.72353518842307, 4.6127244578745605], [-75.72337738160914, 4.612662528134781], [-75.7232590891781, 4.612583068715499], [-75.72316267170547, 4.612534466263128], [-75.72302668343814, 4.612534208024851], [-75.7229213170948, 4.6125780252268385], [-75.72278953135707, 4.6126746146969495], [-75.72255626856935, 4.612876040400468], [-75.72241043491414, 4.613006992224924], [-75.72236833634445, 4.6130861461197386], [-75.72236072697055, 4.613195077158929], [-75.72235306644794, 4.613331242895287], [-75.72238244702073, 4.613452627684978], [-75.72238968975755, 4.6135368237925585], [-75.72236980913155, 4.613611068585139], [-75.72232776170185, 4.613662985995588], [-75.72225362658875, 4.613719790739802], [-75.7221696498148, 4.613761723252922], [-75.72203381785226, 4.613823367131194], [-75.72194494781564, 4.613843002675418], [-75.72179440401392, 4.613855095781936], [-75.72166601613911, 4.6138944694423], [-75.72156232201021, 4.613923983109194], [-75.72153204929744, 4.613931373918046], [-75.72143148136317, 4.613955922448751], [-75.72128097368903, 4.613948203715675], [-75.7211551797342, 4.613920727686145], [-75.72112606129762, 4.613909964932459], [-75.72098010643126, 4.613856016022405], [-75.72077050495326, 4.613781334306735], [-75.7206225460147, 4.6137315306829265], [-75.72049427124992, 4.613711476986919], [-75.72040049885119, 4.6137137748525285], [-75.72028943061015, 4.6137284183584155], [-75.72020550162264, 4.613745590282014], [-75.72006969736758, 4.613792375277601], [-75.71986714066908, 4.613905885321455], [-75.71976580742341, 4.613992353931245], [-75.71964463764111, 4.614128301585712], [-75.7196000809817, 4.614202498262899], [-75.71956040341313, 4.614306414936211], [-75.7195256222011, 4.61443015340633], [-75.71946114467482, 4.614598396847096], [-75.71934728029264, 4.6147863583629665], [-75.71919399033466, 4.614944529863761], [-75.719063039899, 4.615033417331643], [-75.71875383380493, 4.6152254049596495], [-75.71841299077954, 4.615393122404533], [-75.7181685136792, 4.61549169501084], [-75.71801282680994, 4.615612724860637], [-75.7179563797772, 4.615685595764399], [-75.7176710386572, 4.615742699194875], [-75.71745708387182, 4.615795111873828], [-75.71725958472456, 4.615844255772184], [-75.71708180782751, 4.61590333791936], [-75.71680240308055, 4.616154439940974], [-75.71672663055203, 4.616207115782372], [-75.71660149359903, 4.616266299913849], [-75.71649937555675, 4.616332134425804], [-75.71641364508682, 4.616431008792202], [-75.7163674019949, 4.616526662691436], [-75.7163506620593, 4.6166784917040005], [-75.7163570346172, 4.616787450111293], [-75.71637986381663, 4.616893136166983], [-75.71640933615622, 4.616965823383105], [-75.71644866560472, 4.617045130955757], [-75.71647479780792, 4.617144224849037], [-75.7164778302582, 4.617279585408638], [-75.71643624639795, 4.617326369825788], [-75.71639030096274, 4.61740009912673], [-75.71634718475096, 4.617445976354534], [-75.71629158259306, 4.6174890456232855], [-75.71620402366632, 4.6175487683525445], [-75.71609419360942, 4.6176418707434825], [-75.71595367877777, 4.617812910959693], [-75.71586881485736, 4.6179158149379935], [-75.71579361513788, 4.618045197829246], [-75.71571426337057, 4.618169001631528], [-75.71567641211824, 4.61824327580439], [-75.71563484880792, 4.618324837083946], [-75.71555134316633, 4.618443061811694], [-75.71549843607687, 4.6185279210603385], [-75.71544554299848, 4.618605812035274], [-75.71539826060085, 4.618653075750031], [-75.7152925972592, 4.6187447953217085], [-75.7151341599174, 4.618851736597355], [-75.71493119709922, 4.61901569177585], [-75.71482141167887, 4.619085116698863], [-75.71469916934566, 4.619136415725961], [-75.71463390370927, 4.619151611144911], [-75.71458254801833, 4.619151511394695], [-75.71453676180883, 4.619141672931853], [-75.71449098964605, 4.619124871606955], [-75.71442579061282, 4.619105248208808], [-75.71436612534274, 4.619095384255131], [-75.71432169558848, 4.619102263244064], [-75.71425085391414, 4.619129981764092], [-75.71417859287027, 4.619174412113554], [-75.71413827378474, 4.6192091527901], [-75.71408955309903, 4.619282875604157], [-75.71407415993734, 4.6193483055848255], [-75.71406709040701, 4.619416537800189], [-75.71408637471741, 4.619493176840639], [-75.7141112771858, 4.619536401449305], [-75.71415278107594, 4.6196075131201555], [-75.7141651300383, 4.619682747648368], [-75.71416641055029, 4.619738459657156], [-75.714155190013, 4.619799719655116], [-75.71412315230377, 4.619859545170258], [-75.71410121102845, 4.619925658375797], [-75.71409762426065, 4.619976764944019], [-75.71408792341973, 4.619999999999999], [-75.70525909771263, 4.619999999999999], [-75.70531543516515, 4.61993100239469]]]]}}, {"type": "Feature", "properties": {"MpNombre": "Circasia", "Depto": "Quindío", "MpCodigo": "63190", "rol": "contexto", "marca": "F"}, "geometry": {"type": "Polygon", "coordinates": [[[-75.62663234112371, 4.619625691897211], [-75.62685578857733, 4.619213767550367], [-75.62704707487283, 4.618861133360907], [-75.62753074058517, 4.618018914104055], [-75.62766904484968, 4.617778079084534], [-75.62796473976535, 4.617259896342286], [-75.62805642477151, 4.617113385144052], [-75.62850315437915, 4.616447611557492], [-75.62872388207586, 4.616063315942357], [-75.62892207496442, 4.615675399891927], [-75.62907828860325, 4.615338404092164], [-75.62914548540003, 4.615167504717502], [-75.62935961818945, 4.614783683094969], [-75.62961515658017, 4.614154337709757], [-75.62980698436617, 4.613596619945433], [-75.63009493444254, 4.612656392730655], [-75.63025491292319, 4.612130498752725], [-75.63040672028887, 4.611716214883045], [-75.63055831716983, 4.611405573690243], [-75.63090122264754, 4.610792350630871], [-75.63093207481005, 4.61075723907393], [-75.63118792792663, 4.610466040905525], [-75.63144272119544, 4.610203451986528], [-75.63168150906444, 4.60999664125221], [-75.63211927836443, 4.609622800672772], [-75.63242970586036, 4.609352348812675], [-75.63275596024461, 4.609113820292822], [-75.63302653069385, 4.608907074309517], [-75.63315931815652, 4.608828855897991], [-75.63333678130955, 4.60872432295186], [-75.63370257060656, 4.608581554859828], [-75.63406834396795, 4.608446754418525], [-75.63452967359174, 4.6082085039454075], [-75.6348638086451, 4.608001880873779], [-75.63505484208345, 4.607834835156298], [-75.6352697921538, 4.607627976165345], [-75.63543703582839, 4.607436959240649], [-75.6355486282931, 4.607261778606327], [-75.63557326960066, 4.607192682097635], [-75.6355995749284, 4.607118915249755], [-75.63567648086574, 4.606903252807781], [-75.6357008001393, 4.606664111152763], [-75.63568535817419, 4.606440835407982], [-75.63564599958231, 4.6062573783280785], [-75.63555893486497, 4.6060897677705], [-75.63539252736057, 4.605866183101068], [-75.63510715890285, 4.605530736897618], [-75.6349250529053, 4.605211446874624], [-75.63488740374598, 4.60511432509982], [-75.6348389774138, 4.604989395673536], [-75.63478277115203, 4.6048443990931], [-75.6347435727362, 4.604581209993335], [-75.63472838895102, 4.604230367682656], [-75.63475286778446, 4.603911497754205], [-75.63481689924231, 4.603680407949121], [-75.6349525359903, 4.60340162632396], [-75.63512785264074, 4.603146846650864], [-75.63540539636774, 4.602845000308278], [-75.6356693400171, 4.602557939154287], [-75.63608337697801, 4.602128234999558], [-75.63652958031899, 4.601507244192303], [-75.63678460820086, 4.601125052446427], [-75.63699189781559, 4.600774660737115], [-75.63703567821797, 4.600679319328175], [-75.63714512471469, 4.600440971715527], [-75.63725525582694, 4.600201132564649], [-75.63747874107935, 4.599699284232653], [-75.63770230466083, 4.599157570209343], [-75.63786196920536, 4.5987831602917915], [-75.63794969041706, 4.598623879424105], [-75.6380690984063, 4.598512496903314], [-75.63819641797029, 4.598417079167828], [-75.6383634188812, 4.5983456569256775], [-75.63852244176948, 4.598290167939684], [-75.6387529592734, 4.598242798315355], [-75.63941287062659, 4.598028856055561], [-75.6397230189715, 4.597893939872556], [-75.63983534504285, 4.59780975840096], [-75.63988216965865, 4.597774668239739], [-75.6400731666036, 4.5976235642450725], [-75.64020064689801, 4.5974484140390395], [-75.64032825528233, 4.597209479598674], [-75.64060779814814, 4.596803824375967], [-75.640662942427, 4.596723800417781], [-75.6408227785993, 4.596261684670058], [-75.64088853176158, 4.596087754379688], [-75.64100649962569, 4.595775700403298], [-75.6410258838708, 4.595717734853526], [-75.64088567929329, 4.5953533853301085], [-75.64081460972531, 4.595133482785374], [-75.64080606959354, 4.595049586894988], [-75.6407926937954, 4.594918166980053], [-75.6407948417953, 4.594752057814306], [-75.64045020729932, 4.593495667600246], [-75.64040876659071, 4.592763659847633], [-75.64053585930219, 4.59209593334697], [-75.64110233907056, 4.590832444782226], [-75.64151243939057, 4.590071029170636], [-75.64178404722033, 4.589499893168717], [-75.64217074708827, 4.588928989978449], [-75.64239005510453, 4.588611829328862], [-75.64241937772168, 4.588516877377708], [-75.64259856939456, 4.587936623865597], [-75.64266269890844, 4.587520987370904], [-75.64261427431379, 4.585834713372663], [-75.64261690120559, 4.584518117932127], [-75.64271645630708, 4.5836521318280035], [-75.64278637479032, 4.583219180896544], [-75.64299501239594, 4.582480454422113], [-75.64323780660935, 4.581926583419625], [-75.6436360887251, 4.581315276914518], [-75.64449279561909, 4.581472760412179], [-75.64477107005516, 4.581525048993991], [-75.64495139692059, 4.58157714323383], [-75.6451006702302, 4.581691250055625], [-75.64526040740286, 4.581727779895285], [-75.645373840258, 4.581717662657386], [-75.64544616681124, 4.581640210116835], [-75.64553421583068, 4.581433463364693], [-75.64573084194257, 4.5810665659427485], [-75.64601003168292, 4.58065845423079], [-75.64635616671988, 4.58028668169965], [-75.64660941580132, 4.579961281577619], [-75.64679500069008, 4.579961653727888], [-75.64699607167654, 4.579951709912621], [-75.64727461331779, 4.579869497428459], [-75.64750159298212, 4.579792355210982], [-75.6477954147109, 4.579803288906152], [-75.64805326396964, 4.57975724626681], [-75.64820806165376, 4.579685132238057], [-75.64838874841111, 4.579556168945717], [-75.64862088285635, 4.579479032706927], [-75.64877547560984, 4.579510384386752], [-75.64900215831906, 4.57958325872662], [-75.64929570285311, 4.579733864191108], [-75.64951206363119, 4.579811892721819], [-75.64961519782857, 4.579796578614842], [-75.6497185161822, 4.579688153244168], [-75.6498735091997, 4.579517748238126], [-75.65006965028334, 4.579393987309531], [-75.65031218797994, 4.579270313768978], [-75.65060101910932, 4.579198468981435], [-75.65081753432385, 4.57919889905768], [-75.65096708364246, 4.579173332240824], [-75.65114767786326, 4.579090925085625], [-75.65153479487252, 4.5788485580955385], [-75.65189599168671, 4.57867856599016], [-75.65210740378441, 4.578653121167794], [-75.6523341889708, 4.578674265741754], [-75.65254012780264, 4.578809177349426], [-75.65280285625438, 4.578902818742503], [-75.65312236178264, 4.578960359398612], [-75.65329758539252, 4.578986573372287], [-75.65359156083257, 4.578919906919892], [-75.65379800207127, 4.578801338138272], [-75.65396817333882, 4.578775811757482], [-75.65416908038932, 4.57884863263483], [-75.65443176702442, 4.578962965816041], [-75.65472024020261, 4.579072177338039], [-75.65507592475538, 4.5790832282099965], [-75.65531826823245, 4.579057847426391], [-75.65539593166132, 4.5788872863673005], [-75.65554063442497, 4.578706517007714], [-75.65580922228277, 4.5784432186340185], [-75.65609841994866, 4.57818513791839], [-75.65619663292905, 4.5780508342109325], [-75.65624331558975, 4.577906079288632], [-75.65635190971258, 4.577735582396017], [-75.65650696220644, 4.577534135661326], [-75.6566823596616, 4.577472407700786], [-75.65693495142256, 4.5774780840717755], [-75.65719270801235, 4.577478595196346], [-75.65733193687929, 4.5774581800538], [-75.65741462385144, 4.577354882142333], [-75.65752303424897, 4.577277497758356], [-75.65756448974552, 4.577168944978418], [-75.65762688109471, 4.576900065585675], [-75.65765797491757, 4.5768173570556065], [-75.65785414574945, 4.576678072218014], [-75.65805534942785, 4.576600875412549], [-75.6582357580332, 4.576611580638399], [-75.65843144878569, 4.576715432944066], [-75.65865303919512, 4.576757255720189], [-75.65877162682327, 4.576747145768114], [-75.65890063800423, 4.57668015109605], [-75.65917935066973, 4.5765099880940765], [-75.65937567398466, 4.576293104616899], [-75.65945343895159, 4.576070818175735], [-75.65949130630413, 4.575165593426181], [-75.65953298544743, 4.574943232388668], [-75.6596002463209, 4.574819208330714], [-75.65973966822078, 4.574700502206472], [-75.66000787684942, 4.5746286098316835], [-75.66017297333049, 4.574561686255468], [-75.66026596893396, 4.574458407058814], [-75.66027152139156, 4.574256665712158], [-75.66022547141716, 4.574080687758354], [-75.66019991889378, 4.573966830629483], [-75.66027231438309, 4.573853165311288], [-75.66040672338332, 4.5736620232862375], [-75.66055121862962, 4.573584712708823], [-75.66071103757265, 4.573579855752103], [-75.66087589039489, 4.57363708665454], [-75.66104094490946, 4.573590856371909], [-75.66122164871756, 4.573451540409887], [-75.6613921227085, 4.5732708147030365], [-75.66170252736016, 4.5727127333255275], [-75.66191973309671, 4.572361386839992], [-75.66205434400132, 4.572066784766414], [-75.66213712091401, 4.5719169282696175], [-75.66212718581458, 4.571725501430047], [-75.66171079987939, 4.571124596127345], [-75.66155131713158, 4.570958737965311], [-75.66147937880349, 4.570839616323059], [-75.6614436190801, 4.570674005117156], [-75.6614956161824, 4.570446489080307], [-75.66152701424242, 4.570208585067349], [-75.66169223090574, 4.570079582804841], [-75.66187291273357, 4.56995061255204], [-75.66222919279704, 4.569656446954869], [-75.6624305557578, 4.569496478970419], [-75.66264739444063, 4.569331365367746], [-75.66320975604489, 4.569099687231736], [-75.66342129680734, 4.569006985295271], [-75.66360199915968, 4.5688676669451915], [-75.6637312614209, 4.568671343386181], [-75.6637779710407, 4.568511069912252], [-75.66378368263476, 4.5682265569511555], [-75.66380450639394, 4.568123135072965], [-75.66394935493766, 4.567864762877907], [-75.66415111340167, 4.567503040800761], [-75.6642443998019, 4.567249742352061], [-75.6642394881287, 4.56712557844593], [-75.66431711823333, 4.566970534005481], [-75.66443105665101, 4.566701755384143], [-75.66444178181602, 4.566489677375018], [-75.66439561924095, 4.566370603944829], [-75.66429780359228, 4.566303161037922], [-75.6641998675806, 4.566297796985587], [-75.66405031031141, 4.56632853784414], [-75.6639110321067, 4.566374822008747], [-75.66383371621835, 4.566369496979707], [-75.66377716217636, 4.566291787737269], [-75.66374648521396, 4.566162399125075], [-75.66375702821894, 4.566043437560877], [-75.66377797164529, 4.5658779404316014], [-75.66376786529943, 4.565774455441552], [-75.66370641940446, 4.565562236006236], [-75.66352703511917, 4.565029048255402], [-75.66347583927663, 4.564847886825534], [-75.66350186791912, 4.564718610200735], [-75.66358462228784, 4.564579100370972], [-75.66373952663993, 4.564450077227891], [-75.66379644463595, 4.564341550752712], [-75.66379676902584, 4.564176012728695], [-75.6638177543089, 4.56398982144964], [-75.66387477334094, 4.563829564988242], [-75.66404047419093, 4.5634522522090215], [-75.66430477800387, 4.562738878990582], [-75.6644394758677, 4.562397718424283], [-75.66462542236496, 4.562211849251726], [-75.66479061576175, 4.56209319292074], [-75.66500756303833, 4.561871177146121], [-75.66514211962583, 4.561602435412735], [-75.66516314383698, 4.561395553799279], [-75.66515353060315, 4.561038584976368], [-75.66524719121281, 4.560593879263994], [-75.66532494083297, 4.560376759113054], [-75.665505852341, 4.560128804248929], [-75.6655679746683, 4.559994425956698], [-75.66559409365769, 4.559818590901322], [-75.665625336598, 4.559658285794475], [-75.66578571931711, 4.5593637287060815], [-75.66593556762624, 4.5591829644439725], [-75.66614230421509, 4.558909195931118], [-75.6663333629156, 4.5587440273893085], [-75.66660690202512, 4.558579024379229], [-75.66690100059182, 4.55844510163984], [-75.66728287617515, 4.558238925582609], [-75.66759778559559, 4.55800674976019], [-75.66771671400183, 4.557820751100911], [-75.66774271124686, 4.557706994123416], [-75.66785627285621, 4.557629620290676], [-75.66788220892133, 4.5575468981606955], [-75.66789287241892, 4.557365860086354], [-75.66794480482194, 4.557169380105592], [-75.66808992173107, 4.556771331646405], [-75.66823505808227, 4.556362938007211], [-75.66830785314303, 4.556042345252278], [-75.66833944762998, 4.555700979285214], [-75.66841711488892, 4.555525246023211], [-75.66856687155492, 4.55539103608251], [-75.66875252311775, 4.555355190183028], [-75.66890714303388, 4.555371009965707], [-75.6691235318745, 4.555433514598076], [-75.66931945334493, 4.555418378580402], [-75.66944335441173, 4.555325503338284], [-75.66945906017968, 4.555201377207829], [-75.66955827273101, 4.554549753603169], [-75.66960015732697, 4.554218757259144], [-75.66968831487243, 4.553949923040751], [-75.66986852916683, 4.554058913199693], [-75.67000762275983, 4.554105745583646], [-75.6703169131529, 4.55411152133233], [-75.67045621931715, 4.554049715630029], [-75.67062146036358, 4.553905191558982], [-75.67083817086773, 4.553802152407056], [-75.67114784344281, 4.553611353333649], [-75.67154550082867, 4.553239662258078], [-75.6717314726229, 4.553038270870019], [-75.67220100871593, 4.552816743336411], [-75.67242796902862, 4.552744764603011], [-75.67262933521732, 4.552579615687152], [-75.67287227235106, 4.552243835866937], [-75.673011807763, 4.5520630461516856], [-75.67314599800872, 4.551980538317684], [-75.67330589281606, 4.551934290647368], [-75.67351727821583, 4.551919183369899], [-75.67378017184464, 4.551924869429053], [-75.67398133665593, 4.551863185062578], [-75.67418776682067, 4.5517446059697795], [-75.67442526771288, 4.5515536617978745], [-75.67473503767877, 4.551311124592364], [-75.67488983817975, 4.55123382958657], [-75.67505479815495, 4.551234151558999], [-75.67528672214266, 4.551260469070307], [-75.67560108630981, 4.55130764003531], [-75.67598762060874, 4.551354951764352], [-75.67639994956504, 4.5513919685888915], [-75.6766680096939, 4.551392491287034], [-75.6771374242755, 4.551233034851599], [-75.6774934188545, 4.551078532619162], [-75.67761747911607, 4.5509028866440415], [-75.67777750344001, 4.55078938793692], [-75.67798375308723, 4.550763925604009], [-75.67812291788857, 4.550774540725547], [-75.67830310296704, 4.550899049389161], [-75.67853461816834, 4.551137466432162], [-75.67875086808706, 4.551272387214543], [-75.67893131334594, 4.551262393207113], [-75.67904487299612, 4.5511850143698815], [-75.67915352715067, 4.550978299198382], [-75.67920550591614, 4.550755955307868], [-75.67917523512645, 4.550414466263787], [-75.67921172027508, 4.550207607781744], [-75.67925833442068, 4.55009388778649], [-75.67937198382128, 4.549969953585527], [-75.67958872334266, 4.549851391411288], [-75.679965426383, 4.5496503694250325], [-75.68028551385056, 4.549402681425103], [-75.68050246172933, 4.5491754793595005], [-75.68073465555597, 4.549062119270056], [-75.68085841601346, 4.549041666743427], [-75.68096654100448, 4.549109128213819], [-75.68107451629183, 4.549254188577398], [-75.68124891918387, 4.549704593269763], [-75.6813311300783, 4.549844427407771], [-75.68140321966571, 4.549885952934089], [-75.68152182531239, 4.549865489606483], [-75.68164573361658, 4.549767439806982], [-75.68184702803181, 4.5496385011374105], [-75.6820120571314, 4.549602612416052], [-75.68213572684039, 4.549628714070012], [-75.68222312259208, 4.549753039573513], [-75.68240296000319, 4.550058606972396], [-75.68253168616208, 4.550136453766883], [-75.6826760263868, 4.550136737132358], [-75.68279469955807, 4.550080058892355], [-75.68289276481491, 4.550018174252135], [-75.68303200023793, 4.549992578279103], [-75.68315053535113, 4.550008326686298], [-75.68327922980669, 4.5501016914400925], [-75.68338202179623, 4.550262261327531], [-75.68348485337266, 4.550402136421439], [-75.68356722373899, 4.550459199132372], [-75.68375272359798, 4.550500945661173], [-75.683989755268, 4.550553134124526], [-75.6842577256508, 4.5506002121277245], [-75.68456189056724, 4.550590455644291], [-75.68479389637658, 4.5505753850479325], [-75.68490732576514, 4.550565258384355], [-75.68505665211995, 4.55065349105407], [-75.68529884818128, 4.55070051839165], [-75.685587488687, 4.550721768617606], [-75.68588139364024, 4.55068612720053], [-75.68602593266418, 4.5505829417036034], [-75.68617581594097, 4.5503814788984505], [-75.68630998465608, 4.550309313855103], [-75.68650592455761, 4.55028382455404], [-75.68666571044878, 4.550294479391795], [-75.68682534729122, 4.550382731842582], [-75.68690767826249, 4.550460488708916], [-75.68708288921039, 4.550491867123522], [-75.68722219331876, 4.550430059413422], [-75.68743371673064, 4.550342522034453], [-75.68772777083643, 4.550229279696791], [-75.68786696616321, 4.5502243766369075], [-75.68800085772693, 4.550297058754174], [-75.68807268117101, 4.550478263138772], [-75.68806713923709, 4.5506800046349465], [-75.68797905691606, 4.550912626835515], [-75.68796326491612, 4.551083311987227], [-75.68802994332623, 4.551259330068304], [-75.68818437479955, 4.551373438191921], [-75.6883183559331, 4.55139956410131], [-75.68841122616753, 4.551358359375753], [-75.68856097895386, 4.551224144323983], [-75.68870027414313, 4.551167506590832], [-75.68881365421352, 4.5511832451266905], [-75.68896815570355, 4.551261141204465], [-75.68905040819908, 4.5513802842288085], [-75.689132303839, 4.551685662861482], [-75.68917327572997, 4.551825416080103], [-75.68925552926191, 4.551944558113801], [-75.68942037125804, 4.552006957012995], [-75.6895904956894, 4.5520021103835155], [-75.68972475486501, 4.551883385158237], [-75.68991113934165, 4.5514647161110116], [-75.69000949026638, 4.551252804319486], [-75.69009726399415, 4.5511805519119415], [-75.69019005529555, 4.5511807290755755], [-75.69031370557018, 4.551217177657366], [-75.69042692824837, 4.55131568811844], [-75.6905502430096, 4.551528027900878], [-75.69067853355104, 4.551833492696543], [-75.69076591235861, 4.551968164790169], [-75.6908534292047, 4.552030414249582], [-75.69099778020755, 4.552025517308154], [-75.69113709424468, 4.551958534076159], [-75.69125603608875, 4.551762181553627], [-75.6914472668363, 4.551503889975633], [-75.69167450441786, 4.551287054159218], [-75.69204095601371, 4.551054963936877], [-75.69223694565974, 4.551003610010954], [-75.69241221738024, 4.551003949069233], [-75.69257193380852, 4.551050814150299], [-75.69285013688183, 4.551139294218809], [-75.69308705085392, 4.551253562022523], [-75.69320030331646, 4.551336552007853], [-75.69327224571869, 4.551455674894012], [-75.69326160032423, 4.551631541107198], [-75.6931942292339, 4.5518176465729745], [-75.69310115203581, 4.551967489567921], [-75.69310091393896, 4.5520916471604735], [-75.69313688085902, 4.5521537937189125], [-75.69326052341162, 4.552195418182058], [-75.6935182941897, 4.55218557012732], [-75.69379151107631, 4.552186093131215], [-75.69393067730317, 4.552196706686393], [-75.69403365000292, 4.5522641591801785], [-75.69409012822592, 4.552383250304801], [-75.69403834038009, 4.552507307195584], [-75.69396585397195, 4.552672712094703], [-75.69396547756075, 4.552869293826845], [-75.69404764202262, 4.553034992362282], [-75.69418147589916, 4.55313871404398], [-75.69440818898475, 4.553196056373916], [-75.69464020578998, 4.55317580925047], [-75.69486206089823, 4.553077944819027], [-75.6950014935663, 4.552948881778826], [-75.69518783581634, 4.552550903051879], [-75.69551370876846, 4.551972131823488], [-75.69569969463566, 4.551760387003374], [-75.69584412509856, 4.551714103665337], [-75.69598838664504, 4.551755766007023], [-75.69617375095324, 4.5518699364052715], [-75.69642600343, 4.552051479846262], [-75.69665263762789, 4.552150207908515], [-75.69694628786503, 4.552249061413303], [-75.69717298212447, 4.552316747900756], [-75.69747170809835, 4.5524569997246385], [-75.69769330577111, 4.552493635988472], [-75.69781704726655, 4.552483527269955], [-75.69799257484931, 4.552349359954492], [-75.6981786491605, 4.552091055623479], [-75.69826154393377, 4.55187393968295], [-75.69828792964663, 4.551553253101365], [-75.69831406857858, 4.551361892020432], [-75.69844344776922, 4.551098304948205], [-75.69855185141678, 4.551020914684793], [-75.6986807369113, 4.551015989408796], [-75.6987836703229, 4.5511041310314155], [-75.69883486644451, 4.551290467310625], [-75.69882429014865, 4.5514301221906655], [-75.6987309982846, 4.551693779031482], [-75.69865326800151, 4.5519057297566325], [-75.69865828469291, 4.551978167807417], [-75.69872519290884, 4.552035198316044], [-75.69889530915412, 4.552035525159803], [-75.69918414900138, 4.551953307766308], [-75.69962251517488, 4.551855855354664], [-75.69983924402385, 4.551742460722164], [-75.69992710640051, 4.551623644864272], [-75.6999428762727, 4.5514633042884745], [-75.69991229037629, 4.551282184009975], [-75.69999021639411, 4.550966764660436], [-75.70013500012473, 4.5507342503729316], [-75.70028977911097, 4.5506672929137535], [-75.70052179476332, 4.550647045369146], [-75.70074862607028, 4.550642304287492], [-75.7009239963088, 4.550590908333865], [-75.70113043397879, 4.5504671468428715], [-75.70137310419524, 4.550265852846419], [-75.70165697518759, 4.550085335225081], [-75.70194586284629, 4.549977248186525], [-75.70220387122784, 4.549843237252066], [-75.70253463656839, 4.549398971691381], [-75.70266391497161, 4.549187116071391], [-75.70267454876404, 4.549016418593792], [-75.70271624126191, 4.548778530407609], [-75.70278858829035, 4.5486855506455335], [-75.70287106880993, 4.54868570813874], [-75.70292766627726, 4.5487427218366685], [-75.70295835124399, 4.548872114140276], [-75.70294773744561, 4.549032463012712], [-75.70295782067973, 4.549151466703079], [-75.70310157430751, 4.549462134337438], [-75.70330736286094, 4.54967980293697], [-75.70349769768754, 4.54989226801122], [-75.70380162888394, 4.550006660187357], [-75.70395631000751, 4.549991434173164], [-75.70414206773239, 4.549898670665508], [-75.70418867880754, 4.549784949575314], [-75.70417343013729, 4.549671107598799], [-75.70410142624657, 4.549583026114434], [-75.70397281525847, 4.549443103107253], [-75.70395758479947, 4.549318917067406], [-75.70399386558611, 4.549215520933133], [-75.70409190999823, 4.5491639758608065], [-75.70422071661514, 4.549200434090523], [-75.70440090808812, 4.54932493556094], [-75.70456062599857, 4.5493718013416355], [-75.7047050259174, 4.549341035597719], [-75.70479804182935, 4.549222229333175], [-75.70479327924336, 4.549015290335162], [-75.70476256544639, 4.548901420682765], [-75.70477310003713, 4.5487824580977785], [-75.70479402381707, 4.548622125821616], [-75.70476336806571, 4.548477218640835], [-75.70469130544127, 4.548420173803676], [-75.70459338940093, 4.548404468187561], [-75.70437171336826, 4.5484092187018135], [-75.70421708111331, 4.548398577276872], [-75.70408334427653, 4.548243124045567], [-75.70409377160736, 4.548181065366743], [-75.70429499499299, 4.548088332570328], [-75.7044497830592, 4.548016200949489], [-75.70449644262753, 4.547876615330833], [-75.70448634796296, 4.547762782013673], [-75.70438332577464, 4.547721201247985], [-75.70398140958176, 4.547627315298878], [-75.70375482426904, 4.547502725580604], [-75.70367763565513, 4.547430153107297], [-75.70367269681805, 4.547316334679223], [-75.70374519965713, 4.547140580956386], [-75.70391052439518, 4.546949486887414], [-75.7041117163062, 4.546872274009961], [-75.70436432211126, 4.546867582105107], [-75.7045498252534, 4.546909320365276], [-75.70480740893514, 4.546997755842146], [-75.70503934632426, 4.547018890957656], [-75.70534353232154, 4.546998778155858], [-75.70580240797963, 4.54695826631729], [-75.70612227436804, 4.546824372311064], [-75.70636499002443, 4.546597210890033], [-75.70663357011217, 4.546323540977158], [-75.70685543205816, 4.546220500314339], [-75.70713394912681, 4.546143431838132], [-75.70729885195576, 4.5461747854212256], [-75.7074894409973, 4.546252744637049], [-75.70754081526606, 4.546345959595738], [-75.70756627755085, 4.546511553906971], [-75.70759164214779, 4.546728879099707], [-75.70761185207081, 4.546946192034324], [-75.70760104373025, 4.547210005744892], [-75.70761585439179, 4.547556642684112], [-75.70768230238119, 4.547856818740048], [-75.7077436640132, 4.548120767642364], [-75.70788213694573, 4.548498677811982], [-75.70794362582318, 4.548695377928661], [-75.70801567905669, 4.548757594270788], [-75.70819088243655, 4.548794140125038], [-75.70841269608232, 4.548716963188129], [-75.70855729131294, 4.54858273695655], [-75.70870214031575, 4.548314000777439], [-75.708764577447, 4.548008901076873], [-75.7086934614052, 4.547450056243798], [-75.70869400819801, 4.54716035195431], [-75.70871490183379, 4.547015540622992], [-75.70877197790038, 4.546819066946518], [-75.70885978967529, 4.5467261157258285], [-75.70900427656323, 4.546648790707541], [-75.70921057607914, 4.546597452605759], [-75.7094115730737, 4.546623699354548], [-75.70955591390464, 4.546623973192735], [-75.70969005236, 4.546567321548087], [-75.7097831257038, 4.546417475225852], [-75.70981984514269, 4.54608128627154], [-75.70977396743186, 4.545807014327874], [-75.70977430769504, 4.545625953827033], [-75.7098313057953, 4.5454708616783055], [-75.70989846823478, 4.545393391103144], [-75.70999643277136, 4.54538323167989], [-75.71013045441114, 4.545388661206095], [-75.71023847532679, 4.545513024256483], [-75.71023814375019, 4.5456889117959], [-75.71026868439176, 4.545895900158038], [-75.71032503832127, 4.546082242705741], [-75.71033476339605, 4.5463926581350815], [-75.71033956681482, 4.546578903680398], [-75.71031335309355, 4.546811649104031], [-75.71029743933404, 4.547049587365596], [-75.71032266759464, 4.547339337031157], [-75.7103636448454, 4.547479092178201], [-75.7104564057017, 4.547494788400078], [-75.71060091310102, 4.547407119989159], [-75.71073523691538, 4.5472521749754575], [-75.71084882274467, 4.54715927209014], [-75.71105506418236, 4.5471389708083185], [-75.71134883314113, 4.547175741036234], [-75.71147758212011, 4.547243239823013], [-75.71159585619354, 4.547398658710462], [-75.71169884026602, 4.5474609352045245], [-75.71181741603532, 4.547455985372912], [-75.71193613741515, 4.547373440372312], [-75.71207567410879, 4.547187468354534], [-75.71218980601162, 4.546804861905418], [-75.71219531237973, 4.546618635662817], [-75.71212859758062, 4.546458138117056], [-75.71202578012617, 4.5463079197857645], [-75.7119592120163, 4.546069823412683], [-75.71199565798793, 4.545878484905601], [-75.71209392504213, 4.545707951145473], [-75.71226434327853, 4.545547904401818], [-75.71234181379722, 4.545470452768996], [-75.71233177687718, 4.545325584751276], [-75.71222925971223, 4.545014992369854], [-75.71222447501565, 4.544818400435456], [-75.71231762613189, 4.544627165694605], [-75.71264321963837, 4.54418805669224], [-75.7128395187203, 4.543971152282828], [-75.71306128157154, 4.543919840411296], [-75.7132004288633, 4.5439407967692595], [-75.71329818000648, 4.544044445912191], [-75.71330820838033, 4.5441944894075545], [-75.71326655022949, 4.544416860952463], [-75.71323528937434, 4.5445926919412685], [-75.71325557801964, 4.544768620677605], [-75.71328626487514, 4.5448980097384615], [-75.71338916055429, 4.545006843882361], [-75.7135178805991, 4.5450898610706245], [-75.71368281275257, 4.545105690901001], [-75.71378065207054, 4.545162784804769], [-75.71397119315264, 4.545266609158373], [-75.71419282091857, 4.545287723396981], [-75.71438889730915, 4.545189800313873], [-75.71445606755212, 4.54510715493725], [-75.71443570019296, 4.5449726112606506], [-75.71426097377294, 4.54468257917444], [-75.7142148511666, 4.544537640410761], [-75.71423564560853, 4.544444563844984], [-75.71430283567867, 4.544351570038981], [-75.71439570356294, 4.544310358841792], [-75.71453996674508, 4.544352017692317], [-75.71484403639721, 4.544393978923962], [-75.71500384194796, 4.544394282215815], [-75.71505534405145, 4.544420246933332], [-75.7150655371974, 4.544482344955021], [-75.71502916089601, 4.544637474763985], [-75.71487913007422, 4.54492171863647], [-75.71470851921013, 4.545185231261523], [-75.71466689858406, 4.5453869093452575], [-75.71469230454818, 4.545583540622175], [-75.71475393198227, 4.5457078162036915], [-75.71484661582198, 4.545764898568817], [-75.71500647073456, 4.5457393345814685], [-75.71518194627083, 4.545631027579418], [-75.71539359402811, 4.545476231078958], [-75.71551250031494, 4.545295393164646], [-75.71566769491388, 4.545005984069617], [-75.71579685192044, 4.544856202406967], [-75.71591035992431, 4.544804683213429], [-75.71605984573883, 4.544810139217608], [-75.71620926540206, 4.544851807091928], [-75.71638430276755, 4.544976297304153], [-75.71652846883991, 4.545069688829707], [-75.71668821675766, 4.545101030680165], [-75.7169975776773, 4.545070576439775], [-75.71716786772527, 4.544977775645346], [-75.71736926372289, 4.544791921874058], [-75.7174830051948, 4.544616242864482], [-75.71751434222419, 4.544399025765082], [-75.71761783098026, 4.544192290651435], [-75.71772628015158, 4.544089029570047], [-75.71782433232626, 4.5440323080390925], [-75.71793256928667, 4.544042859009899], [-75.71803551406549, 4.54412582782371], [-75.71822573706508, 4.544400369787177], [-75.71832865271134, 4.544498854383886], [-75.71842140507567, 4.544519722558694], [-75.71852970990516, 4.544494063358308], [-75.71861763639261, 4.544339030289083], [-75.71866436067917, 4.544163228254666], [-75.71864936032131, 4.543914879915711], [-75.71849522270668, 4.543640406175897], [-75.7184284500005, 4.543510948855189], [-75.71843386576764, 4.543371282007746], [-75.7184701743682, 4.543252365241185], [-75.7185786241813, 4.543149104182917], [-75.71876945658329, 4.543097729591884], [-75.71906334181001, 4.543072417667139], [-75.71924388368087, 4.543010680136118], [-75.71930071456607, 4.542943535299408], [-75.71936814582803, 4.542721211895745], [-75.71949213838775, 4.542576596361173], [-75.71961597544647, 4.542514746553399], [-75.71978609102156, 4.542515067958628], [-75.71990978206954, 4.542530821813391], [-75.7199973021931, 4.542593065097158], [-75.72005378359503, 4.542712155716758], [-75.72005872719828, 4.54282597703187], [-75.72000185691071, 4.542913816018422], [-75.71987264206508, 4.543094639375043], [-75.71983635439074, 4.543203210352351], [-75.71985154801472, 4.5433480886570345], [-75.71991303064294, 4.54354995984029], [-75.72001077270414, 4.5436587839975], [-75.72022690734603, 4.543860946953925], [-75.72071592966053, 4.544239516674495], [-75.72093220006883, 4.544369255656857], [-75.7210712893959, 4.544421251925798], [-75.72125685121692, 4.5444319485635], [-75.721365183901, 4.544390765034102], [-75.72154071741933, 4.544251415622175], [-75.72164386627783, 4.5442257447918335], [-75.7217985660091, 4.54420017109585], [-75.72209760634571, 4.544174865359967], [-75.72218519443719, 4.544200896411533], [-75.72221087175923, 4.544252680214624], [-75.72221587318244, 4.544335460610952], [-75.72217944037394, 4.544521627839969], [-75.72215845180516, 4.5447181763237685], [-75.7221993928665, 4.544878620903879], [-75.72226108020216, 4.544971857123772], [-75.7223589579733, 4.5450082526602955], [-75.72247755283871, 4.544992955659784], [-75.72258078898774, 4.544920725435198], [-75.72271011934792, 4.544677824970546], [-75.72277739608153, 4.544538272704452], [-75.72279301581997, 4.5444555291841855], [-75.7227778205849, 4.544310650412623], [-75.722788313907, 4.544212377121546], [-75.72287613394145, 4.54411424989015], [-75.72302588075455, 4.543980025994419], [-75.72316002839779, 4.5439181999071785], [-75.72326845836808, 4.543825286878398], [-75.72355776728533, 4.543489566058793], [-75.72375411274892, 4.543246791108309], [-75.72384699986728, 4.543195233414236], [-75.72401202796785, 4.54315932899512], [-75.72415634087541, 4.5431751197171195], [-75.72423872534272, 4.543227007112538], [-75.72425917109439, 4.543320165850932], [-75.72422274816543, 4.543501160004956], [-75.72408295437256, 4.543826814099129], [-75.72403631795123, 4.543956059237237], [-75.72404632876301, 4.5441164487339085], [-75.72412342273786, 4.5442407518101025], [-75.72427283234194, 4.5442875924451975], [-75.72442242487809, 4.544236141008446], [-75.72479403221926, 4.543998869045944], [-75.72546019042457, 4.543379325401221], [-75.72559980998895, 4.543146788757652], [-75.7256465811469, 4.5429451213623615], [-75.7256726448489, 4.542789969968749], [-75.72572962955174, 4.5426400542686975], [-75.72580720630349, 4.542505692946221], [-75.72594670007012, 4.542340410425128], [-75.7260439203631, 4.542121903787856], [-75.72613938471216, 4.54205630315057], [-75.72625867529962, 4.541996728934156], [-75.72639577513611, 4.541973062714847], [-75.72649702112744, 4.542003153094557], [-75.72660412485146, 4.542087073636746], [-75.72669919018121, 4.542236751872268], [-75.72679394265775, 4.542553869824691], [-75.72682330389843, 4.542787148054604], [-75.72679889984227, 4.543092079773826], [-75.72673872068495, 4.54340890822345], [-75.72673817559853, 4.543701928694109], [-75.72680927133872, 4.54392332285672], [-75.72691627608863, 4.544061064227254], [-75.72710686231378, 4.544115238942368], [-75.72724988713854, 4.544109527190015], [-75.72741101225618, 4.5439842493200615], [-75.72753643894502, 4.543829005595519], [-75.7275546277852, 4.543661600398648], [-75.727537150818, 4.543446286285033], [-75.72744834592528, 4.543135156990208], [-75.72735955113814, 4.542818050235211], [-75.72727100240668, 4.542369384439748], [-75.72723609442946, 4.541914840083268], [-75.7272543712731, 4.541699591222266], [-75.72732604531848, 4.5416100255788745], [-75.72744533382728, 4.5415504485628935], [-75.72759435241846, 4.541526809390758], [-75.727778921821, 4.5416108748993], [-75.72796321465438, 4.541844438670607], [-75.7280224707033, 4.542023950038435], [-75.72804010295278, 4.542155546102064], [-75.72812334977652, 4.54225138027738], [-75.7282484427604, 4.542275533756135], [-75.72839747219818, 4.5422459133287445], [-75.72850492198614, 4.542144453580653], [-75.72856475631664, 4.54201300533998], [-75.728565043599, 4.541857526064598], [-75.72855337125105, 4.541725943654995], [-75.72859532756209, 4.541594460988652], [-75.72874451220981, 4.541481120842058], [-75.72889356309963, 4.541439539300339], [-75.72909606643013, 4.541493738287675], [-75.72925081982017, 4.54158970824169], [-75.72929236601398, 4.54167948779524], [-75.72928618483576, 4.5417990736545475], [-75.72914866375561, 4.5420499799514715], [-75.72899327630859, 4.542294868124322], [-75.7289273828145, 4.542480124672297], [-75.72894493762018, 4.5426535777563615], [-75.72900421572278, 4.542821130444994], [-75.72920034979562, 4.543096578677263], [-75.72934310885395, 4.543234384693358], [-75.72971798942665, 4.543522127826355], [-75.73011690479153, 4.543702273056897], [-75.73025389437774, 4.5437384097212785], [-75.73046248988028, 4.543720860220684], [-75.73059964619281, 4.54366729800045], [-75.73065935741118, 4.5436016272392274], [-75.73064761689679, 4.543505928437055], [-75.73065375259782, 4.543410256776043], [-75.73074347084844, 4.543231025616296], [-75.73080913025726, 4.5431713458256455], [-75.73088664014756, 4.543147571962502], [-75.73102367371487, 4.54315978631725], [-75.73129171511562, 4.543220087388719], [-75.73142276800974, 4.543244253708883], [-75.7315063044407, 4.543184608243468], [-75.7315362870111, 4.543083003560837], [-75.73154244516363, 4.542975377193826], [-75.73149509634078, 4.542801865774908], [-75.73135850628583, 4.542550452094687], [-75.73131710400115, 4.5423829315763165], [-75.73133538040626, 4.542167685142711], [-75.73138928660168, 4.542018284930198], [-75.73158018369206, 4.5419050213023295], [-75.73186044172922, 4.54180388426892], [-75.73203939806172, 4.541702558176606], [-75.73216481325048, 4.541553291849785], [-75.73219482912252, 4.541433746951315], [-75.73217722963595, 4.541284215670685], [-75.7320941260469, 4.541110640095293], [-75.73204067336097, 4.541014858181551], [-75.7320468198743, 4.540913209245277], [-75.73208878718893, 4.540775746686943], [-75.73216638598133, 4.540704131208619], [-75.73227371401306, 4.540668450563017], [-75.73241668343772, 4.540692637771076], [-75.73260715824077, 4.5408066149434845], [-75.73276770558803, 4.5409922970609315], [-75.7329043412937, 4.541219790903143], [-75.73298756574006, 4.541327587990963], [-75.73309474964455, 4.541369648349861], [-75.73321988712199, 4.541369878792102], [-75.73338681511864, 4.541328329919487], [-75.73386991985976, 4.541096009092893], [-75.73418607482982, 4.540917198196177], [-75.73434358784138, 4.540811049853868], [-75.73447253895682, 4.540682117586955], [-75.7345920537348, 4.540500548869691], [-75.7346494374037, 4.540404975028447], [-75.73467357306521, 4.540242362878828], [-75.7346548498754, 4.540055751827859], [-75.73461222773601, 4.539902584065952], [-75.73454097815616, 4.539763714274734], [-75.73444103631057, 4.53967263000753], [-75.73419346365036, 4.539499944568955], [-75.7340554563834, 4.5393705189672735], [-75.73397468881987, 4.539222063717206], [-75.73393220030573, 4.538997139291758], [-75.73393258141542, 4.538791425265016], [-75.7339805353366, 4.538638423704844], [-75.73406652855964, 4.538538120142855], [-75.73421444294267, 4.538466635812859], [-75.73436700916356, 4.538457354279203], [-75.73449562410644, 4.538510214048291], [-75.7345907976111, 4.538601287560416], [-75.73464775619502, 4.538735347133335], [-75.73466171286648, 4.538921951884316], [-75.73468014503744, 4.539266435293305], [-75.73475617071726, 4.539400528246485], [-75.73488942975759, 4.539520379180954], [-75.73508482070247, 4.539554228000457], [-75.73529935869942, 4.539545061740127], [-75.73548066127184, 4.539464070377966], [-75.73557143128542, 4.539358988956264], [-75.73560498603719, 4.539258586871582], [-75.73558131025565, 4.539172430423185], [-75.7355147028096, 4.539100545790904], [-75.73536711620483, 4.538995022789669], [-75.73525294314632, 4.538865642651384], [-75.73521496498405, 4.538779459964792], [-75.73523899534455, 4.5386742548434444], [-75.73532973928751, 4.538583528386953], [-75.73545853965402, 4.53853592714535], [-75.7356301834334, 4.538521893797832], [-75.7357731350034, 4.538555647744016], [-75.73602066407582, 4.538752252905975], [-75.73623003782485, 4.5389583583326], [-75.73636316371123, 4.53914996435173], [-75.73643439721961, 4.539298401900606], [-75.73647689460525, 4.539518547065426], [-75.73654316686168, 4.539772223004151], [-75.73664773490178, 4.53993985984134], [-75.73678569128893, 4.540097988931822], [-75.73699996497535, 4.540232339230807], [-75.73714764899557, 4.540285239703233], [-75.73734310188178, 4.540285601146967], [-75.73756723778244, 4.540242961029614], [-75.73771520462212, 4.540142774375817], [-75.73780601008293, 4.540018555701869], [-75.73792074841556, 4.539841760229305], [-75.73806397396876, 4.539727212417175], [-75.738183204636, 4.539698726144467], [-75.73833096925266, 4.539708568120256], [-75.73844054257232, 4.539747045917911], [-75.73853569228443, 4.539852468840162], [-75.73862589717365, 4.540053566430084], [-75.73869689344936, 4.540331171835686], [-75.73879184774556, 4.540541844633049], [-75.73889649615391, 4.540666424322963], [-75.73901082783557, 4.540709693168701], [-75.7392253591378, 4.540705306886453], [-75.7393971256352, 4.540624299346072], [-75.73949275078375, 4.540471388938502], [-75.73954078390618, 4.540275330336825], [-75.73955526209424, 4.5401796791315885], [-75.73955072356654, 4.54005528404399], [-75.73952231510002, 4.53994998103658], [-75.73952261374349, 4.5397873261964445], [-75.73958484261853, 4.539648704076381], [-75.73963747525032, 4.5395435522806755], [-75.73975683036247, 4.539448096401772], [-75.73985226974007, 4.53939564559476], [-75.73997145708526, 4.539391082029361], [-75.7401382372293, 4.53942966481911], [-75.7402811097895, 4.539506474017324], [-75.74038577599181, 4.539621484439461], [-75.74049033738817, 4.539793906037759], [-75.7405854513959, 4.539918463769065], [-75.74065208517199, 4.539975996362633], [-75.74070615002746, 4.539978952088132], [-75.74068709884811, 4.540038186399247], [-75.74064010461957, 4.540129730430521], [-75.7405370328346, 4.540339926265495], [-75.74045086260423, 4.540535911032055], [-75.74040772955148, 4.540660215199657], [-75.740359777367, 4.54081321644058], [-75.7403023588801, 4.540927924664769], [-75.74020677786494, 4.541056915801202], [-75.74009221679563, 4.541138032351337], [-75.73979646777767, 4.5412379478717755], [-75.73962949355936, 4.541304615142913], [-75.73946730531142, 4.541361725100444], [-75.73933352471995, 4.541524131708723], [-75.7391614837723, 4.541753444827311], [-75.73906579667921, 4.541939844566995], [-75.73903697304131, 4.542059391782277], [-75.73902235420323, 4.542231592316018], [-75.73900309990977, 4.542332020435122], [-75.73893143426278, 4.542417999281222], [-75.73876921786052, 4.542489456894621], [-75.73865959118719, 4.542479689128713], [-75.73855489931447, 4.542379027074549], [-75.7384692753658, 4.542278403694638], [-75.73840255165535, 4.54226871233495], [-75.73830237238823, 4.542306796659455], [-75.73823074875476, 4.542368856142753], [-75.73814945979977, 4.542502658386829], [-75.73808216398413, 4.542803929428514], [-75.7380223758085, 4.542911457198462], [-75.73792083066607, 4.543042828755779], [-75.73769414817488, 4.543173969059813], [-75.73754509588059, 4.543215551440194], [-75.73739015181638, 4.543221242591955], [-75.7372889608187, 4.543161257400478], [-75.73720564593206, 4.54310129916956], [-75.73708056328141, 4.543071165643094], [-75.73694942202782, 4.543094842816078], [-75.7367763801384, 4.543220103724454], [-75.73662136955551, 4.543261674238931], [-75.73649025064766, 4.54327339211684], [-75.73635921966897, 4.543237265778445], [-75.73612691959214, 4.543183016320419], [-75.73591831278677, 4.543206548272579], [-75.73576323558848, 4.543283997275844], [-75.73559619811938, 4.543385348551704], [-75.73545320501991, 4.543373120713164], [-75.73529244625378, 4.543301063228571], [-75.73514956363599, 4.543229032722858], [-75.73497078406817, 4.543234680993906], [-75.73483361786572, 4.543294225690968], [-75.73470823577468, 4.5434255538956085], [-75.73453502775489, 4.54364051034342], [-75.73423067878656, 4.543879145431265], [-75.73402780930502, 4.544022287688204], [-75.7338489295719, 4.544081752953041], [-75.73349727376106, 4.544122957619063], [-75.7331098860715, 4.544152135168667], [-75.73271646181522, 4.544223161424046], [-75.73241831544419, 4.544330246862755], [-75.73217975755615, 4.5444374424165215], [-75.7320007117051, 4.544586606071173], [-75.73189314015909, 4.54475384639705], [-75.7317676914234, 4.5449210524147405], [-75.73164817919356, 4.545100230379649], [-75.73158820165338, 4.545309418123358], [-75.73148659982535, 4.545470690152822], [-75.73134339616945, 4.545572085355867], [-75.73114659512356, 4.545655436376655], [-75.73098558078044, 4.545720914831718], [-75.73091988796864, 4.545798531447406], [-75.73088980368635, 4.545953956215615], [-75.73088343504344, 4.5461752036278815], [-75.73075788601177, 4.54639623155726], [-75.73059668331923, 4.5465633699486645], [-75.73031034095177, 4.546730276175018], [-75.73011402831953, 4.546550507149241], [-75.72990578683138, 4.546376696421293], [-75.72963189744694, 4.546256582657689], [-75.72931625044603, 4.546160312294395], [-75.7290124206473, 4.54611788533818], [-75.72836317183952, 4.545967168288915], [-75.72795238259093, 4.545763076775885], [-75.72750578395397, 4.545588819343282], [-75.72729728666147, 4.545552548203933], [-75.72716616798975, 4.545564263811084], [-75.72693959385364, 4.545635597554803], [-75.72678450604607, 4.5457190283302], [-75.72668039464946, 4.5458294859748225], [-75.72664044827768, 4.545958911849931], [-75.7266004081874, 4.546138143145248], [-75.72652074610423, 4.54627247733068], [-75.7263120857096, 4.5463816604167455], [-75.72608863898586, 4.5464360291919235], [-75.72593862715847, 4.546480437747425], [-75.72583708121704, 4.546536790131668], [-75.72549668521566, 4.5466293969197515], [-75.72528335718191, 4.546711512226376], [-75.7251005662641, 4.546808860301794], [-75.7248974740225, 4.546921564057536], [-75.72461827912001, 4.547100757271846], [-75.72440999910137, 4.547167553720628], [-75.7241917153122, 4.547305800135048], [-75.72403438707737, 4.547423494316425], [-75.72384657032278, 4.547546362803617], [-75.72358247392718, 4.547659205148926], [-75.72348598875513, 4.547705339094795], [-75.72338445426386, 4.54776679178611], [-75.7232829197363, 4.547828240857305], [-75.72310525843793, 4.547945985734013], [-75.72299868560178, 4.548027854895268], [-75.7228616813403, 4.548140404164695], [-75.72272978438417, 4.548263146827065], [-75.72261818604696, 4.548370534719976], [-75.72251179910144, 4.548534029032198], [-75.72244596614864, 4.548646414739789], [-75.72239532633691, 4.548733260411341], [-75.72239050909289, 4.548850607912718], [-75.72232970241922, 4.548937474892874], [-75.72222306027238, 4.548988736895527], [-75.72209607243053, 4.549034941044859], [-75.72199449062302, 4.549075984713574], [-75.7218978780106, 4.549066002877139], [-75.72182677641612, 4.549096775415011], [-75.72173035992961, 4.549173521020333], [-75.72162396073104, 4.549331913136762], [-75.72152271580289, 4.549520904974722], [-75.72148234674769, 4.549653638831596], [-75.72143708025463, 4.549868010825733], [-75.72139165079618, 4.5500109612119175], [-75.72130049163334, 4.550164218736773], [-75.72115842629066, 4.550286981881558], [-75.72106244204991, 4.550320344594066], [-75.72096357387602, 4.550286492419919], [-75.72083071910741, 4.550240324951535], [-75.72061121826837, 4.550104508813669], [-75.72047206880117, 4.550005686768234], [-75.72036378491049, 4.549903696845915], [-75.72027721024017, 4.5498450323241535], [-75.72019687230411, 4.549814233292593], [-75.72005797603718, 4.549826944849718], [-75.71996854499216, 4.549870520683005], [-75.7198606256143, 4.549929630647887], [-75.71972819236453, 4.550069350119002], [-75.71960506869618, 4.550230730038408], [-75.71948190401535, 4.5503735243120484], [-75.7193895122089, 4.550472876906484], [-75.71926005990346, 4.550566112907412], [-75.71913053094883, 4.550625272032308], [-75.71901631760919, 4.550631731041032], [-75.71886805435084, 4.550597987575033], [-75.71875067720752, 4.550570375001749], [-75.71860861591983, 4.550549010320782], [-75.71845732157998, 4.550540061119104], [-75.71836474076207, 4.550555765957744], [-75.71828762434636, 4.5505838236737395], [-75.71821673658499, 4.550636650700119], [-75.7181798586506, 4.550711090038682], [-75.71817090609633, 4.550847427213181], [-75.71817114476076, 4.550952762296608], [-75.71820845106659, 4.551067306662372], [-75.71824569416029, 4.5511539693480225], [-75.71826129843754, 4.551228288027243], [-75.71826478466859, 4.5514048750379965], [-75.7182650518912, 4.551522598749229], [-75.71826217493101, 4.551615549625707], [-75.71826860943644, 4.551730163679069], [-75.7183059158783, 4.551844710716313], [-75.718377181439, 4.551959178145657], [-75.71842058477066, 4.552039627634013], [-75.71845183629719, 4.552206855120004], [-75.71849244033068, 4.55241433504684], [-75.71849591432489, 4.55258472316977], [-75.7184931488687, 4.552727242139258], [-75.71847490736408, 4.552851207602628], [-75.71842883029299, 4.552953552853339], [-75.71838271844383, 4.553040404174295], [-75.71834278811191, 4.553130339247926], [-75.7183429779727, 4.553213986961043], [-75.7184266906621, 4.553371803073829], [-75.71851956689883, 4.553486217563006], [-75.71864326701645, 4.5535788776016135], [-75.71879777583348, 4.553643587957149], [-75.71891205208149, 4.553665013066191], [-75.71899236201955, 4.553683417057429], [-75.71903544990488, 4.553624458145818], [-75.71915259570108, 4.553549836149824], [-75.71923891142347, 4.553493871422567], [-75.7193622743838, 4.553437825264809], [-75.71943633226537, 4.553422162161096], [-75.71953509485753, 4.553409547041735], [-75.7196276982174, 4.553403139641256], [-75.71974503300495, 4.553412164320797], [-75.71981913370276, 4.5534150940596385], [-75.71991184232084, 4.553455155707436], [-75.72003235621227, 4.553504449742611], [-75.72015899541577, 4.553532043908041], [-75.72028564085672, 4.553562736106732], [-75.7203844462291, 4.55356870831053], [-75.72048637358063, 4.553590159103324], [-75.72063769692355, 4.553611499707304], [-75.72078689026168, 4.553601350400277], [-75.72086916865163, 4.553580506722617], [-75.7209430657218, 4.553493590876941], [-75.7210129298474, 4.553443860974723], [-75.72109515286729, 4.553398238255339], [-75.72121844491541, 4.553311205890521], [-75.72141171442654, 4.553224017018738], [-75.72162971828715, 4.553153296127289], [-75.72179022527034, 4.553140536410013], [-75.72188506815262, 4.553214673990486], [-75.72200884238815, 4.553327034272179], [-75.72220990633723, 4.553500068010421], [-75.7223367768404, 4.553629896595379], [-75.72228758558094, 4.553719854042626], [-75.72218905468286, 4.553834708922691], [-75.72201034795467, 4.5539900232525605], [-75.72176695844391, 4.554210544678329], [-75.72152364381299, 4.554465145629452], [-75.72136962003094, 4.55461420737426], [-75.72113536392138, 4.554778942296048], [-75.72093182511387, 4.554875449134259], [-75.7207066195683, 4.554947221692298], [-75.72060470628875, 4.554931962644316], [-75.72040761587664, 4.555149282033585], [-75.72022587025492, 4.555326288111494], [-75.72009654357035, 4.555475291577353], [-75.72004432101551, 4.55559004165529], [-75.72004159998534, 4.555751148791567], [-75.72019919661102, 4.555739457798933], [-75.72028831994518, 4.555698968111966], [-75.7203909357505, 4.5557076856897405], [-75.72051592662451, 4.555747687173035], [-75.72064551962306, 4.555850347051535], [-75.72078865876068, 4.556024600222189], [-75.72084253260789, 4.556176673219673], [-75.72089192623714, 4.556319805219099], [-75.72089201655551, 4.55636009532856], [-75.72104812130512, 4.556350781883731], [-75.72124891308314, 4.5563771824178545], [-75.7213872054356, 4.556381342129585], [-75.721529926259, 4.556372064832509], [-75.72164578199617, 4.556318079690456], [-75.72174819511096, 4.55623727073777], [-75.72189974657518, 4.556187683966924], [-75.72203355674594, 4.556182900806713], [-75.72219432503907, 4.556263108229283], [-75.72229706281094, 4.5563255437418], [-75.722399812031, 4.556392453184709], [-75.72270319919897, 4.556418618032739], [-75.72295745936374, 4.556418038241357], [-75.72311353218848, 4.55639529615746], [-75.7232427293342, 4.556323377813956], [-75.72337636633078, 4.556242496443177], [-75.72355461043281, 4.556161512805335], [-75.7240184702546, 4.556138067987276], [-75.72425486590215, 4.556128575021467], [-75.72442433106616, 4.556110280314539], [-75.72455202518762, 4.556210518122511], [-75.72467408589509, 4.556279559669151], [-75.72493436981193, 4.5563768290614215], [-75.72517433700997, 4.55647414467663], [-75.72545897334449, 4.556559127980521], [-75.72565008635833, 4.556615776177248], [-75.72581266098544, 4.556631712587966], [-75.72591832918609, 4.556639625748054], [-75.72601806831968, 4.556672723839295], [-75.72613207092087, 4.556702551267527], [-75.72630026965909, 4.556831547090595], [-75.72651040401668, 4.556942390944925], [-75.72663314684571, 4.556986113269544], [-75.72675440475044, 4.5570230601670385], [-75.7269127557963, 4.557059922221068], [-75.7270562247904, 4.5570769623124106], [-75.7271996889231, 4.55709152176604], [-75.72712596473734, 4.557295184872711], [-75.72703261737313, 4.557568377278598], [-75.72695395327862, 4.557774532577914], [-75.72687536310714, 4.558012949285623], [-75.72678929690115, 4.5582265682818734], [-75.72670803022874, 4.5583756511381655], [-75.72656257990921, 4.558574514353074], [-75.72642690929091, 4.558723724325482], [-75.726264052119, 4.558880438760591], [-75.7260912526817, 4.559014843635859], [-75.72595791836495, 4.559104488036034], [-75.72591098864658, 4.559129411962003], [-75.72576774111998, 4.559209462591947], [-75.72555661994893, 4.559347677871226], [-75.72534910568369, 4.559441214592224], [-75.72522142793689, 4.5595717958501485], [-75.72514374286959, 4.559665033009096], [-75.72504940391094, 4.5597750613746015], [-75.72498662825166, 4.559899906994702], [-75.72491282616602, 4.560069446698342], [-75.72483484867294, 4.560305899673187], [-75.72480032175065, 4.5605883324095835], [-75.72479627728741, 4.560742753307309], [-75.72474837961248, 4.560945806114502], [-75.72475313781038, 4.561104617855666], [-75.72483726171724, 4.561364719089831], [-75.7249388696992, 4.561580664861356], [-75.72505384867938, 4.561875987778898], [-75.72506751983927, 4.562087722124184], [-75.72480373974308, 4.562088329171088], [-75.72464993943697, 4.562119564181608], [-75.72450063410002, 4.5621949063649865], [-75.72436022258285, 4.562314347166908], [-75.72425505262915, 4.562464588748138], [-75.72420692356178, 4.5625661717972825], [-75.72419867401615, 4.562804426706129], [-75.72421270822258, 4.563174984275017], [-75.72420984020636, 4.563845581368431], [-75.7242021537623, 4.564330896302072], [-75.72419385372663, 4.564547090622248], [-75.72417655994464, 4.564675072367345], [-75.72407587733677, 4.564865009759465], [-75.7240145993048, 4.564984266729008], [-75.7238654552786, 4.565130198924495], [-75.72372061700074, 4.565236415641685], [-75.72351424921564, 4.565351592655232], [-75.7232946118964, 4.56543150994823], [-75.72297396879813, 4.565560187775822], [-75.72268839703453, 4.565644667628248], [-75.72250397113056, 4.565742149935797], [-75.72225380003823, 4.565928020362035], [-75.72208277413125, 4.566118115688746], [-75.72189429323319, 4.566365609436169], [-75.72173117038062, 4.566573360141469], [-75.72156249973622, 4.566826208244872], [-75.72140292580991, 4.567056084995632], [-75.72128441467133, 4.567239965589705], [-75.7212024497559, 4.567375314213748], [-75.72135469199277, 4.567505943818659], [-75.72140485641346, 4.567541887003115], [-75.72144352531784, 4.567569594821165], [-75.72147608513295, 4.567592924162256], [-75.72150034082749, 4.56761030584917], [-75.72153042827821, 4.567631861847576], [-75.72157525506208, 4.567663983196125], [-75.72162068796717, 4.5676965379750305], [-75.7216758621734, 4.567736071848702], [-75.72175279259119, 4.567769935302888], [-75.72182068129716, 4.5677998201478465], [-75.72187223534962, 4.567822514085446], [-75.72189716923985, 4.567834120093563], [-75.72192206522973, 4.567845709067945], [-75.72195087337093, 4.567859122859041], [-75.72198306027558, 4.567874103134795], [-75.72201148035067, 4.567887333072314], [-75.72204662697887, 4.567900978610965], [-75.72208980218656, 4.567917737824379], [-75.72214162128896, 4.567937855169927], [-75.72217173151654, 4.567967828372739], [-75.72219598826874, 4.567998376173047], [-75.72222203725646, 4.568031179924558], [-75.72224487699857, 4.568101607652437], [-75.72226297342716, 4.5681574082670515], [-75.72229188999277, 4.568246574036159], [-75.72232875919805, 4.568360260969054], [-75.72233982815811, 4.56839438997811], [-75.72235702407595, 4.568447414140239], [-75.72237703676865, 4.568515171267169], [-75.72239551092704, 4.568577715327853], [-75.72241341202114, 4.568638318823939], [-75.72242803258256, 4.568687818045622], [-75.72243975199912, 4.568724813936079], [-75.7224564476696, 4.568777521772599], [-75.72245921012387, 4.568820345574974], [-75.7224633868879, 4.568885110908377], [-75.72244533125178, 4.56898189799015], [-75.72239157737322, 4.569060686118502], [-75.72227353773508, 4.569121423942749], [-75.72225374808113, 4.56913973687875], [-75.72217688142008, 4.569210880775136], [-75.72214458182668, 4.569282535999728], [-75.72209782908, 4.5694366404300455], [-75.72209391506506, 4.569477045150248], [-75.72208817756572, 4.5695362712836], [-75.72207457076995, 4.569615016211551], [-75.72205086420612, 4.569639558281267], [-75.72201164403187, 4.569680166819089], [-75.72198298610212, 4.569696070806013], [-75.72195102169061, 4.56971380896307], [-75.72191091573114, 4.569724049379871], [-75.72177598982765, 4.569758487430156], [-75.72159426899248, 4.569782888781988], [-75.72152690379858, 4.569823271604017], [-75.72149544475957, 4.56985246991557], [-75.72149894801323, 4.569882244101759], [-75.72150206687914, 4.569908751711799], [-75.72153789712706, 4.569938079392262], [-75.72159620041872, 4.569944944416458], [-75.72165002277706, 4.569934864317991], [-75.72169509573754, 4.569926420301841], [-75.72174875603667, 4.56991636793418], [-75.72180208415755, 4.569906381011494], [-75.72185455828485, 4.569897119644633], [-75.72189937937853, 4.569889972037826], [-75.72193836273078, 4.569883754256514], [-75.72199783127591, 4.569874271025076], [-75.72202922394138, 4.569869261841642], [-75.72210319836262, 4.569867191576587], [-75.72216480601091, 4.569865463027945], [-75.72223902155676, 4.569870949445777], [-75.72231853875239, 4.569878829434671], [-75.7224396074436, 4.569903818230652], [-75.72260108188684, 4.569910885752972], [-75.72266897037083, 4.56994374912307], [-75.72276914470795, 4.569992237750937], [-75.72280540674193, 4.570025686929237], [-75.72295497321079, 4.570163653842367], [-75.72303550976899, 4.570271848058779], [-75.72302642741829, 4.5703303501010195], [-75.7230061008618, 4.57040233316683], [-75.72295385366924, 4.570460701951952], [-75.72288107623966, 4.570537365728466], [-75.72283923302807, 4.57056539671005], [-75.72281079691417, 4.57058445131107], [-75.72277263076373, 4.570610020220843], [-75.72273072376159, 4.570638099356712], [-75.72269383721765, 4.570662813620124], [-75.7226454016537, 4.570696634607496], [-75.7226002573236, 4.570728164042622], [-75.72255578505593, 4.570759220830824], [-75.72250742225796, 4.570792991818611], [-75.72248397773937, 4.5708275223465265], [-75.72246468744558, 4.57085593132267], [-75.72244441880727, 4.570898654664776], [-75.72243759928037, 4.570945908439348], [-75.7224711375936, 4.570999991392568], [-75.72254727373198, 4.571063158661163], [-75.72261997006476, 4.571147955931902], [-75.72267483437938, 4.571211957121437], [-75.72277205183194, 4.571314944903641], [-75.72290778621914, 4.571458741873685], [-75.72302177484106, 4.571579497580502], [-75.72316498101294, 4.571757589847543], [-75.72321487211416, 4.571788315708542], [-75.72327972099285, 4.571828257185536], [-75.72336660064606, 4.5718817700475975], [-75.72344237394063, 4.571918008652866], [-75.7235222283564, 4.571956197959019], [-75.72358396232002, 4.571985724279109], [-75.72369707687955, 4.572046300694133], [-75.7237304226129, 4.572064161977417], [-75.72383046157968, 4.572117734956999], [-75.72388398805703, 4.5721464002038195], [-75.72395843280107, 4.572186268896053], [-75.72405711775164, 4.572239120145406], [-75.72410563515992, 4.572265103220628], [-75.72419583029814, 4.5723015091944506], [-75.72429702025048, 4.572342353617703], [-75.72439933892878, 4.572383655676675], [-75.7245107751911, 4.572428015652723], [-75.72465555105526, 4.572483365393611], [-75.72478748806533, 4.572533809952168], [-75.7248632257996, 4.572562769299431], [-75.72500785819719, 4.572592085555205], [-75.72514675660278, 4.572592354895091], [-75.7252797839965, 4.572639073334169], [-75.72538379415907, 4.572717673067104], [-75.72547639988916, 4.572788092352361], [-75.72560919074418, 4.572889448644835], [-75.72584623221626, 4.573017675671149], [-75.72600731969574, 4.573070256239016], [-75.72612265760601, 4.573142684288063], [-75.72626232190794, 4.573230383400002], [-75.72638695840786, 4.573314411556579], [-75.72647834456357, 4.573376993806176], [-75.72659000514497, 4.573453458611769], [-75.7266726780361, 4.573510074960367], [-75.72676501260572, 4.573573307133553], [-75.72688098066436, 4.573652723329114], [-75.72699998758512, 4.573693634860284], [-75.72712617570355, 4.573737016789975], [-75.72724460762151, 4.573763106386242], [-75.72734373673717, 4.5737813919384225], [-75.72744747844958, 4.573784483256517], [-75.72755207878885, 4.573787602022178], [-75.72764267690472, 4.573765745551311], [-75.72774315396602, 4.57374150910132], [-75.72778333970658, 4.573728807236579], [-75.72783909911182, 4.5737111878088275], [-75.72791553667247, 4.573687026724478], [-75.72798058913759, 4.57366646815686], [-75.72816889307342, 4.573636780961441], [-75.72823531879159, 4.573626306865684], [-75.72834231359224, 4.573629196720647], [-75.72842976109803, 4.573631561738962], [-75.728466808705, 4.57363256223172], [-75.72857764859796, 4.573646683344939], [-75.7287150578649, 4.573666273652488], [-75.72887182267264, 4.5736914239312565], [-75.72904813990228, 4.57375841427035], [-75.7291097564473, 4.573784730172912], [-75.72919423039625, 4.573810229334376], [-75.72931948564299, 4.573848036568715], [-75.72942036894317, 4.573876148979859], [-75.72949937114844, 4.573888607755273], [-75.72962593980156, 4.57390856555271], [-75.72976041042784, 4.573917703753983], [-75.72991662554988, 4.573928321094252], [-75.72998217218303, 4.573915300867353], [-75.73004960739398, 4.573901900071067], [-75.73008883238, 4.573894106945592], [-75.73018447897446, 4.573879212630332], [-75.73029321738836, 4.573862281319124], [-75.73034432331484, 4.5738543244161], [-75.73041565633613, 4.573840152057261], [-75.73046857771809, 4.573829160674078], [-75.73056211167435, 4.573809736228269], [-75.73061308600376, 4.573799150938382], [-75.73069860861007, 4.573796866430452], [-75.73074698039537, 4.573795570772553], [-75.73083804088282, 4.573816642918953], [-75.73088080573214, 4.573826538651969], [-75.73099227534671, 4.573903916230521], [-75.7310527178647, 4.573945868607845], [-75.73113273669307, 4.57404092125026], [-75.73124831263412, 4.574178207445595], [-75.73130843267856, 4.574249623725084], [-75.7313514315883, 4.574313168121196], [-75.73142286908909, 4.574418745431079], [-75.73144945582231, 4.574518598906909], [-75.73144935140235, 4.574574213327096], [-75.7314482967889, 4.574642477623751], [-75.73144524622732, 4.574718205847407], [-75.73145950823485, 4.574791701040235], [-75.7314809426056, 4.57490215656275], [-75.73149070328975, 4.574952452964093], [-75.73154775601995, 4.575059270305752], [-75.73162411004903, 4.575202224182528], [-75.73167897033755, 4.57526064626521], [-75.73175772634838, 4.575344512738558], [-75.73185293541555, 4.575396194037389], [-75.7319067597672, 4.57542541317503], [-75.73201753436992, 4.575442733100573], [-75.73205590179597, 4.575448734732059], [-75.7321132248915, 4.575479552337061], [-75.7321475592677, 4.575529524298612], [-75.73214746210434, 4.575579426198494], [-75.73212823932454, 4.575629293585877], [-75.73207214403756, 4.575676348425199], [-75.73199797824495, 4.57573268419245], [-75.7319595635951, 4.57581706328844], [-75.73196096676108, 4.575895086031066], [-75.73196239610178, 4.575974545150565], [-75.73201835429272, 4.576006275584019], [-75.73207540887122, 4.576052259014246], [-75.73210575201637, 4.576076714165855], [-75.73217813982836, 4.5760909849771725], [-75.73223175204406, 4.576101553262669], [-75.73229305494218, 4.57609881130178], [-75.73238231973522, 4.576094818013441], [-75.7324257682375, 4.576109164115666], [-75.73256427325167, 4.576154896819123], [-75.73261661679236, 4.576246351041984], [-75.73268640225227, 4.5763729715906925], [-75.73269946714211, 4.5764682769281215], [-75.73270711927371, 4.576524092167983], [-75.73270926508623, 4.576593860192048], [-75.73271216721905, 4.576688203623983], [-75.7327137118587, 4.576738429189165], [-75.73272052130714, 4.576769458713384], [-75.73273786307877, 4.5768484926426005], [-75.73274842103963, 4.576896605430511], [-75.73280088180157, 4.577026740038946], [-75.7328237068048, 4.577083357891666], [-75.73285557389515, 4.577150899619058], [-75.73288364739086, 4.577206804928289], [-75.73291629588081, 4.577271822368003], [-75.73296004867558, 4.577358946564423], [-75.73302101040692, 4.577455207809173], [-75.73309162739228, 4.577559927129919], [-75.73315662013489, 4.577656310340181], [-75.73329181114364, 4.577765859650611], [-75.73344561473559, 4.577890490789181], [-75.7335971030726, 4.57801202272317], [-75.73364507465895, 4.5781287569482085], [-75.73371169098758, 4.578290860013191], [-75.73380500830883, 4.578517938028959], [-75.73383408610722, 4.578588695009035], [-75.73387230990768, 4.578713134287145], [-75.73392803705151, 4.578894551550048], [-75.73363319703323, 4.578990529241373], [-75.73366501643208, 4.5790750953705235], [-75.73368864984239, 4.57913790792749], [-75.73375710589474, 4.5792378566816], [-75.7338090236766, 4.579301750701226], [-75.73389065922784, 4.579388096960232], [-75.73399452800822, 4.579475294688864], [-75.73410503306833, 4.579573982295367], [-75.73420641937314, 4.579675953777247], [-75.73433381501819, 4.579827039176633], [-75.73442735803783, 4.579944565189336], [-75.73449134186494, 4.580024949089964], [-75.73457256764077, 4.580114364050354], [-75.73467116382115, 4.580222901948484], [-75.73477489337682, 4.580356365448533], [-75.73482497561824, 4.580420800587431], [-75.73494434642326, 4.580628009418271], [-75.73498208493741, 4.580692687048419], [-75.73503741775737, 4.580786799708237], [-75.73510131777213, 4.580893430840236], [-75.73515643618907, 4.580982558673011], [-75.73521940257473, 4.581064454188585], [-75.7352511654004, 4.581103481655391], [-75.73501670627415, 4.581212471989727], [-75.73479690011592, 4.581248808671136], [-75.73456260931135, 4.5811969177205984], [-75.73419659764257, 4.581078628597026], [-75.73397717575588, 4.580909164381501], [-75.73384542973385, 4.580857464620003], [-75.733640299686, 4.580879132299374], [-75.73354484671982, 4.58100390318378], [-75.73336112890226, 4.5813269606649625], [-75.7330961803267, 4.582002675994172], [-75.7329636091631, 4.582391980996985], [-75.7327579985514, 4.582670898172738], [-75.73250870102879, 4.582810080260087], [-75.73231817895636, 4.582853822248251], [-75.7321644580168, 4.582802081650924], [-75.73198907979814, 4.582581246840647], [-75.73183608889158, 4.5821399549582855], [-75.73170464538818, 4.581926553713129], [-75.7315363159203, 4.581852733938448], [-75.73136779621069, 4.581881816897974], [-75.73122090461978, 4.58209469713266], [-75.73111037608524, 4.582447290168943], [-75.7310288153503, 4.582976346260688], [-75.73092463402398, 4.58385080961041], [-75.73081291982783, 4.58483551205673], [-75.73057685336535, 4.585731779795538], [-75.73045172779388, 4.58605494555997], [-75.73008473878038, 4.586458509669482], [-75.72933663360209, 4.586986304426826], [-75.72895550496833, 4.587117884588855], [-75.72871384734158, 4.587088028139651], [-75.72856026395453, 4.586962787440601], [-75.72838503875064, 4.586661102276395], [-75.72819564693901, 4.586102137583738], [-75.72806452123395, 4.585719685967008], [-75.72784529256148, 4.585447316762158], [-75.727618477999, 4.585314589058041], [-75.72735488866701, 4.585262639142404], [-75.72701784625886, 4.585320803302735], [-75.72673917918269, 4.585496676035819], [-75.72646757511161, 4.585812217732307], [-75.7262178749682, 4.586164547032235], [-75.72603437233643, 4.58637000357229], [-75.72584378024209, 4.586450492300444], [-75.72535551742106, 4.586524420387335], [-75.72488668828763, 4.5865000062723755], [-75.72446467233621, 4.586514889765399], [-75.72418321510129, 4.586584932063211], [-75.72392495140441, 4.586788328899828], [-75.72379170422408, 4.586999801356824], [-75.72378340167744, 4.587258561549838], [-75.72382952170513, 4.587666419937081], [-75.72387583276978, 4.587972335838951], [-75.72382835492812, 4.588285914380438], [-75.72362448188657, 4.588654088217955], [-75.72324892301039, 4.588896469853778], [-75.72242784466866, 4.589185052886692], [-75.72209935156931, 4.589333421813072], [-75.72184898902492, 4.5894897813899425], [-75.72155939107638, 4.589732324560609], [-75.72116003210307, 4.590162862007174], [-75.720478947788, 4.590804584700183], [-75.71995456976539, 4.591227038270097], [-75.7197278278069, 4.591289339938863], [-75.71937617072201, 4.591288672967053], [-75.7191496369736, 4.591241190097675], [-75.71866556158905, 4.5910128570408775], [-75.71847033086097, 4.59094191170287], [-75.71825926263986, 4.590980716346181], [-75.71804809142485, 4.591074413635197], [-75.71793057460297, 4.591231026384772], [-75.71785208765357, 4.591411235398203], [-75.71785171655544, 4.59160727613027], [-75.71782011737366, 4.591787575762271], [-75.71769457831023, 4.592053953171646], [-75.71767039191975, 4.5924459939145645], [-75.7176618941619, 4.592806693802787], [-75.71775485229998, 4.593238165099031], [-75.71779342044371, 4.5935048586109515], [-75.7177539311612, 4.593724349789602], [-75.71758961643432, 4.593833819282953], [-75.71721432174301, 4.593935047003807], [-75.71688585521179, 4.594067726888104], [-75.71649466296257, 4.594310075364089], [-75.71624449101988, 4.594364487103932], [-75.716103962446, 4.59429364390006], [-75.71595602037144, 4.594011061081568], [-75.71583190776224, 4.593524639061036], [-75.7156682783428, 4.59327339328206], [-75.71550429023621, 4.593210344225024], [-75.71519929745176, 4.593327386419302], [-75.71481593512107, 4.593561905199151], [-75.71463581240108, 4.5937654441478015], [-75.71425176412389, 4.594360678257715], [-75.71399364813968, 4.594900246352693], [-75.71392448391352, 4.595458550048045], [-75.71385615829165, 4.595900390294404], [-75.71378783210984, 4.596774960938665], [-75.71372406062896, 4.597080151161285], [-75.71354641411612, 4.597553876565641], [-75.71329588456659, 4.598091373334361], [-75.71315923391883, 4.59827813286715], [-75.71302713719926, 4.5983646772200295], [-75.71291326132369, 4.598382898965507], [-75.71279938391457, 4.598314570947516], [-75.71269917269761, 4.598155147126523], [-75.71253974626615, 4.59769508411446], [-75.71240764859847, 4.597307902564247], [-75.71231199283265, 4.597153031052417], [-75.71219811605705, 4.59709837168291], [-75.71206146483108, 4.597102926081615], [-75.71187470736976, 4.597207692080755], [-75.71166061911428, 4.597394451750087], [-75.71147386167253, 4.597649533200213], [-75.71136454097358, 4.597890951822596], [-75.71128255040955, 4.598168809891709], [-75.7110593519802, 4.598719973922325], [-75.71090448028147, 4.598975055201086], [-75.71081337768595, 4.5990388280156385], [-75.71055373996924, 4.599111708178776], [-75.71038064755763, 4.599102597682968], [-75.71019844573387, 4.598975055152948], [-75.71006634866772, 4.598820182762337], [-75.70997980296396, 4.598742747760551], [-75.70992058741822, 4.598738191852872], [-75.70984770606111, 4.598779186873732], [-75.70977027038033, 4.598924951836006], [-75.70968372395107, 4.599193700415823], [-75.70948785574124, 4.600022718224251], [-75.7094423059616, 4.600122929814801], [-75.70937853544586, 4.60016392544241], [-75.70929198937475, 4.600154815172668], [-75.7091234519028, 4.600009052990018], [-75.70893213938099, 4.59986784606703], [-75.70872716185315, 4.59976763821698], [-75.7085950648255, 4.5997357533487975], [-75.70849029867766, 4.5997311953963855], [-75.70833542729599, 4.599817741085792], [-75.70815777879805, 4.600022718304528], [-75.70803479292874, 4.600241363422345], [-75.70793002625733, 4.600537439954902], [-75.70790269612625, 4.600860849807707], [-75.70789814098191, 4.601052163676329], [-75.70794824674495, 4.601252583659646], [-75.70798468699786, 4.601512221752394], [-75.70793913585635, 4.601717199740284], [-75.70779792969633, 4.601899403308222], [-75.707611172233, 4.602017833703202], [-75.7074562999356, 4.602049721833763], [-75.70727865322183, 4.602045163839564], [-75.70713744608743, 4.601999615710738], [-75.70680948214114, 4.601872072206132], [-75.70654073338379, 4.601835632928198], [-75.70622187863582, 4.60183107685886], [-75.70601234718228, 4.601908514421748], [-75.7058802496051, 4.602008726403871], [-75.70580281435349, 4.602181815976591], [-75.70580281393363, 4.602332133044459], [-75.70584380921545, 4.602441456255922], [-75.70593035555247, 4.602523448076577], [-75.7063175360785, 4.602701093063627], [-75.70648151832172, 4.60280585909477], [-75.70656806358033, 4.6029151823631835], [-75.70658628393996, 4.6029971728627075], [-75.7065680637221, 4.603079163771587], [-75.70640863678351, 4.603265920786181], [-75.70603512224638, 4.603662210283041], [-75.70591669027291, 4.603826192394082], [-75.70582103416092, 4.6039719556419545], [-75.70559783612563, 4.604217930017199], [-75.70542018905546, 4.604354579942217], [-75.70525620675892, 4.604432015240838], [-75.70508311513562, 4.60446845566479], [-75.70484625173249, 4.604482121173657], [-75.70474148507152, 4.604500341079498], [-75.70456839301733, 4.604564112134963], [-75.70437708099982, 4.604691656107165], [-75.70410833172716, 4.604878412386556], [-75.70399445602719, 4.605001399177291], [-75.70377581332926, 4.605311142104053], [-75.70361638598808, 4.605538894424517], [-75.70345695885923, 4.605693766260323], [-75.7033248622047, 4.6057575367604295], [-75.70316999043577, 4.605798532680069], [-75.70303789332245, 4.605798532576773], [-75.70279647475893, 4.605762092627053], [-75.70240018458233, 4.60568921325657], [-75.70230908444134, 4.605698324343888], [-75.70218609677634, 4.605757537162185], [-75.7018125826683, 4.60601261986306], [-75.70139351703465, 4.6063132537842], [-75.70096989693458, 4.60657289429785], [-75.70086057469194, 4.60660477941539], [-75.70074669862699, 4.606609332938203], [-75.70063737736038, 4.60659566907498], [-75.7005280561902, 4.606536451716099], [-75.70030485825195, 4.606386138022747], [-75.70001333419515, 4.606217598129686], [-75.6998220218737, 4.60615838209553], [-75.69965348532617, 4.606167492433066], [-75.6995304979662, 4.606222155850588], [-75.69945761683726, 4.60633147498875], [-75.69945306177257, 4.606449907571701], [-75.6994849483732, 4.606554672771269], [-75.69961248932144, 4.6067368767841606], [-75.69974458568727, 4.606987403171985], [-75.69981746711935, 4.607169606876624], [-75.69982846684434, 4.607301170199917], [-75.69980563939355, 4.607407012978963], [-75.69968458695956, 4.607475717915637], [-75.69951118776643, 4.607518250141544], [-75.69937050492491, 4.6075182496257465], [-75.69924291043814, 4.607478990351742], [-75.69902697890633, 4.607321948839426], [-75.69885030868168, 4.607161637298349], [-75.6985951181991, 4.60681810976864], [-75.69826794990112, 4.606471311552334], [-75.69813708289684, 4.60637316267798], [-75.69801275882399, 4.606314272977728], [-75.69788843515117, 4.606304458948983], [-75.69773793827146, 4.606317543219786], [-75.69758416934799, 4.606392791614625], [-75.69743694264011, 4.606504029332794], [-75.69724718598971, 4.606736318364633], [-75.69682514040656, 4.607335035620445], [-75.69655358982645, 4.607835604188799], [-75.69643908136675, 4.608103880415506], [-75.69642272288347, 4.608287093618679], [-75.69644235312167, 4.608483395361279], [-75.6965143300206, 4.6086764236809215], [-75.69667791432978, 4.608925071312949], [-75.69682513956916, 4.60907556800742], [-75.69697563690173, 4.609239151726194], [-75.69704107041147, 4.609347119311917], [-75.69710650358596, 4.6095139732426365], [-75.69711959140136, 4.609657926924149], [-75.69707378687309, 4.609798609328485], [-75.69699853888228, 4.609893489283662], [-75.69691347493026, 4.60993602200961], [-75.69680550922135, 4.6099327482022785], [-75.69667137120392, 4.609896761705283], [-75.69641945058072, 4.609762621717132], [-75.69622315087291, 4.6096775567626995], [-75.6960366647929, 4.6096612003259025], [-75.69588289602113, 4.609680829648132], [-75.69579128912154, 4.609736451384734], [-75.69569640981646, 4.609890216332503], [-75.69547393620418, 4.61035806633342], [-75.69542486099857, 4.610433316918186], [-75.69530380876134, 4.610528193600365], [-75.69486213201623, 4.610897893614196], [-75.6944858893312, 4.6112152480481825], [-75.6944139117755, 4.611346115394547], [-75.6943681087657, 4.611483523551706], [-75.69436156642756, 4.611650380942271], [-75.69439428199595, 4.611836865161437], [-75.69449897578887, 4.612164033136004], [-75.69449897615284, 4.612321075810968], [-75.6944629876316, 4.612399594595041], [-75.69435829400518, 4.612487929093596], [-75.6942241553005, 4.6125697207617575], [-75.69407038589782, 4.612618795597044], [-75.69371704469731, 4.612759477947377], [-75.69352728826182, 4.6128772599617305], [-75.69339641983555, 4.613011400319689], [-75.69331790031238, 4.613152080663875], [-75.69326228216161, 4.613322208197708], [-75.69319030491312, 4.613659191681482], [-75.69318049020401, 4.613891479893833], [-75.69313795772433, 4.614562175238492], [-75.69311505621586, 4.6150071220078335], [-75.69307906756232, 4.615442255402537], [-75.69301690603379, 4.6156647292995885], [-75.69292202689881, 4.615762878929369], [-75.6928238767848, 4.615802139056702], [-75.6927355412792, 4.615802139149091], [-75.69260794561559, 4.6157628793397665], [-75.69251633909269, 4.615694173794753], [-75.69239855861454, 4.615566579784173], [-75.69227750581892, 4.615344106285557], [-75.69210737888054, 4.614892612697776], [-75.6920124997699, 4.6147453888828736], [-75.6919078066831, 4.614650509267905], [-75.69180638534334, 4.614614522797628], [-75.69170823355128, 4.6146308788051424], [-75.69161989919779, 4.614712671013597], [-75.6915479218253, 4.614886071060199], [-75.69146940216696, 4.615180521946177], [-75.69144322832744, 4.6154684277889135], [-75.69138761004209, 4.615677817202089], [-75.69127964401859, 4.615883931100171], [-75.69116513577343, 4.616031156994731], [-75.69089031478852, 4.616335423385113], [-75.69067765641152, 4.616600429930293], [-75.69050425728699, 4.616871978315783], [-75.6902556094336, 4.617186059197417], [-75.69008875403902, 4.617411805663251], [-75.68995788630846, 4.617637552976583], [-75.6898368344165, 4.6178109532756935], [-75.68965689160811, 4.617951633738089], [-75.68954238328698, 4.617977805547202], [-75.68942133120277, 4.617984349161632], [-75.68930355077832, 4.617935274392095], [-75.68916941163612, 4.617814221994904], [-75.68907126239951, 4.617689897766605], [-75.68898292643286, 4.617503413052458], [-75.68889131899175, 4.6172776663056565], [-75.68884551630694, 4.617225319596065], [-75.68877353924516, 4.617212236284872], [-75.68869829004325, 4.617238407242565], [-75.68854452077883, 4.6174281636953625], [-75.68830895976126, 4.617650637707785], [-75.68808975817537, 4.617791320384172], [-75.68780512203368, 4.617918915642767], [-75.68754338825764, 4.61800398176908], [-75.68745505243709, 4.618020338256569], [-75.68735620976581, 4.618039598594796], [-75.68721807297105, 4.618076868250131], [-75.6871226302136, 4.618093186563308], [-75.68703048335274, 4.618106209778636], [-75.68691528656667, 4.618129093115276], [-75.68678031070198, 4.618171747878231], [-75.68667164260582, 4.618221054301881], [-75.68646747413, 4.618316390664466], [-75.68635237273922, 4.618398856559859], [-75.68629285739972, 4.618441500938079], [-75.68611823408901, 4.618569908286284], [-75.68596340190756, 4.618671946410386], [-75.68575593720885, 4.618770578689001], [-75.68559787859394, 4.618839596048483], [-75.68537408458003, 4.6188754733603306], [-75.68517988307799, 4.618921307745129], [-75.68496453591979, 4.618983403765437], [-75.68492969843822, 4.618993445947689], [-75.68482436486114, 4.619019650225007], [-75.68464330325037, 4.619075416303003], [-75.68444249400514, 4.619134449364685], [-75.68430417702724, 4.619203502048595], [-75.68410328408721, 4.619305451429406], [-75.68398140389559, 4.6193811390039405], [-75.68395142157992, 4.619404335648368], [-75.68387925831078, 4.619460171825554], [-75.6837111887629, 4.619601799354712], [-75.68358918586945, 4.619740212965711], [-75.6833947320692, 4.619914800794609], [-75.68328933408125, 4.619974017435201], [-75.68324772268525, 4.619999999999999], [-75.62640230290842, 4.619999999999999], [-75.62663234112371, 4.619625691897211]]]}}, {"type": "Feature", "properties": {"MpNombre": "Salento", "Depto": "Quindío", "MpCodigo": "63690", "rol": "contexto", "marca": "F"}, "geometry": {"type": "Polygon", "coordinates": [[[-75.41691372015804, 4.619978305637249], [-75.41721108691283, 4.619507446425493], [-75.41730403396431, 4.619077112553551], [-75.41742758156009, 4.618667349657857], [-75.41767346058855, 4.6183706418618975], [-75.41789883696386, 4.618104634954035], [-75.41834963514032, 4.617552122048586], [-75.41886196730609, 4.616897240787418], [-75.41927258917627, 4.616047348021492], [-75.41955059095862, 4.61511513358669], [-75.41962102317795, 4.614505796592136], [-75.41966568036447, 4.613946763228968], [-75.41996396890367, 4.613076099943317], [-75.4202512556809, 4.612543705307644], [-75.42070307006556, 4.61155038868953], [-75.42100092831399, 4.6108642505935284], [-75.42123642011563, 4.61063927294739], [-75.42157383556815, 4.610517043624797], [-75.42193161175491, 4.610425615203924], [-75.42333240143488, 4.609916316908092], [-75.42462043422256, 4.609570769985642], [-75.42555068872365, 4.6093166530374345], [-75.4267571810387, 4.608888906285091], [-75.4274730879737, 4.608552276846767], [-75.42805630287849, 4.608164078643387], [-75.42874245807634, 4.607437829386251], [-75.42920990743973, 4.606746062868212], [-75.42970245516071, 4.606082193783987], [-75.4301664500574, 4.6052755547401665], [-75.43048767688225, 4.60463310062615], [-75.43072324372595, 4.603933541107928], [-75.43098022570514, 4.6028699197444025], [-75.43118723895759, 4.602348817583443], [-75.43146563623691, 4.601792024948726], [-75.43196532213354, 4.601278062260737], [-75.4323222419499, 4.601056770775704], [-75.43247214823208, 4.6010853235916525], [-75.43289331172282, 4.601320891367428], [-75.43414966767065, 4.602191773983724], [-75.43488492138056, 4.602584385365685], [-75.43585574058515, 4.602948442572212], [-75.4366552397812, 4.603069796042313], [-75.43711209722431, 4.603062656704809], [-75.43792587208695, 4.60299127285536], [-75.43821854634692, 4.6029769962889535], [-75.43868967862684, 4.6029627188422895], [-75.43910370536065, 4.603012691030666], [-75.4393821020167, 4.603084071803415], [-75.43966763824537, 4.603091210250134], [-75.44006738674246, 4.602991273213679], [-75.44048855171062, 4.602812814253096], [-75.44085974794838, 4.602577246201851], [-75.4410667608251, 4.602434480126176], [-75.44123808160097, 4.602370233226122], [-75.44156644787356, 4.6024202033384745], [-75.44198047379169, 4.6025772460122605], [-75.44253726791663, 4.602712876179906], [-75.44320113715246, 4.602827090439823], [-75.44387214541474, 4.602869920432628], [-75.4444432157524, 4.602869919677935], [-75.44571384792084, 4.602827089748657], [-75.44667753008277, 4.602762844073363], [-75.44704872627327, 4.602734291157361], [-75.44767690302055, 4.602848505209115], [-75.44869055423236, 4.6029984106635125], [-75.44999687844863, 4.602934166795419], [-75.45083920717546, 4.602791399579028], [-75.45188141121173, 4.60252014203993], [-75.4525095887162, 4.602241742084178], [-75.45290933791665, 4.602006179116681], [-75.45330194885047, 4.601806301850135], [-75.45351610108209, 4.601713501844249], [-75.45381591275475, 4.601670673152823], [-75.45487953183046, 4.601763473054736], [-75.45632148481934, 4.601849130742241], [-75.45682831017015, 4.601949069262568], [-75.45770633239137, 4.60205614467759], [-75.45820601819683, 4.602120389608115], [-75.45842017032022, 4.602077559424144], [-75.45865573573798, 4.601949069249297], [-75.45902693222581, 4.601527905735012], [-75.45930532909269, 4.601220954252735], [-75.45961228006647, 4.601071047005854], [-75.46064020688593, 4.600878313205939], [-75.46210357467115, 4.600635607767187], [-75.46338848394892, 4.60039290290828], [-75.464195121973, 4.600107368708266], [-75.46528015572106, 4.59972189269173], [-75.4661224847686, 4.599450634680496], [-75.46713613509453, 4.599107993965159], [-75.46762868444834, 4.598958085864651], [-75.46823544640459, 4.598636858574295], [-75.46887076330286, 4.598322770131323], [-75.46902066896334, 4.598201420069831], [-75.4691991281034, 4.597808805877942], [-75.46925623531484, 4.597266289406774], [-75.46937758788646, 4.59686654034267], [-75.46966312322301, 4.596316886977812], [-75.47021277876219, 4.594839239259315], [-75.47028220355102, 4.594054320696048], [-75.47040311808041, 4.593378004285583], [-75.47060805967882, 4.5928146421863385], [-75.47083386674036, 4.59234294789384], [-75.47106747026321, 4.5915259293613815], [-75.47125945226954, 4.590476234951797], [-75.47132367140607, 4.590025319901096], [-75.47157122412241, 4.589250617945616], [-75.47190286901433, 4.588560679991569], [-75.47211429512656, 4.58823695586246], [-75.47248037820586, 4.5878501496676085], [-75.47280435190741, 4.587449150677649], [-75.47324778573052, 4.587020231057364], [-75.47352941359786, 4.586710760733946], [-75.47384626921252, 4.586352035135255], [-75.47418411472027, 4.586028591798051], [-75.47476770128307, 4.585740944393493], [-75.47495769391662, 4.585579268079967], [-75.47511304106871, 4.585206082948034], [-75.47529666989276, 4.5847483858492275], [-75.47552895906868, 4.584516327689376], [-75.47597213898885, 4.5842001722305605], [-75.47635880130456, 4.5840318895535175], [-75.47659778461858, 4.583947851131814], [-75.47772185526088, 4.583802365137718], [-75.47857919426862, 4.5835858025965575], [-75.47931702529382, 4.583418305289948], [-75.48003389602337, 4.583201427170685], [-75.48096820913078, 4.583111894628819], [-75.48169174413555, 4.583057124577748], [-75.48193719392042, 4.583014224825456], [-75.48216952223297, 4.582973618432347], [-75.48288648565597, 4.5827144478993285], [-75.48360369856837, 4.582342514444096], [-75.48442607629, 4.582055384164861], [-75.48459277596099, 4.581883473886405], [-75.48464430035742, 4.581830340780949], [-75.48477853963921, 4.581471199809559], [-75.48488747755815, 4.579850433244058], [-75.4849937785501, 4.579420749800559], [-75.48513454263153, 4.579287153678046], [-75.48537945973756, 4.579105980412979], [-75.48573655995838, 4.578878040223363], [-75.48594855689203, 4.5788231456161865], [-75.48608458986256, 4.578592427085617], [-75.48647921019318, 4.577923133888017], [-75.48666495358403, 4.5776081032662495], [-75.48725864234832, 4.577116962722037], [-75.48753049797513, 4.576687073820868], [-75.48779268661882, 4.575955819339322], [-75.48793618703259, 4.575236624694842], [-75.48805216944614, 4.574567980444676], [-75.48828950081307, 4.574041286769807], [-75.48856258598461, 4.5735145203989624], [-75.48875226918427, 4.572999879077421], [-75.48884634881661, 4.572353869090479], [-75.48905951603362, 4.571659785416655], [-75.48974809222912, 4.57029502217551], [-75.49012838994913, 4.569744126284369], [-75.49061620802888, 4.56932457394259], [-75.4911636382717, 4.568916865243247], [-75.49210691869312, 4.568408477347963], [-75.49312219925073, 4.5679221400927945], [-75.49325064525134, 4.567852362973966], [-75.49364509322339, 4.567331691088239], [-75.49393337224699, 4.567184322127761], [-75.49455875324183, 4.567044748293145], [-75.49491707969771, 4.566982106779777], [-75.49520534280298, 4.566841784780462], [-75.49583081610423, 4.566659920281956], [-75.49650526696058, 4.56656273505846], [-75.49694819662929, 4.566352275342036], [-75.49730698600504, 4.566078199302415], [-75.4978278488882, 4.565557801997591], [-75.49936235775274, 4.563989493650303], [-75.5000099745653, 4.563314321052056], [-75.50093881358544, 4.5625058531645095], [-75.50168492403613, 4.561753360847401], [-75.50324654165003, 4.5606291204304625], [-75.50446355665262, 4.559715556894215], [-75.50536386518968, 4.55910435899078], [-75.50589836713381, 4.558767230288019], [-75.50642533855564, 4.558662662697251], [-75.50694490608805, 4.558734281098159], [-75.50746412033654, 4.5589679953277855], [-75.50790618698157, 4.5591522082564095], [-75.50819407873128, 4.559181029265378], [-75.50843306823289, 4.559089927731302], [-75.50870764824028, 4.558780419718479], [-75.50911632592013, 4.558168141654957], [-75.50949629933389, 4.557837715328631], [-75.50997424457633, 4.557669609991381], [-75.51046613179773, 4.557550866041688], [-75.51106376319994, 4.557249108359461], [-75.51172495504773, 4.556785386270719], [-75.51233658614689, 4.556504798295668], [-75.51287056528989, 4.556407289753683], [-75.5136925584477, 4.556282215690699], [-75.5143674290377, 4.555987672789918], [-75.51503550433753, 4.555587389006466], [-75.51533844644484, 4.555151072927031], [-75.51572642724167, 4.554362544775756], [-75.51622772055268, 4.553137286345044], [-75.51654561939856, 4.552278122745275], [-75.51694834111137, 4.5511654175754055], [-75.51724493864522, 4.550411928738978], [-75.51793574595334, 4.5492364143030075], [-75.51838727591891, 4.548285915383219], [-75.51866318015459, 4.547356179951118], [-75.51871429669275, 4.54644710227247], [-75.51886950342484, 4.546123228977733], [-75.51924945016216, 4.545799844173736], [-75.5196079641096, 4.545645563802392], [-75.5207462602582, 4.545394298756685], [-75.52142779437105, 4.545261857997905], [-75.52268589074929, 4.54482055505577], [-75.52336780188118, 4.5445119126475255], [-75.5239799629695, 4.5439775837584735], [-75.52431823565634, 4.543435617092302], [-75.52456517817228, 4.542907549346371], [-75.52467875393015, 4.542343954347614], [-75.52465251568586, 4.541476992597675], [-75.52450735159036, 4.540391289921017], [-75.52432663497112, 4.539509898689939], [-75.52376804272285, 4.537986328278074], [-75.52313222758934, 4.536448496261976], [-75.52296472887234, 4.535954775338212], [-75.5228953721641, 4.535545845419351], [-75.52264441094584, 4.534671350329422], [-75.52257503973941, 4.534269467311409], [-75.52255514573444, 4.533719678919689], [-75.52265468932934, 4.53314900465493], [-75.52283092776534, 4.532839272034792], [-75.52294392882551, 4.532543502831874], [-75.52293060630085, 4.532205169381777], [-75.52267910318406, 4.531584404061832], [-75.52243519428757, 4.530695830753018], [-75.5223525603758, 4.529927422581524], [-75.5222767971214, 4.529229508859456], [-75.52215152840166, 4.528693588996926], [-75.52201209221897, 4.52821402624785], [-75.52198509858452, 4.5276994658910565], [-75.52201415430329, 4.527248455417875], [-75.52220469256173, 4.526818935961605], [-75.52255008312044, 4.526227647383928], [-75.52277536006495, 4.525974404946297], [-75.52316915807373, 4.525735617976064], [-75.52366832966788, 4.5254829631053815], [-75.52434364701051, 4.524962860910142], [-75.52468865935923, 4.524547769324767], [-75.52478788163455, 4.524125104449703], [-75.52476079563269, 4.523652829593517], [-75.52463580878687, 4.522983001150087], [-75.52458868971753, 4.5220243686767985], [-75.52458321293498, 4.5212984139328505], [-75.5247739279733, 4.520784316658533], [-75.5252109401781, 4.520038165829322], [-75.52546566874106, 4.519143615989071], [-75.52567769141066, 4.518516797847662], [-75.52598115996902, 4.517819695909455], [-75.52633327874658, 4.517362326866789], [-75.5269599199492, 4.516609530154757], [-75.5274954996577, 4.515743768798465], [-75.52773559543826, 4.515124059797754], [-75.52784197025964, 4.514637972264566], [-75.52778668519197, 4.5142149722081175], [-75.52768911240857, 4.513862362972078], [-75.52752087700124, 4.513713995203798], [-75.52716342922702, 4.513374926445042], [-75.52691136804556, 4.513014940256752], [-75.52647683440841, 4.512598178906468], [-75.52607042058634, 4.512167379588759], [-75.52597250535793, 4.511976876249885], [-75.52581180202333, 4.511588889946561], [-75.52576322587437, 4.511313913228098], [-75.52584154033397, 4.510813671803976], [-75.52588444041884, 4.510454314729443], [-75.52585016283363, 4.510059554408178], [-75.52573197165859, 4.509495459715235], [-75.52565539373845, 4.509178136205627], [-75.52546704943019, 4.508578652336794], [-75.52534878292188, 4.508049799104957], [-75.52522333016297, 4.50759845937467], [-75.52507048764437, 4.506815801732013], [-75.52504304008839, 4.506512681365682], [-75.5250512443541, 4.505955904989823], [-75.52498930987059, 4.505356694116331], [-75.52494169078422, 4.504630646138119], [-75.52495003244097, 4.5043361418391905], [-75.52492192442183, 4.503909028445646], [-75.52480642830875, 4.5036467258907305], [-75.52454615521614, 4.503248234757848], [-75.5243730033166, 4.502811104177685], [-75.52427717840929, 4.502393552179043], [-75.52425874211602, 4.501966460044906], [-75.52433672759754, 4.501675454275291], [-75.52456977793851, 4.501229486028056], [-75.52466737229364, 4.500812344641119], [-75.52469759923433, 4.500239770004313], [-75.5246030688359, 4.499210757969967], [-75.52452742897859, 4.498395313406759], [-75.52462512606205, 4.497929644445876], [-75.52485772093542, 4.497697200365195], [-75.52531285079358, 4.497416703406881], [-75.52598055609285, 4.49722401222662], [-75.52647381373623, 4.49720565131182], [-75.52750897379548, 4.497033154202091], [-75.52825396358884, 4.4968794453733025], [-75.52915409873249, 4.4965319522139255], [-75.5298317202705, 4.496222807036198], [-75.53047071787772, 4.4958844630685935], [-75.53095448993415, 4.495778728428308], [-75.53139925011949, 4.495828199814174], [-75.53188279668367, 4.495829226743412], [-75.53226983892185, 4.495732992391281], [-75.53271505023828, 4.495568936173571], [-75.53341176609779, 4.495376298374741], [-75.53418593064596, 4.4951449990559835], [-75.53464056683174, 4.495097434365766], [-75.53510509873011, 4.4949431263573665], [-75.53560849832638, 4.494701544692531], [-75.53603491686252, 4.494275393435065], [-75.53659735969752, 4.493548648256057], [-75.53694726601721, 4.492714684714239], [-75.53759829169765, 4.491250480828405], [-75.5379770450857, 4.49049422642397], [-75.53846168840022, 4.489971135758235], [-75.53906266576742, 4.489312407344455], [-75.54001236319317, 4.488382650140732], [-75.54082609676762, 4.487724365922404], [-75.54178513613516, 4.486949917778918], [-75.54281245680906, 4.485894142424557], [-75.54324853677905, 4.485468001825873], [-75.54350070938996, 4.485119122927593], [-75.5436562520056, 4.484731216029703], [-75.54382201274689, 4.48408126865673], [-75.54417307673155, 4.482684365806297], [-75.54445518991716, 4.48188907702762], [-75.544795104366, 4.481200671905311], [-75.54515411590879, 4.4806287806494405], [-75.54570690728356, 4.479882588420953], [-75.54626910543476, 4.479262591017244], [-75.5473159705811, 4.478100079284286], [-75.54813996155572, 4.477150628123624], [-75.54908951008146, 4.476279082875189], [-75.54940916880146, 4.476027396297152], [-75.5498349842881, 4.475882699682301], [-75.55032867496953, 4.4756507872173925], [-75.55055162563923, 4.475398900802719], [-75.55091048863004, 4.474894941629403], [-75.55166679691027, 4.473935637797225], [-75.55215113767734, 4.473548412923733], [-75.55259655436618, 4.4732775743157305], [-75.55333203207798, 4.473036459617401], [-75.55420308017662, 4.47270827128968], [-75.55516140461384, 4.47226379493804], [-75.55567234494877, 4.472134468296354], [-75.55590354330099, 4.472375794666639], [-75.55607683527154, 4.4726086913497625], [-75.55628343208414, 4.472741997775838], [-75.5566307179698, 4.4728672962812475], [-75.55677949399583, 4.472950652681744], [-75.55690329138402, 4.473108706156994], [-75.55704338110203, 4.473391363928289], [-75.55720002008617, 4.473674055970703], [-75.55734034972578, 4.473840446401301], [-75.55777029973771, 4.47400743781255], [-75.55864681928793, 4.474308237282385], [-75.5589032026924, 4.474375210435947], [-75.55905218511819, 4.474358907327285], [-75.55923440336468, 4.474276238790913], [-75.55985583882733, 4.473878887640975], [-75.56012077069232, 4.4738129969444485], [-75.56032753976996, 4.473863256673238], [-75.56050933062019, 4.473988207051479], [-75.56063309459432, 4.474162867589243], [-75.56066549361906, 4.474503438440092], [-75.56069726028831, 4.4751512896186165], [-75.5607380868906, 4.4754171327061], [-75.56094403562805, 4.475866027156011], [-75.56110908863306, 4.47608229767377], [-75.56124953978885, 4.47619055272012], [-75.56158038213171, 4.476265983940334], [-75.56215119556413, 4.476341911996848], [-75.56250682922135, 4.47643400315651], [-75.5627215838488, 4.476625462767475], [-75.56287007130106, 4.476850002855828], [-75.56307653365806, 4.477049749709871], [-75.56339065589282, 4.477208194845594], [-75.56356419044967, 4.477324822933932], [-75.56406975527237, 4.477677561450114], [-75.56469257679579, 4.478218727561178], [-75.56628100312093, 4.479598897954721], [-75.56785488726524, 4.481770024871828], [-75.56818333832571, 4.483605016693426], [-75.56684955586043, 4.485769989606145], [-75.56510004216405, 4.488100829907167], [-75.56418215211302, 4.490016551257085], [-75.56484483011812, 4.490935104666124], [-75.5661733581246, 4.4912714340626385], [-75.56658750835032, 4.491855949616958], [-75.56600368376198, 4.49293861094905], [-75.56540842377032, 4.49392952428945], [-75.56500323934515, 4.494604025023503], [-75.56508350371236, 4.495938227986294], [-75.56557932905763, 4.497189934180861], [-75.56568917699937, 4.497371911883361], [-75.56673836200396, 4.499110062239371], [-75.56773213240626, 4.500612952019834], [-75.56828381370285, 4.50124312666587], [-75.56897531083638, 4.5020330086373574], [-75.57063388808155, 4.503453937929316], [-75.57138094661343, 4.504144116852918], [-75.57151911128261, 4.504210319245946], [-75.57177161461706, 4.504559814192993], [-75.57201388421123, 4.504962148204], [-75.57212757323926, 4.50530680806804], [-75.57225514927659, 4.505852414164081], [-75.57241157522309, 4.506276093548403], [-75.572561353129, 4.50645579321817], [-75.57274705815344, 4.506549458661379], [-75.5732759266972, 4.5066581885946775], [-75.5740334158324, 4.506853497124766], [-75.57432616264055, 4.5070478433483645], [-75.57450430582115, 4.50734240802069], [-75.57459662079157, 4.50765114721597], [-75.57476749619428, 4.508003105336586], [-75.5751029069361, 4.508312348091711], [-75.57548850067474, 4.508557111739058], [-75.5759384141137, 4.508816362327709], [-75.57648132100753, 4.509054277603715], [-75.57663123399008, 4.509169395923196], [-75.57677368724916, 4.509435187300314], [-75.57689460220107, 4.509743984857801], [-75.57689407166123, 4.510002304980797], [-75.57692190574744, 4.5103754895747095], [-75.57722736411753, 4.511344823176341], [-75.57744786264652, 4.511904973611056], [-75.57779703266874, 4.51247973998607], [-75.57816750472675, 4.513126306369488], [-75.57865280356611, 4.513565014729796], [-75.5790451103465, 4.51402506063852], [-75.57940861011092, 4.514585505918788], [-75.57952970303857, 4.514808199571186], [-75.57950086783671, 4.514922948016839], [-75.57944353585613, 4.514987410071979], [-75.57932913617813, 4.514987172577818], [-75.57908637513057, 4.514821633966275], [-75.57885064677652, 4.514713512923709], [-75.5787005560585, 4.514684503714359], [-75.57860023585346, 4.514791929951955], [-75.57867133830655, 4.514985813639946], [-75.57884952838332, 4.515258855818864], [-75.57910652998368, 4.515453126617337], [-75.57930662643672, 4.515503766977725], [-75.57960698402252, 4.515475686208068], [-75.5800075454502, 4.5153975822835655], [-75.58035074535258, 4.515398290659104], [-75.58067230265002, 4.515492236943334], [-75.58113668427117, 4.515672585083564], [-75.58141504869545, 4.515909953168799], [-75.58169347210604, 4.516118619419333], [-75.58190045534909, 4.516298436309166], [-75.58218591106935, 4.516564523343965], [-75.58238574399505, 4.51674432384712], [-75.58306442080747, 4.517025569321815], [-75.58367910158236, 4.517134468648391], [-75.58435830866969, 4.517157397448514], [-75.5853522789446, 4.517102039145219], [-75.58593128372739, 4.517174985609095], [-75.58642432766403, 4.517326689910128], [-75.58668140629652, 4.517485081570549], [-75.58678124280262, 4.5176144446018585], [-75.5867881288156, 4.517743623313433], [-75.58668068813074, 4.517836682061665], [-75.58645184298615, 4.5178577407500295], [-75.58593692432966, 4.5179140833638165], [-75.58544336636274, 4.518013525712256], [-75.58521436009549, 4.5181135126212055], [-75.58514249316201, 4.518292755347109], [-75.58519213203144, 4.518493771380009], [-75.58529894332133, 4.518709258078486], [-75.58550594127192, 4.518881898743187], [-75.58613435337674, 4.519270674263093], [-75.58658443891296, 4.519450990047163], [-75.58686309966711, 4.5195448475498665], [-75.58714195199279, 4.519545419834631], [-75.58774979441321, 4.51950361731745], [-75.58811444669556, 4.519504368989531], [-75.58822159474657, 4.519554815551879], [-75.58829287586597, 4.519662595738103], [-75.58871295738587, 4.5205317060271595], [-75.5891395740727, 4.521702205319773], [-75.58937416374533, 4.5223700184417055], [-75.5894659579102, 4.522937076581028], [-75.5894783386516, 4.523877104559971], [-75.58938421628963, 4.524450961697676], [-75.58938998910443, 4.525125478346351], [-75.589411014052, 4.525333612448687], [-75.58950354044613, 4.52554189462231], [-75.58979628497512, 4.5257434128944265], [-75.59004634866076, 4.525837210848311], [-75.59041052062025, 4.526074756875118], [-75.59073887104597, 4.52634810108919], [-75.59120966617797, 4.526894416246198], [-75.59158724703, 4.527569696310173], [-75.59201496756404, 4.528202027605098], [-75.59257810215095, 4.5290499072271455], [-75.59293463034959, 4.529531404784864], [-75.59304884191701, 4.529624920708472], [-75.59334182382375, 4.529711629698025], [-75.59362778707573, 4.529733743905302], [-75.59402831280038, 4.529677161125722], [-75.59457197504105, 4.529556290578298], [-75.59509487758038, 4.529432005317302], [-75.59554496525145, 4.530201916649556], [-75.59582282759396, 4.5306904251384825], [-75.59625088990254, 4.5311577207938925], [-75.59686442017708, 4.531840659711014], [-75.59721368434904, 4.532379546590873], [-75.59739865522826, 4.532839163894282], [-75.59747646108904, 4.533255509769384], [-75.59743923537101, 4.5339801704363], [-75.59744567040376, 4.534331790925674], [-75.59758050239395, 4.5348343591068705], [-75.59785792892201, 4.535538137416173], [-75.59798533386011, 4.5361770277392335], [-75.59811890956927, 4.537296701432213], [-75.59829579700376, 4.538215541233851], [-75.59850888786742, 4.538912014195792], [-75.59869415244687, 4.539228120833938], [-75.59900799031415, 4.539609070437018], [-75.59934339576493, 4.539932662892701], [-75.59983578812864, 4.540414437006197], [-75.6001210262656, 4.540795328624832], [-75.60057714161726, 4.5415353549839415], [-75.60081953681039, 4.54188745540623], [-75.6011404991937, 4.542282774080025], [-75.6012902610027, 4.542476823912205], [-75.60168386524673, 4.542312588743059], [-75.60226337616176, 4.542148736176206], [-75.60327926063724, 4.541885314924919], [-75.60408747992786, 4.541772159085553], [-75.60489577235228, 4.541623120021848], [-75.60573968516185, 4.541538736064574], [-75.60656918138625, 4.541511727296953], [-75.60737716783309, 4.5415133769172975], [-75.60812074527753, 4.541543595213882], [-75.60862834638549, 4.54158050577996], [-75.60920720406503, 4.54173954916833], [-75.60989317220657, 4.541970569285615], [-75.61053596320923, 4.542337835937175], [-75.61135718129708, 4.542870504070704], [-75.61222148982084, 4.543309980419919], [-75.61225648858922, 4.543683183252895], [-75.6122839602164, 4.5442429403659395], [-75.61222590165934, 4.544666188250579], [-75.61203181342113, 4.545175266036885], [-75.61191681226178, 4.54546923335191], [-75.61180188361541, 4.545727322058286], [-75.61175819900328, 4.546114719147118], [-75.61175075817381, 4.546258217171683], [-75.61167161132919, 4.5465020287301305], [-75.61154199013762, 4.546953830408917], [-75.6113834476456, 4.547563437832077], [-75.61125388427982, 4.547986541437604], [-75.61103140859282, 4.548387923108332], [-75.61088059674626, 4.548710518945159], [-75.61083012327414, 4.54891851189067], [-75.61080768368653, 4.549406410883989], [-75.61084217289589, 4.55003076194122], [-75.61085438219149, 4.551064079603561], [-75.61088141544592, 4.551839106421032], [-75.61088753407844, 4.552348590204614], [-75.61085797342324, 4.552822122662231], [-75.61075014870381, 4.553101755410301], [-75.61071406323197, 4.553266720649466], [-75.61069929718886, 4.553496311449696], [-75.61066970567559, 4.553984194916385], [-75.61061899907469, 4.554306999089998], [-75.61039611268635, 4.55490929572827], [-75.6101662210297, 4.55543982495657], [-75.61003669837797, 4.5558413972200755], [-75.60986462084486, 4.55607066922806], [-75.60967828559407, 4.55627837957096], [-75.6094921407511, 4.556392812894955], [-75.60921236872002, 4.556837131185039], [-75.60902594699458, 4.557087896208003], [-75.60898254942381, 4.55733177943288], [-75.60894596568781, 4.557740717299221], [-75.60896693734155, 4.5579775578434765], [-75.60910218378183, 4.558279212350366], [-75.60929469359348, 4.5585522770133045], [-75.60942280602256, 4.558846743407892], [-75.60945078158339, 4.55915535230094], [-75.60941449045022, 4.559420777981983], [-75.60931333424774, 4.559937216084018], [-75.60927006706987, 4.560116519677636], [-75.60934844626294, 4.56025301558007], [-75.60940509595855, 4.5605258099086505], [-75.6094117804242, 4.560755443205455], [-75.60935421167986, 4.56093471655346], [-75.60936074994278, 4.561236108163271], [-75.60936029831393, 4.561458549055504], [-75.60942424542846, 4.561659597880395], [-75.60974492573384, 4.562198427692411], [-75.60985873810684, 4.562492862364273], [-75.6100797047056, 4.562837747425997], [-75.61018659941476, 4.563017355302196], [-75.61028622560586, 4.563254356706283], [-75.61031456608212, 4.563383574576379], [-75.610299740418, 4.563641868270057], [-75.61030632174244, 4.563921731870599], [-75.61035592417345, 4.564144278765446], [-75.61047682817598, 4.564467433126336], [-75.61065481977336, 4.56484810644811], [-75.61086142878494, 4.565221661360096], [-75.61106819762894, 4.565516284687561], [-75.6112037104356, 4.56568877827903], [-75.61139627993691, 4.565933144342048], [-75.6115532428229, 4.566105681672625], [-75.61185317402699, 4.56630003824605], [-75.61216745078934, 4.566472895221612], [-75.61246751420938, 4.566602670034601], [-75.61269609994021, 4.566717949439803], [-75.61289618595991, 4.566782938982649], [-75.61313907257765, 4.566898244683853], [-75.61341046083278, 4.567063839953811], [-75.6136817182297, 4.567294016300461], [-75.61405317158487, 4.5674813387143045], [-75.6143889743171, 4.567618362954338], [-75.61460336134749, 4.567683380970738], [-75.61486777356826, 4.567762851877966], [-75.61525363065749, 4.567899979449493], [-75.615432192551, 4.56800080093168], [-75.61561776009943, 4.568173396663891], [-75.61581036242195, 4.56840341212627], [-75.61599582672493, 4.568626236116403], [-75.61632458159364, 4.568713012287931], [-75.61654606256728, 4.568806746605966], [-75.61667452697569, 4.568928996853505], [-75.61683884640635, 4.569001086897366], [-75.6172534380528, 4.569073689048486], [-75.6176037171806, 4.569124633245131], [-75.61777531798961, 4.569132158313012], [-75.61798278815921, 4.569082351818177], [-75.61838351355709, 4.568939655304941], [-75.6188411258428, 4.568954936794827], [-75.61906282408796, 4.568941036653642], [-75.61925606642338, 4.568855320570609], [-75.61957115829101, 4.568626343342138], [-75.61981439481612, 4.568569432378392], [-75.62007909916383, 4.568505388173808], [-75.620250729365, 4.568498561902931], [-75.62050799322877, 4.568578015657173], [-75.62078666531943, 4.568679042224251], [-75.62122958527439, 4.568888039409747], [-75.62162971688883, 4.569039539600017], [-75.62181554655412, 4.5690829710460115], [-75.62217293490967, 4.5691554539505885], [-75.62248026828387, 4.56922783513024], [-75.62268749175614, 4.569300015883102], [-75.62291605306815, 4.569429640446105], [-75.62325893666339, 4.569602551809312], [-75.62344465174169, 4.569703387595075], [-75.6237448930127, 4.569747053796512], [-75.62407373577115, 4.569790775070989], [-75.62433101604964, 4.5698630529060384], [-75.62448818558313, 4.569935127953915], [-75.62465234819923, 4.570086149768816], [-75.62472355094974, 4.570236985177659], [-75.62476615129776, 4.570387760866983], [-75.62483034928951, 4.570466823442813], [-75.62492326419166, 4.570488539047197], [-75.62503776135368, 4.570445715567567], [-75.62539597425582, 4.570109187629208], [-75.62553920435656, 4.570001843155088], [-75.6258468853417, 4.569902002661758], [-75.62625470380588, 4.569788018311253], [-75.62649784069724, 4.56978133589799], [-75.62671939723245, 4.569839188803332], [-75.6269337147406, 4.569940082994574], [-75.627362278769, 4.570177749256896], [-75.62766934023134, 4.570386466325161], [-75.62789078085488, 4.570501725218955], [-75.62807659691197, 4.5705523313147625], [-75.62826252985138, 4.57054553175106], [-75.62849853105271, 4.570531658272086], [-75.62876304917697, 4.570560897294709], [-75.62917771634775, 4.570597614076296], [-75.6295495378535, 4.57060554174462], [-75.62994302719923, 4.570505875437704], [-75.63012183776493, 4.570484711195131], [-75.63036493189713, 4.570499552035439], [-75.63058673338902, 4.570435422091506], [-75.63080860568671, 4.570335407694664], [-75.63103767267667, 4.570213882994789], [-75.631209360894, 4.570178349829317], [-75.63144537662068, 4.570157299683017], [-75.63166696242055, 4.5702008009790065], [-75.6320171306472, 4.57030914622143], [-75.63238024092145, 4.570312629274523], [-75.63234400790375, 4.570551748737997], [-75.63233742569645, 4.570862681095988], [-75.63232487412263, 4.571179584294168], [-75.63232428631919, 4.57147259279393], [-75.63250861780857, 4.571670295029947], [-75.63278832824953, 4.571850251727219], [-75.63317531144642, 4.572024446045609], [-75.63362784212035, 4.572198774960441], [-75.63397316125513, 4.572348964769317], [-75.6343722064385, 4.572451424295486], [-75.6347769472489, 4.572685450303381], [-75.63528287042958, 4.572979480806306], [-75.63569366668668, 4.57316567839192], [-75.63604498130113, 4.573297942831184], [-75.6366345706153, 4.573472540645628], [-75.6368489023145, 4.573568648682143], [-75.63725784978925, 4.573921621616486], [-75.6376721106284, 4.574276853685454], [-75.63803461814457, 4.574020642657358], [-75.63851193889901, 4.573746942753052], [-75.63889199887956, 4.573543927252661], [-75.63908659324748, 4.573367119754693], [-75.63918394259632, 4.573252135813728], [-75.63946758878194, 4.572694528039165], [-75.63962721873175, 4.5723404461934525], [-75.63983095959733, 4.572004175753649], [-75.64028922675132, 4.572430376084554], [-75.64078288144934, 4.572821206875642], [-75.64119742595638, 4.573034677257057], [-75.64158562492587, 4.573177214570391], [-75.64163153197653, 4.57339788740304], [-75.6417455012375, 4.573620563702073], [-75.64180952904482, 4.573785735017378], [-75.6417806262185, 4.573936371012396], [-75.64175172337434, 4.574087000684214], [-75.64175146544098, 4.574216163895535], [-75.64182986697112, 4.5743454841577345], [-75.64200816425277, 4.574582641139694], [-75.64212922698898, 4.57483403530005], [-75.6422141208888, 4.57529345515021], [-75.64215622944857, 4.575637776104001], [-75.64208433498771, 4.575831374576459], [-75.64182633505973, 4.576117886655387], [-75.64156116992064, 4.576411560224363], [-75.64138907877619, 4.576648015235851], [-75.64132439270611, 4.57681292693473], [-75.64135262355914, 4.576999553137903], [-75.64140900101201, 4.5774158617277845], [-75.64136525214265, 4.577839142734235], [-75.64125753240856, 4.578068551450359], [-75.64108536906635, 4.578340882641159], [-75.6409274930696, 4.578620419029438], [-75.64079082607482, 4.579021984890738], [-75.64077615222992, 4.579208525576914], [-75.64082570713225, 4.579459778047556], [-75.64087491755019, 4.579883242786799], [-75.64082433158696, 4.580148645321094], [-75.64080941463948, 4.580457173563243], [-75.64085898317256, 4.5807012457125635], [-75.64096578699137, 4.580931087581899], [-75.64091515860812, 4.581218013734389], [-75.6407143046101, 4.581533341876844], [-75.64047756840667, 4.581913181385728], [-75.6401692079642, 4.582350280800141], [-75.63992547665778, 4.582651171217051], [-75.63963864111678, 4.583052435685319], [-75.63955237078406, 4.583281885830191], [-75.63953035898751, 4.583561696248138], [-75.63958710723975, 4.58379143315952], [-75.63975100261922, 4.584078793262522], [-75.63999367325374, 4.584308904833702], [-75.64020745319087, 4.584682476832422], [-75.64047818170314, 4.585185320363125], [-75.64063492796652, 4.585472665632723], [-75.64077741513037, 4.585738456041452], [-75.64096945560418, 4.586255494873866], [-75.64119712270306, 4.586837187972633], [-75.64138212832846, 4.5872968089636315], [-75.64146050068281, 4.587440480820209], [-75.64149575439406, 4.587691704324022], [-75.64152372628352, 4.58800749431088], [-75.64150889361115, 4.58827296442583], [-75.64146560061369, 4.588466622221915], [-75.64241937772168, 4.588516877377708], [-75.64239005510453, 4.588611829328862], [-75.64217074708827, 4.588928989978449], [-75.64178404722033, 4.589499893168717], [-75.64151243939057, 4.590071029170636], [-75.64110233907056, 4.590832444782226], [-75.64053585930219, 4.59209593334697], [-75.64040876659071, 4.592763659847633], [-75.64045020729932, 4.593495667600246], [-75.6407948417953, 4.594752057814306], [-75.6407926937954, 4.594918166980053], [-75.64080606959354, 4.595049586894988], [-75.64081460972531, 4.595133482785374], [-75.64088567929329, 4.5953533853301085], [-75.6410258838708, 4.595717734853526], [-75.64100649962569, 4.595775700403298], [-75.64088853176158, 4.596087754379688], [-75.6408227785993, 4.596261684670058], [-75.640662942427, 4.596723800417781], [-75.64060779814814, 4.596803824375967], [-75.64032825528233, 4.597209479598674], [-75.64020064689801, 4.5974484140390395], [-75.6400731666036, 4.5976235642450725], [-75.63988216965865, 4.597774668239739], [-75.63983534504285, 4.59780975840096], [-75.6397230189715, 4.597893939872556], [-75.63941287062659, 4.598028856055561], [-75.6387529592734, 4.598242798315355], [-75.63852244176948, 4.598290167939684], [-75.6383634188812, 4.5983456569256775], [-75.63819641797029, 4.598417079167828], [-75.6380690984063, 4.598512496903314], [-75.63794969041706, 4.598623879424105], [-75.63786196920536, 4.5987831602917915], [-75.63770230466083, 4.599157570209343], [-75.63747874107935, 4.599699284232653], [-75.63725525582694, 4.600201132564649], [-75.63714512471469, 4.600440971715527], [-75.63703567821797, 4.600679319328175], [-75.63699189781559, 4.600774660737115], [-75.63678460820086, 4.601125052446427], [-75.63652958031899, 4.601507244192303], [-75.63608337697801, 4.602128234999558], [-75.6356693400171, 4.602557939154287], [-75.63540539636774, 4.602845000308278], [-75.63512785264074, 4.603146846650864], [-75.6349525359903, 4.60340162632396], [-75.63481689924231, 4.603680407949121], [-75.63475286778446, 4.603911497754205], [-75.63472838895102, 4.604230367682656], [-75.6347435727362, 4.604581209993335], [-75.63478277115203, 4.6048443990931], [-75.6348389774138, 4.604989395673536], [-75.63488740374598, 4.60511432509982], [-75.6349250529053, 4.605211446874624], [-75.63510715890285, 4.605530736897618], [-75.63539252736057, 4.605866183101068], [-75.63555893486497, 4.6060897677705], [-75.63564599958231, 4.6062573783280785], [-75.63568535817419, 4.606440835407982], [-75.6357008001393, 4.606664111152763], [-75.63567648086574, 4.606903252807781], [-75.6355995749284, 4.607118915249755], [-75.63557326960066, 4.607192682097635], [-75.6355486282931, 4.607261778606327], [-75.63543703582839, 4.607436959240649], [-75.6352697921538, 4.607627976165345], [-75.63505484208345, 4.607834835156298], [-75.6348638086451, 4.608001880873779], [-75.63452967359174, 4.6082085039454075], [-75.63406834396795, 4.608446754418525], [-75.63370257060656, 4.608581554859828], [-75.63333678130955, 4.60872432295186], [-75.63315931815652, 4.608828855897991], [-75.63302653069385, 4.608907074309517], [-75.63275596024461, 4.609113820292822], [-75.63242970586036, 4.609352348812675], [-75.63211927836443, 4.609622800672772], [-75.63168150906444, 4.60999664125221], [-75.63144272119544, 4.610203451986528], [-75.63118792792663, 4.610466040905525], [-75.63093207481005, 4.61075723907393], [-75.63090122264754, 4.610792350630871], [-75.63055831716983, 4.611405573690243], [-75.63040672028887, 4.611716214883045], [-75.63025491292319, 4.612130498752725], [-75.63009493444254, 4.612656392730655], [-75.62980698436617, 4.613596619945433], [-75.62961515658017, 4.614154337709757], [-75.62935961818945, 4.614783683094969], [-75.62914548540003, 4.615167504717502], [-75.62907828860325, 4.615338404092164], [-75.62892207496442, 4.615675399891927], [-75.62872388207586, 4.616063315942357], [-75.62850315437915, 4.616447611557492], [-75.62805642477151, 4.617113385144052], [-75.62796473976535, 4.617259896342286], [-75.62766904484968, 4.617778079084534], [-75.62753074058517, 4.618018914104055], [-75.62704707487283, 4.618861133360907], [-75.62685578857733, 4.619213767550367], [-75.62663234112371, 4.619625691897211], [-75.62640230290842, 4.619999999999999], [-75.4168979189157, 4.619999999999999], [-75.41691372015804, 4.619978305637249]]]}}, {"type": "Feature", "properties": {"MpNombre": "Anzoátegui", "Depto": "Tolima", "MpCodigo": "73043", "rol": "contexto", "marca": "F"}, "geometry": {"type": "Polygon", "coordinates": [[[-75.08002959110607, 4.5648527983168155], [-75.08029467509677, 4.564725668685054], [-75.08042082961545, 4.564611415232873], [-75.08061015984916, 4.564509741985899], [-75.08079947242584, 4.564395395711272], [-75.08102682007397, 4.5643824048541575], [-75.08117832616739, 4.56433148825449], [-75.08131714797506, 4.56424256397378], [-75.081430671653, 4.56412832630739], [-75.08146837233068, 4.56398883869239], [-75.08148087964504, 4.563900091061479], [-75.08145545925241, 4.563786046807507], [-75.08136691598695, 4.563697439567528], [-75.08129104028573, 4.563634169685177], [-75.0812025674411, 4.563596265255123], [-75.08108886691947, 4.563583748451288], [-75.08092453600169, 4.5634952479505895], [-75.0807601699416, 4.563381396866574], [-75.08060834744911, 4.563204150395874], [-75.08048183973803, 4.563064896639161], [-75.08049426113372, 4.56291277218869], [-75.08055724068988, 4.562785925913206], [-75.08065801084042, 4.562582974224299], [-75.08074609589765, 4.562342012135623], [-75.08087216305745, 4.562164375719458], [-75.08098572181495, 4.562075487854652], [-75.0811119471103, 4.562011932863764], [-75.08126348794111, 4.561986369706733], [-75.08144030914775, 4.561973447840855], [-75.08156660470883, 4.561960595635103], [-75.08170717926832, 4.561940241237676], [-75.08174340917387, 4.561934996180054], [-75.08186959913813, 4.561846090587192], [-75.08222290602632, 4.561579408174315], [-75.08270245604372, 4.561261844447496], [-75.08295492431364, 4.561147408906997], [-75.08313170987908, 4.561109134432568], [-75.08333381099861, 4.56110885256548], [-75.08366233062868, 4.561184444386444], [-75.08410447973915, 4.561221853374087], [-75.08464767880527, 4.561259117768455], [-75.08495083069417, 4.5612586938235244], [-75.08520333263546, 4.561169608114688], [-75.0854936588601, 4.561029770109371], [-75.08606167858434, 4.560750106195886], [-75.08638986304555, 4.5605848607657125], [-75.08657926069648, 4.560533894004751], [-75.0868444481179, 4.560482819908695], [-75.08717293171003, 4.560533056945909], [-75.08733720976443, 4.560583528985739], [-75.08748896168532, 4.56071007179386], [-75.08766601261269, 4.560861933983656], [-75.08786827319456, 4.560975729087419], [-75.08803154608644, 4.561013296577926], [-75.08820942542545, 4.5610513017797], [-75.08834849310938, 4.5611398350848855], [-75.08846228135295, 4.561215730936912], [-75.08858871774478, 4.56130428012435], [-75.08870248830986, 4.561367496644464], [-75.08884144981698, 4.561379976795391], [-75.0889425014083, 4.561379837304505], [-75.08906881385319, 4.561379660439603], [-75.08916982908241, 4.561354166004718], [-75.08924552758083, 4.561290681084829], [-75.08934650733359, 4.561239832626178], [-75.0894726956691, 4.561150926179055], [-75.08950203770098, 4.561152520288791], [-75.0897000772539, 4.561163280778447], [-75.08994008923828, 4.561175618417327], [-75.0902560310057, 4.561289253403204], [-75.09048348440112, 4.561352311181026], [-75.09073616315172, 4.56138998108216], [-75.09098875313903, 4.561364272713585], [-75.0913296725999, 4.561275062297486], [-75.09164941555649, 4.561203287707742], [-75.09178425772609, 4.561173014808851], [-75.0918726049318, 4.561122189337256], [-75.09204930109053, 4.561020535659854], [-75.09220078698148, 4.560956942687321], [-75.09239022094035, 4.560931322157823], [-75.0925922861709, 4.560905687365767], [-75.09274382616748, 4.560880119358919], [-75.09293324134946, 4.560841825801857], [-75.09312269295089, 4.560828881625693], [-75.0932362669668, 4.560752669126917], [-75.0934004381388, 4.560727084064402], [-75.09356462707201, 4.560714174582703], [-75.09374144727961, 4.560701251733249], [-75.09396868489613, 4.560612198326229], [-75.09418338105384, 4.560586542580988], [-75.09441072625229, 4.560573546327915], [-75.09454965157896, 4.560560673283153], [-75.09470113783134, 4.560497079924943], [-75.0948905178588, 4.560433433832841], [-75.09504209309455, 4.560433219338773], [-75.09520635302972, 4.560471012829086], [-75.09538331461522, 4.560559491691867], [-75.0955097707797, 4.560660717627767], [-75.09561107139072, 4.560838031976186], [-75.09566189866138, 4.561053447360333], [-75.09567494094377, 4.561344969072419], [-75.09572587713141, 4.561636432563314], [-75.09580189671796, 4.561801107902793], [-75.09589047628288, 4.56191506384394], [-75.0959285842491, 4.562067119064584], [-75.09595418584775, 4.562307916811287], [-75.0959669955939, 4.562434654833881], [-75.0959798062559, 4.562561392851141], [-75.0960052116353, 4.562662761772304], [-75.09608117793519, 4.56278941022284], [-75.09611921465321, 4.562890761215021], [-75.09619510959313, 4.562966707268809], [-75.09629542182338, 4.56301685985114], [-75.09634679327928, 4.563042546693623], [-75.09647315899008, 4.563080393347908], [-75.0966304328998, 4.563118827961773], [-75.09673848780702, 4.56313072017876], [-75.0968648731916, 4.563181241423027], [-75.09702922308449, 4.563282414794039], [-75.0971429941723, 4.5633456312961025], [-75.09724415183929, 4.563421538578509], [-75.09737051761063, 4.563459388639588], [-75.09748421811358, 4.563471901832408], [-75.09758526762552, 4.563471757376554], [-75.09773689778879, 4.563509566941914], [-75.09787587786954, 4.563534720653251], [-75.09796440431145, 4.563610649354781], [-75.0981286827855, 4.5636611173431545], [-75.09826771656829, 4.563724298584506], [-75.09843195926447, 4.56374941624095], [-75.09864671014162, 4.563761784608886], [-75.09877296940304, 4.563723579131222], [-75.09887385770939, 4.563609355261824], [-75.09897469316357, 4.563457103781128], [-75.09897447829019, 4.563304996962987], [-75.09897437085905, 4.563228943553677], [-75.09899943557996, 4.563089477276428], [-75.09904981837673, 4.562988000862699], [-75.09908751526676, 4.562848513910157], [-75.09908735413676, 4.562734433803018], [-75.0990493698958, 4.562671109862585], [-75.09903657842011, 4.562557050426172], [-75.09903643431515, 4.5624556449806155], [-75.09903627321917, 4.562341563964095], [-75.09909921388059, 4.5621893691544395], [-75.09914428408958, 4.562098587846846], [-75.09918743584728, 4.562049811278796], [-75.09926316972167, 4.5620116749958335], [-75.09940209569973, 4.56199880182532], [-75.09956630299428, 4.561998570969021], [-75.09973047264484, 4.561972986242168], [-75.09985666074901, 4.56188407668538], [-75.10013433336717, 4.561731570911575], [-75.10034881378114, 4.561553806577295], [-75.10048761414474, 4.5614522070636525], [-75.10061380113429, 4.561363298364632], [-75.10075272684868, 4.561350425000954], [-75.10080334140538, 4.5614137281206615], [-75.10091716595429, 4.5615149706691485], [-75.1010183781185, 4.561628905820347], [-75.10106913617606, 4.561793619645488], [-75.101069388108, 4.561971077365782], [-75.1010569899733, 4.562135876627464], [-75.10098157904778, 4.562402170288642], [-75.10098177632696, 4.562541603171143], [-75.1009818839309, 4.562617654674973], [-75.10100723612825, 4.562680996437796], [-75.10105781498416, 4.562718952903133], [-75.10114626968132, 4.562744177997554], [-75.10125995192077, 4.56274401687248], [-75.10147468330699, 4.562743709868164], [-75.1016388537479, 4.562718124655018], [-75.1018409717662, 4.562730509291158], [-75.1019673390638, 4.562768355768398], [-75.10201793590227, 4.562818987683293], [-75.10211905776045, 4.5628695457036805], [-75.10220747743114, 4.562869416841396], [-75.10232103298637, 4.562780525849379], [-75.10242193930343, 4.562678978240304], [-75.10266162670656, 4.5624631497861206], [-75.10302782578985, 4.5623865746159336], [-75.10321718741747, 4.562310249092171], [-75.10340661998647, 4.56228462657369], [-75.10353284334394, 4.562221072139733], [-75.10368432821025, 4.562157475282], [-75.10386111056606, 4.562119197898254], [-75.1039999290639, 4.562030267983009], [-75.10417667716425, 4.561966637676801], [-75.10430297138592, 4.561953780745457], [-75.10449240369672, 4.561928158000963], [-75.10464388924747, 4.561864564622616], [-75.10478281372745, 4.561851692278289], [-75.10493438918863, 4.561851471936381], [-75.10512393029744, 4.561901905774384], [-75.10523772013707, 4.56197779628166], [-75.10530105626279, 4.562104460206171], [-75.10549093873442, 4.562395725082905], [-75.10564274936357, 4.562560291646267], [-75.10581969455343, 4.5626360906804715], [-75.10598393735906, 4.5626612084060945], [-75.10626178809267, 4.562635456717729], [-75.10659687382281, 4.562609108171049], [-75.10691854085398, 4.5625838127505585], [-75.10704838860873, 4.5625836267584265], [-75.1073101101327, 4.562583254179081], [-75.10751228162066, 4.562633662780562], [-75.10766391205733, 4.562671474606838], [-75.1078156129098, 4.562759985670935], [-75.10798000007465, 4.562886504140122], [-75.10808115809746, 4.562962411205147], [-75.10819498438097, 4.563063652005461], [-75.10830870229785, 4.563088843437378], [-75.10842223769583, 4.562987271800565], [-75.10848525006823, 4.562885778112844], [-75.10849768160888, 4.562746327776291], [-75.10849748287112, 4.562606899186717], [-75.10850995236154, 4.562492798924009], [-75.10857294484055, 4.562378630672515], [-75.10866121864173, 4.562277097128772], [-75.10873686214056, 4.562175584427176], [-75.10883778516009, 4.562086710954481], [-75.10895135830543, 4.562010493925848], [-75.10900170233984, 4.56188366833005], [-75.10900152073359, 4.561756909845669], [-75.1089634474204, 4.56163020936606], [-75.10888749596816, 4.561516239663878], [-75.10879891517541, 4.561402288967277], [-75.10873561390837, 4.5613009738734815], [-75.10873545226612, 4.56118689356265], [-75.10873536106799, 4.561123516118608], [-75.10879839139326, 4.561034695270015], [-75.1088614199083, 4.560945876236989], [-75.10900034557007, 4.5609330031866495], [-75.10912665810527, 4.56093282010806], [-75.1092782862578, 4.560970628108684], [-75.10946786302138, 4.561046410828307], [-75.10963219644327, 4.561134900713416], [-75.10998605068752, 4.561261150253742], [-75.11031455310918, 4.561324054864724], [-75.11098409768007, 4.561386469847673], [-75.11171683496288, 4.561474142384361], [-75.11194419657635, 4.5614738142404905], [-75.11214629586533, 4.561473524204659], [-75.11234826824239, 4.561384502276439], [-75.11252497827252, 4.561295519409175], [-75.11266390270194, 4.5612826447464245], [-75.11280293679927, 4.561345820079181], [-75.1129294667233, 4.561497743565615], [-75.11303106184052, 4.561877864291863], [-75.11308196833026, 4.56214397689804], [-75.11324637382401, 4.562283171058758], [-75.11337277700511, 4.56234636618663], [-75.11354966760229, 4.562384136611989], [-75.11367596186948, 4.562371278974756], [-75.11390316094356, 4.562256871056044], [-75.11409233755934, 4.562053789663853], [-75.11440775458341, 4.561799823318206], [-75.11449595544974, 4.561647590411216], [-75.11452017783931, 4.561533349132299], [-75.11453359364032, 4.561470078639584], [-75.11459620438342, 4.5610897233558445], [-75.11463326237678, 4.560506593862309], [-75.11465776023783, 4.559974184373424], [-75.11477075030196, 4.559492351863304], [-75.11481231112188, 4.559359615642138], [-75.11484619195336, 4.559251405590424], [-75.11489622533264, 4.558909094958157], [-75.11499698357522, 4.5587061422257324], [-75.11517325595524, 4.558312945944784], [-75.11532448388787, 4.558071889559946], [-75.11541271981623, 4.557945007701693], [-75.11541250202177, 4.55779290337664], [-75.11541231963167, 4.557666148116514], [-75.11543738301503, 4.557526681897225], [-75.11546248088398, 4.557412563844207], [-75.11556342129852, 4.557336367349464], [-75.11567708257138, 4.557323526191272], [-75.11579076288514, 4.557323360447172], [-75.11595507720712, 4.557399176207637], [-75.11610681407923, 4.557513036430228], [-75.11642293806315, 4.55775341390599], [-75.11659986538379, 4.5578165366886925], [-75.11670093193875, 4.557829067139358], [-75.11687776838869, 4.557828810001336], [-75.11696614935168, 4.557803330572529], [-75.11714293033344, 4.557765049823138], [-75.11728174542269, 4.557676119380363], [-75.11738268463901, 4.557599919087499], [-75.11750886862247, 4.557511007778529], [-75.11754659807345, 4.557396874269267], [-75.11760957139481, 4.557270027946522], [-75.11762201968742, 4.557143253714078], [-75.1176218560537, 4.5570291767615325], [-75.11762169242044, 4.556915097095405], [-75.1175835993715, 4.556775721322251], [-75.1175834157851, 4.556648967143844], [-75.11768426485617, 4.556509387084383], [-75.11789864666797, 4.556268242220646], [-75.11807371211992, 4.556136085728113], [-75.11815099589117, 4.5560777442695075], [-75.11834038910388, 4.556026767077134], [-75.11847933102857, 4.556026567215377], [-75.11870667264033, 4.556013561411801], [-75.11897183441738, 4.5559498000338765], [-75.11928741086216, 4.555809911282567], [-75.11942626074071, 4.555746333337561], [-75.1195145511322, 4.555657477641765], [-75.1196027677838, 4.555517920338954], [-75.11965309236139, 4.555378415129232], [-75.11969065583114, 4.555150201293306], [-75.11971544363053, 4.5548206016114525], [-75.1198411335888, 4.554389451723463], [-75.12003018026567, 4.554097639953066], [-75.12015634509206, 4.553996052305586], [-75.1202825089781, 4.553894464654901], [-75.12045917931192, 4.553780130334426], [-75.12050576818399, 4.553769269183772], [-75.12062332787299, 4.553741864824967], [-75.12077484635951, 4.553703617557368], [-75.120951606689, 4.5536526610392505], [-75.12114101791957, 4.553614357977087], [-75.12131785283303, 4.553614101131832], [-75.12148200122657, 4.553575836369234], [-75.12162072281345, 4.553423528773919], [-75.12170892064071, 4.553271295231691], [-75.12175928124644, 4.553157145421908], [-75.12183490186302, 4.553042951812014], [-75.12193584079394, 4.55296675501121], [-75.12206227936849, 4.553055297983416], [-75.12226446704145, 4.553118384909756], [-75.12246652706118, 4.553092736871083], [-75.12263058398027, 4.5529910941340725], [-75.12273146714922, 4.552876868421323], [-75.12280707023554, 4.552750004840805], [-75.12284470673218, 4.552572493761654], [-75.12284450612334, 4.55243306100184], [-75.12284426817033, 4.552268282012921], [-75.12291976179857, 4.5520653616790465], [-75.12305853842685, 4.551951082912951], [-75.12317207054997, 4.551849511596808], [-75.12324772912358, 4.551760673266431], [-75.12333601676042, 4.551671815735356], [-75.12332325821282, 4.551583106427071], [-75.12325997524599, 4.551494472128024], [-75.12314613229802, 4.551380558446939], [-75.12307023581232, 4.551304614168071], [-75.12295644670027, 4.551228724750473], [-75.12283037959686, 4.551115197070159], [-75.12274144565788, 4.551038905021677], [-75.12261497198533, 4.5509250112777115], [-75.12261473423146, 4.550760227735548], [-75.12267766998944, 4.550608032683921], [-75.12282894892056, 4.550405001819747], [-75.1230938517865, 4.550163783886655], [-75.1233083950637, 4.550036718355582], [-75.12353566112682, 4.549973007742504], [-75.12372507103645, 4.549934706319252], [-75.12393981463639, 4.549947068831152], [-75.12410412781368, 4.550022883122905], [-75.12423054666002, 4.550098753186842], [-75.12444549275907, 4.550250548138992], [-75.12463499382014, 4.5502756232777015], [-75.12481182841556, 4.55027536504803], [-75.12506442891363, 4.5502623205909805], [-75.12549360728542, 4.550071563584534], [-75.12589739398872, 4.549792114727233], [-75.12613708833504, 4.549588958963901], [-75.12625050995833, 4.549411335434175], [-75.12640191625574, 4.549297034547942], [-75.12670478442185, 4.549106460590049], [-75.12698237069586, 4.548903247928021], [-75.12733567026349, 4.548649222872628], [-75.12780248116935, 4.548280953646527], [-75.12796638876866, 4.548077906048681], [-75.12805467712805, 4.547989051119853], [-75.12809238565738, 4.547862239090207], [-75.12809212870786, 4.547684785308281], [-75.12806661022023, 4.54750736461076], [-75.12793995237305, 4.5472667131124735], [-75.127699451448, 4.546912152204482], [-75.12738310960873, 4.546519670554692], [-75.12735321598797, 4.546487543578585], [-75.12704154406224, 4.546152581357141], [-75.1268645281831, 4.546026084397312], [-75.12670644508323, 4.54598855499433], [-75.12659918829769, 4.545963094104243], [-75.12638451831602, 4.546001434157862], [-75.12623302122977, 4.5460523525473695], [-75.12605609662872, 4.545989232976494], [-75.12592960482631, 4.545862666089757], [-75.12582826517891, 4.54566000501289], [-75.1257267232819, 4.545317911374152], [-75.12570118656375, 4.545127815822151], [-75.12572619201072, 4.5449503251732395], [-75.1258143876254, 4.544798088367552], [-75.12596595926327, 4.544797867964862], [-75.12615551337261, 4.544860970311307], [-75.12634515867553, 4.544987450248044], [-75.12649671205415, 4.544974551652747], [-75.12667332444752, 4.544822189407129], [-75.126900331096, 4.544581025601585], [-75.12707679644149, 4.544327257874103], [-75.1271018927982, 4.54421314135333], [-75.1270637616788, 4.544048415894866], [-75.12688671000788, 4.543896567097164], [-75.12669688094024, 4.543643336450304], [-75.126582910104, 4.543440691006378], [-75.12649425637066, 4.543276042217996], [-75.1264940914444, 4.543161961360594], [-75.1265318186593, 4.543047827449298], [-75.12665796170998, 4.5429335637117925], [-75.12706191083839, 4.542768195234096], [-75.12712075679357, 4.5427470073910685], [-75.1274153898201, 4.542640924943634], [-75.1277560737502, 4.542399592073782], [-75.1280588827282, 4.542170993932513], [-75.12831127916006, 4.54201851919285], [-75.12842488314848, 4.541967651240873], [-75.12855119078809, 4.541967467201468], [-75.12875333901624, 4.542005200130019], [-75.12909451771884, 4.542106106264781], [-75.12942301007513, 4.542169004549763], [-75.12962510257766, 4.542168709406866], [-75.12977661756291, 4.542130459781374], [-75.12991544613692, 4.54205420522133], [-75.13002894024261, 4.541927284236765], [-75.13018032628288, 4.541800308228996], [-75.1304579639543, 4.541635121914632], [-75.130760863659, 4.5414698979474855], [-75.13105126236891, 4.541393421262276], [-75.13129822105934, 4.541347986726511], [-75.13132906511628, 4.541342315281411], [-75.13149321032688, 4.5413040461554335], [-75.13163196526123, 4.541177091095034], [-75.13180864772187, 4.541075427033298], [-75.13199803577137, 4.541024450321383], [-75.13221276004025, 4.541024134421679], [-75.13242761155676, 4.541112548283721], [-75.13269328138247, 4.541403695122687], [-75.13290833639152, 4.541631542450776], [-75.13312328064312, 4.541783329740237], [-75.13333800408836, 4.541783017019568], [-75.13355263491188, 4.541719323256254], [-75.13366629402321, 4.541706481446765], [-75.1337546717349, 4.541681002952226], [-75.133868256558, 4.541617459056462], [-75.1339818789341, 4.541579263917326], [-75.13403225378484, 4.541477787989006], [-75.13413315289378, 4.5413762366218196], [-75.13422153142065, 4.541350755380611], [-75.13439838108202, 4.541363171105591], [-75.13458800815472, 4.5414769724451665], [-75.13477778302573, 4.541692177766668], [-75.13501821083486, 4.541996036229051], [-75.13517000228036, 4.542147919311954], [-75.13537213165931, 4.542172972205991], [-75.13544793466193, 4.542185538670528], [-75.13556161204272, 4.542185371818436], [-75.13566263861541, 4.542172547216015], [-75.13580144857143, 4.542083617437687], [-75.13590230969258, 4.541956711741664], [-75.13606615931839, 4.541715637287961], [-75.13628064244932, 4.541550540679087], [-75.1364574359126, 4.541524932770824], [-75.13669745677825, 4.541549929100246], [-75.13698814898132, 4.541676257227582], [-75.13748097121182, 4.54182763659546], [-75.13788535912438, 4.541966473247186], [-75.13812536156534, 4.541978798276088], [-75.13832741782312, 4.54195314839844], [-75.13859255329098, 4.541876704118612], [-75.13876925343301, 4.5417877157857145], [-75.13890811796686, 4.5417368131737765], [-75.13905968675891, 4.541736586702344], [-75.13924914818972, 4.541736307410634], [-75.13938803106447, 4.541698076352598], [-75.1395268761339, 4.541634494792498], [-75.13967986941242, 4.541557447065826], [-75.13970357691774, 4.541545509022427], [-75.13985516493601, 4.5415579576396246], [-75.14013315181923, 4.541633600894382], [-75.14033539309787, 4.541734707408528], [-75.14074011488684, 4.542101699111638], [-75.14094239326256, 4.542228154004407], [-75.1412077497821, 4.5423038170107235], [-75.14142247314263, 4.542303499996233], [-75.14167508817891, 4.542303124564028], [-75.14199067115706, 4.542175906777911], [-75.14221776517392, 4.541998116107169], [-75.1424447093233, 4.541718919154764], [-75.14252017738931, 4.541503324597254], [-75.14258307126599, 4.541325776064374], [-75.14258279212258, 4.541135645098544], [-75.14255697283285, 4.54075542026409], [-75.14260721680448, 4.540565215998843], [-75.14272076308922, 4.540476318008429], [-75.14288498116892, 4.540488751136411], [-75.1430872026773, 4.540577180735241], [-75.14331470467005, 4.540678248337953], [-75.14347907075806, 4.540792086600894], [-75.14365599518648, 4.540855199965914], [-75.14392129631072, 4.540892832839831], [-75.14416127902301, 4.54089247805944], [-75.14442665509013, 4.540980816055494], [-75.14471736632227, 4.541119814827507], [-75.14489451317029, 4.541335032887712], [-75.14497997175081, 4.541543794059179], [-75.14500860016592, 4.5416137243597445], [-75.14505962639774, 4.5419558838687335], [-75.1451482459107, 4.542095184401666], [-75.14527462817014, 4.542145699097036], [-75.1453883039069, 4.542145528891228], [-75.14552720542343, 4.542119973764079], [-75.14564078929975, 4.542056430273364], [-75.1458428434245, 4.542030780213679], [-75.14618392881532, 4.542068297565265], [-75.14649986542507, 4.542181911242058], [-75.14671488601863, 4.542384394680162], [-75.14686673460434, 4.542574301449496], [-75.14698046783073, 4.542612159208942], [-75.14715728029657, 4.542599221190375], [-75.14733394226954, 4.542484880814317], [-75.14756103333721, 4.542307087228685], [-75.14785086794377, 4.541850344738312], [-75.14809030855479, 4.541482400401098], [-75.14819116758814, 4.5413554958457985], [-75.14829208326007, 4.541266617703579], [-75.14841824041392, 4.541165029794188], [-75.14846037797189, 4.541143808964839], [-75.14854445419451, 4.541101463761945], [-75.14858219693143, 4.5410000046402], [-75.14873365304909, 4.540923727018852], [-75.1488852587971, 4.540948851601467], [-75.14901173377044, 4.54106274233699], [-75.14907511214278, 4.541214753670328], [-75.14913850916132, 4.5413794410518795], [-75.1491513833392, 4.541544203105883], [-75.14915186894606, 4.541873760036038], [-75.14916489298534, 4.5421399260898605], [-75.14927885035699, 4.542329886297568], [-75.14944336709345, 4.542545124751592], [-75.1495571942717, 4.542646358737516], [-75.14969626298088, 4.542734881057113], [-75.14986048094964, 4.542747308676386], [-75.14997415825141, 4.542747141314379], [-75.1501255948317, 4.542658189052925], [-75.15023901031365, 4.542480564993809], [-75.15041535282428, 4.542150741106149], [-75.15070535278201, 4.541808071980505], [-75.15091958825354, 4.541478192944227], [-75.15114620994844, 4.54098351472048], [-75.1512849037008, 4.540818527573476], [-75.15139835511785, 4.540666255694711], [-75.1514613396751, 4.540552084975398], [-75.1515368987437, 4.540399864699914], [-75.15153659874068, 4.540197062417421], [-75.15153637418794, 4.540044954372685], [-75.1515361487599, 4.539892849947587], [-75.15153588698797, 4.53971539704155], [-75.15151038207277, 4.539550653057118], [-75.15151015669662, 4.539398547723021], [-75.15150996860058, 4.539271795388594], [-75.15150974505464, 4.53911969004793], [-75.15152215015566, 4.538967566924329], [-75.15157250423808, 4.538853414960905], [-75.15167338090788, 4.538739184610842], [-75.15182485466288, 4.538675581855257], [-75.15207743125477, 4.53864985580639], [-75.15232998734209, 4.538611452737122], [-75.15255716978962, 4.538497038007622], [-75.15267069617343, 4.5383954649445695], [-75.15272202658564, 4.538334401180578], [-75.15280938922375, 4.538230477893573], [-75.15287203609083, 4.537888146728662], [-75.15293479482274, 4.537621870898902], [-75.15298536238588, 4.537556424889662], [-75.15302303981896, 4.537507661056132], [-75.1531113052342, 4.537406126340888], [-75.15321221785995, 4.537317249862627], [-75.15338650368584, 4.5372169578715695], [-75.15342657526843, 4.53719119395511], [-75.15356555707588, 4.537101238823199], [-75.15372956733718, 4.53697424066083], [-75.15383046206318, 4.536872689032012], [-75.15396919191502, 4.536733051359059], [-75.15415861377684, 4.536707417617552], [-75.15427236443148, 4.536757949609224], [-75.15434829772273, 4.536859240946384], [-75.1544747916493, 4.536985806687257], [-75.15458874856964, 4.537175766708058], [-75.15467738880366, 4.5373277378925625], [-75.15482914363346, 4.537454265128758], [-75.15500602943781, 4.537492027208084], [-75.15518300774303, 4.537593168422859], [-75.15547377608684, 4.537770189665305], [-75.15579279626465, 4.537941963966489], [-75.15591626133686, 4.538048387363374], [-75.15613103835405, 4.53808608916579], [-75.15637103872048, 4.538098406764478], [-75.15656055497922, 4.538136151386865], [-75.15676287000582, 4.538287950359959], [-75.15689345284311, 4.5383321195931146], [-75.15714606484288, 4.538331743914932], [-75.15736502106394, 4.538348315063466], [-75.15755024483974, 4.538331137216812], [-75.1577523352536, 4.538330835590297], [-75.1579712664272, 4.538330507935557], [-75.15819027161285, 4.538380878760581], [-75.15851037331011, 4.538464901658729], [-75.15879064095869, 4.538548992070931], [-75.15897929964102, 4.538593546815343], [-75.15901627414839, 4.538615299942487], [-75.15909184004414, 4.538659752773611], [-75.15923658169214, 4.538727842919735], [-75.15935144317675, 4.53877479899549], [-75.15947557117029, 4.538889438645632], [-75.15961862830987, 4.538908364336829], [-75.15971396517146, 4.538898652276546], [-75.15987596358771, 4.538831426165866], [-75.16008548113098, 4.538658869957844], [-75.16053266524017, 4.538007510349544], [-75.16060693425898, 4.537928355717305], [-75.16085634697028, 4.5376625397654635], [-75.16092029692604, 4.537575441075068], [-75.16108116605157, 4.537354450923207], [-75.16178313160428, 4.536956036598966], [-75.16276967936462, 4.536861176781893], [-75.16354753273122, 4.537031925821664], [-75.16417361098183, 4.537468283313838], [-75.16481866239153, 4.537582116561896], [-75.16552062821967, 4.537544173777106], [-75.16620362215625, 4.537449311417006], [-75.16774035863781, 4.537942584866102], [-75.16911768285294, 4.538697630440241], [-75.16933260176818, 4.538948488992222], [-75.16959537583799, 4.539318889706591], [-75.17001893257867, 4.539851451134108], [-75.17046574220225, 4.54046880372954], [-75.17099398261963, 4.540982767349325], [-75.1715364997898, 4.541282578185944], [-75.17207901733212, 4.5413396871638865], [-75.17630493959743, 4.541325410555278], [-75.17861777573775, 4.541482454263238], [-75.1800882826011, 4.541682330814529], [-75.18115903979725, 4.541925032883947], [-75.1822869049079, 4.542053523571303], [-75.18412860695749, 4.542353336768768], [-75.18478533924763, 4.542281951645516], [-75.18519936495416, 4.542096355956732], [-75.1856276682808, 4.541796542212861], [-75.18651282701789, 4.540897105860587], [-75.1870125143289, 4.540283208035091], [-75.18733168839864, 4.540045271929799], [-75.18765496898652, 4.539854901894552], [-75.18798333403589, 4.539712134720361], [-75.18846874402688, 4.53962647359611], [-75.18886849400353, 4.53952653615409], [-75.18912547605284, 4.53938376919472], [-75.18948239509855, 4.539141063217808], [-75.18996780475572, 4.538569993741422], [-75.19048176782832, 4.537684834403505], [-75.19101000882803, 4.5366426308368775], [-75.19156680282627, 4.536242882878237], [-75.19243768503783, 4.53582885362082], [-75.19282315827645, 4.535757471845155], [-75.1931515237319, 4.535728915725315], [-75.19410408037719, 4.535453952640189], [-75.19480127027674, 4.5352039420085655], [-75.19577505211426, 4.534854745817223], [-75.1963137582347, 4.534568202097594], [-75.19665761285209, 4.534316042260948], [-75.19684100340803, 4.5341211899272595], [-75.19700146772816, 4.5338690301765], [-75.19724216662733, 4.5335137119646465], [-75.19767015098195, 4.5330114714504015], [-75.19780574863117, 4.532902116808157], [-75.19841965034738, 4.532602306250608], [-75.19941902407557, 4.532402429593392], [-75.20168902965115, 4.532231108974121], [-75.20256086016835, 4.532140657602554], [-75.20314144807186, 4.532197762118371], [-75.20485466039251, 4.532530886566242], [-75.20717701381226, 4.533492190423801], [-75.20748539738716, 4.53358740369287], [-75.20798508318472, 4.5336445085573445], [-75.20825634192957, 4.533730170876386], [-75.2097268487026, 4.534800927361444], [-75.21002666135377, 4.53504363241569], [-75.21021320565724, 4.535119741556447], [-75.210426409868, 4.535143569801115], [-75.21061200807809, 4.535143570165473], [-75.21079760592478, 4.535115016903168], [-75.2111259717386, 4.534929417002001], [-75.21216817582713, 4.534158472442602], [-75.21273924664578, 4.53393004371216], [-75.21322465658385, 4.533844385442409], [-75.21410981645113, 4.5337016184438985], [-75.2145723792958, 4.533682548229799], [-75.2149664223479, 4.5337444468101795], [-75.21558032308512, 4.53395859657953], [-75.21619422377394, 4.534258409697146], [-75.21656542015036, 4.534586778407483], [-75.21698991082202, 4.535176846862711], [-75.21743724960383, 4.53605248936587], [-75.21772278510633, 4.536823433900484], [-75.21780749943952, 4.5369709951812185], [-75.21803592685971, 4.537270808957889], [-75.21837951622832, 4.53766100578492], [-75.21893536265723, 4.538270182624229], [-75.21900093737936, 4.538344257017525], [-75.21989075591044, 4.539072702041088], [-75.22010853139604, 4.539347785785667], [-75.22023454868618, 4.540126160361103], [-75.22032460845112, 4.540846634386468], [-75.22070454710845, 4.541857929378121], [-75.22093378260368, 4.542282017433173], [-75.22093378341654, 4.542453943636955], [-75.2208306273129, 4.5426831833378944], [-75.22021364634293, 4.543498279122619], [-75.21977769164724, 4.54415220889161], [-75.21964920098823, 4.544366361554122], [-75.21955021081, 4.54459951167256], [-75.21950643436227, 4.544866048881869], [-75.21950643400203, 4.545237244974654], [-75.21969203160762, 4.546008189936338], [-75.22022027177734, 4.547550080307206], [-75.22062002137028, 4.54912052299072], [-75.22076278898795, 4.549463166029953], [-75.22082560172201, 4.549777220269748], [-75.22089127976456, 4.550219834953933], [-75.22093410995008, 4.551076443241812], [-75.22101977087719, 4.551433358584809], [-75.22123392217858, 4.552075816716843], [-75.22151945815872, 4.552604055797978], [-75.2218763773083, 4.553189401300367], [-75.2224031125616, 4.5540250987688715], [-75.22253881423687, 4.554126875382775], [-75.2231289208785, 4.5545456586622395], [-75.22382372320776, 4.555202393020038], [-75.224050715401, 4.555403753998031], [-75.22459466888041, 4.555973337742498], [-75.22517431004812, 4.556572995754571], [-75.22573110376163, 4.557029851420741], [-75.22623534871957, 4.557336782990712], [-75.22681832173974, 4.55757309735767], [-75.22783380879119, 4.557984733580986], [-75.22955308537662, 4.558603672159243], [-75.230309566231, 4.55878706360019], [-75.23141238080996, 4.558911001662593], [-75.23167248299657, 4.558940232228659], [-75.2323555228298, 4.55898576906882], [-75.23312646830344, 4.558885830694902], [-75.23419722632542, 4.55884300183266], [-75.23582477690793, 4.558914383713444], [-75.23651006238931, 4.559028599450197], [-75.23692408812519, 4.559171366273335], [-75.23752371175839, 4.559499732001139], [-75.238052899577, 4.5599327590363155], [-75.23878577368366, 4.5605704554435365], [-75.2392140768245, 4.560817918368482], [-75.23932664769674, 4.560892966317192], [-75.23947581167434, 4.560930337003387], [-75.23971591332126, 4.5609170552278], [-75.24023551719371, 4.560825357551364], [-75.2407856853815, 4.560733663609376], [-75.24161093709927, 4.560687816105851], [-75.24229864709571, 4.560825357750056], [-75.24266542560144, 4.561115727921707], [-75.24345686341138, 4.561548887750751], [-75.24476203303841, 4.561755462296444], [-75.24586134381306, 4.5619553361345115], [-75.24636103126018, 4.562226593634437], [-75.24670367344889, 4.562512130988829], [-75.24718908264232, 4.562911879906137], [-75.24746034175604, 4.563054647137912], [-75.2479314752651, 4.56318313767635], [-75.24853109888195, 4.563183138357877], [-75.24968751691661, 4.563111757126977], [-75.25135789886387, 4.5628547746756], [-75.25261425358829, 4.562483578559605], [-75.25372784223322, 4.562083826264972], [-75.2549984736965, 4.561427095080449], [-75.25584080330276, 4.560856027048946], [-75.25679734724291, 4.560042248637275], [-75.25759684487372, 4.5592855799562955], [-75.25826785268356, 4.558800169829537], [-75.25911018297646, 4.558229099799455], [-75.25958131563915, 4.557986394620078], [-75.26016666309184, 4.557772243265493], [-75.26078056415386, 4.557658029408014], [-75.26152295629235, 4.55760092171846], [-75.26262226723217, 4.5576151993652845], [-75.26315050730494, 4.557629474671127], [-75.26370730067144, 4.557715137236134], [-75.26497793376991, 4.558029224602926], [-75.26541670137968, 4.558267136066132], [-75.26565464732549, 4.558562188978712], [-75.26586309310831, 4.559014321556008], [-75.2663485027705, 4.5599565913983975], [-75.26680535975527, 4.560570488888097], [-75.26704806470573, 4.560841749839944], [-75.26764768854878, 4.561384265687862], [-75.26830441998523, 4.561898229356984], [-75.27013184644618, 4.5632545243384515], [-75.27050304244251, 4.563597163829922], [-75.27114549611717, 4.564396664836775], [-75.27228763762228, 4.566052768993764], [-75.27245990503192, 4.566214537201085], [-75.27284443169167, 4.566423965931944], [-75.27320135089583, 4.566595284897667], [-75.27380097461035, 4.566837990859823], [-75.27531431211811, 4.567566106873487], [-75.27696184467457, 4.568555924946812], [-75.27911193192769, 4.570135923338859], [-75.27951168067904, 4.570292966597756], [-75.27992570784836, 4.57030724371492], [-75.28043967082967, 4.5702215857175466], [-75.28116873156434, 4.5701358880105145], [-75.28188162440996, 4.570093095194138], [-75.28235275796213, 4.570093095125693], [-75.28281531866965, 4.570154924337943], [-75.28331024671864, 4.570269138654329], [-75.284871173596, 4.570573708400504], [-75.28593622601338, 4.570821206666584], [-75.28660723439086, 4.571163849692047], [-75.28764943788383, 4.571663537222366], [-75.2880777408542, 4.5718776902842855], [-75.28896289975053, 4.572248886700559], [-75.28961963219605, 4.5727485742571075], [-75.29014035436522, 4.573584294450019], [-75.29046128487907, 4.5740427662533465], [-75.29119778055396, 4.574661096108548], [-75.29153271778584, 4.5753754959682515], [-75.2917325929545, 4.576346317401947], [-75.2917611473584, 4.577231476407172], [-75.29164693244464, 4.5778739295924895], [-75.29148988765458, 4.578459279628851], [-75.29110441482364, 4.579501482944478], [-75.29077604965462, 4.581271802223333], [-75.29047623778311, 4.582371110583014], [-75.29031919291832, 4.582899350935796], [-75.29004793477891, 4.583399037567134], [-75.28963390798243, 4.584055770968684], [-75.28860598088772, 4.585426341897791], [-75.28753998332056, 4.586244873703406], [-75.28641287876876, 4.587010190903817], [-75.28566323600256, 4.58758131831073], [-75.28532931725064, 4.588003657278128], [-75.28513044437808, 4.588338663956713], [-75.28498135955522, 4.588589801880895], [-75.28492118523221, 4.588968041183643], [-75.28498136039465, 4.5893806669618495], [-75.28523280398366, 4.590356101022681], [-75.28538895010725, 4.5907246047025865], [-75.28590053430437, 4.591616902715853], [-75.28623365922253, 4.592187974667362], [-75.28649539939836, 4.592996990881075], [-75.28651919419896, 4.593092169184805], [-75.28639427184872, 4.593954725317313], [-75.28596596903323, 4.594716151160369], [-75.2856804336209, 4.595251530197614], [-75.28547817975297, 4.596417465684723], [-75.28529972041636, 4.597404944330568], [-75.28510936304632, 4.598047398189797], [-75.28456208683575, 4.599713021677972], [-75.28424085962843, 4.6009265448713155], [-75.28419327070986, 4.6013429500273], [-75.28421706465465, 4.601723664859992], [-75.28434793567239, 4.60216386742302], [-75.28455019004875, 4.602901496651905], [-75.28459777867033, 4.6033060080368635], [-75.28452639523321, 4.603853282352283], [-75.28425275717001, 4.604507635168737], [-75.28400291414653, 4.605031117979237], [-75.28341994577433, 4.6058639261487535], [-75.28296784772297, 4.60653017487157], [-75.28223395598015, 4.607365334718815], [-75.28189709082373, 4.607874573239138], [-75.28175806267026, 4.608107727139827], [-75.28170673409733, 4.608267182880943], [-75.28164724822923, 4.608683589002982], [-75.28164724843745, 4.609004814976239], [-75.28175432298052, 4.609433120398617], [-75.282123140198, 4.6104205938035925], [-75.28256333969796, 4.611860170289827], [-75.28288456701527, 4.61264539092709], [-75.28315820530847, 4.6131807692251074], [-75.28328907607195, 4.61338302266393], [-75.28344374058354, 4.61349009929795], [-75.28355693567961, 4.613513862263806], [-75.28395532540945, 4.613525792961605], [-75.28456208667644, 4.613561483625198], [-75.28498448680928, 4.613638282839062], [-75.28516545098903, 4.613704219037107], [-75.28560905039512, 4.613918404242127], [-75.28634668329809, 4.614311014007425], [-75.28664411598473, 4.614429986059139], [-75.28754831074998, 4.614882082968274], [-75.28800256782186, 4.615178340011547], [-75.28920886833185, 4.616462602772169], [-75.28960621119376, 4.617624066729538], [-75.2899271428358, 4.61878553162116], [-75.29003421538002, 4.6198705968058125], [-75.29001859762025, 4.619999999999999], [-75.1, 4.619999999999999], [-75.0980396571934, 4.619903694533444], [-75.09609819355967, 4.619615705608064], [-75.09419430645491, 4.619138806714644], [-75.09234633135269, 4.618477590650225], [-75.09057206526347, 4.617638425286967], [-75.0888885953396, 4.61662939224605], [-75.08731213431672, 4.615460209067255], [-75.08585786437627, 4.61414213562373], [-75.08453979093274, 4.612687865683273], [-75.08337060775395, 4.611111404660392], [-75.08236157471303, 4.6094279347365195], [-75.08152240934977, 4.607653668647301], [-75.08086119328534, 4.605805693545089], [-75.08038429439193, 4.603901806440322], [-75.08009630546655, 4.601960342806591], [-75.08, 4.6], [-75.08, 4.564875133657993], [-75.08002959110607, 4.5648527983168155]]]}}]}