{"type": "FeatureCollection", "name": "mascara_exterior", "crs": {"type": "name", "properties": {"name": "urn:ogc:def:crs:OGC:1.3:CRS84"}}, "features": [{"type": "Feature", "properties": {"nombre": "Fuera del area de estudio", "marca": "CP"}, "geometry": {"type": "MultiPolygon", "coordinates": [[[[-75.1, 4.3], [-75.18903938901839, 4.3], [-75.18874217680211, 4.300139203636183], [-75.18861831576943, 4.300215970562002], [-75.18827790618, 4.30042694896373], [-75.18830015491106, 4.300791821680447], [-75.1883677504144, 4.301161971240618], [-75.18845768155721, 4.301520870148105], [-75.18855866014219, 4.301789997769884], [-75.18852552103206, 4.302059315973385], [-75.18838053630793, 4.3022727023910425], [-75.18809022359939, 4.302463860304068], [-75.18801627739802, 4.302519704553271], [-75.1879115946385, 4.3025987578607205], [-75.1877932810243, 4.302711837199631], [-75.1878047670104, 4.302819871912213], [-75.1876382511948, 4.30302345617976], [-75.1874240560694, 4.303215146591199], [-75.18712640335602, 4.303371077105107], [-75.18678110707198, 4.3035390372918485], [-75.18660272743948, 4.303778520021887], [-75.18648393874969, 4.304029877785521], [-75.1864485234012, 4.304257194100238], [-75.18628197109305, 4.304436852058837], [-75.18617011613348, 4.304612623902642], [-75.18599668180846, 4.304903753767093], [-75.18583040706777, 4.305274794581238], [-75.18562668169155, 4.305512723345071], [-75.18553302995787, 4.305622099768436], [-75.18530716102539, 4.30598126563884], [-75.18503389108179, 4.306519916921404], [-75.18491525767736, 4.306878923681767], [-75.1847373778625, 4.307465282112692], [-75.18463454526983, 4.307707122617188], [-75.18452363073919, 4.3079679640556074], [-75.18435735430303, 4.308339004321608], [-75.18408364979959, 4.30857862413036], [-75.18384473768666, 4.3087416009835255], [-75.18371464222518, 4.308830344703616], [-75.18325039766326, 4.309142012431887], [-75.18277413512841, 4.30938192877455], [-75.18266767542376, 4.309445595415065], [-75.1823931761875, 4.309609748827556], [-75.18209536974497, 4.3099695939598694], [-75.18177470570102, 4.310388121896226], [-75.18145337427592, 4.310651737127789], [-75.18109610558318, 4.310783828949042], [-75.18094587462146, 4.310831468002901], [-75.18091290683266, 4.3111282631465], [-75.18091326912565, 4.311379450004074], [-75.1809851915722, 4.3116783728759325], [-75.18100572005805, 4.311768442625618], [-75.1810451476275, 4.311941433982061], [-75.1810487120889, 4.312007591589979], [-75.18105709008641, 4.312163098092937], [-75.18098494521132, 4.3123879133540735], [-75.1809743472794, 4.312419981822063], [-75.18090309673762, 4.312587543045552], [-75.18077606536363, 4.312721828440898], [-75.18066515325957, 4.312839074016364], [-75.18043891844789, 4.312947053698538], [-75.18027213862408, 4.312971219949202], [-75.18016988940093, 4.312986033808155], [-75.1800392354386, 4.313273292712431], [-75.17984902069733, 4.313572599275749], [-75.17964343614801, 4.3138637074229145], [-75.17946850679725, 4.314111405379566], [-75.17909995990766, 4.314686079667699], [-75.17862370915856, 4.3149379554067036], [-75.17830223716253, 4.315105877566126], [-75.17798055672414, 4.315130268831045], [-75.17774458516087, 4.315106108435687], [-75.17763496104652, 4.315094885069366], [-75.17731336708762, 4.315179079618643], [-75.17696799540356, 4.3152991924376405], [-75.17652712736256, 4.315299830553172], [-75.1761448038433, 4.315300385388319], [-75.17608626010042, 4.315300471123046], [-75.17558579774214, 4.31528923684183], [-75.17482314732474, 4.315242495425197], [-75.17438229741327, 4.315255093731174], [-75.17410557062732, 4.315255492090777], [-75.17404866738639, 4.315255573866346], [-75.17352447733373, 4.315316139143629], [-75.17308388324986, 4.3155081542461255], [-75.17302873997924, 4.315540090911696], [-75.17260766294461, 4.3157839522166155], [-75.17220303833042, 4.316131411725204], [-75.17163207612445, 4.316814022814146], [-75.17153401590369, 4.317165966077438], [-75.17152538566025, 4.317196937399864], [-75.17139498480576, 4.317663616314731], [-75.17127777386847, 4.317976428890956], [-75.17119319388352, 4.318202158720651], [-75.17106260434618, 4.318537262332642], [-75.17082465520409, 4.318788793662414], [-75.17059846775197, 4.318932651929402], [-75.17024102166685, 4.318945129320842], [-75.16983572696469, 4.318826102419816], [-75.1695644151325, 4.318661572118973], [-75.16953370071323, 4.318642947214358], [-75.16944217565825, 4.3185874442338825], [-75.16914396523352, 4.318360610872039], [-75.16883387387406, 4.318157715421502], [-75.1685477160725, 4.318026553141894], [-75.16850858416824, 4.318026609969706], [-75.16826174637028, 4.318026964565762], [-75.16792831862256, 4.318170978923461], [-75.16761879219496, 4.3183628054252825], [-75.16740329627964, 4.31854101939213], [-75.16728555199748, 4.318638393578742], [-75.16699982112559, 4.3188062622560155], [-75.16679717317498, 4.318746745566678], [-75.16648711630717, 4.318567772865517], [-75.16621285718858, 4.318424632973142], [-75.1659266478756, 4.318257586760268], [-75.1656757876898, 4.318195012236472], [-75.16564057492539, 4.3181862289785204], [-75.16519958519072, 4.318103135143635], [-75.16514853655498, 4.318103205956766], [-75.16464808926739, 4.318103925011429], [-75.1645799832588, 4.31810402190791], [-75.16418679482251, 4.318126930260706], [-75.1639485156939, 4.318140814160679], [-75.16340078035523, 4.318404744743709], [-75.16297981185565, 4.3189109664821475], [-75.16266336532225, 4.319350740186287], [-75.16236144169949, 4.319806755300426], [-75.16217121410372, 4.320094067550814], [-75.16169673169671, 4.320417706211138], [-75.16111376375346, 4.320727035655721], [-75.16050700106258, 4.320846011924062], [-75.15973367591882, 4.3207984207474635], [-75.1591507076277, 4.320608063261292], [-75.15891276197746, 4.320560473716808], [-75.15821082060818, 4.320810317199464], [-75.15708057696018, 4.321666923112232], [-75.15636673899479, 4.3219881498257], [-75.15568859258885, 4.322107124749958], [-75.15446316988705, 4.322226096914877], [-75.15345189912132, 4.322333172892248], [-75.15298790422851, 4.322273686842192], [-75.15258339564834, 4.32214281474474], [-75.15203612010319, 4.321821590794111], [-75.1515483299095, 4.321595538840686], [-75.15112002736697, 4.321452771584222], [-75.15059654580189, 4.321405184692324], [-75.14996598897999, 4.321464671338252], [-75.14920456061058, 4.321571747283965], [-75.1487167716916, 4.321547952221239], [-75.14831226283327, 4.321393284995889], [-75.14793154969058, 4.321083954805767], [-75.14745565676886, 4.320762730799515], [-75.14714632839164, 4.320619959710076], [-75.1468369979336, 4.320524782098245], [-75.14658715415014, 4.320560473837821], [-75.14633731107806, 4.3206675496809925], [-75.14593280160669, 4.321357594435885], [-75.14563537015646, 4.322000047832527], [-75.14545691014682, 4.322309378156754], [-75.14501670972217, 4.322713887974994], [-75.14465979132098, 4.323130294437826], [-75.14448133074164, 4.323261161945526], [-75.14423148802356, 4.323356342854511], [-75.14394595217738, 4.323368238107155], [-75.14338677867721, 4.323225470706823], [-75.14282760644181, 4.323011319353221], [-75.14262535239862, 4.322951831767382], [-75.14239930276706, 4.3229518322595375], [-75.14169736214241, 4.323237366759115], [-75.14070988582282, 4.32399879692737], [-75.14059091164017, 4.32415345988602], [-75.13993656115659, 4.324855403880157], [-75.13967481974575, 4.325176627776755], [-75.13946066760579, 4.325283704710925], [-75.13921082491687, 4.325426472148517], [-75.13905615986828, 4.325438369370632], [-75.13883011072444, 4.325426471587295], [-75.13831852731126, 4.32511714300795], [-75.1379735047042, 4.3248197092481595], [-75.13767607292392, 4.324557970035607], [-75.13747381891673, 4.324427098303047], [-75.1372953585571, 4.324403302628747], [-75.13704551610964, 4.3244389983863], [-75.1366291096383, 4.324760222713272], [-75.13624839612106, 4.324974376404873], [-75.13598665516705, 4.325010065733911], [-75.13560594221215, 4.324962476676571], [-75.13534420139169, 4.324700736715603], [-75.1348683087331, 4.324343816821303], [-75.13460656798124, 4.32424864010197], [-75.13401170304907, 4.324165358979496], [-75.13378565363104, 4.324153460364825], [-75.1335952970374, 4.324046384152569], [-75.13336924843026, 4.323832234113033], [-75.13325027491156, 4.3233682379054805], [-75.13308371320377, 4.322178507231947], [-75.13313130223236, 4.321643128773552], [-75.13310750820735, 4.321440874852384], [-75.13301232901364, 4.3211672355528234], [-75.1325007452456, 4.320489092283605], [-75.13177500900764, 4.320060787043909], [-75.13152516595443, 4.319882327623283], [-75.13068045733996, 4.3191922838115495], [-75.13003800330276, 4.318728291912976], [-75.12908621756144, 4.318157218600971], [-75.12799166630204, 4.31776460757991], [-75.12701608743747, 4.317669432196468], [-75.12574307597484, 4.3176575306409175], [-75.12477939361561, 4.317824093991648], [-75.12426780985713, 4.318097733434035], [-75.12389899266105, 4.318418959393358], [-75.1235301770497, 4.31851413916155], [-75.1230304898814, 4.318502240011233], [-75.12153143042467, 4.318418958750335], [-75.12042497959118, 4.318264294603093], [-75.11944940096839, 4.318264294692183], [-75.11829536313452, 4.318371371902258], [-75.11774808736999, 4.318454652954788], [-75.11740306532936, 4.318597419674082], [-75.11701045404946, 4.318930544740621], [-75.11629661597165, 4.319465921805537], [-75.11591590192043, 4.319644380775228], [-75.11553518761671, 4.319703871178369], [-75.11520206388802, 4.319680075384684], [-75.11489273422106, 4.319525408230577], [-75.11423838240133, 4.318633110346427], [-75.11339367296384, 4.317157844967037], [-75.11307244594492, 4.316812825335017], [-75.11226342860874, 4.3163726233279505], [-75.11173994760237, 4.316289342201324], [-75.11134733714161, 4.316348827709228], [-75.11072867738513, 4.3163964188845245], [-75.1098839680188, 4.316206060699419], [-75.10931289832112, 4.3158610410073175], [-75.10897977259225, 4.315551707886181], [-75.10863475131369, 4.315016330289201], [-75.1083492161995, 4.3145166431263675], [-75.108265935217, 4.314314389448072], [-75.10809937197045, 4.314088340993029], [-75.10771865941372, 4.313945573555568], [-75.10688584708714, 4.313767113064325], [-75.10657651742065, 4.313541064422919], [-75.10580319270377, 4.312422716899364], [-75.10535109533643, 4.311566111349132], [-75.10518453314967, 4.310638122003763], [-75.10518453317334, 4.3096625431880256], [-75.1051012519158, 4.309377009069078], [-75.1049822788703, 4.309222342404974], [-75.10462535864363, 4.3089962925612015], [-75.1043398238202, 4.3087464497241195], [-75.1041256728727, 4.30833004443475], [-75.10399480180645, 4.307806562838313], [-75.1039115212776, 4.30706893104616], [-75.10380444514594, 4.30633129721304], [-75.1036854720943, 4.305962481435628], [-75.1033166559201, 4.305605561316854], [-75.1025314336237, 4.30518915602849], [-75.1011870376808, 4.304748957815604], [-75.10029474007095, 4.304534805103681], [-75.1, 4.30441565537998], [-75.1, 4.303488699715638], [-75.10024715061095, 4.303368868350536], [-75.10036612406614, 4.30321420290998], [-75.10049699532956, 4.302869181200192], [-75.1004613026813, 4.3023575990375225], [-75.10022335594095, 4.301917398253099], [-75.1, 4.301813696378923], [-75.1, 4.3]]], [[[-75.1, 4.6], [-75.1, 4.561805350653504], [-75.10013433336717, 4.561731570911575], [-75.10034881378114, 4.561553806577295], [-75.10048761414474, 4.5614522070636525], [-75.10061380113429, 4.561363298364632], [-75.10075272684868, 4.561350425000954], [-75.10080334140538, 4.5614137281206615], [-75.10091716595429, 4.5615149706691485], [-75.1010183781185, 4.561628905820347], [-75.10106913617606, 4.561793619645488], [-75.101069388108, 4.561971077365782], [-75.1010569899733, 4.562135876627464], [-75.10098157904778, 4.562402170288642], [-75.10098177632696, 4.562541603171143], [-75.1009818839309, 4.562617654674973], [-75.10100723612825, 4.562680996437796], [-75.10105781498416, 4.562718952903133], [-75.10114626968132, 4.562744177997554], [-75.10125995192077, 4.56274401687248], [-75.10147468330699, 4.562743709868164], [-75.1016388537479, 4.562718124655018], [-75.1018409717662, 4.562730509291158], [-75.1019673390638, 4.562768355768398], [-75.10201793590227, 4.562818987683293], [-75.10211905776045, 4.5628695457036805], [-75.10220747743114, 4.562869416841396], [-75.10232103298637, 4.562780525849379], [-75.10242193930343, 4.562678978240304], [-75.10266162670656, 4.5624631497861206], [-75.10302782578985, 4.5623865746159336], [-75.10321718741747, 4.562310249092171], [-75.10340661998647, 4.56228462657369], [-75.10353284334394, 4.562221072139733], [-75.10368432821025, 4.562157475282], [-75.10386111056606, 4.562119197898254], [-75.1039999290639, 4.562030267983009], [-75.10417667716425, 4.561966637676801], [-75.10430297138592, 4.561953780745457], [-75.10449240369672, 4.561928158000963], [-75.10464388924747, 4.561864564622616], [-75.10478281372745, 4.561851692278289], [-75.10493438918863, 4.561851471936381], [-75.10512393029744, 4.561901905774384], [-75.10523772013707, 4.56197779628166], [-75.10530105626279, 4.562104460206171], [-75.10549093873442, 4.562395725082905], [-75.10564274936357, 4.562560291646267], [-75.10581969455343, 4.5626360906804715], [-75.10598393735906, 4.5626612084060945], [-75.10626178809267, 4.562635456717729], [-75.10659687382281, 4.562609108171049], [-75.10691854085398, 4.5625838127505585], [-75.10704838860873, 4.5625836267584265], [-75.1073101101327, 4.562583254179081], [-75.10751228162066, 4.562633662780562], [-75.10766391205733, 4.562671474606838], [-75.1078156129098, 4.562759985670935], [-75.10798000007465, 4.562886504140122], [-75.10808115809746, 4.562962411205147], [-75.10819498438097, 4.563063652005461], [-75.10830870229785, 4.563088843437378], [-75.10842223769583, 4.562987271800565], [-75.10848525006823, 4.562885778112844], [-75.10849768160888, 4.562746327776291], [-75.10849748287112, 4.562606899186717], [-75.10850995236154, 4.562492798924009], [-75.10857294484055, 4.562378630672515], [-75.10866121864173, 4.562277097128772], [-75.10873686214056, 4.562175584427176], [-75.10883778516009, 4.562086710954481], [-75.10895135830543, 4.562010493925848], [-75.10900170233984, 4.56188366833005], [-75.10900152073359, 4.561756909845669], [-75.1089634474204, 4.56163020936606], [-75.10888749596816, 4.561516239663878], [-75.10879891517541, 4.561402288967277], [-75.10873561390837, 4.5613009738734815], [-75.10873545226612, 4.56118689356265], [-75.10873536106799, 4.561123516118608], [-75.10879839139326, 4.561034695270015], [-75.1088614199083, 4.560945876236989], [-75.10900034557007, 4.5609330031866495], [-75.10912665810527, 4.56093282010806], [-75.1092782862578, 4.560970628108684], [-75.10946786302138, 4.561046410828307], [-75.10963219644327, 4.561134900713416], [-75.10998605068752, 4.561261150253742], [-75.11031455310918, 4.561324054864724], [-75.11098409768007, 4.561386469847673], [-75.11171683496288, 4.561474142384361], [-75.11194419657635, 4.5614738142404905], [-75.11214629586533, 4.561473524204659], [-75.11234826824239, 4.561384502276439], [-75.11252497827252, 4.561295519409175], [-75.11266390270194, 4.5612826447464245], [-75.11280293679927, 4.561345820079181], [-75.1129294667233, 4.561497743565615], [-75.11303106184052, 4.561877864291863], [-75.11308196833026, 4.56214397689804], [-75.11324637382401, 4.562283171058758], [-75.11337277700511, 4.56234636618663], [-75.11354966760229, 4.562384136611989], [-75.11367596186948, 4.562371278974756], [-75.11390316094356, 4.562256871056044], [-75.11409233755934, 4.562053789663853], [-75.11440775458341, 4.561799823318206], [-75.11449595544974, 4.561647590411216], [-75.11452017783931, 4.561533349132299], [-75.11453359364032, 4.561470078639584], [-75.11459620438342, 4.5610897233558445], [-75.11463326237678, 4.560506593862309], [-75.11465776023783, 4.559974184373424], [-75.11477075030196, 4.559492351863304], [-75.11481231112188, 4.559359615642138], [-75.11484619195336, 4.559251405590424], [-75.11489622533264, 4.558909094958157], [-75.11499698357522, 4.5587061422257324], [-75.11517325595524, 4.558312945944784], [-75.11532448388787, 4.558071889559946], [-75.11541271981623, 4.557945007701693], [-75.11541250202177, 4.55779290337664], [-75.11541231963167, 4.557666148116514], [-75.11543738301503, 4.557526681897225], [-75.11546248088398, 4.557412563844207], [-75.11556342129852, 4.557336367349464], [-75.11567708257138, 4.557323526191272], [-75.11579076288514, 4.557323360447172], [-75.11595507720712, 4.557399176207637], [-75.11610681407923, 4.557513036430228], [-75.11642293806315, 4.55775341390599], [-75.11659986538379, 4.5578165366886925], [-75.11670093193875, 4.557829067139358], [-75.11687776838869, 4.557828810001336], [-75.11696614935168, 4.557803330572529], [-75.11714293033344, 4.557765049823138], [-75.11728174542269, 4.557676119380363], [-75.11738268463901, 4.557599919087499], [-75.11750886862247, 4.557511007778529], [-75.11754659807345, 4.557396874269267], [-75.11760957139481, 4.557270027946522], [-75.11762201968742, 4.557143253714078], [-75.1176218560537, 4.5570291767615325], [-75.11762169242044, 4.556915097095405], [-75.1175835993715, 4.556775721322251], [-75.1175834157851, 4.556648967143844], [-75.11768426485617, 4.556509387084383], [-75.11789864666797, 4.556268242220646], [-75.11807371211992, 4.556136085728113], [-75.11815099589117, 4.5560777442695075], [-75.11834038910388, 4.556026767077134], [-75.11847933102857, 4.556026567215377], [-75.11870667264033, 4.556013561411801], [-75.11897183441738, 4.5559498000338765], [-75.11928741086216, 4.555809911282567], [-75.11942626074071, 4.555746333337561], [-75.1195145511322, 4.555657477641765], [-75.1196027677838, 4.555517920338954], [-75.11965309236139, 4.555378415129232], [-75.11969065583114, 4.555150201293306], [-75.11971544363053, 4.5548206016114525], [-75.1198411335888, 4.554389451723463], [-75.12003018026567, 4.554097639953066], [-75.12015634509206, 4.553996052305586], [-75.1202825089781, 4.553894464654901], [-75.12045917931192, 4.553780130334426], [-75.12050576818399, 4.553769269183772], [-75.12062332787299, 4.553741864824967], [-75.12077484635951, 4.553703617557368], [-75.120951606689, 4.5536526610392505], [-75.12114101791957, 4.553614357977087], [-75.12131785283303, 4.553614101131832], [-75.12148200122657, 4.553575836369234], [-75.12162072281345, 4.553423528773919], [-75.12170892064071, 4.553271295231691], [-75.12175928124644, 4.553157145421908], [-75.12183490186302, 4.553042951812014], [-75.12193584079394, 4.55296675501121], [-75.12206227936849, 4.553055297983416], [-75.12226446704145, 4.553118384909756], [-75.12246652706118, 4.553092736871083], [-75.12263058398027, 4.5529910941340725], [-75.12273146714922, 4.552876868421323], [-75.12280707023554, 4.552750004840805], [-75.12284470673218, 4.552572493761654], [-75.12284450612334, 4.55243306100184], [-75.12284426817033, 4.552268282012921], [-75.12291976179857, 4.5520653616790465], [-75.12305853842685, 4.551951082912951], [-75.12317207054997, 4.551849511596808], [-75.12324772912358, 4.551760673266431], [-75.12333601676042, 4.551671815735356], [-75.12332325821282, 4.551583106427071], [-75.12325997524599, 4.551494472128024], [-75.12314613229802, 4.551380558446939], [-75.12307023581232, 4.551304614168071], [-75.12295644670027, 4.551228724750473], [-75.12283037959686, 4.551115197070159], [-75.12274144565788, 4.551038905021677], [-75.12261497198533, 4.5509250112777115], [-75.12261473423146, 4.550760227735548], [-75.12267766998944, 4.550608032683921], [-75.12282894892056, 4.550405001819747], [-75.1230938517865, 4.550163783886655], [-75.1233083950637, 4.550036718355582], [-75.12353566112682, 4.549973007742504], [-75.12372507103645, 4.549934706319252], [-75.12393981463639, 4.549947068831152], [-75.12410412781368, 4.550022883122905], [-75.12423054666002, 4.550098753186842], [-75.12444549275907, 4.550250548138992], [-75.12463499382014, 4.5502756232777015], [-75.12481182841556, 4.55027536504803], [-75.12506442891363, 4.5502623205909805], [-75.12549360728542, 4.550071563584534], [-75.12589739398872, 4.549792114727233], [-75.12613708833504, 4.549588958963901], [-75.12625050995833, 4.549411335434175], [-75.12640191625574, 4.549297034547942], [-75.12670478442185, 4.549106460590049], [-75.12698237069586, 4.548903247928021], [-75.12733567026349, 4.548649222872628], [-75.12780248116935, 4.548280953646527], [-75.12796638876866, 4.548077906048681], [-75.12805467712805, 4.547989051119853], [-75.12809238565738, 4.547862239090207], [-75.12809212870786, 4.547684785308281], [-75.12806661022023, 4.54750736461076], [-75.12793995237305, 4.5472667131124735], [-75.127699451448, 4.546912152204482], [-75.12738310960873, 4.546519670554692], [-75.12735321598797, 4.546487543578585], [-75.12704154406224, 4.546152581357141], [-75.1268645281831, 4.546026084397312], [-75.12670644508323, 4.54598855499433], [-75.12659918829769, 4.545963094104243], [-75.12638451831602, 4.546001434157862], [-75.12623302122977, 4.5460523525473695], [-75.12605609662872, 4.545989232976494], [-75.12592960482631, 4.545862666089757], [-75.12582826517891, 4.54566000501289], [-75.1257267232819, 4.545317911374152], [-75.12570118656375, 4.545127815822151], [-75.12572619201072, 4.5449503251732395], [-75.1258143876254, 4.544798088367552], [-75.12596595926327, 4.544797867964862], [-75.12615551337261, 4.544860970311307], [-75.12634515867553, 4.544987450248044], [-75.12649671205415, 4.544974551652747], [-75.12667332444752, 4.544822189407129], [-75.126900331096, 4.544581025601585], [-75.12707679644149, 4.544327257874103], [-75.1271018927982, 4.54421314135333], [-75.1270637616788, 4.544048415894866], [-75.12688671000788, 4.543896567097164], [-75.12669688094024, 4.543643336450304], [-75.126582910104, 4.543440691006378], [-75.12649425637066, 4.543276042217996], [-75.1264940914444, 4.543161961360594], [-75.1265318186593, 4.543047827449298], [-75.12665796170998, 4.5429335637117925], [-75.12706191083839, 4.542768195234096], [-75.12712075679357, 4.5427470073910685], [-75.1274153898201, 4.542640924943634], [-75.1277560737502, 4.542399592073782], [-75.1280588827282, 4.542170993932513], [-75.12831127916006, 4.54201851919285], [-75.12842488314848, 4.541967651240873], [-75.12855119078809, 4.541967467201468], [-75.12875333901624, 4.542005200130019], [-75.12909451771884, 4.542106106264781], [-75.12942301007513, 4.542169004549763], [-75.12962510257766, 4.542168709406866], [-75.12977661756291, 4.542130459781374], [-75.12991544613692, 4.54205420522133], [-75.13002894024261, 4.541927284236765], [-75.13018032628288, 4.541800308228996], [-75.1304579639543, 4.541635121914632], [-75.130760863659, 4.5414698979474855], [-75.13105126236891, 4.541393421262276], [-75.13129822105934, 4.541347986726511], [-75.13132906511628, 4.541342315281411], [-75.13149321032688, 4.5413040461554335], [-75.13163196526123, 4.541177091095034], [-75.13180864772187, 4.541075427033298], [-75.13199803577137, 4.541024450321383], [-75.13221276004025, 4.541024134421679], [-75.13242761155676, 4.541112548283721], [-75.13269328138247, 4.541403695122687], [-75.13290833639152, 4.541631542450776], [-75.13312328064312, 4.541783329740237], [-75.13333800408836, 4.541783017019568], [-75.13355263491188, 4.541719323256254], [-75.13366629402321, 4.541706481446765], [-75.1337546717349, 4.541681002952226], [-75.133868256558, 4.541617459056462], [-75.1339818789341, 4.541579263917326], [-75.13403225378484, 4.541477787989006], [-75.13413315289378, 4.5413762366218196], [-75.13422153142065, 4.541350755380611], [-75.13439838108202, 4.541363171105591], [-75.13458800815472, 4.5414769724451665], [-75.13477778302573, 4.541692177766668], [-75.13501821083486, 4.541996036229051], [-75.13517000228036, 4.542147919311954], [-75.13537213165931, 4.542172972205991], [-75.13544793466193, 4.542185538670528], [-75.13556161204272, 4.542185371818436], [-75.13566263861541, 4.542172547216015], [-75.13580144857143, 4.542083617437687], [-75.13590230969258, 4.541956711741664], [-75.13606615931839, 4.541715637287961], [-75.13628064244932, 4.541550540679087], [-75.1364574359126, 4.541524932770824], [-75.13669745677825, 4.541549929100246], [-75.13698814898132, 4.541676257227582], [-75.13748097121182, 4.54182763659546], [-75.13788535912438, 4.541966473247186], [-75.13812536156534, 4.541978798276088], [-75.13832741782312, 4.54195314839844], [-75.13859255329098, 4.541876704118612], [-75.13876925343301, 4.5417877157857145], [-75.13890811796686, 4.5417368131737765], [-75.13905968675891, 4.541736586702344], [-75.13924914818972, 4.541736307410634], [-75.13938803106447, 4.541698076352598], [-75.1395268761339, 4.541634494792498], [-75.13967986941242, 4.541557447065826], [-75.13970357691774, 4.541545509022427], [-75.13985516493601, 4.5415579576396246], [-75.14013315181923, 4.541633600894382], [-75.14033539309787, 4.541734707408528], [-75.14074011488684, 4.542101699111638], [-75.14094239326256, 4.542228154004407], [-75.1412077497821, 4.5423038170107235], [-75.14142247314263, 4.542303499996233], [-75.14167508817891, 4.542303124564028], [-75.14199067115706, 4.542175906777911], [-75.14221776517392, 4.541998116107169], [-75.1424447093233, 4.541718919154764], [-75.14252017738931, 4.541503324597254], [-75.14258307126599, 4.541325776064374], [-75.14258279212258, 4.541135645098544], [-75.14255697283285, 4.54075542026409], [-75.14260721680448, 4.540565215998843], [-75.14272076308922, 4.540476318008429], [-75.14288498116892, 4.540488751136411], [-75.1430872026773, 4.540577180735241], [-75.14331470467005, 4.540678248337953], [-75.14347907075806, 4.540792086600894], [-75.14365599518648, 4.540855199965914], [-75.14392129631072, 4.540892832839831], [-75.14416127902301, 4.54089247805944], [-75.14442665509013, 4.540980816055494], [-75.14471736632227, 4.541119814827507], [-75.14489451317029, 4.541335032887712], [-75.14497997175081, 4.541543794059179], [-75.14500860016592, 4.5416137243597445], [-75.14505962639774, 4.5419558838687335], [-75.1451482459107, 4.542095184401666], [-75.14527462817014, 4.542145699097036], [-75.1453883039069, 4.542145528891228], [-75.14552720542343, 4.542119973764079], [-75.14564078929975, 4.542056430273364], [-75.1458428434245, 4.542030780213679], [-75.14618392881532, 4.542068297565265], [-75.14649986542507, 4.542181911242058], [-75.14671488601863, 4.542384394680162], [-75.14686673460434, 4.542574301449496], [-75.14698046783073, 4.542612159208942], [-75.14715728029657, 4.542599221190375], [-75.14733394226954, 4.542484880814317], [-75.14756103333721, 4.542307087228685], [-75.14785086794377, 4.541850344738312], [-75.14809030855479, 4.541482400401098], [-75.14819116758814, 4.5413554958457985], [-75.14829208326007, 4.541266617703579], [-75.14841824041392, 4.541165029794188], [-75.14846037797189, 4.541143808964839], [-75.14854445419451, 4.541101463761945], [-75.14858219693143, 4.5410000046402], [-75.14873365304909, 4.540923727018852], [-75.1488852587971, 4.540948851601467], [-75.14901173377044, 4.54106274233699], [-75.14907511214278, 4.541214753670328], [-75.14913850916132, 4.5413794410518795], [-75.1491513833392, 4.541544203105883], [-75.14915186894606, 4.541873760036038], [-75.14916489298534, 4.5421399260898605], [-75.14927885035699, 4.542329886297568], [-75.14944336709345, 4.542545124751592], [-75.1495571942717, 4.542646358737516], [-75.14969626298088, 4.542734881057113], [-75.14986048094964, 4.542747308676386], [-75.14997415825141, 4.542747141314379], [-75.1501255948317, 4.542658189052925], [-75.15023901031365, 4.542480564993809], [-75.15041535282428, 4.542150741106149], [-75.15070535278201, 4.541808071980505], [-75.15091958825354, 4.541478192944227], [-75.15114620994844, 4.54098351472048], [-75.1512849037008, 4.540818527573476], [-75.15139835511785, 4.540666255694711], [-75.1514613396751, 4.540552084975398], [-75.1515368987437, 4.540399864699914], [-75.15153659874068, 4.540197062417421], [-75.15153637418794, 4.540044954372685], [-75.1515361487599, 4.539892849947587], [-75.15153588698797, 4.53971539704155], [-75.15151038207277, 4.539550653057118], [-75.15151015669662, 4.539398547723021], [-75.15150996860058, 4.539271795388594], [-75.15150974505464, 4.53911969004793], [-75.15152215015566, 4.538967566924329], [-75.15157250423808, 4.538853414960905], [-75.15167338090788, 4.538739184610842], [-75.15182485466288, 4.538675581855257], [-75.15207743125477, 4.53864985580639], [-75.15232998734209, 4.538611452737122], [-75.15255716978962, 4.538497038007622], [-75.15267069617343, 4.5383954649445695], [-75.15272202658564, 4.538334401180578], [-75.15280938922375, 4.538230477893573], [-75.15287203609083, 4.537888146728662], [-75.15293479482274, 4.537621870898902], [-75.15298536238588, 4.537556424889662], [-75.15302303981896, 4.537507661056132], [-75.1531113052342, 4.537406126340888], [-75.15321221785995, 4.537317249862627], [-75.15338650368584, 4.5372169578715695], [-75.15342657526843, 4.53719119395511], [-75.15356555707588, 4.537101238823199], [-75.15372956733718, 4.53697424066083], [-75.15383046206318, 4.536872689032012], [-75.15396919191502, 4.536733051359059], [-75.15415861377684, 4.536707417617552], [-75.15427236443148, 4.536757949609224], [-75.15434829772273, 4.536859240946384], [-75.1544747916493, 4.536985806687257], [-75.15458874856964, 4.537175766708058], [-75.15467738880366, 4.5373277378925625], [-75.15482914363346, 4.537454265128758], [-75.15500602943781, 4.537492027208084], [-75.15518300774303, 4.537593168422859], [-75.15547377608684, 4.537770189665305], [-75.15579279626465, 4.537941963966489], [-75.15591626133686, 4.538048387363374], [-75.15613103835405, 4.53808608916579], [-75.15637103872048, 4.538098406764478], [-75.15656055497922, 4.538136151386865], [-75.15676287000582, 4.538287950359959], [-75.15689345284311, 4.5383321195931146], [-75.15714606484288, 4.538331743914932], [-75.15736502106394, 4.538348315063466], [-75.15755024483974, 4.538331137216812], [-75.1577523352536, 4.538330835590297], [-75.1579712664272, 4.538330507935557], [-75.15819027161285, 4.538380878760581], [-75.15851037331011, 4.538464901658729], [-75.15879064095869, 4.538548992070931], [-75.15897929964102, 4.538593546815343], [-75.15901627414839, 4.538615299942487], [-75.15909184004414, 4.538659752773611], [-75.15923658169214, 4.538727842919735], [-75.15935144317675, 4.53877479899549], [-75.15947557117029, 4.538889438645632], [-75.15961862830987, 4.538908364336829], [-75.15971396517146, 4.538898652276546], [-75.15987596358771, 4.538831426165866], [-75.16008548113098, 4.538658869957844], [-75.16053266524017, 4.538007510349544], [-75.16060693425898, 4.537928355717305], [-75.16085634697028, 4.5376625397654635], [-75.16092029692604, 4.537575441075068], [-75.16108116605157, 4.537354450923207], [-75.16178313160428, 4.536956036598966], [-75.16276967936462, 4.536861176781893], [-75.16354753273122, 4.537031925821664], [-75.16417361098183, 4.537468283313838], [-75.16481866239153, 4.537582116561896], [-75.16552062821967, 4.537544173777106], [-75.16620362215625, 4.537449311417006], [-75.16774035863781, 4.537942584866102], [-75.16911768285294, 4.538697630440241], [-75.16933260176818, 4.538948488992222], [-75.16959537583799, 4.539318889706591], [-75.17001893257867, 4.539851451134108], [-75.17046574220225, 4.54046880372954], [-75.17099398261963, 4.540982767349325], [-75.1715364997898, 4.541282578185944], [-75.17207901733212, 4.5413396871638865], [-75.17630493959743, 4.541325410555278], [-75.17861777573775, 4.541482454263238], [-75.1800882826011, 4.541682330814529], [-75.18115903979725, 4.541925032883947], [-75.1822869049079, 4.542053523571303], [-75.18412860695749, 4.542353336768768], [-75.18478533924763, 4.542281951645516], [-75.18519936495416, 4.542096355956732], [-75.1856276682808, 4.541796542212861], [-75.18651282701789, 4.540897105860587], [-75.1870125143289, 4.540283208035091], [-75.18733168839864, 4.540045271929799], [-75.18765496898652, 4.539854901894552], [-75.18798333403589, 4.539712134720361], [-75.18846874402688, 4.53962647359611], [-75.18886849400353, 4.53952653615409], [-75.18912547605284, 4.53938376919472], [-75.18948239509855, 4.539141063217808], [-75.18996780475572, 4.538569993741422], [-75.19048176782832, 4.537684834403505], [-75.19101000882803, 4.5366426308368775], [-75.19156680282627, 4.536242882878237], [-75.19243768503783, 4.53582885362082], [-75.19282315827645, 4.535757471845155], [-75.1931515237319, 4.535728915725315], [-75.19410408037719, 4.535453952640189], [-75.19480127027674, 4.5352039420085655], [-75.19577505211426, 4.534854745817223], [-75.1963137582347, 4.534568202097594], [-75.19665761285209, 4.534316042260948], [-75.19684100340803, 4.5341211899272595], [-75.19700146772816, 4.5338690301765], [-75.19724216662733, 4.5335137119646465], [-75.19767015098195, 4.5330114714504015], [-75.19780574863117, 4.532902116808157], [-75.19841965034738, 4.532602306250608], [-75.19941902407557, 4.532402429593392], [-75.20168902965115, 4.532231108974121], [-75.20256086016835, 4.532140657602554], [-75.20314144807186, 4.532197762118371], [-75.20485466039251, 4.532530886566242], [-75.20717701381226, 4.533492190423801], [-75.20748539738716, 4.53358740369287], [-75.20798508318472, 4.5336445085573445], [-75.20825634192957, 4.533730170876386], [-75.2097268487026, 4.534800927361444], [-75.21002666135377, 4.53504363241569], [-75.21021320565724, 4.535119741556447], [-75.210426409868, 4.535143569801115], [-75.21061200807809, 4.535143570165473], [-75.21079760592478, 4.535115016903168], [-75.2111259717386, 4.534929417002001], [-75.21216817582713, 4.534158472442602], [-75.21273924664578, 4.53393004371216], [-75.21322465658385, 4.533844385442409], [-75.21410981645113, 4.5337016184438985], [-75.2145723792958, 4.533682548229799], [-75.2149664223479, 4.5337444468101795], [-75.21558032308512, 4.53395859657953], [-75.21619422377394, 4.534258409697146], [-75.21656542015036, 4.534586778407483], [-75.21698991082202, 4.535176846862711], [-75.21743724960383, 4.53605248936587], [-75.21772278510633, 4.536823433900484], [-75.21780749943952, 4.5369709951812185], [-75.21803592685971, 4.537270808957889], [-75.21837951622832, 4.53766100578492], [-75.21893536265723, 4.538270182624229], [-75.21900093737936, 4.538344257017525], [-75.21989075591044, 4.539072702041088], [-75.22010853139604, 4.539347785785667], [-75.22023454868618, 4.540126160361103], [-75.22032460845112, 4.540846634386468], [-75.22070454710845, 4.541857929378121], [-75.22093378260368, 4.542282017433173], [-75.22093378341654, 4.542453943636955], [-75.2208306273129, 4.5426831833378944], [-75.22021364634293, 4.543498279122619], [-75.21977769164724, 4.54415220889161], [-75.21964920098823, 4.544366361554122], [-75.21955021081, 4.54459951167256], [-75.21950643436227, 4.544866048881869], [-75.21950643400203, 4.545237244974654], [-75.21969203160762, 4.546008189936338], [-75.22022027177734, 4.547550080307206], [-75.22062002137028, 4.54912052299072], [-75.22076278898795, 4.549463166029953], [-75.22082560172201, 4.549777220269748], [-75.22089127976456, 4.550219834953933], [-75.22093410995008, 4.551076443241812], [-75.22101977087719, 4.551433358584809], [-75.22123392217858, 4.552075816716843], [-75.22151945815872, 4.552604055797978], [-75.2218763773083, 4.553189401300367], [-75.2224031125616, 4.5540250987688715], [-75.22253881423687, 4.554126875382775], [-75.2231289208785, 4.5545456586622395], [-75.22382372320776, 4.555202393020038], [-75.224050715401, 4.555403753998031], [-75.22459466888041, 4.555973337742498], [-75.22517431004812, 4.556572995754571], [-75.22573110376163, 4.557029851420741], [-75.22623534871957, 4.557336782990712], [-75.22681832173974, 4.55757309735767], [-75.22783380879119, 4.557984733580986], [-75.22955308537662, 4.558603672159243], [-75.230309566231, 4.55878706360019], [-75.23141238080996, 4.558911001662593], [-75.23167248299657, 4.558940232228659], [-75.2323555228298, 4.55898576906882], [-75.23312646830344, 4.558885830694902], [-75.23419722632542, 4.55884300183266], [-75.23582477690793, 4.558914383713444], [-75.23651006238931, 4.559028599450197], [-75.23692408812519, 4.559171366273335], [-75.23752371175839, 4.559499732001139], [-75.238052899577, 4.5599327590363155], [-75.23878577368366, 4.5605704554435365], [-75.2392140768245, 4.560817918368482], [-75.23932664769674, 4.560892966317192], [-75.23947581167434, 4.560930337003387], [-75.23971591332126, 4.5609170552278], [-75.24023551719371, 4.560825357551364], [-75.2407856853815, 4.560733663609376], [-75.24161093709927, 4.560687816105851], [-75.24229864709571, 4.560825357750056], [-75.24266542560144, 4.561115727921707], [-75.24345686341138, 4.561548887750751], [-75.24476203303841, 4.561755462296444], [-75.24586134381306, 4.5619553361345115], [-75.24636103126018, 4.562226593634437], [-75.24670367344889, 4.562512130988829], [-75.24718908264232, 4.562911879906137], [-75.24746034175604, 4.563054647137912], [-75.2479314752651, 4.56318313767635], [-75.24853109888195, 4.563183138357877], [-75.24968751691661, 4.563111757126977], [-75.25135789886387, 4.5628547746756], [-75.25261425358829, 4.562483578559605], [-75.25372784223322, 4.562083826264972], [-75.2549984736965, 4.561427095080449], [-75.25584080330276, 4.560856027048946], [-75.25679734724291, 4.560042248637275], [-75.25759684487372, 4.5592855799562955], [-75.25826785268356, 4.558800169829537], [-75.25911018297646, 4.558229099799455], [-75.25958131563915, 4.557986394620078], [-75.26016666309184, 4.557772243265493], [-75.26078056415386, 4.557658029408014], [-75.26152295629235, 4.55760092171846], [-75.26262226723217, 4.5576151993652845], [-75.26315050730494, 4.557629474671127], [-75.26370730067144, 4.557715137236134], [-75.26497793376991, 4.558029224602926], [-75.26541670137968, 4.558267136066132], [-75.26565464732549, 4.558562188978712], [-75.26586309310831, 4.559014321556008], [-75.2663485027705, 4.5599565913983975], [-75.26680535975527, 4.560570488888097], [-75.26704806470573, 4.560841749839944], [-75.26764768854878, 4.561384265687862], [-75.26830441998523, 4.561898229356984], [-75.27013184644618, 4.5632545243384515], [-75.27050304244251, 4.563597163829922], [-75.27114549611717, 4.564396664836775], [-75.27228763762228, 4.566052768993764], [-75.27245990503192, 4.566214537201085], [-75.27284443169167, 4.566423965931944], [-75.27320135089583, 4.566595284897667], [-75.27380097461035, 4.566837990859823], [-75.27531431211811, 4.567566106873487], [-75.27696184467457, 4.568555924946812], [-75.27911193192769, 4.570135923338859], [-75.27951168067904, 4.570292966597756], [-75.27992570784836, 4.57030724371492], [-75.28043967082967, 4.5702215857175466], [-75.28116873156434, 4.5701358880105145], [-75.28188162440996, 4.570093095194138], [-75.28235275796213, 4.570093095125693], [-75.28281531866965, 4.570154924337943], [-75.28331024671864, 4.570269138654329], [-75.284871173596, 4.570573708400504], [-75.28593622601338, 4.570821206666584], [-75.28660723439086, 4.571163849692047], [-75.28764943788383, 4.571663537222366], [-75.2880777408542, 4.5718776902842855], [-75.28896289975053, 4.572248886700559], [-75.28961963219605, 4.5727485742571075], [-75.29014035436522, 4.573584294450019], [-75.29046128487907, 4.5740427662533465], [-75.29119778055396, 4.574661096108548], [-75.29153271778584, 4.5753754959682515], [-75.2917325929545, 4.576346317401947], [-75.2917611473584, 4.577231476407172], [-75.29164693244464, 4.5778739295924895], [-75.29148988765458, 4.578459279628851], [-75.29110441482364, 4.579501482944478], [-75.29077604965462, 4.581271802223333], [-75.29047623778311, 4.582371110583014], [-75.29031919291832, 4.582899350935796], [-75.29004793477891, 4.583399037567134], [-75.28963390798243, 4.584055770968684], [-75.28860598088772, 4.585426341897791], [-75.28753998332056, 4.586244873703406], [-75.28641287876876, 4.587010190903817], [-75.28566323600256, 4.58758131831073], [-75.28532931725064, 4.588003657278128], [-75.28513044437808, 4.588338663956713], [-75.28498135955522, 4.588589801880895], [-75.28492118523221, 4.588968041183643], [-75.28498136039465, 4.5893806669618495], [-75.28523280398366, 4.590356101022681], [-75.28538895010725, 4.5907246047025865], [-75.28590053430437, 4.591616902715853], [-75.28623365922253, 4.592187974667362], [-75.28649539939836, 4.592996990881075], [-75.28651919419896, 4.593092169184805], [-75.28639427184872, 4.593954725317313], [-75.28596596903323, 4.594716151160369], [-75.2856804336209, 4.595251530197614], [-75.28547817975297, 4.596417465684723], [-75.28529972041636, 4.597404944330568], [-75.28510936304632, 4.598047398189797], [-75.28456208683575, 4.599713021677972], [-75.28448612187236, 4.6], [-75.1, 4.6]]], [[[-75.76, 4.6], [-75.46449734225898, 4.6], [-75.46528015572106, 4.59972189269173], [-75.4661224847686, 4.599450634680496], [-75.46713613509453, 4.599107993965159], [-75.46762868444834, 4.598958085864651], [-75.46823544640459, 4.598636858574295], [-75.46887076330286, 4.598322770131323], [-75.46902066896334, 4.598201420069831], [-75.4691991281034, 4.597808805877942], [-75.46925623531484, 4.597266289406774], [-75.46937758788646, 4.59686654034267], [-75.46966312322301, 4.596316886977812], [-75.47021277876219, 4.594839239259315], [-75.47028220355102, 4.594054320696048], [-75.47040311808041, 4.593378004285583], [-75.47060805967882, 4.5928146421863385], [-75.47083386674036, 4.59234294789384], [-75.47106747026321, 4.5915259293613815], [-75.47125945226954, 4.590476234951797], [-75.47132367140607, 4.590025319901096], [-75.47157122412241, 4.589250617945616], [-75.47190286901433, 4.588560679991569], [-75.47211429512656, 4.58823695586246], [-75.47248037820586, 4.5878501496676085], [-75.47280435190741, 4.587449150677649], [-75.47324778573052, 4.587020231057364], [-75.47352941359786, 4.586710760733946], [-75.47384626921252, 4.586352035135255], [-75.47418411472027, 4.586028591798051], [-75.47476770128307, 4.585740944393493], [-75.47495769391662, 4.585579268079967], [-75.47511304106871, 4.585206082948034], [-75.47529666989276, 4.5847483858492275], [-75.47552895906868, 4.584516327689376], [-75.47597213898885, 4.5842001722305605], [-75.47635880130456, 4.5840318895535175], [-75.47659778461858, 4.583947851131814], [-75.47772185526088, 4.583802365137718], [-75.47857919426862, 4.5835858025965575], [-75.47931702529382, 4.583418305289948], [-75.48003389602337, 4.583201427170685], [-75.48096820913078, 4.583111894628819], [-75.48169174413555, 4.583057124577748], [-75.48193719392042, 4.583014224825456], [-75.48216952223297, 4.582973618432347], [-75.48288648565597, 4.5827144478993285], [-75.48360369856837, 4.582342514444096], [-75.48442607629, 4.582055384164861], [-75.48459277596099, 4.581883473886405], [-75.48464430035742, 4.581830340780949], [-75.48477853963921, 4.581471199809559], [-75.48488747755815, 4.579850433244058], [-75.4849937785501, 4.579420749800559], [-75.48513454263153, 4.579287153678046], [-75.48537945973756, 4.579105980412979], [-75.48573655995838, 4.578878040223363], [-75.48594855689203, 4.5788231456161865], [-75.48608458986256, 4.578592427085617], [-75.48647921019318, 4.577923133888017], [-75.48666495358403, 4.5776081032662495], [-75.48725864234832, 4.577116962722037], [-75.48753049797513, 4.576687073820868], [-75.48779268661882, 4.575955819339322], [-75.48793618703259, 4.575236624694842], [-75.48805216944614, 4.574567980444676], [-75.48828950081307, 4.574041286769807], [-75.48856258598461, 4.5735145203989624], [-75.48875226918427, 4.572999879077421], [-75.48884634881661, 4.572353869090479], [-75.48905951603362, 4.571659785416655], [-75.48974809222912, 4.57029502217551], [-75.49012838994913, 4.569744126284369], [-75.49061620802888, 4.56932457394259], [-75.4911636382717, 4.568916865243247], [-75.49210691869312, 4.568408477347963], [-75.49312219925073, 4.5679221400927945], [-75.49325064525134, 4.567852362973966], [-75.49364509322339, 4.567331691088239], [-75.49393337224699, 4.567184322127761], [-75.49455875324183, 4.567044748293145], [-75.49491707969771, 4.566982106779777], [-75.49520534280298, 4.566841784780462], [-75.49583081610423, 4.566659920281956], [-75.49650526696058, 4.56656273505846], [-75.49694819662929, 4.566352275342036], [-75.49730698600504, 4.566078199302415], [-75.4978278488882, 4.565557801997591], [-75.49936235775274, 4.563989493650303], [-75.5000099745653, 4.563314321052056], [-75.50093881358544, 4.5625058531645095], [-75.50168492403613, 4.561753360847401], [-75.50324654165003, 4.5606291204304625], [-75.50446355665262, 4.559715556894215], [-75.50536386518968, 4.55910435899078], [-75.50589836713381, 4.558767230288019], [-75.50642533855564, 4.558662662697251], [-75.50694490608805, 4.558734281098159], [-75.50746412033654, 4.5589679953277855], [-75.50790618698157, 4.5591522082564095], [-75.50819407873128, 4.559181029265378], [-75.50843306823289, 4.559089927731302], [-75.50870764824028, 4.558780419718479], [-75.50911632592013, 4.558168141654957], [-75.50949629933389, 4.557837715328631], [-75.50997424457633, 4.557669609991381], [-75.51046613179773, 4.557550866041688], [-75.51106376319994, 4.557249108359461], [-75.51172495504773, 4.556785386270719], [-75.51233658614689, 4.556504798295668], [-75.51287056528989, 4.556407289753683], [-75.5136925584477, 4.556282215690699], [-75.5143674290377, 4.555987672789918], [-75.51503550433753, 4.555587389006466], [-75.51533844644484, 4.555151072927031], [-75.51572642724167, 4.554362544775756], [-75.51622772055268, 4.553137286345044], [-75.51654561939856, 4.552278122745275], [-75.51694834111137, 4.5511654175754055], [-75.51724493864522, 4.550411928738978], [-75.51793574595334, 4.5492364143030075], [-75.51838727591891, 4.548285915383219], [-75.51866318015459, 4.547356179951118], [-75.51871429669275, 4.54644710227247], [-75.51886950342484, 4.546123228977733], [-75.51924945016216, 4.545799844173736], [-75.5196079641096, 4.545645563802392], [-75.5207462602582, 4.545394298756685], [-75.52142779437105, 4.545261857997905], [-75.52268589074929, 4.54482055505577], [-75.52336780188118, 4.5445119126475255], [-75.5239799629695, 4.5439775837584735], [-75.52431823565634, 4.543435617092302], [-75.52456517817228, 4.542907549346371], [-75.52467875393015, 4.542343954347614], [-75.52465251568586, 4.541476992597675], [-75.52450735159036, 4.540391289921017], [-75.52432663497112, 4.539509898689939], [-75.52376804272285, 4.537986328278074], [-75.52313222758934, 4.536448496261976], [-75.52296472887234, 4.535954775338212], [-75.5228953721641, 4.535545845419351], [-75.52264441094584, 4.534671350329422], [-75.52257503973941, 4.534269467311409], [-75.52255514573444, 4.533719678919689], [-75.52265468932934, 4.53314900465493], [-75.52283092776534, 4.532839272034792], [-75.52294392882551, 4.532543502831874], [-75.52293060630085, 4.532205169381777], [-75.52267910318406, 4.531584404061832], [-75.52243519428757, 4.530695830753018], [-75.5223525603758, 4.529927422581524], [-75.5222767971214, 4.529229508859456], [-75.52215152840166, 4.528693588996926], [-75.52201209221897, 4.52821402624785], [-75.52198509858452, 4.5276994658910565], [-75.52201415430329, 4.527248455417875], [-75.52220469256173, 4.526818935961605], [-75.52255008312044, 4.526227647383928], [-75.52277536006495, 4.525974404946297], [-75.52316915807373, 4.525735617976064], [-75.52366832966788, 4.5254829631053815], [-75.52434364701051, 4.524962860910142], [-75.52468865935923, 4.524547769324767], [-75.52478788163455, 4.524125104449703], [-75.52476079563269, 4.523652829593517], [-75.52463580878687, 4.522983001150087], [-75.52458868971753, 4.5220243686767985], [-75.52458321293498, 4.5212984139328505], [-75.5247739279733, 4.520784316658533], [-75.5252109401781, 4.520038165829322], [-75.52546566874106, 4.519143615989071], [-75.52567769141066, 4.518516797847662], [-75.52598115996902, 4.517819695909455], [-75.52633327874658, 4.517362326866789], [-75.5269599199492, 4.516609530154757], [-75.5274954996577, 4.515743768798465], [-75.52773559543826, 4.515124059797754], [-75.52784197025964, 4.514637972264566], [-75.52778668519197, 4.5142149722081175], [-75.52768911240857, 4.513862362972078], [-75.52752087700124, 4.513713995203798], [-75.52716342922702, 4.513374926445042], [-75.52691136804556, 4.513014940256752], [-75.52647683440841, 4.512598178906468], [-75.52607042058634, 4.512167379588759], [-75.52597250535793, 4.511976876249885], [-75.52581180202333, 4.511588889946561], [-75.52576322587437, 4.511313913228098], [-75.52584154033397, 4.510813671803976], [-75.52588444041884, 4.510454314729443], [-75.52585016283363, 4.510059554408178], [-75.52573197165859, 4.509495459715235], [-75.52565539373845, 4.509178136205627], [-75.52546704943019, 4.508578652336794], [-75.52534878292188, 4.508049799104957], [-75.52522333016297, 4.50759845937467], [-75.52507048764437, 4.506815801732013], [-75.52504304008839, 4.506512681365682], [-75.5250512443541, 4.505955904989823], [-75.52498930987059, 4.505356694116331], [-75.52494169078422, 4.504630646138119], [-75.52495003244097, 4.5043361418391905], [-75.52492192442183, 4.503909028445646], [-75.52480642830875, 4.5036467258907305], [-75.52454615521614, 4.503248234757848], [-75.5243730033166, 4.502811104177685], [-75.52427717840929, 4.502393552179043], [-75.52425874211602, 4.501966460044906], [-75.52433672759754, 4.501675454275291], [-75.52456977793851, 4.501229486028056], [-75.52466737229364, 4.500812344641119], [-75.52469759923433, 4.500239770004313], [-75.5246030688359, 4.499210757969967], [-75.52452742897859, 4.498395313406759], [-75.52462512606205, 4.497929644445876], [-75.52485772093542, 4.497697200365195], [-75.52531285079358, 4.497416703406881], [-75.52598055609285, 4.49722401222662], [-75.52647381373623, 4.49720565131182], [-75.52750897379548, 4.497033154202091], [-75.52825396358884, 4.4968794453733025], [-75.52915409873249, 4.4965319522139255], [-75.5298317202705, 4.496222807036198], [-75.53047071787772, 4.4958844630685935], [-75.53095448993415, 4.495778728428308], [-75.53139925011949, 4.495828199814174], [-75.53188279668367, 4.495829226743412], [-75.53226983892185, 4.495732992391281], [-75.53271505023828, 4.495568936173571], [-75.53341176609779, 4.495376298374741], [-75.53418593064596, 4.4951449990559835], [-75.53464056683174, 4.495097434365766], [-75.53510509873011, 4.4949431263573665], [-75.53560849832638, 4.494701544692531], [-75.53603491686252, 4.494275393435065], [-75.53659735969752, 4.493548648256057], [-75.53694726601721, 4.492714684714239], [-75.53759829169765, 4.491250480828405], [-75.5379770450857, 4.49049422642397], [-75.53846168840022, 4.489971135758235], [-75.53906266576742, 4.489312407344455], [-75.54001236319317, 4.488382650140732], [-75.54082609676762, 4.487724365922404], [-75.54178513613516, 4.486949917778918], [-75.54281245680906, 4.485894142424557], [-75.54324853677905, 4.485468001825873], [-75.54350070938996, 4.485119122927593], [-75.5436562520056, 4.484731216029703], [-75.54382201274689, 4.48408126865673], [-75.54417307673155, 4.482684365806297], [-75.54445518991716, 4.48188907702762], [-75.544795104366, 4.481200671905311], [-75.54515411590879, 4.4806287806494405], [-75.54570690728356, 4.479882588420953], [-75.54626910543476, 4.479262591017244], [-75.5473159705811, 4.478100079284286], [-75.54813996155572, 4.477150628123624], [-75.54908951008146, 4.476279082875189], [-75.54940916880146, 4.476027396297152], [-75.5498349842881, 4.475882699682301], [-75.55032867496953, 4.4756507872173925], [-75.55055162563923, 4.475398900802719], [-75.55091048863004, 4.474894941629403], [-75.55166679691027, 4.473935637797225], [-75.55215113767734, 4.473548412923733], [-75.55259655436618, 4.4732775743157305], [-75.55333203207798, 4.473036459617401], [-75.55420308017662, 4.47270827128968], [-75.55516140461384, 4.47226379493804], [-75.55567234494877, 4.472134468296354], [-75.55590354330099, 4.472375794666639], [-75.55607683527154, 4.4726086913497625], [-75.55628343208414, 4.472741997775838], [-75.5566307179698, 4.4728672962812475], [-75.55677949399583, 4.472950652681744], [-75.55690329138402, 4.473108706156994], [-75.55704338110203, 4.473391363928289], [-75.55720002008617, 4.473674055970703], [-75.55734034972578, 4.473840446401301], [-75.55777029973771, 4.47400743781255], [-75.55864681928793, 4.474308237282385], [-75.5589032026924, 4.474375210435947], [-75.55905218511819, 4.474358907327285], [-75.55923440336468, 4.474276238790913], [-75.55985583882733, 4.473878887640975], [-75.56012077069232, 4.4738129969444485], [-75.56032753976996, 4.473863256673238], [-75.56050933062019, 4.473988207051479], [-75.56063309459432, 4.474162867589243], [-75.56066549361906, 4.474503438440092], [-75.56069726028831, 4.4751512896186165], [-75.5607380868906, 4.4754171327061], [-75.56094403562805, 4.475866027156011], [-75.56110908863306, 4.47608229767377], [-75.56124953978885, 4.47619055272012], [-75.56158038213171, 4.476265983940334], [-75.56215119556413, 4.476341911996848], [-75.56250682922135, 4.47643400315651], [-75.5627215838488, 4.476625462767475], [-75.56287007130106, 4.476850002855828], [-75.56307653365806, 4.477049749709871], [-75.56339065589282, 4.477208194845594], [-75.56356419044967, 4.477324822933932], [-75.56406975527237, 4.477677561450114], [-75.56469257679579, 4.478218727561178], [-75.56628100312093, 4.479598897954721], [-75.56785488726524, 4.481770024871828], [-75.56818333832571, 4.483605016693426], [-75.56684955586043, 4.485769989606145], [-75.56510004216405, 4.488100829907167], [-75.56418215211302, 4.490016551257085], [-75.56484483011812, 4.490935104666124], [-75.5661733581246, 4.4912714340626385], [-75.56658750835032, 4.491855949616958], [-75.56600368376198, 4.49293861094905], [-75.56540842377032, 4.49392952428945], [-75.56500323934515, 4.494604025023503], [-75.56508350371236, 4.495938227986294], [-75.56557932905763, 4.497189934180861], [-75.56568917699937, 4.497371911883361], [-75.56673836200396, 4.499110062239371], [-75.56773213240626, 4.500612952019834], [-75.56828381370285, 4.50124312666587], [-75.56897531083638, 4.5020330086373574], [-75.57063388808155, 4.503453937929316], [-75.57138094661343, 4.504144116852918], [-75.57151911128261, 4.504210319245946], [-75.57177161461706, 4.504559814192993], [-75.57201388421123, 4.504962148204], [-75.57212757323926, 4.50530680806804], [-75.57225514927659, 4.505852414164081], [-75.57241157522309, 4.506276093548403], [-75.572561353129, 4.50645579321817], [-75.57274705815344, 4.506549458661379], [-75.5732759266972, 4.5066581885946775], [-75.5740334158324, 4.506853497124766], [-75.57432616264055, 4.5070478433483645], [-75.57450430582115, 4.50734240802069], [-75.57459662079157, 4.50765114721597], [-75.57476749619428, 4.508003105336586], [-75.5751029069361, 4.508312348091711], [-75.57548850067474, 4.508557111739058], [-75.5759384141137, 4.508816362327709], [-75.57648132100753, 4.509054277603715], [-75.57663123399008, 4.509169395923196], [-75.57677368724916, 4.509435187300314], [-75.57689460220107, 4.509743984857801], [-75.57689407166123, 4.510002304980797], [-75.57692190574744, 4.5103754895747095], [-75.57722736411753, 4.511344823176341], [-75.57744786264652, 4.511904973611056], [-75.57779703266874, 4.51247973998607], [-75.57816750472675, 4.513126306369488], [-75.57865280356611, 4.513565014729796], [-75.5790451103465, 4.51402506063852], [-75.57940861011092, 4.514585505918788], [-75.57952970303857, 4.514808199571186], [-75.57950086783671, 4.514922948016839], [-75.57944353585613, 4.514987410071979], [-75.57932913617813, 4.514987172577818], [-75.57908637513057, 4.514821633966275], [-75.57885064677652, 4.514713512923709], [-75.5787005560585, 4.514684503714359], [-75.57860023585346, 4.514791929951955], [-75.57867133830655, 4.514985813639946], [-75.57884952838332, 4.515258855818864], [-75.57910652998368, 4.515453126617337], [-75.57930662643672, 4.515503766977725], [-75.57960698402252, 4.515475686208068], [-75.5800075454502, 4.5153975822835655], [-75.58035074535258, 4.515398290659104], [-75.58067230265002, 4.515492236943334], [-75.58113668427117, 4.515672585083564], [-75.58141504869545, 4.515909953168799], [-75.58169347210604, 4.516118619419333], [-75.58190045534909, 4.516298436309166], [-75.58218591106935, 4.516564523343965], [-75.58238574399505, 4.51674432384712], [-75.58306442080747, 4.517025569321815], [-75.58367910158236, 4.517134468648391], [-75.58435830866969, 4.517157397448514], [-75.5853522789446, 4.517102039145219], [-75.58593128372739, 4.517174985609095], [-75.58642432766403, 4.517326689910128], [-75.58668140629652, 4.517485081570549], [-75.58678124280262, 4.5176144446018585], [-75.5867881288156, 4.517743623313433], [-75.58668068813074, 4.517836682061665], [-75.58645184298615, 4.5178577407500295], [-75.58593692432966, 4.5179140833638165], [-75.58544336636274, 4.518013525712256], [-75.58521436009549, 4.5181135126212055], [-75.58514249316201, 4.518292755347109], [-75.58519213203144, 4.518493771380009], [-75.58529894332133, 4.518709258078486], [-75.58550594127192, 4.518881898743187], [-75.58613435337674, 4.519270674263093], [-75.58658443891296, 4.519450990047163], [-75.58686309966711, 4.5195448475498665], [-75.58714195199279, 4.519545419834631], [-75.58774979441321, 4.51950361731745], [-75.58811444669556, 4.519504368989531], [-75.58822159474657, 4.519554815551879], [-75.58829287586597, 4.519662595738103], [-75.58871295738587, 4.5205317060271595], [-75.5891395740727, 4.521702205319773], [-75.58937416374533, 4.5223700184417055], [-75.5894659579102, 4.522937076581028], [-75.5894783386516, 4.523877104559971], [-75.58938421628963, 4.524450961697676], [-75.58938998910443, 4.525125478346351], [-75.589411014052, 4.525333612448687], [-75.58950354044613, 4.52554189462231], [-75.58979628497512, 4.5257434128944265], [-75.59004634866076, 4.525837210848311], [-75.59041052062025, 4.526074756875118], [-75.59073887104597, 4.52634810108919], [-75.59120966617797, 4.526894416246198], [-75.59158724703, 4.527569696310173], [-75.59201496756404, 4.528202027605098], [-75.59257810215095, 4.5290499072271455], [-75.59293463034959, 4.529531404784864], [-75.59304884191701, 4.529624920708472], [-75.59334182382375, 4.529711629698025], [-75.59362778707573, 4.529733743905302], [-75.59402831280038, 4.529677161125722], [-75.59457197504105, 4.529556290578298], [-75.59509487758038, 4.529432005317302], [-75.59554496525145, 4.530201916649556], [-75.59582282759396, 4.5306904251384825], [-75.59625088990254, 4.5311577207938925], [-75.59686442017708, 4.531840659711014], [-75.59721368434904, 4.532379546590873], [-75.59739865522826, 4.532839163894282], [-75.59747646108904, 4.533255509769384], [-75.59743923537101, 4.5339801704363], [-75.59744567040376, 4.534331790925674], [-75.59758050239395, 4.5348343591068705], [-75.59785792892201, 4.535538137416173], [-75.59798533386011, 4.5361770277392335], [-75.59811890956927, 4.537296701432213], [-75.59829579700376, 4.538215541233851], [-75.59850888786742, 4.538912014195792], [-75.59869415244687, 4.539228120833938], [-75.59900799031415, 4.539609070437018], [-75.59934339576493, 4.539932662892701], [-75.59983578812864, 4.540414437006197], [-75.6001210262656, 4.540795328624832], [-75.60057714161726, 4.5415353549839415], [-75.60081953681039, 4.54188745540623], [-75.6011404991937, 4.542282774080025], [-75.6012902610027, 4.542476823912205], [-75.60168386524673, 4.542312588743059], [-75.60226337616176, 4.542148736176206], [-75.60327926063724, 4.541885314924919], [-75.60408747992786, 4.541772159085553], [-75.60489577235228, 4.541623120021848], [-75.60573968516185, 4.541538736064574], [-75.60656918138625, 4.541511727296953], [-75.60737716783309, 4.5415133769172975], [-75.60812074527753, 4.541543595213882], [-75.60862834638549, 4.54158050577996], [-75.60920720406503, 4.54173954916833], [-75.60989317220657, 4.541970569285615], [-75.61053596320923, 4.542337835937175], [-75.61135718129708, 4.542870504070704], [-75.61222148982084, 4.543309980419919], [-75.61225648858922, 4.543683183252895], [-75.6122839602164, 4.5442429403659395], [-75.61222590165934, 4.544666188250579], [-75.61203181342113, 4.545175266036885], [-75.61191681226178, 4.54546923335191], [-75.61180188361541, 4.545727322058286], [-75.61175819900328, 4.546114719147118], [-75.61175075817381, 4.546258217171683], [-75.61167161132919, 4.5465020287301305], [-75.61154199013762, 4.546953830408917], [-75.6113834476456, 4.547563437832077], [-75.61125388427982, 4.547986541437604], [-75.61103140859282, 4.548387923108332], [-75.61088059674626, 4.548710518945159], [-75.61083012327414, 4.54891851189067], [-75.61080768368653, 4.549406410883989], [-75.61084217289589, 4.55003076194122], [-75.61085438219149, 4.551064079603561], [-75.61088141544592, 4.551839106421032], [-75.61088753407844, 4.552348590204614], [-75.61085797342324, 4.552822122662231], [-75.61075014870381, 4.553101755410301], [-75.61071406323197, 4.553266720649466], [-75.61069929718886, 4.553496311449696], [-75.61066970567559, 4.553984194916385], [-75.61061899907469, 4.554306999089998], [-75.61039611268635, 4.55490929572827], [-75.6101662210297, 4.55543982495657], [-75.61003669837797, 4.5558413972200755], [-75.60986462084486, 4.55607066922806], [-75.60967828559407, 4.55627837957096], [-75.6094921407511, 4.556392812894955], [-75.60921236872002, 4.556837131185039], [-75.60902594699458, 4.557087896208003], [-75.60898254942381, 4.55733177943288], [-75.60894596568781, 4.557740717299221], [-75.60896693734155, 4.5579775578434765], [-75.60910218378183, 4.558279212350366], [-75.60929469359348, 4.5585522770133045], [-75.60942280602256, 4.558846743407892], [-75.60945078158339, 4.55915535230094], [-75.60941449045022, 4.559420777981983], [-75.60931333424774, 4.559937216084018], [-75.60927006706987, 4.560116519677636], [-75.60934844626294, 4.56025301558007], [-75.60940509595855, 4.5605258099086505], [-75.6094117804242, 4.560755443205455], [-75.60935421167986, 4.56093471655346], [-75.60936074994278, 4.561236108163271], [-75.60936029831393, 4.561458549055504], [-75.60942424542846, 4.561659597880395], [-75.60974492573384, 4.562198427692411], [-75.60985873810684, 4.562492862364273], [-75.6100797047056, 4.562837747425997], [-75.61018659941476, 4.563017355302196], [-75.61028622560586, 4.563254356706283], [-75.61031456608212, 4.563383574576379], [-75.610299740418, 4.563641868270057], [-75.61030632174244, 4.563921731870599], [-75.61035592417345, 4.564144278765446], [-75.61047682817598, 4.564467433126336], [-75.61065481977336, 4.56484810644811], [-75.61086142878494, 4.565221661360096], [-75.61106819762894, 4.565516284687561], [-75.6112037104356, 4.56568877827903], [-75.61139627993691, 4.565933144342048], [-75.6115532428229, 4.566105681672625], [-75.61185317402699, 4.56630003824605], [-75.61216745078934, 4.566472895221612], [-75.61246751420938, 4.566602670034601], [-75.61269609994021, 4.566717949439803], [-75.61289618595991, 4.566782938982649], [-75.61313907257765, 4.566898244683853], [-75.61341046083278, 4.567063839953811], [-75.6136817182297, 4.567294016300461], [-75.61405317158487, 4.5674813387143045], [-75.6143889743171, 4.567618362954338], [-75.61460336134749, 4.567683380970738], [-75.61486777356826, 4.567762851877966], [-75.61525363065749, 4.567899979449493], [-75.615432192551, 4.56800080093168], [-75.61561776009943, 4.568173396663891], [-75.61581036242195, 4.56840341212627], [-75.61599582672493, 4.568626236116403], [-75.61632458159364, 4.568713012287931], [-75.61654606256728, 4.568806746605966], [-75.61667452697569, 4.568928996853505], [-75.61683884640635, 4.569001086897366], [-75.6172534380528, 4.569073689048486], [-75.6176037171806, 4.569124633245131], [-75.61777531798961, 4.569132158313012], [-75.61798278815921, 4.569082351818177], [-75.61838351355709, 4.568939655304941], [-75.6188411258428, 4.568954936794827], [-75.61906282408796, 4.568941036653642], [-75.61925606642338, 4.568855320570609], [-75.61957115829101, 4.568626343342138], [-75.61981439481612, 4.568569432378392], [-75.62007909916383, 4.568505388173808], [-75.620250729365, 4.568498561902931], [-75.62050799322877, 4.568578015657173], [-75.62078666531943, 4.568679042224251], [-75.62122958527439, 4.568888039409747], [-75.62162971688883, 4.569039539600017], [-75.62181554655412, 4.5690829710460115], [-75.62217293490967, 4.5691554539505885], [-75.62248026828387, 4.56922783513024], [-75.62268749175614, 4.569300015883102], [-75.62291605306815, 4.569429640446105], [-75.62325893666339, 4.569602551809312], [-75.62344465174169, 4.569703387595075], [-75.6237448930127, 4.569747053796512], [-75.62407373577115, 4.569790775070989], [-75.62433101604964, 4.5698630529060384], [-75.62448818558313, 4.569935127953915], [-75.62465234819923, 4.570086149768816], [-75.62472355094974, 4.570236985177659], [-75.62476615129776, 4.570387760866983], [-75.62483034928951, 4.570466823442813], [-75.62492326419166, 4.570488539047197], [-75.62503776135368, 4.570445715567567], [-75.62539597425582, 4.570109187629208], [-75.62553920435656, 4.570001843155088], [-75.6258468853417, 4.569902002661758], [-75.62625470380588, 4.569788018311253], [-75.62649784069724, 4.56978133589799], [-75.62671939723245, 4.569839188803332], [-75.6269337147406, 4.569940082994574], [-75.627362278769, 4.570177749256896], [-75.62766934023134, 4.570386466325161], [-75.62789078085488, 4.570501725218955], [-75.62807659691197, 4.5705523313147625], [-75.62826252985138, 4.57054553175106], [-75.62849853105271, 4.570531658272086], [-75.62876304917697, 4.570560897294709], [-75.62917771634775, 4.570597614076296], [-75.6295495378535, 4.57060554174462], [-75.62994302719923, 4.570505875437704], [-75.63012183776493, 4.570484711195131], [-75.63036493189713, 4.570499552035439], [-75.63058673338902, 4.570435422091506], [-75.63080860568671, 4.570335407694664], [-75.63103767267667, 4.570213882994789], [-75.631209360894, 4.570178349829317], [-75.63144537662068, 4.570157299683017], [-75.63166696242055, 4.5702008009790065], [-75.6320171306472, 4.57030914622143], [-75.63238024092145, 4.570312629274523], [-75.63248196189086, 4.5701035442176074], [-75.6327029197982, 4.569864799843307], [-75.63303720612315, 4.5695724631815375], [-75.63350853372499, 4.569286384274081], [-75.63392005663961, 4.569107820261183], [-75.63426594903383, 4.568970982368301], [-75.63453444731755, 4.568798109246306], [-75.63480904576083, 4.568553490795752], [-75.63513777758075, 4.568057834020163], [-75.63537695798047, 4.567645712362471], [-75.63567018671856, 4.5670244029348295], [-75.63598720169392, 4.566427062046768], [-75.63620224725972, 4.566164384120686], [-75.63651870087679, 4.565848092599983], [-75.63670367710624, 4.565722888177957], [-75.6368586550296, 4.565699280185507], [-75.6371148756895, 4.5657057772255305], [-75.63747815280544, 4.565814140158782], [-75.63774602935922, 4.565952213142318], [-75.63802003084473, 4.566006582437797], [-75.63830005117029, 4.5660310648931475], [-75.63875901673082, 4.5659662060829165], [-75.63899166425915, 4.565841099699696], [-75.63908140436352, 4.565661884017167], [-75.63908776755308, 4.565458584111118], [-75.63900495058655, 4.565153447660599], [-75.63861907691069, 4.564423141974746], [-75.63857775794618, 4.564225726756472], [-75.63858415684327, 4.564004486034348], [-75.63863209034528, 4.56387302695566], [-75.6388411507394, 4.56362229608087], [-75.63906190316372, 4.56348520507575], [-75.63936009717769, 4.563360224892295], [-75.63969399582258, 4.563259237728747], [-75.64004567694597, 4.563206126618177], [-75.64042112225569, 4.563188937412109], [-75.64059401244347, 4.563147426430911], [-75.64076706944871, 4.5630221969330576], [-75.64100587557634, 4.562795442074389], [-75.64114315614724, 4.562682100974738], [-75.64122709137449, 4.562425137927643], [-75.64120383822181, 4.562132081816658], [-75.64118638935993, 4.561916774222516], [-75.64122825589129, 4.561839119588707], [-75.64132992518819, 4.561653950322094], [-75.64158114714276, 4.56117606968445], [-75.64171891391433, 4.5608175575796785], [-75.64191674378522, 4.560219973706798], [-75.64204889528318, 4.559688037401377], [-75.64204350628778, 4.559400998330723], [-75.64195457441787, 4.559173586157798], [-75.64183613275733, 4.558802603444927], [-75.64177129843935, 4.558443685405597], [-75.64169441516223, 4.55815052200669], [-75.64152825587219, 4.5578033626550045], [-75.64146314790698, 4.557581979565605], [-75.64143952624619, 4.557474295572115], [-75.64151173278532, 4.55712163301288], [-75.64162594735565, 4.556619559554192], [-75.64175187671424, 4.5562191629375155], [-75.64187812811916, 4.555657316387469], [-75.64206383530602, 4.555161364819083], [-75.64235709838309, 4.554516132132403], [-75.64257834403244, 4.554127885990682], [-75.6427873050339, 4.553924988825834], [-75.6431934633158, 4.553441437252454], [-75.64351592490289, 4.553095251058142], [-75.64373109255438, 4.552766791639798], [-75.64426229002461, 4.552331325705773], [-75.64468003310569, 4.5520152293929605], [-75.64504982113704, 4.551842549761826], [-75.64571212166685, 4.5514013648532154], [-75.64607618713703, 4.55110908040079], [-75.64627936518046, 4.5508164722103395], [-75.64652456088425, 4.5503684731111225], [-75.6468179113014, 4.5496754006218865], [-75.64703901057587, 4.549358907871357], [-75.64729550964611, 4.549221882344042], [-75.6476353494458, 4.549126880683714], [-75.64796317557838, 4.5490796935958615], [-75.6484281613993, 4.548978960212762], [-75.64908997543267, 4.548782941897857], [-75.64933456784459, 4.548639910663017], [-75.64951986728198, 4.548347266381576], [-75.6496993598086, 4.5479768759368655], [-75.64984271160134, 4.547803745739627], [-75.65009948096876, 4.547529182024422], [-75.65036239665139, 4.547158953698427], [-75.6506436237066, 4.5465675088667945], [-75.6507874807053, 4.546137246578241], [-75.65083569191684, 4.545862274012294], [-75.65083638563245, 4.545509464819106], [-75.65086675567704, 4.545216513566204], [-75.65095717207856, 4.544690467233494], [-75.65114273980119, 4.5442602912058705], [-75.65125052589514, 4.5439914089570905], [-75.65140572422598, 4.543854179643051], [-75.65168023795763, 4.5436454318875406], [-75.6519190567795, 4.543406709919746], [-75.65205659023027, 4.543161810899754], [-75.65206902368304, 4.542898723302976], [-75.65218278034064, 4.542623874964052], [-75.6523860348098, 4.542289406249459], [-75.65256505519753, 4.542158207170207], [-75.65275594573595, 4.542050946705536], [-75.65350738015002, 4.541729519418194], [-75.65385335031168, 4.541544828010911], [-75.65422324770589, 4.54131234507549], [-75.65452771775944, 4.541019935368576], [-75.65482022293726, 4.540751419143144], [-75.65521404868508, 4.54047114738751], [-75.65551836631028, 4.540256472944526], [-75.65579275991617, 4.540107515308638], [-75.65605504868866, 4.540054213976593], [-75.65637722973285, 4.53984555526714], [-75.65680672567161, 4.539607208229517], [-75.6572960305509, 4.539255361666705], [-75.6575168779808, 4.539064440821835], [-75.65767824277223, 4.53881958462513], [-75.65803645514869, 4.538467479978633], [-75.6582155198063, 4.538312357002792], [-75.65840666686319, 4.538073538745908], [-75.6586511959932, 4.537960403441404], [-75.65892567044153, 4.537769587741779], [-75.65928982862744, 4.537423473247743], [-75.65950487927529, 4.537148822777377], [-75.659708164296, 4.536796411678259], [-75.65976236324245, 4.536503508234766], [-75.65974516400534, 4.536156641199954], [-75.65966845892765, 4.535767801609074], [-75.6595498680153, 4.535468578368299], [-75.6594550193572, 4.535217235560354], [-75.65944956217638, 4.534960091816041], [-75.65959918174853, 4.534625516306643], [-75.65974263406378, 4.534398564781615], [-75.66011883538505, 4.533986691838409], [-75.66050113476417, 4.533503074124085], [-75.66075214537535, 4.5331208586977585], [-75.6610152821866, 4.532631024658392], [-75.6611763060529, 4.53255958484001], [-75.6613311266398, 4.5326137056215225], [-75.66144406237193, 4.532757446265608], [-75.66165787631411, 4.5331166561854435], [-75.66190203077815, 4.533194869780136], [-75.66214637181078, 4.533177409815096], [-75.66225977320612, 4.533081955292452], [-75.66236739037313, 4.532896789072068], [-75.66237993632186, 4.53257390369214], [-75.66238661634038, 4.532203164250017], [-75.66246459025744, 4.531940205893784], [-75.66267963692003, 4.531665551589724], [-75.6629482305673, 4.53143286364503], [-75.66312135799016, 4.5312657660042905], [-75.66339019504994, 4.530907500743947], [-75.66354582991478, 4.5305430352623075], [-75.66370131244504, 4.530256307302442], [-75.66394611668909, 4.5299996527576525], [-75.66416105858822, 4.529778818905541], [-75.66431643699303, 4.529545905854109], [-75.66438236518216, 4.5293487005646265], [-75.66440662886951, 4.5291274959666366], [-75.66441907969183, 4.528852443672688], [-75.66446722525625, 4.528607364189965], [-75.66467024915461, 4.528386505750868], [-75.66477787604843, 4.528195363116902], [-75.66480792383774, 4.528063862895045], [-75.66493361317734, 4.5277770760545275], [-75.66508899028759, 4.527544164131603], [-75.66523824618007, 4.52739495854858], [-75.6654111743266, 4.527329517560842], [-75.66570315913675, 4.527324109345278], [-75.66594158572268, 4.527282716155097], [-75.66619773862459, 4.527319093712515], [-75.66653730021194, 4.527361615735041], [-75.66674589982647, 4.527338106210533], [-75.66703810491866, 4.527219075903857], [-75.66735438838309, 4.526974520778118], [-75.66767067068423, 4.526729961121234], [-75.66798085561643, 4.526557148585468], [-75.66836233725962, 4.526492113593369], [-75.66879741013952, 4.526445125449219], [-75.66904188796076, 4.526355900619408], [-75.66923870888748, 4.526260605550093], [-75.66947741256377, 4.526075698111714], [-75.66958477179486, 4.526022086878939], [-75.66993643644776, 4.525968950345514], [-75.67019279707128, 4.525897692101786], [-75.67053272817898, 4.525748856031996], [-75.6707475743239, 4.525575859872063], [-75.67108792078398, 4.525211748447398], [-75.67142835989917, 4.524799798428572], [-75.67151212671999, 4.524620563032284], [-75.67150656140375, 4.524417239006753], [-75.6714182433718, 4.523866919084928], [-75.67138918814173, 4.523484150099651], [-75.67147334729484, 4.523101601288123], [-75.67159295767408, 4.522874596959349], [-75.67179582758125, 4.52273147477194], [-75.67200452930176, 4.522654140185145], [-75.67226677815283, 4.522618770369827], [-75.67261234260704, 4.522637381415627], [-75.67283273176568, 4.52267967004354], [-75.67301135344731, 4.522751773240603], [-75.67327324440528, 4.522901777829093], [-75.67353486031031, 4.523195298805862], [-75.67379657890773, 4.523435002451556], [-75.67401681841199, 4.52355502735445], [-75.67426689655943, 4.523651190442523], [-75.67461804204939, 4.5238671496408145], [-75.67535005740763, 4.524334995593158], [-75.67583231670687, 4.524539246719152], [-75.67608253416518, 4.5245636507035005], [-75.67644004142973, 4.524570325884446], [-75.6770122102822, 4.524499671722057], [-75.67763792625034, 4.524470984025098], [-75.67810267816645, 4.5244838419341304], [-75.67837682163102, 4.524460454075132], [-75.6786033766738, 4.5243951152771675], [-75.6789673710212, 4.524126722269514], [-75.67920626806725, 4.523840147423545], [-75.67949281081061, 4.523565625244903], [-75.67966580656966, 4.5234643009073885], [-75.67984456600823, 4.5234646494129], [-75.6799517297134, 4.523512693359777], [-75.67998729865383, 4.523608442716724], [-75.67999281041072, 4.523841666128711], [-75.6799864501853, 4.524050949909097], [-75.68005188102892, 4.524110875792825], [-75.68017101976365, 4.524129045144036], [-75.68037367063758, 4.524099537147761], [-75.68056439368279, 4.524075986717988], [-75.68076702270803, 4.52405843660994], [-75.68096950270672, 4.524118627351412], [-75.6812792606141, 4.524167063617355], [-75.6815295815762, 4.524137649806769], [-75.68175622888232, 4.524024466588559], [-75.68198902938472, 4.523809642434396], [-75.68213251806162, 4.523558761390695], [-75.68214499618622, 4.52326577176427], [-75.68208610803383, 4.522900880828948], [-75.68193190416405, 4.522523851896644], [-75.68174793035173, 4.522134801700699], [-75.68151632069831, 4.521727724776587], [-75.68134394389712, 4.521506133086879], [-75.68109409386746, 4.521290378283851], [-75.68090385224744, 4.521062771873595], [-75.68079113128528, 4.520805418770344], [-75.68068451699214, 4.520470338774828], [-75.68067327524825, 4.520117503426902], [-75.68073327369446, 4.51990234368885], [-75.68088864442481, 4.519669425987625], [-75.68114535685197, 4.519412784977698], [-75.68140781087895, 4.5192697737981025], [-75.68171186134731, 4.519186643883235], [-75.68206357980083, 4.519103600389201], [-75.68254049773246, 4.518984922642228], [-75.6828146747695, 4.51894358886746], [-75.6830234441841, 4.518830374009931], [-75.68335750269935, 4.518633678613187], [-75.68376939132139, 4.518245777409376], [-75.68396050010085, 4.518018908377823], [-75.68406220832784, 4.517803828610983], [-75.6840985988392, 4.517469021681714], [-75.68406380612885, 4.516966642552008], [-75.68408870166358, 4.516410558653794], [-75.68410718314843, 4.516093662246126], [-75.68416719120007, 4.515872518154619], [-75.68422131958738, 4.515609509418253], [-75.68431103034621, 4.515436261283591], [-75.68457378995622, 4.5151317911782325], [-75.68481842289246, 4.514958843382066], [-75.68505120743137, 4.514749993562324], [-75.68515282289027, 4.514582754006385], [-75.68523663103313, 4.514379598373593], [-75.68528482371917, 4.514104612388144], [-75.6852912266339, 4.513871408170194], [-75.68507797078894, 4.513213210352384], [-75.68489425840254, 4.512686625563093], [-75.68474634323091, 4.512136187579894], [-75.68469933487732, 4.5117892653160965], [-75.6847244573486, 4.511113582351829], [-75.68480869730124, 4.510683189746024], [-75.68492829019844, 4.510462162641646], [-75.68515545477852, 4.510073905957167], [-75.68534093258397, 4.509673605293044], [-75.68540712696168, 4.509332878205787], [-75.68539588091807, 4.508980039595958], [-75.68533666002396, 4.508788568666498], [-75.68528943578322, 4.508555262742164], [-75.68537926862655, 4.508316238754035], [-75.68551665691454, 4.508137104761334], [-75.68571344768597, 4.508053764600802], [-75.68591614144813, 4.5080003320097335], [-75.68605329008916, 4.507946774898319], [-75.68619055228001, 4.5078334199603685], [-75.68630411664952, 4.507648260070664], [-75.68631033685644, 4.507510733980183], [-75.68623315970065, 4.507361087641625], [-75.68594239842362, 4.506726662403438], [-75.68584172758565, 4.506397574094101], [-75.68583629337697, 4.506122485782329], [-75.68585478331794, 4.505799605934529], [-75.68597462423365, 4.505447021194775], [-75.68607067663201, 4.505070472262646], [-75.6860472625518, 4.504849169964429], [-75.68606925890514, 4.504562174275572], [-75.68612791079347, 4.504329998366638], [-75.6863189359561, 4.504144988098897], [-75.68647419782444, 4.5039658860564415], [-75.68651021035362, 4.503828418879138], [-75.6866116178491, 4.503768810623643], [-75.68682056413319, 4.503559914248156], [-75.68713127979876, 4.503100054763503], [-75.68737070963108, 4.502526439582953], [-75.6874729813539, 4.502012363335184], [-75.68752719683711, 4.5017015130623985], [-75.68766458316894, 4.50152237788902], [-75.68782573500866, 4.5013791657771245], [-75.68792740282088, 4.501182023895753], [-75.68796343794455, 4.501032592634838], [-75.68797036035267, 4.500524315177649], [-75.68802440606015, 4.500303159837902], [-75.68813203271438, 4.500106027656206], [-75.68837083700369, 4.499861306931137], [-75.68865746794435, 4.499532961330577], [-75.68884288265382, 4.499162560379046], [-75.68892095537497, 4.498839792800962], [-75.68901692479385, 4.498505097995413], [-75.68916656600987, 4.498146588395748], [-75.68935790518053, 4.497794139112151], [-75.6894299839393, 4.49748929939384], [-75.68946106693917, 4.496807649201521], [-75.68952798038788, 4.4960842027287615], [-75.6896238701629, 4.495791370363958], [-75.68990465204753, 4.495403210137358], [-75.6902269957627, 4.495092866713288], [-75.69062069458002, 4.494860399844915], [-75.69091887675928, 4.49472343225242], [-75.69153302604573, 4.494497361799036], [-75.6920934587332, 4.4943190288697545], [-75.69258225397292, 4.494212322248141], [-75.69293996377097, 4.494105360752287], [-75.69325012966239, 4.493932533722529], [-75.69365588015121, 4.4936283282151175], [-75.69420504862359, 4.493103135744346], [-75.6947719904403, 4.492631797371957], [-75.69572055297111, 4.492011682420913], [-75.69637085530363, 4.491570400333719], [-75.69679478106472, 4.491104768658565], [-75.69715324195273, 4.490597149838841], [-75.69735698603945, 4.489981601793556], [-75.69759038671337, 4.489437867778203], [-75.69787736883421, 4.488918156614902], [-75.69819397324677, 4.48848820023489], [-75.69846895785571, 4.488010324764956], [-75.69866042396235, 4.487586108638626], [-75.69888752795201, 4.487221760891001], [-75.69919783563675, 4.486971187772031], [-75.69966316322812, 4.486667092104078], [-75.70028346396627, 4.486333383048152], [-75.70064735283206, 4.486106833336868], [-75.70091014920926, 4.485772450896268], [-75.70108962911776, 4.485384092252118], [-75.70123974203732, 4.484768438899676], [-75.70140723721217, 4.484415938251462], [-75.7016281563528, 4.4841711774333], [-75.7018489628008, 4.483986216422731], [-75.70212340690962, 4.48379537491568], [-75.70234395668243, 4.483747946924452], [-75.7026001887025, 4.483736469558413], [-75.70289207165726, 4.483778878963443], [-75.7035233927434, 4.483923587148393], [-75.70379751195314, 4.48390616501863], [-75.70399437388159, 4.483780954304705], [-75.70410207073317, 4.483541957550381], [-75.70410269711019, 4.483207081359618], [-75.70401980370467, 4.4829258671882375], [-75.70397301889271, 4.482453361695431], [-75.70397386787062, 4.4819988861007225], [-75.7037550376285, 4.481125399654552], [-75.70363076077048, 4.480670691155034], [-75.70362533779067, 4.480383640843085], [-75.70375689139715, 4.480132733044216], [-75.7041392750078, 4.479571334809067], [-75.70431868416911, 4.479218850562102], [-75.70445101665227, 4.478549344367589], [-75.7045234417756, 4.478053143988798], [-75.70464891331402, 4.4778680004311155], [-75.70488751392318, 4.477724927777125], [-75.70548359408252, 4.477594489897738], [-75.7058949086923, 4.477493599891446], [-75.70610967605683, 4.4773504842227805], [-75.70618148810708, 4.47718317893475], [-75.70615811062974, 4.476937957562017], [-75.70603336540965, 4.476734405094446], [-75.7058072488646, 4.476572524167848], [-75.70534870215124, 4.47644010442611], [-75.7049617338664, 4.476265956723562], [-75.70489036673547, 4.476194061630117], [-75.70486077630584, 4.47608636671365], [-75.70493260968648, 4.475907102788271], [-75.70512365627214, 4.475704145040938], [-75.70540406424116, 4.475507332210928], [-75.7058156677232, 4.475250963264954], [-75.70648953705899, 4.474941268108846], [-75.70688914476625, 4.474726738673979], [-75.70703835898144, 4.474589478246196], [-75.70710425587504, 4.474398241766147], [-75.7070216288864, 4.473973509804706], [-75.7069030193744, 4.473674291424083], [-75.70678400927659, 4.473590345750865], [-75.70653385889786, 4.473536061256226], [-75.70584869796409, 4.4735108543836954], [-75.70571168983803, 4.4734926567817155], [-75.70565225166816, 4.473414806025478], [-75.7056584549246, 4.473283261367171], [-75.70573035459202, 4.473068115342198], [-75.7059572716931, 4.472799441153787], [-75.70623771269965, 4.4725846881068225], [-75.70654179735178, 4.472471638217337], [-75.70689943998413, 4.472394570427806], [-75.70720344659142, 4.472323378327424], [-75.7073943128235, 4.4722160972646545], [-75.7076091563897, 4.472031118883597], [-75.70818883273394, 4.471105308274648], [-75.70836222258876, 4.470782713293643], [-75.70837437189543, 4.470657156916573], [-75.70832104795717, 4.4704955992524695], [-75.70822002333315, 4.4703518883114], [-75.7080296572495, 4.470190074663734], [-75.7075357968545, 4.4698243723464275], [-75.70745852802722, 4.46972256835369], [-75.70743492807085, 4.4695969434369], [-75.7075186876621, 4.469411722599632], [-75.70773350804487, 4.4692387051326135], [-75.70821079226764, 4.468904717381901], [-75.70857476865409, 4.46862433843382], [-75.70869428870031, 4.468433204119293], [-75.70873055970276, 4.468152212281686], [-75.70869527692382, 4.46790098734259], [-75.70855873510611, 4.467631632263173], [-75.7082497819207, 4.467158637560488], [-75.70806570793958, 4.466817433626551], [-75.70804813329279, 4.466655942436938], [-75.70810790388639, 4.466554394701129], [-75.70825104557912, 4.466476924122952], [-75.70844762409999, 4.466501209179033], [-75.70864992766361, 4.4666510865556965], [-75.70888803659548, 4.466771133029106], [-75.70913213729463, 4.466873249236528], [-75.70941204326633, 4.466945528178477], [-75.70988270107979, 4.4669703284372915], [-75.71073483336872, 4.466918098014354], [-75.71121765295632, 4.466811356569902], [-75.7116172774341, 4.466584865812838], [-75.71195164769976, 4.46620276896855], [-75.71213702924935, 4.465838335235665], [-75.71240041973373, 4.46517504690307], [-75.71249708869405, 4.4644516503772955], [-75.71253452930993, 4.463536778101207], [-75.7124818329118, 4.463034361343423], [-75.71242925910049, 4.462466166850443], [-75.71217453488953, 4.461664373699905], [-75.71202637406854, 4.461233538258983], [-75.71206242201741, 4.461072144913804], [-75.71216383284158, 4.461006554046427], [-75.71231276707003, 4.461018791670272], [-75.71255695521387, 4.46107306511578], [-75.71293213576648, 4.461175422894951], [-75.71328956323792, 4.461211966762524], [-75.71352201080926, 4.46117054111432], [-75.71368315865922, 4.461021339616151], [-75.71374312821412, 4.460812153188472], [-75.71368985675329, 4.460620693396998], [-75.71349959101364, 4.460405058590279], [-75.71319016006062, 4.460189205408335], [-75.71286895659289, 4.459895588388384], [-75.71277982741509, 4.459763861831101], [-75.71276831879658, 4.459542580695906], [-75.71282237315332, 4.459309463853481], [-75.71301352129476, 4.45904669781095], [-75.7133179310971, 4.4587542468381995], [-75.71366398141352, 4.458497748824015], [-75.71383678008122, 4.458492088803527], [-75.71400941356833, 4.458576128918712], [-75.71423554970521, 4.458726049243484], [-75.71453852714868, 4.459210992078694], [-75.71475275806083, 4.459354909964939], [-75.7149731019747, 4.459415117411716], [-75.71512814759383, 4.459343645224241], [-75.71521776310705, 4.459212251198585], [-75.71523592378907, 4.459056805070568], [-75.71515334662087, 4.458602172062326], [-75.7150172330436, 4.45809960206185], [-75.71495251855121, 4.457650983291024], [-75.71501856602771, 4.457376022863563], [-75.71506641941377, 4.457274454567049], [-75.71517964571954, 4.457262704647522], [-75.71527489030542, 4.457310719629189], [-75.71554275574368, 4.457448757304135], [-75.7157393648122, 4.457455100269124], [-75.71589446586604, 4.45735372819737], [-75.71601990664603, 4.45718054234484], [-75.71606215420167, 4.456887601349038], [-75.71599718639658, 4.456576519052302], [-75.71580122571649, 4.456217357825273], [-75.71558129016802, 4.45593588775507], [-75.71533143084433, 4.455726126292157], [-75.7152125417862, 4.455576405059585], [-75.71516514130727, 4.455432798268374], [-75.71517137421267, 4.455283308626215], [-75.71527898460262, 4.455086170710099], [-75.71550594631474, 4.454787591696593], [-75.71558375414898, 4.45459637420959], [-75.71559014185443, 4.454363165638137], [-75.71548352239387, 4.454022107565829], [-75.71535899382654, 4.453698959321656], [-75.71534735264039, 4.45354943633029], [-75.71543697759971, 4.4534120616286375], [-75.71561575599318, 4.453394456592129], [-75.71582421601745, 4.453436699621747], [-75.7163123899261, 4.4536528837736284], [-75.71693739424705, 4.453982940629693], [-75.71720534807353, 4.454073138639216], [-75.7174020223632, 4.454043603352937], [-75.71755712163247, 4.45394222879054], [-75.71763503980226, 4.4536912142262794], [-75.7176056986127, 4.4534459781449645], [-75.71746328489732, 4.453128773994489], [-75.71722537501853, 4.452901096108476], [-75.71687444696879, 4.452571546219168], [-75.71676760741758, 4.452350087596996], [-75.7167621431105, 4.452080979849104], [-75.71679215441685, 4.451961433363991], [-75.71689366157221, 4.451842021242412], [-75.71709640482122, 4.4517526951250375], [-75.71737635039804, 4.451801053357665], [-75.71769174893632, 4.452010938348785], [-75.71797765288171, 4.452059307681255], [-75.71828755532538, 4.452018018121822], [-75.71865736686125, 4.451797441939227], [-75.71882465645093, 4.451546592403669], [-75.71911780209595, 4.450895312082172], [-75.7192438442734, 4.450393223901815], [-75.71925061329472, 4.44995071557238], [-75.71916210694002, 4.449478133718109], [-75.71896639826136, 4.448981430091705], [-75.71886572317386, 4.448646364549838], [-75.7188721195948, 4.448407176421219], [-75.71898560922361, 4.4482519054290215], [-75.71918234821806, 4.448186490547326], [-75.71943851644829, 4.448204901311789], [-75.71978992495217, 4.44827133144901], [-75.72011164325907, 4.448283882837588], [-75.72030837060093, 4.448224446066189], [-75.72046953677248, 4.448063284371216], [-75.72056535978413, 4.447794358782546], [-75.72050686196988, 4.447202231265508], [-75.72043611924366, 4.446789480280067], [-75.7205020530041, 4.44657432185771], [-75.72066307467259, 4.446490897036019], [-75.72083583901492, 4.446503177589674], [-75.721008439042, 4.446605154159948], [-75.72113327488051, 4.446760864407858], [-75.72148990965154, 4.447227962409614], [-75.7216802966135, 4.447377813223457], [-75.72193042986477, 4.447438073832436], [-75.72209727960517, 4.447426421020063], [-75.72234171629474, 4.447343150919509], [-75.72304570631388, 4.446836145981234], [-75.72340384884137, 4.446478002751765], [-75.72355937212653, 4.446143408988759], [-75.72370310873363, 4.445737033450268], [-75.72388295616629, 4.44513338065862], [-75.72396663101625, 4.444990014041448], [-75.72406801842268, 4.444936380168383], [-75.72425259899867, 4.445002498771364], [-75.72447262488355, 4.445236125123242], [-75.72475202432989, 4.445583478853269], [-75.72492459181468, 4.445703395627887], [-75.72508547291345, 4.445697713865784], [-75.72520472187341, 4.445650091416688], [-75.72528845309189, 4.445476825881564], [-75.72524714871585, 4.445255487399669], [-75.72467679312302, 4.444363416342417], [-75.72442736988165, 4.443914456842733], [-75.72434475195789, 4.443477765792162], [-75.72438719032614, 4.443077179649524], [-75.72456639078894, 4.442826347649259], [-75.7248348112366, 4.442659402363286], [-75.72507910444878, 4.442653870696155], [-75.7253470447388, 4.442750042372089], [-75.72563868720115, 4.442918018413743], [-75.72598957390737, 4.4432714824038735], [-75.72618394964292, 4.443407099832089], [-75.72637587807726, 4.44344197771284], [-75.72666304679352, 4.4434040808924875], [-75.72700784736095, 4.443251030762714], [-75.72742957299761, 4.442896412114288], [-75.72794781974547, 4.442090526666462], [-75.72821672318935, 4.441572338785288], [-75.72851377618285, 4.44136156673903], [-75.72904073520668, 4.441026351045115], [-75.72933787581853, 4.440767552665968], [-75.72947229133386, 4.44052766895309], [-75.72954036219714, 4.439932273855822], [-75.72965635204199, 4.439298540021236], [-75.72985793056202, 4.438962727383188], [-75.73012616776566, 4.438809536135092], [-75.73045147672849, 4.438848548950718], [-75.73086281085594, 4.438945353054699], [-75.73147513244446, 4.439032917837773], [-75.73191535000056, 4.439033719754222], [-75.73230792721574, 4.438919176575471], [-75.73268166026843, 4.438641307766613], [-75.7330748797336, 4.438171365622109], [-75.73356442463734, 4.437355815018236], [-75.73416950204151, 4.436156266693066], [-75.7346975136143, 4.4352351255555655], [-75.7350246766324, 4.434246384188473], [-75.73504471938945, 4.433746949873281], [-75.73515071632981, 4.433343723048052], [-75.73525648727251, 4.433065364895255], [-75.7354672683549, 4.432931273272187], [-75.73590748262275, 4.432932074128762], [-75.73643356812708, 4.433077108858077], [-75.73710282110038, 4.433433717749265], [-75.73775314237236, 4.433675025902713], [-75.73821241176907, 4.433723885777681], [-75.73861448701352, 4.4336477737758075], [-75.7388348723993, 4.433494488920159], [-75.7390846921552, 4.432937838213442], [-75.73937256679254, 4.432506128015597], [-75.73961234957791, 4.432208796740394], [-75.73999573436552, 4.431882912685275], [-75.74054171855994, 4.431605349122494], [-75.74108739278297, 4.431500679229296], [-75.74159447707834, 4.431568835207763], [-75.74214918729275, 4.431761941293883], [-75.74278983677283, 4.432060863417195], [-75.74332538980106, 4.432263539598441], [-75.7436603202429, 4.432273752965907], [-75.74412941933839, 4.432178544705985], [-75.74483812631286, 4.431882062276342], [-75.7455473147971, 4.43131663234981], [-75.74587344918987, 4.430894587584212], [-75.74610413969023, 4.4303282931436065], [-75.74622023296911, 4.42962731595509], [-75.74604902256556, 4.429041089342261], [-75.74570591584872, 4.428252836890646], [-75.74554412074592, 4.4277530736153325], [-75.7454687823836, 4.427070962805767], [-75.74571020894113, 4.4258515291557075], [-75.74593149980527, 4.425189164760641], [-75.74612339400375, 4.424910956604164], [-75.74645869935244, 4.424709849949273], [-75.74673620714792, 4.424719954574038], [-75.74706147941282, 4.424778171753524], [-75.74745396175425, 4.4247116403898215], [-75.74777012689381, 4.424510498769638], [-75.74804845711115, 4.424059549626111], [-75.74823129455858, 4.4234931679096485], [-75.74833779573831, 4.422801778632308], [-75.74836866327973, 4.42159157329373], [-75.74844641890937, 4.420919341059526], [-75.74864870159874, 4.420180098180573], [-75.74904296184867, 4.41911462082665], [-75.7494658100656, 4.418116429416376], [-75.75023407170814, 4.416609777814378], [-75.75060874265557, 4.415793999735356], [-75.75085892111011, 4.415026023136115], [-75.75105180011451, 4.414190710626894], [-75.7511781445794, 4.41368650910094], [-75.75129502618859, 4.413336645959009], [-75.75145038444957, 4.413142434817644], [-75.75167347321761, 4.41299696917223], [-75.75236205359197, 4.4128678300924795], [-75.75309151040051, 4.412754317143218], [-75.75383554433652, 4.412482951742261], [-75.75410765790723, 4.412239451119683], [-75.7545446036294, 4.411773783262389], [-75.75506701482615, 4.411494844421714], [-75.75553921299836, 4.4113091053676765], [-75.75593255081844, 4.411245220796364], [-75.7562327796588, 4.411274461260665], [-75.75637554185973, 4.411403883985121], [-75.75653247594646, 4.41160509740122], [-75.75666796189205, 4.411806270237652], [-75.75681791221608, 4.411914176205375], [-75.75700378733073, 4.41192168344592], [-75.75723282582365, 4.411778567890951], [-75.75761960969172, 4.411377393746169], [-75.75802098423857, 4.410811195004754], [-75.75861553437775, 4.410166398717648], [-75.759317477248, 4.409435679717046], [-75.7596113030949, 4.409041515929629], [-75.75999841327332, 4.4084537590442885], [-75.76, 4.408450972660389], [-75.76, 4.6]]], [[[-75.76, 4.3], [-75.76, 4.375347473899345], [-75.759464883118, 4.375447211276818], [-75.75917955208078, 4.3755500670855385], [-75.75864813167264, 4.3759625667716255], [-75.75796609033323, 4.376446358228364], [-75.75773626022598, 4.376517508343668], [-75.75727665622617, 4.376628004679585], [-75.75692787391412, 4.376778452842034], [-75.75630159677085, 4.377079472929534], [-75.75588120699676, 4.377412659897735], [-75.75541305287045, 4.377880921412543], [-75.75523038524483, 4.37815887428909], [-75.75508715440893, 4.378532301436565], [-75.75495142427958, 4.379144263812443], [-75.75495860474341, 4.379565663040714], [-75.75504497979473, 4.379995152003439], [-75.75532043674642, 4.381005376737463], [-75.75603640693406, 4.38375758059064], [-75.75623359199741, 4.384234971773512], [-75.75666762366497, 4.385158020320994], [-75.75707000018015, 4.386065110056862], [-75.7571484266604, 4.386510486618087], [-75.7570290118445, 4.386852154843108], [-75.75670320556642, 4.387447882023291], [-75.75633019423668, 4.387860654596438], [-75.75594923340878, 4.388289320902343], [-75.75560762433633, 4.388861162721697], [-75.75547993659231, 4.389401581759679], [-75.75546357820923, 4.389695727648295], [-75.75555808376768, 4.390005972406633], [-75.75577126481014, 4.390395935768881], [-75.75612705228886, 4.390770250190983], [-75.75675206905966, 4.3911927409420946], [-75.7571236433909, 4.3915988853403345], [-75.75735269517969, 4.3919729732505655], [-75.75759729609297, 4.392514053978899], [-75.75768386838745, 4.392832236124041], [-75.75769926324652, 4.39308668241921], [-75.75755576158392, 4.393611173554438], [-75.75722152576051, 4.394493107742696], [-75.75688821275868, 4.3948502978179285], [-75.75653124908239, 4.395143840039207], [-75.75581741702946, 4.395675269446039], [-75.75517518206925, 4.396031913014335], [-75.7545089997608, 4.396491867371439], [-75.75343044696409, 4.397221413931884], [-75.75261366558178, 4.397736753018447], [-75.75177312015092, 4.398252048744881], [-75.75105160133887, 4.398648298821761], [-75.7503457956099, 4.39911612826314], [-75.74953679124211, 4.399710985574777], [-75.74868791230968, 4.4004568287411905], [-75.74829139269896, 4.400718491646198], [-75.74797426762186, 4.400876939162108], [-75.74743514182063, 4.4011542486027295], [-75.74680864283486, 4.4015665613649535], [-75.74610276177663, 4.402074142241591], [-75.74567462796544, 4.402295991706329], [-75.74485021410979, 4.4026443436923826], [-75.74426369992253, 4.402842055976992], [-75.74367737013425, 4.4029364138998695], [-75.74263147602383, 4.403109448922614], [-75.74166483478201, 4.403258774647732], [-75.74092807462844, 4.403313104935517], [-75.73951801141199, 4.403374175605656], [-75.73856734018241, 4.40345196873187], [-75.73751375207593, 4.403497774561486], [-75.73687211812074, 4.403512519146923], [-75.73600862228851, 4.403566613914961], [-75.73516898982818, 4.403565098049129], [-75.73455097578908, 4.403659389277717], [-75.73387754300214, 4.40373767957335], [-75.73356057164187, 4.403808660445347], [-75.73315631283663, 4.403966943167403], [-75.73227325117338, 4.404572813694922], [-75.73185633011302, 4.404890024547792], [-75.73104153711247, 4.404997567301133], [-75.73046199067828, 4.405150961308648], [-75.72948404930486, 4.4053853911779], [-75.72888644906955, 4.40551149418089], [-75.72820467324847, 4.405475609313471], [-75.7278649311544, 4.40547886529663], [-75.7272548112397, 4.405555256827326], [-75.72688402904046, 4.4056437091723595], [-75.72662150585657, 4.405643232212245], [-75.72616988226902, 4.405603659879815], [-75.72541842180297, 4.405481382313613], [-75.72480342038573, 4.405566372679497], [-75.72429547726274, 4.40575202687695], [-75.72408765188713, 4.406024337823601], [-75.72406577589646, 4.406261104730981], [-75.72413664715982, 4.406605684044525], [-75.72470692417635, 4.407532430384715], [-75.72489196457376, 4.407999210815607], [-75.72475539969724, 4.408400818617707], [-75.72437567565913, 4.408845040844445], [-75.72411100573477, 4.408923496340017], [-75.72381071810419, 4.40893012323386], [-75.72318909578382, 4.408720884332549], [-75.72246748825903, 4.408454054573304], [-75.72221735007858, 4.408403366938015], [-75.72195995877198, 4.408410071549263], [-75.72174524257257, 4.408538850851989], [-75.72151587686507, 4.40886135119241], [-75.72135770630557, 4.409349034154531], [-75.72121440467319, 4.40952099356514], [-75.72067763981644, 4.409828582305113], [-75.72032685069007, 4.410086277408471], [-75.72016199717085, 4.410315609392862], [-75.72014015839676, 4.410530849316183], [-75.72015342760444, 4.411097778207988], [-75.7200887047133, 4.411305765144518], [-75.71999550213576, 4.411449113875589], [-75.71978091613799, 4.4115061322228595], [-75.7194951606708, 4.411383617980357], [-75.71921652873677, 4.411275465927251], [-75.71905202691481, 4.411311044053909], [-75.71877283541373, 4.411511459712089], [-75.7184720903001, 4.411769246152115], [-75.71816453508386, 4.4118404438347625], [-75.71789292175534, 4.411804066076514], [-75.71762875920064, 4.411602653334647], [-75.71738617557232, 4.411329519880772], [-75.71715036283575, 4.411264502923257], [-75.71680001595725, 4.411278213250054], [-75.71641365987244, 4.411435376316432], [-75.71568351886799, 4.411929181240362], [-75.71526093230561, 4.412351790257501], [-75.71492366720751, 4.413032891434037], [-75.7147868591099, 4.413563662580017], [-75.71479356371852, 4.413807659023134], [-75.71478606235868, 4.414038656932918], [-75.71467785290835, 4.414201818354017], [-75.71426073605438, 4.414379762999081], [-75.71386956909275, 4.414560832651333], [-75.71360223810422, 4.414789976169072], [-75.71343002310228, 4.415134104848299], [-75.71337221623435, 4.415468879160757], [-75.71304754837396, 4.415774456091595], [-75.71261777781538, 4.416213793192861], [-75.71231226344553, 4.416471566298273], [-75.71190202866839, 4.41665260172249], [-75.71151070318624, 4.416919785312424], [-75.71133853764205, 4.417235211192834], [-75.7112041361899, 4.417751635102054], [-75.71124132138958, 4.418268377337982], [-75.71141147190667, 4.419053264686855], [-75.71145859223313, 4.419349957105478], [-75.7114200230231, 4.419589084570123], [-75.71124808617289, 4.419780128764131], [-75.71083762162162, 4.420085546048906], [-75.71049383277273, 4.4204197927965785], [-75.71026422597666, 4.420869061824858], [-75.70997447541095, 4.421625891602166], [-75.70961470360035, 4.421524067243333], [-75.7092044073507, 4.421494407679391], [-75.7083620292679, 4.421536204185793], [-75.70784361243425, 4.421578597878027], [-75.70751247884321, 4.421563536168434], [-75.70714549573738, 4.421468919324481], [-75.70679323002308, 4.421200913240222], [-75.7063619612094, 4.420831597564092], [-75.70607436756617, 4.420628743163532], [-75.70571467794676, 4.420483562938], [-75.70543421858562, 4.42031684707365], [-75.70514670575069, 4.420070636869086], [-75.70485922083606, 4.419809977117364], [-75.70462190323232, 4.419672246451006], [-75.70444197898186, 4.4196430109720515], [-75.70425478913442, 4.419649886619934], [-75.70411090000927, 4.419599038573061], [-75.70385937097082, 4.419360121740803], [-75.70339925400712, 4.4190196547273795], [-75.70312582178903, 4.4189468918219745], [-75.70287378679164, 4.4189825505933], [-75.70247021332484, 4.419213027666359], [-75.70187882168527, 4.419789993179693], [-75.70113594213659, 4.420532870404941], [-75.70012678832747, 4.421224671196509], [-75.69859906967208, 4.422038338727147], [-75.69710735773084, 4.422844849412539], [-75.69611297136063, 4.4233343452393035], [-75.69545758389559, 4.4234776346733575], [-75.69467991981321, 4.423562892042841], [-75.69437029118224, 4.423598443439695], [-75.69376519116535, 4.423799631557222], [-75.69286457825227, 4.424188140638483], [-75.69206499412056, 4.424446768646894], [-75.69125842500486, 4.424589775922265], [-75.69032212478912, 4.4248120187692335], [-75.68946488036757, 4.425106664954062], [-75.68889574682964, 4.425322369870815], [-75.68851412722279, 4.425357780770101], [-75.6881542522909, 4.425313754120131], [-75.6876360517663, 4.425240519879439], [-75.68738411028745, 4.42522559681358], [-75.68703120588621, 4.425304417192951], [-75.68644044835936, 4.425534529428], [-75.68590274377378, 4.42566956131891], [-75.68553337862012, 4.425656904977155], [-75.68514042727837, 4.425512647340213], [-75.68459292859984, 4.425176740280871], [-75.6839029566022, 4.424565490933388], [-75.68349831402607, 4.424301610346215], [-75.68305785832091, 4.42407354406392], [-75.6824505601803, 4.423857122854152], [-75.68185497622261, 4.423748359238657], [-75.68097328225163, 4.423710815802394], [-75.68029417693405, 4.4236616974422285], [-75.6799249703396, 4.423565321573219], [-75.67955601028517, 4.42333738737052], [-75.6790560001273, 4.42309724544284], [-75.67855583440365, 4.422940821828406], [-75.6779840158059, 4.422867983125249], [-75.67710207687693, 4.422961992655576], [-75.67656584991276, 4.422972936752164], [-75.67620851503136, 4.422900502019027], [-75.67592278688021, 4.4227684041974955], [-75.6755779299678, 4.4223969953163635], [-75.6750192886383, 4.421654430330269], [-75.67465145672868, 4.420828508378527], [-75.67431944002065, 4.419966772216724], [-75.67405731872864, 4.4199543183804915], [-75.67379535564785, 4.41985814164388], [-75.67341450710816, 4.419618222862425], [-75.67300985018905, 4.419366303326559], [-75.67261681514758, 4.419269875978495], [-75.67223538155076, 4.419340911728897], [-75.67187735129971, 4.419639226920668], [-75.67122019140426, 4.420594762272459], [-75.67096966974584, 4.4207497628498045], [-75.67049293332126, 4.420808657125202], [-75.67021896483922, 4.420760298407086], [-75.66970706868948, 4.420508169732603], [-75.66932595081285, 4.420411764650867], [-75.6689446750416, 4.420399079728254], [-75.66837241133071, 4.420565431417583], [-75.66729962441313, 4.420766701966446], [-75.66617928855057, 4.420908084679954], [-75.66491567219042, 4.421204670341351], [-75.66384261335335, 4.421549454017209], [-75.66242416182519, 4.421809859101384], [-75.66207860967624, 4.4218091976292335], [-75.6614591599067, 4.421724293883849], [-75.6610064586364, 4.421675589963164], [-75.6605179440108, 4.421662695402303], [-75.66007690998617, 4.421745567843653], [-75.65949245636298, 4.422055403422376], [-75.65912289219776, 4.422150369980959], [-75.65880121696682, 4.422125834249066], [-75.65850353335675, 4.422017627212708], [-75.65800383108227, 4.421622001228912], [-75.65771813197071, 4.421477933141436], [-75.65742033388736, 4.421429524723107], [-75.65702707601221, 4.421452688044325], [-75.65664545997778, 4.421619394072938], [-75.65616822270047, 4.421941387720375], [-75.65581055177883, 4.422048339728187], [-75.6554769403665, 4.422035741090877], [-75.6551435104468, 4.4219274599823954], [-75.654405522942, 4.421519411880704], [-75.65352519020914, 4.420776219184958], [-75.65243074631248, 4.419841258968782], [-75.65224030391009, 4.4197332543682055], [-75.65193068438073, 4.419636980309589], [-75.65118014577124, 4.419563777043175], [-75.65064390432995, 4.419586663834155], [-75.65028607370185, 4.419777329220145], [-75.65001199520351, 4.419788760721775], [-75.64978571641566, 4.419728528418094], [-75.64913070832682, 4.41954786773481], [-75.6483326021574, 4.419426731013021], [-75.64759400391624, 4.419341587889076], [-75.64630715833853, 4.419327145611772], [-75.64550852529577, 4.4194810772735496], [-75.645150946752, 4.419540181873704], [-75.64478161362926, 4.419515548089234], [-75.64432894293034, 4.41945487408269], [-75.6431135216186, 4.419476440221156], [-75.64232731068859, 4.41936728090739], [-75.64144561560498, 4.419341653229446], [-75.64057551367128, 4.4194834799703475], [-75.63996748197944, 4.419661694587718], [-75.6395976195571, 4.419912130397585], [-75.63901249640651, 4.420568774134726], [-75.63867824168089, 4.420891030945064], [-75.63817703162934, 4.421284727153693], [-75.63765205993809, 4.421642491076132], [-75.63740123578197, 4.421952954137092], [-75.63720922591646, 4.422658196424606], [-75.6369932693413, 4.423423191219943], [-75.63677818944875, 4.423733722408276], [-75.63644413982959, 4.42394834375741], [-75.63606270656976, 4.4240193579603915], [-75.63543144221761, 4.423886573431833], [-75.63482437827935, 4.4235624802272255], [-75.63444368565278, 4.423250788677381], [-75.63406273864665, 4.423070655145045], [-75.6334791373996, 4.422937960704698], [-75.6331458289784, 4.42276987291289], [-75.63252715379694, 4.42229028208274], [-75.63222963855503, 4.422098349227411], [-75.63172933137315, 4.422025614001118], [-75.6313478988998, 4.422096626350019], [-75.63109772165112, 4.422072217853725], [-75.63068089081833, 4.421963769023731], [-75.63032324321382, 4.422058746034108], [-75.6300247777666, 4.4223571500382635], [-75.6296777912093, 4.423097965586401], [-75.62928314212246, 4.42383868683029], [-75.62823139772075, 4.425475086096249], [-75.6274786542389, 4.426538009735654], [-75.62727550932657, 4.426836600725174], [-75.62698818740519, 4.427529691936936], [-75.62648664236876, 4.4280908059098465], [-75.62604523281789, 4.4283650089897195], [-75.62569970728744, 4.428352371893849], [-75.62527133309453, 4.428052541444502], [-75.62510472572144, 4.4279445769667225], [-75.62477123258411, 4.427872163916102], [-75.62422321541861, 4.427823250604216], [-75.62377061415621, 4.427726683091597], [-75.62327044465424, 4.427582185298669], [-75.62183004097048, 4.427128768443463], [-75.62116083455065, 4.427369129746635], [-75.62031313514372, 4.427426201197568], [-75.61986698600577, 4.428021066035129], [-75.61948032424463, 4.428764649547559], [-75.61900443128242, 4.429746175853125], [-75.6183500801253, 4.430519500182986], [-75.61721983613569, 4.430846675747473], [-75.61614907797075, 4.430608730858141], [-75.61472140164366, 4.43010309467002], [-75.61365064425223, 4.430043607698791], [-75.61299629211095, 4.43031129829303], [-75.61189579169343, 4.4309061662943146], [-75.61103323694748, 4.431679487895701], [-75.60984350700306, 4.433017934767359], [-75.608802491935, 4.433583058935678], [-75.60791019374845, 4.433553313361528], [-75.60710712588165, 4.433255884254874], [-75.60591739614038, 4.4328989637114], [-75.60404357032661, 4.432601529904685], [-75.60291332617726, 4.432423068896707], [-75.60175333919665, 4.432006666303967], [-75.60062309471822, 4.431322568097182], [-75.59981462169347, 4.430764870063592], [-75.59963607431916, 4.430632802041849], [-75.59933852163954, 4.4304647758587254], [-75.59869540116927, 4.430308018433725], [-75.59833855795677, 4.429996356681928], [-75.59794644522341, 4.429445439981674], [-75.59769743534869, 4.428835015215286], [-75.59752001183872, 4.428176893232335], [-75.59727040792117, 4.427865447061885], [-75.59684193195724, 4.427625400710867], [-75.59633031089344, 4.427253635309429], [-75.5959026212525, 4.426618930688007], [-75.59559413198127, 4.425960545745631], [-75.59521407999384, 4.425337898111395], [-75.59476213332918, 4.424918413042629], [-75.59379804422797, 4.42439026986752], [-75.5929409332641, 4.42399389088039], [-75.59215567091877, 4.42341826482533], [-75.59141807220618, 4.422842733339291], [-75.59060938812517, 4.422063750357696], [-75.58980065819274, 4.421308688661939], [-75.58940834131253, 4.4208654016907385], [-75.58900420262023, 4.420374256183122], [-75.58874235557222, 4.420230217115561], [-75.5881468606803, 4.420097467158936], [-75.5875272496368, 4.420108180125308], [-75.58660918677678, 4.420405318188651], [-75.58542851080871, 4.420941110369335], [-75.58423570416934, 4.421584505827765], [-75.58378225823813, 4.421918451764365], [-75.58359118370329, 4.422133335907412], [-75.58345913507284, 4.422623401215429], [-75.58333885730288, 4.423185246427352], [-75.5831114619881, 4.4236870775594115], [-75.58294407362709, 4.423973761614855], [-75.58270531388594, 4.424200507378142], [-75.58217202915927, 4.423696484426931], [-75.58129388513603, 4.423099136958829], [-75.58064432564431, 4.4225955320524015], [-75.58033762060283, 4.422243308991606], [-75.5801240417262, 4.421797991145095], [-75.58003205526789, 4.421324216687855], [-75.57962098210365, 4.419543841109032], [-75.5793164100583, 4.418129636394047], [-75.57907587811042, 4.416866248726651], [-75.57906238722643, 4.416464388337665], [-75.5791420482957, 4.415955081703357], [-75.57930006066958, 4.415589446716424], [-75.57970158590562, 4.415001860634648], [-75.58005302372618, 4.414435700571005], [-75.58021093537508, 4.414120293139581], [-75.58074484174465, 4.413610876630057], [-75.58099362291618, 4.413137789748864], [-75.58106580259978, 4.412793508429717], [-75.58100941570837, 4.412391561064282], [-75.58095314326246, 4.411932212981653], [-75.5808251796154, 4.411573174927167], [-75.58069733227747, 4.411156730658312], [-75.58064103083268, 4.410711731868793], [-75.58051321103154, 4.4102809397304075], [-75.58022802833806, 4.409892882262115], [-75.57988539488795, 4.409633869642481], [-75.57939961089768, 4.409460676007515], [-75.57907098919361, 4.409345203076414], [-75.57895721013546, 4.409043600850788], [-75.5789294481561, 4.408627361794168], [-75.57898781780949, 4.408039079798203], [-75.57906054259252, 4.407422127799845], [-75.57919040300781, 4.406833990822291], [-75.57930584898142, 4.406303231130119], [-75.579364017009, 4.405815410394804], [-75.57946479129795, 4.405471186247568], [-75.57962269906753, 4.405155777144651], [-75.57970911839762, 4.404840229421653], [-75.57969536480371, 4.40456752634399], [-75.57989685464895, 4.403907779176669], [-75.58044347163472, 4.402258496219889], [-75.58068785335959, 4.401598835716662], [-75.58109016826981, 4.4006094119458545], [-75.58130572425327, 4.4000645042003415], [-75.58136380330527, 4.399619732769117], [-75.58135042181505, 4.399160466733015], [-75.58132277063694, 4.398686822158351], [-75.5813377276276, 4.398356776757333], [-75.5815244862835, 4.397912264969823], [-75.5822713427238, 4.396220324551773], [-75.58264499918675, 4.395259549027313], [-75.58281822916965, 4.3944275268299515], [-75.58283464155963, 4.393365570917674], [-75.58280759021457, 4.392590551626264], [-75.5827953207756, 4.391571593173207], [-75.58288264888508, 4.3907968038509715], [-75.58292676881187, 4.390179794129043], [-75.58295613538579, 4.389792370420612], [-75.58277140901929, 4.3892179496941734], [-75.5827436712827, 4.388787358337773], [-75.58272988682697, 4.388529010607651], [-75.58283071243288, 4.388156080173491], [-75.58283139718709, 4.38781165477858], [-75.58280365814771, 4.387381065213985], [-75.58280457084867, 4.386921825913213], [-75.58296267076653, 4.386505958328312], [-75.58330649566871, 4.386162217911804], [-75.58390813111207, 4.385589374337005], [-75.58442372420059, 4.385145519244559], [-75.58522609177312, 4.384286051055191], [-75.58581365508273, 4.383598366718988], [-75.58644479092622, 4.382566340022714], [-75.58711921610849, 4.381333482014527], [-75.58776404942465, 4.380602854983253], [-75.58941222419838, 4.378596969422413], [-75.59008595805112, 4.377708530801252], [-75.59044438428717, 4.377206950910049], [-75.59047360163393, 4.376891280891668], [-75.59036001659592, 4.376489219798009], [-75.5898322606557, 4.37585671640714], [-75.58930467632557, 4.375138105721301], [-75.58874835589515, 4.3744911918261655], [-75.58846337356178, 4.374002684003466], [-75.58825002021177, 4.3734425611276], [-75.58822272908824, 4.372782351724966], [-75.58825268398715, 4.372093550311329], [-75.58835387013607, 4.371534054192321], [-75.58861258035465, 4.3708457121134], [-75.58898586505788, 4.370057132718781], [-75.5892741019574, 4.3688952584294185], [-75.5895478988387, 4.367805105043542], [-75.58967812936308, 4.367016045967091], [-75.58972232111377, 4.366355977914772], [-75.5900114286317, 4.364749210966401], [-75.59024125708963, 4.364204318639079], [-75.59045701334568, 4.3635445902562475], [-75.5910302528505, 4.362856866641472], [-75.59168910361325, 4.3622554186141596], [-75.59201872711834, 4.361854235396177], [-75.5922495293639, 4.361590514337069], [-75.59252025296566, 4.361281179026934], [-75.59299388799548, 4.3603492830671815], [-75.593252615324, 4.359646582016754], [-75.59345446333852, 4.3587859048783555], [-75.59352732783884, 4.358082837430159], [-75.59372937211418, 4.35712170063398], [-75.59393099265526, 4.356375834293757], [-75.5939467521279, 4.355629598363169], [-75.5940052896797, 4.354940854064321], [-75.59410699923549, 4.35410868241931], [-75.59418025405652, 4.353204692839348], [-75.59418182779795, 4.352401024880062], [-75.59395498666628, 4.351424690006508], [-75.59374185417852, 4.350749760423823], [-75.59344277223941, 4.350160769617828], [-75.59315823936575, 4.349442646271689], [-75.59307355261467, 4.348882775926611], [-75.5930744521383, 4.348423539110072], [-75.59334758131763, 4.347663458700339], [-75.59369208073676, 4.346960925598341], [-75.59403716934617, 4.345957016362594], [-75.59421035728614, 4.345124983244123], [-75.59436908012553, 4.3443790287936395], [-75.594570411974, 4.343776670712942], [-75.59481609240035, 4.3424281342954725], [-75.59527652830923, 4.340922155193555], [-75.59590874610008, 4.339301701809678], [-75.59625332128314, 4.338556111355844], [-75.59664039431432, 4.338011521789072], [-75.59728533660919, 4.337194764220097], [-75.59790165804206, 4.33639230010041], [-75.59877514863308, 4.335676445334367], [-75.59959131218555, 4.335032233877772], [-75.60004966871512, 4.334588240773346], [-75.60027911105425, 4.334229907424105], [-75.60032272595133, 4.3338568570702405], [-75.60020860268213, 4.333727473667964], [-75.59966627989827, 4.33323846711315], [-75.5989392996239, 4.332131994368173], [-75.59821399409351, 4.330164443070591], [-75.59748855241857, 4.328268649826722], [-75.59699087942046, 4.326875599237623], [-75.59666325899018, 4.326257853857636], [-75.5962926672991, 4.325683077245925], [-75.59563692730492, 4.324705902167354], [-75.59533781827261, 4.324131264930687], [-75.59519588625068, 4.323599989424209], [-75.59518211993841, 4.323327286836073], [-75.59536439836702, 4.322945376086509], [-75.5957801627083, 4.322343434993955], [-75.59611006669572, 4.321784379726303], [-75.59616783724839, 4.321483117717904], [-75.59598284765019, 4.321037864029305], [-75.59569764599578, 4.320664173814121], [-75.59496950779533, 4.320160452335285], [-75.59425524922845, 4.319872028646053], [-75.59346970494066, 4.319483005338855], [-75.5930843191282, 4.3191665216087545], [-75.5929561818646, 4.318893596123977], [-75.5930710827531, 4.318621146818122], [-75.59361484384978, 4.31836389035109], [-75.59395845632373, 4.318106237775528], [-75.59431653236281, 4.31776250784612], [-75.59476080384182, 4.317203676853765], [-75.59507635172388, 4.316673299118183], [-75.59529160289533, 4.316257531946407], [-75.59543495631138, 4.3160568918853555], [-75.5959648079008, 4.3155986858176965], [-75.59713929634445, 4.3144672286833865], [-75.59756934966268, 4.313865309888176], [-75.5977992294098, 4.313277356638314], [-75.5980484477383, 4.312544731128213], [-75.59814570025209, 4.311540324585456], [-75.5981472716253, 4.3107270902244315], [-75.59786296780975, 4.309889376341771], [-75.59748358809225, 4.308931879015261], [-75.5969848421593, 4.308093746576082], [-75.59665730901777, 4.307432950777432], [-75.59622067226549, 4.306513614381502], [-75.59607859924421, 4.306054097551753], [-75.59593660121529, 4.3055563081195265], [-75.5959276257542, 4.305269264193083], [-75.59589681389951, 4.304887516187728], [-75.59611031877037, 4.304437243122242], [-75.59631105508466, 4.304131472771048], [-75.59667370201664, 4.303883424176055], [-75.59703594197599, 4.303845861726332], [-75.5977982309687, 4.30393345389892], [-75.59836996234796, 4.303991967593396], [-75.5989132122792, 4.303993025811127], [-75.59920897808105, 4.303830951565054], [-75.59974387802887, 4.303219667952408], [-75.60031673423957, 4.302694566864368], [-75.60073735559143, 4.30203522107478], [-75.60090013318562, 4.301643270443038], [-75.60114938626221, 4.3008879128381325], [-75.60132185862356, 4.300409870221723], [-75.60139472513066, 4.3], [-75.76, 4.3]]], [[[-75.39494738738544, 4.3], [-75.3948294601632, 4.300136796415724], [-75.39122546274304, 4.301706480907521], [-75.38749849242446, 4.303276369031467], [-75.3871804876627, 4.30341207359638], [-75.38430395999193, 4.304639607708555], [-75.38295263513463, 4.305341372304767], [-75.38221559905969, 4.305754075386331], [-75.38135588640446, 4.306331564329193], [-75.38061933743921, 4.307032272757852], [-75.37902334998115, 4.308475040673141], [-75.37808263823392, 4.309628680136118], [-75.37782880005979, 4.309808389891112], [-75.37714206686603, 4.310459955579372], [-75.37693629587248, 4.31076962793015], [-75.37638703489925, 4.311163965661882], [-75.37538709711245, 4.311290719008263], [-75.37390831583166, 4.311220300662863], [-75.37272529058916, 4.311361136946457], [-75.37210561167623, 4.311445638834741], [-75.3715986007968, 4.311699143549758], [-75.37107750666792, 4.312107572027352], [-75.37066908069906, 4.312023070143455], [-75.37028882292246, 4.311854064439975], [-75.36980998017454, 4.311854063698209], [-75.36909171486727, 4.311980817020976], [-75.36831711480467, 4.312149819657016], [-75.36733126124922, 4.3121216539765514], [-75.3665848293125, 4.312065318948471], [-75.36616232012902, 4.311938566280902], [-75.36588469434665, 4.311720633873973], [-75.3655567236804, 4.31144563936323], [-75.36502154616498, 4.311178051675255], [-75.36416244476317, 4.310980879377563], [-75.3629935040663, 4.3105442887590195], [-75.36210623508548, 4.310276698302244], [-75.36074701101931, 4.309810684833201], [-75.36027536364371, 4.309614769379744], [-75.35943034557796, 4.3091500091513515], [-75.3590923388819, 4.308868335005063], [-75.35878430393103, 4.308610015412464], [-75.35831160791422, 4.3082136108383216], [-75.3576417247397, 4.3076430586178445], [-75.35695162710338, 4.307262804111459], [-75.35658545313625, 4.307319135828305], [-75.3561911107816, 4.30747405626954], [-75.35593384399152, 4.307770081264663], [-75.35564184971349, 4.308009234358984], [-75.35528975883528, 4.308262739413833], [-75.35490950076121, 4.308333156921031], [-75.3543743228488, 4.308319072957962], [-75.35383984113963, 4.3083667977502325], [-75.35362789086216, 4.308459911292327], [-75.35336030241744, 4.308671167230447], [-75.35324763343374, 4.309093672604451], [-75.35312277182604, 4.310000171586959], [-75.35300077410038, 4.310576394277104], [-75.35287911756079, 4.3113583393971755], [-75.3526392539222, 4.312044313423567], [-75.35234628073744, 4.31288217200153], [-75.35175476776294, 4.313755355580975], [-75.35050241838047, 4.314727139642222], [-75.34927605019881, 4.316332659762512], [-75.34892395912566, 4.31667066507486], [-75.34716350530782, 4.317938191951245], [-75.34655790909913, 4.3188536270374325], [-75.3463748223748, 4.319459225325212], [-75.34621804956312, 4.319890755595517], [-75.34607186459469, 4.320293144125833], [-75.34592682242167, 4.320627461675187], [-75.3451904255516, 4.3214515819292085], [-75.34445423364396, 4.322399136076576], [-75.34428163093507, 4.322566204389647], [-75.3441476660636, 4.322784091577572], [-75.34394387507272, 4.323050955185451], [-75.34336237257646, 4.323812429046084], [-75.34296962960624, 4.324326725246301], [-75.34276982157999, 4.324588371551843], [-75.34208210716181, 4.325488929716421], [-75.3415365240627, 4.326624428298791], [-75.3408158699996, 4.3281242852996815], [-75.34051216119181, 4.32872123358546], [-75.33999878377462, 4.329730282624324], [-75.33889416790421, 4.330966460662379], [-75.33787156004189, 4.331693621405515], [-75.33750222800263, 4.331956246984187], [-75.33615065861808, 4.33257566757522], [-75.33508545700236, 4.332865454347193], [-75.33422553096835, 4.333360619948752], [-75.33312008626297, 4.33410305845085], [-75.33271223524517, 4.334447232219162], [-75.3316056422497, 4.335381057052068], [-75.3312265256642, 4.3357374286249835], [-75.33108335192202, 4.335872015154299], [-75.32938996556263, 4.33702151006412], [-75.32846044677791, 4.337979195391223], [-75.32765767994422, 4.338612957801099], [-75.3276013450388, 4.339077717708753], [-75.3276999308806, 4.339626979872092], [-75.32767176395318, 4.340486080621486], [-75.32768584669321, 4.3412465972213665], [-75.32777034941202, 4.341838111693458], [-75.32785485091641, 4.3423732874014185], [-75.32785485064666, 4.343161970137449], [-75.32771401410822, 4.3438520683951936], [-75.32741825801426, 4.344288660705893], [-75.3266577420957, 4.344668919901693], [-75.32627748361108, 4.344683002671182], [-75.3256437214458, 4.344683003346387], [-75.32523529584657, 4.344894259306627], [-75.32444661266042, 4.345232263912728], [-75.32347484167889, 4.345443520214993], [-75.32237631903526, 4.345908279666305], [-75.32137638195844, 4.346232202923594], [-75.31986943321999, 4.3462181195497545], [-75.31810897964658, 4.346302620660282], [-75.31708087517222, 4.3460913653779825], [-75.31626402404937, 4.346218119929074], [-75.31570067912769, 4.3464997900482425], [-75.31515141811457, 4.346570207800125], [-75.31388389068172, 4.346598378773605], [-75.31350363260418, 4.346542042737282], [-75.31333462961673, 4.34635895431327], [-75.31325012785126, 4.346020946970812], [-75.31315154287388, 4.34593644485385], [-75.31305295677537, 4.346077282583969], [-75.31288395371686, 4.346119532030154], [-75.31274311692381, 4.346063200431085], [-75.31272903357376, 4.345682940702184], [-75.3125177789588, 4.345415351121102], [-75.31213752061804, 4.345190016018554], [-75.31170092870813, 4.344964677211706], [-75.31105308230349, 4.344612583748406], [-75.31050382012386, 4.344302743745368], [-75.30947571616147, 4.343894319649628], [-75.30855561695981, 4.3435474191856], [-75.3081986975726, 4.34345224282122], [-75.30798454612376, 4.343380857107019], [-75.30786557259795, 4.34323809002457], [-75.30781798390285, 4.342785992658563], [-75.30772280577993, 4.3424290732503845], [-75.30760383281093, 4.342143538814525], [-75.30734209225007, 4.342095947980574], [-75.30691378906236, 4.342024563643028], [-75.30641410177263, 4.341715234349198], [-75.3061761557272, 4.34162005670708], [-75.30586682565284, 4.341715234445689], [-75.30534334490231, 4.341929385738495], [-75.30515298832752, 4.341929385730796], [-75.304915041735, 4.341905591378911], [-75.30443914914854, 4.34152487700556], [-75.30417740881599, 4.341382108595184], [-75.30391566838489, 4.341382109422835], [-75.30372531075035, 4.341358318303985], [-75.30244040227902, 4.34062068202193], [-75.30170276895505, 4.34019238069339], [-75.30108410902199, 4.33993063808425], [-75.30072718975879, 4.339764076433327], [-75.29965643260148, 4.339716490144666], [-75.29841911273824, 4.339692694431729], [-75.29801460498318, 4.3398830519250895], [-75.29772906874605, 4.340168585998842], [-75.29756250719133, 4.3402399677538455], [-75.29746732886083, 4.340287558174912], [-75.29732456083201, 4.340263763016092], [-75.29715799903906, 4.3401685856741565], [-75.29703902602026, 4.339954433197183], [-75.29687246342003, 4.339859256643276], [-75.29668210739678, 4.3398116662880675], [-75.29649174993746, 4.339859257165996], [-75.29620621395111, 4.339954432864482], [-75.29589688391589, 4.340311352746092], [-75.29573032211557, 4.340358944294523], [-75.29561134912524, 4.340311353326766], [-75.2953734027682, 4.340144790715782], [-75.29525442981118, 4.340097199661646], [-75.29513545742032, 4.340097200172838], [-75.29501648431851, 4.340192381149738], [-75.29482612684909, 4.340668272631786], [-75.2945881806017, 4.3411917523819294], [-75.29430264629788, 4.341405903625446], [-75.2941122887446, 4.341477289550508], [-75.29396952095999, 4.3414772900846605], [-75.29387434287, 4.3413107273914635], [-75.29363639609176, 4.341048985436618], [-75.29279010231467, 4.340189999970099], [-75.29258070855583, 4.339961570625309], [-75.29242842305949, 4.339961570722841], [-75.2920286738378, 4.340494573053929], [-75.29195253079719, 4.3408372130525965], [-75.29195253075689, 4.341255997750208], [-75.29219999516613, 4.342245854364182], [-75.29229517402982, 4.343007281355588], [-75.29221903104958, 4.344130387289341], [-75.29221903105999, 4.344568207829351], [-75.29214288808538, 4.34487277970036], [-75.29197156676216, 4.3449679573501445], [-75.2912101390804, 4.345177351548567], [-75.29070569362295, 4.345201143555193], [-75.29032022120413, 4.34517259112425], [-75.28993474842632, 4.345086933251877], [-75.28963493631925, 4.345058376736587], [-75.2891780802749, 4.3450583767622275], [-75.28854990166123, 4.345172591438532], [-75.28822153582364, 4.34518686668439], [-75.28783606374081, 4.345158313828522], [-75.28730782296286, 4.345029822667836], [-75.2868224132894, 4.3447871177702195], [-75.28640838679956, 4.344672903631006], [-75.28523769206888, 4.344301707621389], [-75.2844810238758, 4.344001896152621], [-75.28390995322982, 4.343587872402856], [-75.2836672478959, 4.343316614126765], [-75.28249655311784, 4.344273153711931], [-75.28199686576687, 4.344901332303278], [-75.28154000955338, 4.345886430444033], [-75.28131158240032, 4.346942909671901], [-75.28128302781884, 4.3470999540171915], [-75.28048352915187, 4.347028571126372], [-75.2782849073208, 4.346343284788559], [-75.27735691674336, 4.346114860207695], [-75.27677156998615, 4.346100579810036], [-75.27495842135774, 4.34641466987354], [-75.27420175179117, 4.346386116782828], [-75.27327376244757, 4.34618624083492], [-75.27241715631659, 4.345900705720815], [-75.27197457690615, 4.345672276629443], [-75.27164621116206, 4.34542957219255], [-75.27141778305572, 4.345386743008819], [-75.27117507769759, 4.345386742652221], [-75.27081815890004, 4.345472405187845], [-75.2703898558175, 4.345757939084546], [-75.27016142727894, 4.345943536285196], [-75.26981878476836, 4.34607202728463], [-75.26921916070032, 4.34614341182488], [-75.2682197867667, 4.346029197348144], [-75.2667492798184, 4.345815044758053], [-75.2660925490674, 4.345658001383516], [-75.26497896134076, 4.345443849185649], [-75.2627660627314, 4.3450583769944835], [-75.26199511679769, 4.344758565250781], [-75.26172385876822, 4.3446586266218485], [-75.26155253737384, 4.3446586265812615], [-75.26103857356578, 4.344758564856175], [-75.26052461016215, 4.344844227833807], [-75.259682281152, 4.344815671976891], [-75.25905410326058, 4.344829948038928], [-75.2584402024214, 4.344815672298447], [-75.25816894398413, 4.344872780176666], [-75.25798334591137, 4.345015547232788], [-75.25779774837487, 4.345129760577599], [-75.2574551062328, 4.345129760583587], [-75.25689831198856, 4.34495843886251], [-75.25651283917291, 4.344815672440801], [-75.25597032174177, 4.344758565371371], [-75.2555420194393, 4.344730013171348], [-75.2552850368557, 4.3447585651959875], [-75.25464258334694, 4.345001270642001], [-75.25411434163857, 4.345401018716534], [-75.25385736063214, 4.345486681563614], [-75.25321490560076, 4.345743663240078], [-75.25277232644886, 4.346043473163204], [-75.25251534487334, 4.346129135742889], [-75.25222980925453, 4.34612913635841], [-75.25192999694856, 4.346200517985096], [-75.25138747970962, 4.346486055638722], [-75.25104483820935, 4.346942909802232], [-75.25074502576344, 4.347257000594772], [-75.25045948959838, 4.347385492141174], [-75.2500311871673, 4.347456873222501], [-75.24981703584395, 4.347456873178691], [-75.24957433062545, 4.347271276953437], [-75.24881766210461, 4.34641467024552], [-75.24806099368126, 4.345201143681278], [-75.24768979763579, 4.344373092752275], [-75.24753275319802, 4.343773468313267], [-75.24747564606332, 4.343173843083703], [-75.2473043251792, 4.34283120269696], [-75.24697595886745, 4.342174472691824], [-75.24684746795192, 4.341589122572194], [-75.24676180827711, 4.340703963252681], [-75.24673325435958, 4.340289938774457], [-75.2466761465801, 4.339933018584167], [-75.24651910292754, 4.339633204654741], [-75.24627639839295, 4.339390503187513], [-75.24593375490188, 4.339147797198968], [-75.24536268482039, 4.33894792111353], [-75.24511997999511, 4.3387766011301725], [-75.24500576597889, 4.338533896153683], [-75.24496293461452, 4.337934270342065], [-75.245020041573, 4.337263264221764], [-75.24500576557331, 4.336278166341429], [-75.2449343816901, 4.3358926932333075], [-75.24474878416216, 4.335393005759526], [-75.24443469513642, 4.335007532646655], [-75.24397783780894, 4.3347362763635084], [-75.24359236572398, 4.334536400411982], [-75.2433353836559, 4.334522123055641], [-75.24303557176896, 4.334436465810529], [-75.24252160826782, 4.334108098053544], [-75.24229317999243, 4.333822563685208], [-75.24185059992324, 4.333622686868182], [-75.2415222345643, 4.333508472693792], [-75.24116531565832, 4.333494196280189], [-75.2407941196644, 4.333451367330594], [-75.24052286110728, 4.333294321159084], [-75.24032298582321, 4.333194386362641], [-75.24005172755504, 4.33282318904531], [-75.23983757630194, 4.3324948223122695], [-75.23968053202466, 4.331695324025275], [-75.2394663797582, 4.331209913191529], [-75.23926650581888, 4.3308958267511715], [-75.23920939875369, 4.330653121831734], [-75.23926650577285, 4.330453244999874], [-75.2393236127457, 4.330181986623401], [-75.23929505889117, 4.329767962178873], [-75.23919512216739, 4.329311103789086], [-75.23910946057643, 4.329168335823627], [-75.2388953097426, 4.328939908230703], [-75.23873826489056, 4.3286686493543565], [-75.2386526051915, 4.328226068800482], [-75.23868115839869, 4.327626447070872], [-75.23880964873622, 4.327098206759286], [-75.23893814016111, 4.3267270112285425], [-75.23902380067207, 4.326527134075997], [-75.23900952407494, 4.326298705744856], [-75.2389524165754, 4.325984618077572], [-75.23860977402553, 4.325484931141735], [-75.23812436377571, 4.324799647701058], [-75.23789079530694, 4.324016354363775], [-75.23792746731783, 4.323868107146763], [-75.23786761770991, 4.323688785087719], [-75.23778393858598, 4.323509500017275], [-75.23779536285882, 4.3231865337435105], [-75.23775415805407, 4.32297117130893], [-75.23768860529061, 4.32287666740728], [-75.23760411874731, 4.322792116731203], [-75.23747288772833, 4.3226846703010535], [-75.2372821722674, 4.32263711605062], [-75.23707961436034, 4.322637428099176], [-75.23693644931177, 4.322518036798791], [-75.23665004841686, 4.3222314120316225], [-75.23645911490672, 4.322040328729004], [-75.23635160508047, 4.3218610810755465], [-75.23617256901571, 4.3216580168279615], [-75.23613848302867, 4.321536127122899], [-75.23606038276094, 4.321256839437665], [-75.23602880598838, 4.321143915318393], [-75.2360162907897, 4.320749222553384], [-75.23587281880084, 4.320426496239556], [-75.23563191058508, 4.320295659837953], [-75.23524120642548, 4.320355694928269], [-75.23516160084314, 4.320383800360559], [-75.23500302862644, 4.3204397859471], [-75.23475279313529, 4.320428208032625], [-75.234597658985, 4.3202729518472065], [-75.23443050317503, 4.320045950437036], [-75.2342037696487, 4.319819036970952], [-75.23389364862818, 4.319604211876521], [-75.23344047378698, 4.31934176439651], [-75.23302322620627, 4.319198867981449], [-75.23294448343034, 4.319139769705424], [-75.23278465225032, 4.3190198192382985], [-75.23264358345006, 4.318898112314986], [-75.23243507962682, 4.318717166026045], [-75.23214025603168, 4.318374904891221], [-75.23197288268653, 4.31800437041049], [-75.23188891680498, 4.317633708608221], [-75.23178124740697, 4.317346810440919], [-75.23163720173953, 4.317135420252681], [-75.23160212180134, 4.31708393892504], [-75.23143491333994, 4.3168210539183915], [-75.23104122481121, 4.316498705575926], [-75.2307907191672, 4.316307709683331], [-75.23067127877466, 4.316116517867463], [-75.23064697902097, 4.315805566588329], [-75.23066987075741, 4.315183563080798], [-75.23077631298668, 4.314657118914144], [-75.23082688055659, 4.314543415161461], [-75.23093068643557, 4.314310013856816], [-75.23118059637174, 4.314106298794254], [-75.23137098479552, 4.313938554282829], [-75.23170440902881, 4.313806473706152], [-75.23183936099109, 4.3138062692100645], [-75.23203362191782, 4.313805973343663], [-75.2321690972653, 4.313805768152848], [-75.23247892618708, 4.3138292196057115], [-75.23258178435921, 4.313864959116337], [-75.2327531166483, 4.313924487833535], [-75.23309863738075, 4.313912001443968], [-75.23326564501079, 4.313813863429161], [-75.23371723625837, 4.313584042116097], [-75.23430544659102, 4.313411735089152], [-75.23460252416041, 4.313275079728149], [-75.23486989307143, 4.31297206403743], [-75.23495626133217, 4.312806949830985], [-75.23505077178818, 4.31262920129269], [-75.23505019333743, 4.3122464529525235], [-75.23491865713399, 4.3119356665966615], [-75.23470030615147, 4.311636248583041], [-75.23456352568874, 4.311419921304617], [-75.2344049889099, 4.311063299963402], [-75.23424956886305, 4.310716667005006], [-75.23410617280717, 4.310441782825274], [-75.23397828716139, 4.310146138604158], [-75.23391486365983, 4.309999518184983], [-75.23385413506412, 4.3098755286015304], [-75.23362801808638, 4.309413867297243], [-75.233430184089, 4.3089655586277065], [-75.23326934030808, 4.308601067223426], [-75.23288715725539, 4.308003600076247], [-75.23277627024616, 4.307837174184067], [-75.23272299024798, 4.307757208291096], [-75.23267220039713, 4.307680980016206], [-75.23227875207034, 4.307514125709717], [-75.23187362509286, 4.307502779190681], [-75.23179312338411, 4.307444192623768], [-75.23161120666862, 4.307311802648866], [-75.23145571733868, 4.306917326736782], [-75.23145533828828, 4.3066661448055354], [-75.23128818631712, 4.306439139692814], [-75.23106147711587, 4.306224187247372], [-75.23081106484084, 4.3060929973160045], [-75.23068826817804, 4.306058956927783], [-75.23059650494798, 4.306033517204869], [-75.23046945233249, 4.305946531765961], [-75.2303698873332, 4.305878366722502], [-75.23027424276881, 4.30566321357663], [-75.23026177032283, 4.305292442722393], [-75.23027017902379, 4.304704645588019], [-75.23027255122324, 4.304538884825251], [-75.23028236240789, 4.304108416881551], [-75.23028372835732, 4.304048465566527], [-75.230247623835, 4.3038093013692675], [-75.2300872366657, 4.303568579993268], [-75.23005655286885, 4.30352252684081], [-75.22978225776555, 4.303355490309048], [-75.22946021256016, 4.30312871774591], [-75.22930567078265, 4.302968523018527], [-75.22912498005162, 4.3027801182959875], [-75.22887508669658, 4.302268412001822], [-75.22869586105185, 4.301933774809075], [-75.22862374307948, 4.301515251639869], [-75.22858911249719, 4.301211018446789], [-75.22869424529968, 4.300857290655959], [-75.22899163232964, 4.300533890764792], [-75.22927726585671, 4.300318161422907], [-75.22953907022273, 4.300102465713032], [-75.2295780376267, 4.300055379940929], [-75.22962386914152, 4.3], [-75.39494738738544, 4.3]]]]}}]}