{"type": "FeatureCollection", "features": [{"type": "Feature", "id": 277, "geometry": {"type": "Polygon", "coordinates": [[[-75.49041697299998, 4.416689559854922], [-75.48881711299998, 4.416391937854926], [-75.48691537000002, 4.4160146378549205], [-75.486139837, 4.418875688854847], [-75.48580176899998, 4.420545975854817], [-75.48540606799997, 4.422101670854747], [-75.48370845300002, 4.428036498854516], [-75.48121661699997, 4.435872998854322], [-75.47991210200001, 4.439158809854162], [-75.47975130600003, 4.443246536854046], [-75.48043600400001, 4.443014168854041], [-75.481183284, 4.444969478854002], [-75.48322612800001, 4.4400126298541664], [-75.48464511899999, 4.436841870854273], [-75.48577879300001, 4.433729842854338], [-75.48713832599998, 4.429465300854492], [-75.48848919400001, 4.422034920854718], [-75.49041697299998, 4.416689559854922]]]}, "properties": {"OBJECTID": 277, "UCG_P_": 278, "UCG_P_ID": 148, "COD": "Pzev", "SHAPE.AREA": 9.51506509845335e-05, "SHAPE.LEN": 0.0645360016397324}}, {"type": "Feature", "id": 286, "geometry": {"type": "Polygon", "coordinates": [[[-75.49262083399998, 4.417273086854907], [-75.493159268, 4.417415600854909], [-75.49647329099997, 4.418326455854856], [-75.499555284, 4.4179715048549015], [-75.50155491100003, 4.418311293854839], [-75.50326879300002, 4.418471935854859], [-75.50452492699998, 4.418589925854828], [-75.50726671299998, 4.4190418728548675], [-75.51023979500002, 4.420357292854788], [-75.51396009400003, 4.4235697558546985], [-75.51596345600001, 4.425290969854623], [-75.51750620899998, 4.425746837854631], [-75.51916258400001, 4.42585669385462], [-75.52018852999998, 4.425105523854646], [-75.52166838, 4.423258479854717], [-75.521666729, 4.422682725854725], [-75.52103178499999, 4.420324409854776], [-75.519883671, 4.418082329854875], [-75.51868100899998, 4.416761898854908], [-75.51747900200002, 4.415787256854925], [-75.51507698400002, 4.4142973228550195], [-75.51387498600002, 4.413322671855019], [-75.51181995000002, 4.4134440778550195], [-75.508911625, 4.41483443285499], [-75.50776933200001, 4.414780645854974], [-75.50702607400001, 4.414379747854979], [-75.505024934, 4.41352241085499], [-75.50285301500003, 4.412550122855064], [-75.500455359, 4.412787968855064], [-75.497485574, 4.412624012855074], [-75.49365493200003, 4.410563155855139], [-75.49313666199998, 4.408837960855188], [-75.492048221, 4.407459620855207], [-75.49124660299998, 4.406541244855276], [-75.49101307799998, 4.404757319855291], [-75.49066573900001, 4.402915970855388], [-75.49003226000002, 4.400673417855434], [-75.49018668999997, 4.394340857855666], [-75.49080490699998, 4.390424632855781], [-75.49051496999999, 4.388871340855846], [-75.490170992, 4.388239143855856], [-75.48942646900002, 4.387435917855865], [-75.48708920500002, 4.388651650855803], [-75.48543977399999, 4.391074145855744], [-75.483283057, 4.395915902855596], [-75.48163798899998, 4.400123321855471], [-75.479654402, 4.405770498855299], [-75.47806297199998, 4.408538123855199], [-75.47681081799999, 4.4099812548551265], [-75.474928917, 4.410907974855089], [-75.47372902400002, 4.410450805855094], [-75.47269876000001, 4.4094751888551205], [-75.471782566, 4.408384657855175], [-75.47035339400003, 4.407525033855218], [-75.46846775, 4.407012603855218], [-75.46669896700001, 4.407305692855236], [-75.46504466699997, 4.407713836855226], [-75.464016329, 4.407486870855222], [-75.46275892099999, 4.406972151855212], [-75.461387801, 4.406458199855221], [-75.45939087300002, 4.4069827878552275], [-75.45750981700002, 4.408081799855189], [-75.45545994000003, 4.410160324855127], [-75.45352474100002, 4.4124686098550665], [-75.450278648, 4.41552906585493], [-75.448795959, 4.4162239118549484], [-75.44799647299999, 4.416168848854905], [-75.446625644, 4.415827774854969], [-75.44525512400003, 4.415659032854947], [-75.44388629600002, 4.416123694854939], [-75.442519258, 4.417278830854869], [-75.44240738899998, 4.418315313854842], [-75.44218621300001, 4.421194020854785], [-75.44110509500001, 4.42263624885472], [-75.44019787899998, 4.424999179854625], [-75.440828958, 4.426263734854621], [-75.44202938799998, 4.427008559854571], [-75.443456481, 4.427004296854575], [-75.44556585999999, 4.425731419854596], [-75.44727424899997, 4.424056954854702], [-75.448357257, 4.423363393854672], [-75.45018105000003, 4.42232155985473], [-75.45160889800002, 4.422432549854725], [-75.45417764000001, 4.42242507185474], [-75.45663126800002, 4.421957290854757], [-75.45993901100002, 4.420623442854801], [-75.46296132600003, 4.41929066985484], [-75.466269705, 4.418013869854855], [-75.46946322999997, 4.416738395854939], [-75.47197294, 4.415867035854951], [-75.47511108999998, 4.415109216854974], [-75.48201827100002, 4.414743345855], [-75.48691537000002, 4.4160146378549205], [-75.48881711299998, 4.416391937854926], [-75.49041697299998, 4.416689559854922], [-75.49262083399998, 4.417273086854907]]]}, "properties": {"OBJECTID": 286, "UCG_P_": 287, "UCG_P_ID": 155, "COD": "NgQp", "SHAPE.AREA": 0.000816741466899666, "SHAPE.LEN": 0.22349466111356}}, {"type": "Feature", "id": 270, "geometry": {"type": "Polygon", "coordinates": [[[-75.50326879300002, 4.418471935854859], [-75.50155491100003, 4.418311293854839], [-75.499555284, 4.4179715048549015], [-75.49647329099997, 4.418326455854856], [-75.493159268, 4.417415600854909], [-75.49262083399998, 4.417273086854907], [-75.49151046600002, 4.420183352854829], [-75.49111445900002, 4.421566148854761], [-75.48924228999999, 4.426235071854598], [-75.48810842300003, 4.42923239785452], [-75.48708773099997, 4.431940784854417], [-75.48539260899997, 4.438911876854194], [-75.48318536400001, 4.446287922853951], [-75.48109050900001, 4.4532603358537495], [-75.47996102299999, 4.458042591853598], [-75.47951925900003, 4.463916902853364], [-75.480544555, 4.462762329853391], [-75.48117975299999, 4.465581772853317], [-75.481918415, 4.4640824998533875], [-75.48198059600003, 4.466039644853323], [-75.48323247600001, 4.464424146853346], [-75.483463745, 4.465574677853321], [-75.49095115400002, 4.446437842853956], [-75.49424314999999, 4.438770471854184], [-75.497083642, 4.433235230854403], [-75.50326879300002, 4.418471935854859]]]}, "properties": {"OBJECTID": 270, "UCG_P_": 271, "UCG_P_ID": 143, "COD": "Pzev", "SHAPE.AREA": 0.000399186224998913, "SHAPE.LEN": 0.121889762354253}}, {"type": "Feature", "id": 281, "geometry": {"type": "Polygon", "coordinates": [[[-75.410713912, 4.435326324854316], [-75.410482339, 4.435216548854328], [-75.40871045400002, 4.434127426854372], [-75.40642585, 4.433443771854347], [-75.405281484, 4.432238270854425], [-75.40447870700001, 4.43062872285445], [-75.40373229599999, 4.428731465854509], [-75.403728274, 4.427061755854578], [-75.40389479800001, 4.425047066854627], [-75.40502924399999, 4.422165600854752], [-75.40582392900001, 4.4200910528548265], [-75.40576258800002, 4.418479642854872], [-75.40530397100002, 4.417617614854867], [-75.40552871400001, 4.41606333985493], [-75.40538110699998, 4.4143724088549945], [-75.40307478699998, 4.416070442854958], [-75.399547192, 4.420915093854782], [-75.401030064, 4.42027796485482], [-75.39938015899997, 4.422642739854737], [-75.40040746400001, 4.422582188854752], [-75.39989593199999, 4.423677013854706], [-75.40006882900002, 4.424367202854638], [-75.39893035199998, 4.42557951985461], [-75.39688118700002, 4.4278873538545565], [-75.39329754200003, 4.433250816854364], [-75.39467125599998, 4.434915895854325], [-75.39644303199998, 4.435947420854264], [-75.39741479100002, 4.436635089854244], [-75.39833009099999, 4.437553394854245], [-75.39975998800003, 4.4388160468541855], [-75.40130251, 4.439444510854148], [-75.40364526000002, 4.440531519854117], [-75.40490352400002, 4.441506846854134], [-75.40630782699998, 4.442610745854086], [-75.410713912, 4.435326324854316]]]}, "properties": {"OBJECTID": 281, "UCG_P_": 282, "UCG_P_ID": 152, "COD": "Pzes", "SHAPE.AREA": 0.000195532891204544, "SHAPE.LEN": 0.077333245963321}}, {"type": "Feature", "id": 284, "geometry": {"type": "Polygon", "coordinates": [[[-75.39329754200003, 4.433250816854364], [-75.39688118700002, 4.4278873538545565], [-75.39893035199998, 4.42557951985461], [-75.40006882900002, 4.424367202854638], [-75.39989593199999, 4.423677013854706], [-75.40040746400001, 4.422582188854752], [-75.39938015899997, 4.422642739854737], [-75.401030064, 4.42027796485482], [-75.399547192, 4.420915093854782], [-75.40307478699998, 4.416070442854958], [-75.40538110699998, 4.4143724088549945], [-75.40535296399997, 4.414049250854995], [-75.40512125100003, 4.412553406855068], [-75.404889642, 4.411115197855102], [-75.40505947000003, 4.407099104855212], [-75.40180532400001, 4.410202922855115], [-75.39827928800003, 4.41562391185495], [-75.39981980499999, 4.415446637854947], [-75.397885142, 4.417869538854853], [-75.398854922, 4.417751454854854], [-75.397774067, 4.419078372854831], [-75.39544028199998, 4.421848339854747], [-75.39344816900001, 4.424271336854661], [-75.392195593, 4.425598548854598], [-75.38871826100001, 4.429288693854487], [-75.39020989099998, 4.430784632854431], [-75.39329754200003, 4.433250816854364]]]}, "properties": {"OBJECTID": 284, "UCG_P_": 285, "UCG_P_ID": 153, "COD": "Pzev", "SHAPE.AREA": 0.000116432467693994, "SHAPE.LEN": 0.0728395321565428}}, {"type": "Feature", "id": 275, "geometry": {"type": "Polygon", "coordinates": [[[-75.26956434099998, 4.453690507853728], [-75.26965174899999, 4.453780216853679], [-75.27057689600002, 4.452771227853755], [-75.28055382399998, 4.441887359854108], [-75.29458486599998, 4.427985688854571], [-75.31513161800001, 4.41113951885511], [-75.32355065799999, 4.403339780855353], [-75.33107357799997, 4.397798329855532], [-75.34078519299999, 4.38953075785578], [-75.34413393199998, 4.3873056718558985], [-75.34470583000001, 4.386926135855884], [-75.34521136699999, 4.386586828855904], [-75.34552121600001, 4.386381764855911], [-75.34964707199998, 4.383642866855982], [-75.35516252600002, 4.37868943785614], [-75.35020546499999, 4.3846387088559595], [-75.34658901199998, 4.38973759485578], [-75.34161499800001, 4.394009205855675], [-75.33468524099999, 4.412446208855047], [-75.33538842600001, 4.412810646855057], [-75.33664497900003, 4.413497386855024], [-75.33858582099998, 4.414010082854994], [-75.34052581499998, 4.414004612854976], [-75.34292095799998, 4.413480220855005], [-75.34321356599997, 4.413397800854996], [-75.34519045299999, 4.407430858855204], [-75.34553358199997, 4.4076026328552205], [-75.34860217099998, 4.4017237258554], [-75.348778046, 4.403910216855313], [-75.35019909300001, 4.401604101855428], [-75.35184840800002, 4.3991246968554725], [-75.351399716, 4.402521454855374], [-75.35123009900002, 4.40344278685536], [-75.35060989499999, 4.4069551058552285], [-75.35102165699999, 4.412536083855059], [-75.35153508100001, 4.4125346598550585], [-75.35410324499998, 4.412815156855054], [-75.355683607, 4.413220482855004], [-75.35575446000001, 4.411141511855066], [-75.35671882000003, 4.408433827855183], [-75.35705871800002, 4.40733930385522], [-75.35745490099998, 4.405899434855243], [-75.358077933, 4.403768684855322], [-75.35904800499998, 4.403823563855327], [-75.35950170000001, 4.402440668855361], [-75.35978683100001, 4.4022672828554015], [-75.36179509099998, 4.397650213855548], [-75.36074365299999, 4.396394722855591], [-75.35994396400002, 4.3958790348556], [-75.35777471, 4.3954249668556065], [-75.35509280899998, 4.395432836855596], [-75.353496285, 4.395782445855597], [-75.35132958899999, 4.396537017855576], [-75.34973362699998, 4.397231870855522], [-75.34904983400003, 4.397694096855534], [-75.347682244, 4.398619112855501], [-75.34682929299998, 4.399945031855468], [-75.346032062, 4.40058035285545], [-75.34517551800002, 4.400409993855421], [-75.34431783999997, 4.399549129855497], [-75.34437167700003, 4.398052756855535], [-75.34436884600001, 4.396671749855568], [-75.344708954, 4.395692499855591], [-75.34493694700001, 4.395346869855639], [-75.34510450200003, 4.3938503098556625], [-75.34578810599999, 4.393272814855665], [-75.34698710499998, 4.393556750855674], [-75.34881275800001, 4.393551463855653], [-75.35046528800001, 4.3926836118556905], [-75.35228714499999, 4.3907220848557555], [-75.35319806799998, 4.3897407558557715], [-75.35467935100002, 4.3888161128558405], [-75.35564949899998, 4.388928072855814], [-75.35781854200002, 4.389267445855828], [-75.36021490899998, 4.389202978855817], [-75.36152494800001, 4.388220975855859], [-75.361979212, 4.387183332855873], [-75.361691323, 4.3860333568558865], [-75.36168685299998, 4.384019496855972], [-75.36168428399998, 4.382810840856], [-75.36208216699998, 4.382062037856056], [-75.36362218, 4.381941928856044], [-75.36510743000002, 4.382743517856008], [-75.36761976100001, 4.383369338856015], [-75.37053036700001, 4.383821006855983], [-75.37150116200002, 4.383990582856], [-75.37389338399998, 4.382142204856018], [-75.37582876200003, 4.380122817856128], [-75.37559646, 4.378224058856159], [-75.37456507299999, 4.376155436856256], [-75.37416367200001, 4.375466181856286], [-75.374333358, 4.374602490856303], [-75.37753124699998, 4.375859424856233], [-75.381299082, 4.376596089856247], [-75.382952472, 4.37595816285625], [-75.38443338799999, 4.3748605738562985], [-75.386599091, 4.373588345856336], [-75.38904913800002, 4.372026886856372], [-75.39087151500001, 4.370468189856419], [-75.39337742100003, 4.368331404856486], [-75.39856408700001, 4.365611411856603], [-75.40141676600001, 4.365487287856581], [-75.40831898599998, 4.364315915856633], [-75.41157111899997, 4.364075795856642], [-75.41448334199998, 4.364872548856585], [-75.41887735699999, 4.364801622856612], [-75.421722639, 4.361397915856705], [-75.42189120900002, 4.360246625856744], [-75.42165961400002, 4.358808423856816], [-75.42148292000002, 4.35656493685685], [-75.42193453200002, 4.354376861856928], [-75.42324205699998, 4.352358502857021], [-75.427347532, 4.350850016857093], [-75.43163080300002, 4.352217834856989], [-75.43442699799999, 4.352036632857041], [-75.43687957700001, 4.351396082857039], [-75.44064326, 4.350175738857095], [-75.44355303999998, 4.349936672857095], [-75.44458129499998, 4.3501636948570805], [-75.445494516, 4.350276215857082], [-75.44663587000002, 4.350157229857059], [-75.44743401199997, 4.349809445857092], [-75.447661073, 4.3492909018571195], [-75.44680282799999, 4.348430738857123], [-75.44605895299998, 4.347627439857163], [-75.44622641799998, 4.346187988857202], [-75.446511198, 4.345841679857199], [-75.44702425499997, 4.345667868857244], [-75.44782300100002, 4.345665323857211], [-75.448451493, 4.345835980857214], [-75.44868164899998, 4.346756021857215], [-75.44891175999999, 4.3473308228571685], [-75.44902653399998, 4.347618223857135], [-75.44936994599999, 4.347962287857176], [-75.449769038, 4.347961014857165], [-75.45028178899997, 4.34761429985714], [-75.451262488, 4.346731661857217], [-75.45084987000001, 4.346404108857196], [-75.451759219, 4.344962208857271], [-75.45551533700001, 4.340461780857389], [-75.45727934400003, 4.3384996548574835], [-75.45915786500001, 4.336364986857561], [-75.46149241, 4.334286005857614], [-75.462800759, 4.332497590857652], [-75.465248729, 4.329957899857755], [-75.46655916200001, 4.329033416857773], [-75.46746815799997, 4.327419179857816], [-75.46820920800002, 4.326956218857848], [-75.46951973199998, 4.32608936685788], [-75.470430921, 4.325395564857894], [-75.47105611799998, 4.324358170857901], [-75.471854012, 4.323895106857937], [-75.47253902699998, 4.323892745857958], [-75.47191844700001, 4.326887409857829], [-75.47146815899998, 4.329420700857763], [-75.47147302899998, 4.33120450385773], [-75.47153126400002, 4.331664901857687], [-75.47403784099998, 4.329814991857769], [-75.477174015, 4.328769678857788], [-75.47865620200002, 4.327901373857829], [-75.48002453599997, 4.327264370857846], [-75.48156387699999, 4.326568858857868], [-75.48253308300002, 4.326220174857867], [-75.485068818, 4.3259014238578715], [-75.48549810700001, 4.325175144857906], [-75.486688964, 4.32194892185799], [-75.488049843, 4.318434225858142], [-75.48964068700002, 4.31572428085818], [-75.491234722, 4.314165294858267], [-75.49322914999999, 4.312720280858307], [-75.49448220199997, 4.311853507858342], [-75.496762504, 4.310695001858357], [-75.498696499, 4.308214393858454], [-75.49869095700001, 4.306085380858521], [-75.49783263400002, 4.305167644858534], [-75.49594866400003, 4.305115700858528], [-75.49418101399999, 4.3055822378585376], [-75.493099803, 4.306851560858468], [-75.49179017400002, 4.308179496858479], [-75.48876992700002, 4.3100879928584135], [-75.48637740100003, 4.311764248858358], [-75.48438213100002, 4.3127487498583275], [-75.48261208600002, 4.312524802858281], [-75.48203861899998, 4.311317801858372], [-75.48226287799997, 4.309878826858375], [-75.48300272, 4.30907062685841], [-75.48453821800001, 4.3068789258585225], [-75.48914740100003, 4.3015129798586536], [-75.491482217, 4.299376332858738], [-75.49163475699999, 4.298753394858765], [-75.48325425500002, 4.305259602858574], [-75.47746395500002, 4.309271012858419], [-75.46805066799999, 4.314381087858254], [-75.46008719000002, 4.319488510858059], [-75.44813983, 4.326057899857893], [-75.43908665700002, 4.330075444857716], [-75.41554654800001, 4.339574129857448], [-75.40467972200003, 4.342867279857326], [-75.39163885699998, 4.346527889857206], [-75.37642928600002, 4.3534653218569535], [-75.372447588, 4.356746503856869], [-75.37063731900002, 4.35747732885685], [-75.36678566699999, 4.361134039856748], [-75.36483587999999, 4.362949435856674], [-75.36022201999998, 4.366300574856583], [-75.35748951599999, 4.36901288085647], [-75.35361554999997, 4.371844042856384], [-75.35013963300003, 4.373695284856313], [-75.348499307, 4.374431444856323], [-75.34768870599999, 4.374795552856294], [-75.34398345, 4.376187755856213], [-75.34056321100002, 4.37769361985619], [-75.33776998100001, 4.378794990856159], [-75.336344886, 4.379316618856143], [-75.33439128999999, 4.380599683856093], [-75.33448166699998, 4.381481036856082], [-75.334430312, 4.3820964758560565], [-75.334295569, 4.382667975856017], [-75.33409488799998, 4.38319494385603], [-75.333845155, 4.383675091855968], [-75.333562691, 4.384106698855953], [-75.33326494599999, 4.384488038855983], [-75.332968806, 4.384817954855968], [-75.332691157, 4.385094725855918], [-75.33244550900002, 4.385317761855931], [-75.33204012200002, 4.385627514855941], [-75.3317184, 4.385804340855901], [-75.33144102799997, 4.3859048108559096], [-75.331168692, 4.385987188855906], [-75.33085586200002, 4.386092801855919], [-75.33045134999998, 4.386248290855922], [-75.33019875500003, 4.386353238855918], [-75.329903973, 4.386480860855894], [-75.32956025700003, 4.386633987855923], [-75.32916198100003, 4.386817153855918], [-75.32870634599999, 4.387037707855858], [-75.32819054800001, 4.387304127855856], [-75.32761178700002, 4.387624896855885], [-75.32696782199997, 4.388008495855845], [-75.326256419, 4.388462836855849], [-75.32547420999998, 4.388997530855795], [-75.32461952099999, 4.389619927855802], [-75.32369404500002, 4.390333980855805], [-75.32271633300002, 4.391123270855773], [-75.32171168299999, 4.391965719855696], [-75.32070201599998, 4.3928409508556765], [-75.31971263000003, 4.393726318855656], [-75.31876657200002, 4.39460144585566], [-75.31788745300003, 4.395443689855586], [-75.317099445, 4.396232668855609], [-75.316418849, 4.396950840855531], [-75.315837219, 4.397597653855518], [-75.31533711100002, 4.398177655855495], [-75.31490276599999, 4.398694265855505], [-75.314517868, 4.399151461855508], [-75.314165533, 4.399553795855496], [-75.31383000599999, 4.399905243855493], [-75.31349383899999, 4.400209793855425], [-75.313145781, 4.400470851855452], [-75.312788651, 4.400692370855428], [-75.31242808600001, 4.400878293855424], [-75.31207141099998, 4.401032568855418], [-75.31172538800001, 4.4011580068554155], [-75.31139677499999, 4.401259118855395], [-75.31109233799998, 4.4013387188554365], [-75.31081827100002, 4.401401317855426], [-75.31057852499998, 4.401450299855433], [-75.31017161199998, 4.401521589855426], [-75.309794517, 4.401579832855437], [-75.309366216, 4.401654546855424], [-75.30910789699999, 4.40170694885542], [-75.30880906499999, 4.401772412855402], [-75.308470844, 4.401849805855376], [-75.30809548000002, 4.401935169855394], [-75.30768634600003, 4.4020262388554], [-75.30724681599997, 4.402119616855371], [-75.306779699, 4.402212472855407], [-75.306287242, 4.402301414855395], [-75.305773381, 4.40238417485539], [-75.30524205400002, 4.402457355855389], [-75.304700578, 4.402522076855392], [-75.30415965700001, 4.402580016855364], [-75.30362829400002, 4.402631723855376], [-75.30311493800002, 4.402678316855352], [-75.30263029000002, 4.402722602855347], [-75.30218279500002, 4.402764569855354], [-75.30178202299999, 4.402805331855387], [-75.30143473599998, 4.402847136855343], [-75.30113586499999, 4.40288942985538], [-75.300878093, 4.402932786855361], [-75.300454882, 4.403023309855341], [-75.300105428, 4.403118799855372], [-75.299768932, 4.403221049855362], [-75.299403751, 4.403338603855348], [-75.29898625599998, 4.40348505785535], [-75.29875051099998, 4.403573585855338], [-75.298493393, 4.403675143855315], [-75.29821096400002, 4.403790868855311], [-75.297903227, 4.403923020855359], [-75.297576376, 4.404072720855304], [-75.29723886, 4.404241649855336], [-75.296899687, 4.4044320548552855], [-75.296566181, 4.404644488855332], [-75.29624791100002, 4.404881195855323], [-75.29595276399999, 4.405143292855273], [-75.29568918500001, 4.405432465855263], [-75.29546393300001, 4.4057486988552865], [-75.295274742, 4.406085218855235], [-75.29511822299997, 4.406434117855244], [-75.29498929699997, 4.4067874928552575], [-75.29488457299999, 4.407137437855231], [-75.29479953399999, 4.40747492185522], [-75.294730791, 4.407793166855231], [-75.29467382500002, 4.408083140855217], [-75.29462525100001, 4.40833919585517], [-75.29453864800001, 4.408756356855185], [-75.294446252, 4.40906898885515], [-75.29432332900001, 4.409303124855166], [-75.29414571400002, 4.409484230855172], [-75.29390948000002, 4.409621918855166], [-75.29363038399998, 4.40971107985517], [-75.29332586700002, 4.409744902855128], [-75.293012245, 4.409717712855163], [-75.29269177200001, 4.4096306368551685], [-75.29235376700001, 4.409492730855148], [-75.29198642, 4.409311925855141], [-75.291579614, 4.409098974855166], [-75.29136324900003, 4.408984043855188], [-75.29114293999999, 4.4088668588551725], [-75.29092375599998, 4.40874910585519], [-75.29050172900003, 4.40852318085521], [-75.290129852, 4.4083254298551795], [-75.289832907, 4.4081631598552065], [-75.28960465300003, 4.408005300855198], [-75.28943094800002, 4.40780949585523], [-75.28929933900002, 4.40753338385519], [-75.28919627300002, 4.407149296855219], [-75.28910997600002, 4.406688333855264], [-75.28907074400001, 4.406442588855244], [-75.28903150999997, 4.406194584855236], [-75.28900946800002, 4.405782115855283], [-75.27936432299998, 4.409976622855114], [-75.270987778, 4.412202018855065], [-75.26295729499998, 4.4158231068549405], [-75.26308704399997, 4.416358600854936], [-75.26246695999998, 4.4180355868548915], [-75.26144724300002, 4.41977309085484], [-75.26082789499998, 4.421565916854763], [-75.26026955700002, 4.424224349854644], [-75.25965435400002, 4.426882872854591], [-75.259320527, 4.428731198854551], [-75.25898486300002, 4.430118424854463], [-75.25830088200001, 4.430526342854459], [-75.25715956900001, 4.430821952854473], [-75.25584461699998, 4.43059908785447], [-75.25481933700001, 4.431297416854435], [-75.25493842100002, 4.432220008854398], [-75.255458153, 4.4333714028544], [-75.25609282800002, 4.4345796908543385], [-75.25644141100003, 4.43573191285428], [-75.25513317100001, 4.436951687854282], [-75.253359392, 4.436384831854261], [-75.25192883599999, 4.436046863854274], [-75.25067727300001, 4.437151267854229], [-75.250571089, 4.438767563854185], [-75.25127055799999, 4.4414760458541025], [-75.251906244, 4.442973090854059], [-75.253285102, 4.444465595853999], [-75.25483097400001, 4.445091002854005], [-75.256490396, 4.445600953853964], [-75.258092036, 4.445879872853994], [-75.260957701, 4.447652015853908], [-75.264969527, 4.450052410853827], [-75.26731860199999, 4.451250645853791], [-75.26869759499999, 4.452800745853714], [-75.26956434099998, 4.453690507853728]]]}, "properties": {"OBJECTID": 275, "UCG_P_": 276, "UCG_P_ID": 509, "COD": "Pzes", "SHAPE.AREA": 0.00519203899425182, "SHAPE.LEN": 0.834451243620111}}, {"type": "Feature", "id": 278, "geometry": {"type": "Polygon", "coordinates": [[[-75.410713912, 4.435326324854316], [-75.40630782699998, 4.442610745854086], [-75.40701928200002, 4.4431700218540575], [-75.40764710100001, 4.443225423854045], [-75.40958934999998, 4.443853163854049], [-75.41141691299998, 4.444251124854008], [-75.413527929, 4.443842259854027], [-75.41512611500002, 4.443780104854005], [-75.41729216300001, 4.4423348418540565], [-75.418603136, 4.441582703854091], [-75.419571921, 4.440888806854147], [-75.42093934299999, 4.439906593854137], [-75.421565837, 4.4392138688542], [-75.42219105700002, 4.438118267854202], [-75.42292938700001, 4.4366772248542485], [-75.42326887500002, 4.435409792854325], [-75.42394962899999, 4.433565411854377], [-75.42514192300001, 4.43097200385446], [-75.42536809500001, 4.429935312854469], [-75.42610600799998, 4.428263732854533], [-75.42678527700002, 4.425901776854592], [-75.42723567899998, 4.423367322854673], [-75.42780412600001, 4.422330023854746], [-75.428831215, 4.422154163854741], [-75.43026019199999, 4.422898042854688], [-75.43219671999998, 4.421280832854792], [-75.43333599200002, 4.420241384854796], [-75.44061685399998, 4.40957114185515], [-75.443913544, 4.403920493855309], [-75.44658231599999, 4.3981568328554905], [-75.449082234, 4.3933721248556585], [-75.450161686, 4.391651340855731], [-75.45266411300003, 4.387662766855858], [-75.46236386700002, 4.372895597856361], [-75.45942714699999, 4.371004625856407], [-75.48031396099998, 4.343919849857308], [-75.47972231, 4.343263225857281], [-75.47777982999997, 4.342348569857353], [-75.475438843, 4.342068594857354], [-75.473385242, 4.342592698857351], [-75.47138967000001, 4.343462494857281], [-75.47047687499997, 4.343580537857326], [-75.47011109800002, 4.343322410857282], [-75.46557582899999, 4.346760892857202], [-75.46136233700003, 4.350744608857064], [-75.45532689200002, 4.356748754856884], [-75.45105536300002, 4.3604449458567185], [-75.44775215599998, 4.3632754578566315], [-75.44501782700002, 4.3653551438565685], [-75.44239688900001, 4.3672622878565335], [-75.43909371699999, 4.370150413856455], [-75.43721486800001, 4.372170371856393], [-75.433880676, 4.3756913908562245], [-75.43460295599999, 4.377645724856165], [-75.43665894399999, 4.385115323855975], [-75.43958057200001, 4.382579882856028], [-75.44288179699998, 4.378886559856165], [-75.44743395900002, 4.373059673856328], [-75.45255658899998, 4.367404099856505], [-75.45136642900002, 4.370803233856405], [-75.450743381, 4.372762204856362], [-75.45063319600001, 4.374431525856316], [-75.44989924599997, 4.377656945856192], [-75.44716927899998, 4.3815786738560885], [-75.44512349500002, 4.385325710855946], [-75.44364529, 4.387574946855883], [-75.44188111199998, 4.389825255855782], [-75.43840912600001, 4.393749429855676], [-75.43727167399999, 4.395479348855633], [-75.43676316400001, 4.397610458855559], [-75.436255061, 4.399971539855482], [-75.43517582999999, 4.402162429855361], [-75.43444054399998, 4.40498498885531], [-75.43427358500003, 4.4067120538552675], [-75.43575500399999, 4.405613800855291], [-75.43575638099998, 4.406074306855242], [-75.437009752, 4.405264630855314], [-75.43758016599998, 4.405033076855282], [-75.43803768200002, 4.405261666855276], [-75.43667503199998, 4.4082588148551975], [-75.43508254400001, 4.410854060855111], [-75.43337052499999, 4.410801171855094], [-75.43137720800001, 4.4127642828550435], [-75.43046263000002, 4.412248894855066], [-75.42812723100002, 4.414327877854986], [-75.42772652299999, 4.413753375854996], [-75.42658664099997, 4.414447573854997], [-75.42675224099997, 4.412259997855082], [-75.42708933900002, 4.409956285855147], [-75.42549509000003, 4.411572871855105], [-75.42640205200001, 4.409037611855189], [-75.42543290399999, 4.409500966855135], [-75.42776185899999, 4.404716579855323], [-75.42849717299998, 4.401894018855393], [-75.42985442700001, 4.396767808855545], [-75.430760561, 4.393772043855666], [-75.43149982, 4.392560980855677], [-75.43354599499997, 4.388986855855794], [-75.43314393100002, 4.387951844855827], [-75.43085496700002, 4.385656735855915], [-75.42954191799998, 4.385487845855919], [-75.42845437800003, 4.384225196855955], [-75.42755838699998, 4.38304752985601], [-75.42560908000002, 4.387628944855881], [-75.42299805800002, 4.39368007485568], [-75.42140856100002, 4.397368091855564], [-75.41987677499998, 4.401228910855396], [-75.41931145699999, 4.403417758855325], [-75.41846112600001, 4.405837646855265], [-75.416223393, 4.410029694855128], [-75.41653456699999, 4.411887018855078], [-75.41694067399999, 4.414591177855008], [-75.41740354299998, 4.4172370348549235], [-75.417354413, 4.420691242854805], [-75.417596328, 4.4263887328546065], [-75.41760691299999, 4.4308209278544535], [-75.41692958800002, 4.433988637854369], [-75.41533477000002, 4.435317615854331], [-75.41305304000002, 4.435957317854306], [-75.41156808599999, 4.435731089854287], [-75.410713912, 4.435326324854316]]]}, "properties": {"OBJECTID": 278, "UCG_P_": 279, "UCG_P_ID": 149, "COD": "Pzev", "SHAPE.AREA": 0.00153467470180527, "SHAPE.LEN": 0.405347736933072}}, {"type": "Feature", "id": 268, "geometry": {"type": "Polygon", "coordinates": [[[-75.29388619500003, 4.457696029853598], [-75.29775590600002, 4.453548387853721], [-75.30825608599997, 4.441362618854128], [-75.318820566, 4.430843635854474], [-75.32520280799997, 4.420591935854781], [-75.32422231200002, 4.421071586854743], [-75.322965189, 4.4200390078548075], [-75.32262047, 4.418889095854827], [-75.323074614, 4.417736748854908], [-75.324895293, 4.415314725854978], [-75.32643278199998, 4.413928929855003], [-75.327800244, 4.412889230855044], [-75.32899815299999, 4.412828499855028], [-75.33213427300001, 4.412014177855064], [-75.33373188600001, 4.411952217855083], [-75.33468524099999, 4.412446208855047], [-75.34161499800001, 4.394009205855675], [-75.34413393199998, 4.3873056718558985], [-75.34078519299999, 4.38953075785578], [-75.33107357799997, 4.397798329855532], [-75.32355065799999, 4.403339780855353], [-75.31513161800001, 4.41113951885511], [-75.29458486599998, 4.427985688854571], [-75.28055382399998, 4.441887359854108], [-75.27057689600002, 4.452771227853755], [-75.26965174899999, 4.453780216853679], [-75.26986942299999, 4.454003644853699], [-75.27196777900002, 4.455436759853647], [-75.273699319, 4.458831261853528], [-75.27422086799999, 4.460386655853516], [-75.27554693299999, 4.462629599853432], [-75.277444092, 4.464985212853319], [-75.27893984500002, 4.466996194853258], [-75.28077681399998, 4.468659106853231], [-75.28156408000001, 4.469468166853199], [-75.28821672700002, 4.463773447853362], [-75.29388619500003, 4.457696029853598]]]}, "properties": {"OBJECTID": 268, "UCG_P_": 269, "UCG_P_ID": 507, "COD": "PEnat", "SHAPE.AREA": 0.0015151437581937001, "SHAPE.LEN": 0.23185324836833301}}, {"type": "Feature", "id": 233, "geometry": {"type": "Polygon", "coordinates": [[[-75.40612324599999, 4.54574454285072], [-75.40618212200002, 4.547498906850627], [-75.40595834800001, 4.549572461850599], [-75.40516291400002, 4.551244733850553], [-75.40413825500002, 4.5525721748505115], [-75.40299898500001, 4.553726917850443], [-75.401917244, 4.554938625850437], [-75.400949034, 4.556035423850389], [-75.39946930500003, 4.557940027850337], [-75.39844483299999, 4.559382169850263], [-75.39685160699997, 4.561747489850209], [-75.39616896199999, 4.562901409850154], [-75.395203138, 4.565034501850081], [-75.394693249, 4.566763331850024], [-75.394240691, 4.568434989849987], [-75.39429935300001, 4.569125938849959], [-75.39447180899998, 4.569528509849936], [-75.395101431, 4.570217870849926], [-75.39550003699998, 4.569871347849914], [-75.39561393299999, 4.5696406038499635], [-75.39669329100002, 4.567392036849997], [-75.39726291599999, 4.566641761850046], [-75.39794479400001, 4.565373137850063], [-75.39891239999997, 4.563930529850113], [-75.399879237, 4.562373217850179], [-75.40061905300001, 4.5613920978502005], [-75.40164393200001, 4.560179925850228], [-75.40249774, 4.559026260850261], [-75.40363670900001, 4.557698613850324], [-75.404490818, 4.556717286850381], [-75.404661578, 4.55648643985038], [-75.40580233899999, 4.555849838850394], [-75.40637349100001, 4.555963514850345], [-75.40740056599998, 4.5556729258503825], [-75.40850891899998, 4.554549875850429], [-75.40865372000002, 4.5542879988504295], [-75.40853772100002, 4.553654791850427], [-75.40830880700003, 4.553482299850445], [-75.40796476999998, 4.552850069850454], [-75.40784753499997, 4.551525814850513], [-75.40830217000001, 4.550718109850537], [-75.40858630000002, 4.5499689118505735], [-75.40886847899998, 4.548758640850625], [-75.40875083399999, 4.547203848850688], [-75.40869206399998, 4.546455833850723], [-75.40828525199998, 4.543462389850788], [-75.40805382600001, 4.5421959738508075], [-75.408050951, 4.541216755850842], [-75.40822026799998, 4.540180156850898], [-75.40838881600001, 4.539027725850902], [-75.40861412999999, 4.5378181228509895], [-75.40912531800001, 4.5368374148509805], [-75.409637481, 4.536087808851006], [-75.40997847699998, 4.53533794485103], [-75.410205276, 4.534646486851047], [-75.41031639200003, 4.533494724851138], [-75.410198138, 4.53159468985119], [-75.41047970099999, 4.530039178851252], [-75.412418963, 4.529170041851226], [-75.41304624000003, 4.5288807398512345], [-75.41378611599998, 4.52795725485128], [-75.413841026, 4.526862664851334], [-75.41326810200002, 4.526058506851368], [-75.41212507900002, 4.525715884851373], [-75.41143806600002, 4.525026634851405], [-75.41074941099998, 4.523416362851461], [-75.41023294799999, 4.522380996851498], [-75.41000333099998, 4.521806190851483], [-75.40919449900002, 4.517834804851629], [-75.409186825, 4.51478357185171], [-75.40906439899999, 4.511156195851841], [-75.40837301200003, 4.508624330851945], [-75.40733681299997, 4.504999711852013], [-75.40699082200001, 4.503561720852068], [-75.40670179900002, 4.502180131852103], [-75.406462213, 4.497229619852273], [-75.40668824900001, 4.496422895852329], [-75.40691464399998, 4.495500901852354], [-75.40787743800001, 4.492331538852467], [-75.40815779600001, 4.490085545852509], [-75.40786776800002, 4.488128740852617], [-75.40694754499998, 4.485425495852684], [-75.40625886100003, 4.4837575698527505], [-75.40556713299998, 4.480996280852809], [-75.40459083500002, 4.478407830852935], [-75.40372984499999, 4.476395522852975], [-75.40258174899998, 4.473750301853042], [-75.40172127699998, 4.472025595853098], [-75.40103312899998, 4.470645829853178], [-75.40011590400002, 4.4689788558531856], [-75.39916121099998, 4.466485843853271], [-75.39879472000001, 4.465528729853341], [-75.39732654699998, 4.464631181853355], [-75.39645128000001, 4.464095918853359], [-75.39479185200003, 4.46231609085342], [-75.39358931700002, 4.460707799853502], [-75.39170248800002, 4.459273602853511], [-75.39073129299999, 4.458931178853532], [-75.38964365599998, 4.4576673598536], [-75.389183527, 4.455941928853639], [-75.38809589800002, 4.454678667853666], [-75.38700913399998, 4.453587743853714], [-75.38626390799999, 4.452380954853779], [-75.38597507399999, 4.452042424853768], [-75.38495237400002, 4.452845438853727], [-75.38312359899999, 4.451756921853784], [-75.381921207, 4.450206233853832], [-75.38077634199999, 4.448712512853845], [-75.37957278200003, 4.44647132485395], [-75.37785414199999, 4.443597591854043], [-75.37732262899999, 4.442904618854051], [-75.37670930000002, 4.4421044258541045], [-75.37408120100002, 4.440730196854125], [-75.372823821, 4.43992827385417], [-75.37213605900001, 4.43872136085418], [-75.371733925, 4.437628665854256], [-75.37207302000002, 4.436073619854286], [-75.37212648899998, 4.434404355854357], [-75.37195273499998, 4.433196563854387], [-75.370805706, 4.430724705854436], [-75.37040068499999, 4.42825101785456], [-75.37056883600002, 4.426811533854609], [-75.37125041500002, 4.42537061185463], [-75.37250313599998, 4.424101060854664], [-75.37598077799998, 4.422536708854708], [-75.377353874, 4.424202403854704], [-75.37890149499998, 4.427190586854555], [-75.38124536499998, 4.428968181854517], [-75.38433367699997, 4.431837295854449], [-75.384606093, 4.432129522854427], [-75.38765232700001, 4.435396483854322], [-75.38994152800001, 4.438095164854207], [-75.39165853100002, 4.44033544085415], [-75.39250915999997, 4.441295680854096], [-75.393490095, 4.442402604854062], [-75.39572082199999, 4.444468500854024], [-75.39749568299999, 4.44693862685394], [-75.39966997300002, 4.449235140853825], [-75.40218446799997, 4.4503218448538355], [-75.40401235000002, 4.450892160853814], [-75.404867379, 4.4511308038537925], [-75.405440215, 4.4512908348537925], [-75.407665947, 4.451111752853814], [-75.40892195999999, 4.451108409853809], [-75.41040440699999, 4.4505283168538305], [-75.410974565, 4.450123865853844], [-75.41222732699998, 4.448911325853834], [-75.41467973599998, 4.4479837038539225], [-75.418159973, 4.447282530853902], [-75.41941597499999, 4.447279171853901], [-75.42010111799999, 4.447277389853927], [-75.420692842, 4.446976863853951], [-75.421640099, 4.4465242748539415], [-75.42352239000002, 4.445712912853994], [-75.42510492399998, 4.445398187853996], [-75.42557653199998, 4.445304115853971], [-75.42780181400002, 4.444895006854012], [-75.42905703999998, 4.4447763658539845], [-75.43036886800002, 4.444196545854023], [-75.43219381699998, 4.443442901854059], [-75.43367678200002, 4.442863336854069], [-75.43458981700002, 4.442802934854035], [-75.43618736799999, 4.442395496854087], [-75.43738582499998, 4.442334011854084], [-75.438640883, 4.441812481854083], [-75.43932442300002, 4.441234910854099], [-75.43972274200001, 4.440773121854129], [-75.44040586900002, 4.439965014854137], [-75.44080398300002, 4.4393885208541874], [-75.44200119599998, 4.438636555854204], [-75.44302732199998, 4.438230702854204], [-75.44314098500001, 4.437884692854227], [-75.443195941, 4.4371364828542665], [-75.44245184800002, 4.436275009854249], [-75.44079406600002, 4.435416310854289], [-75.440566375, 4.435589622854297], [-75.43845634399997, 4.436516693854249], [-75.436972884, 4.436809224854245], [-75.43554627999998, 4.437101084854242], [-75.43429199399998, 4.437737875854258], [-75.43280990900001, 4.438490340854181], [-75.430700263, 4.4396479308541945], [-75.42967345900001, 4.4399961358541455], [-75.42927324099998, 4.439709809854173], [-75.42898602700001, 4.439019841854182], [-75.42886863199999, 4.437580887854246], [-75.429149564, 4.435680713854299], [-75.42942850700001, 4.43297422885441], [-75.42942483299998, 4.431535072854454], [-75.42998960599999, 4.429058050854542], [-75.43003570799999, 4.424568141854657], [-75.43026019199999, 4.422898042854688], [-75.428831215, 4.422154163854741], [-75.42780412600001, 4.422330023854746], [-75.42723567899998, 4.423367322854673], [-75.42678527700002, 4.425901776854592], [-75.42610600799998, 4.428263732854533], [-75.42536809500001, 4.429935312854469], [-75.42514192300001, 4.43097200385446], [-75.42394962899999, 4.433565411854377], [-75.42326887500002, 4.435409792854325], [-75.42292938700001, 4.4366772248542485], [-75.42219105700002, 4.438118267854202], [-75.421565837, 4.4392138688542], [-75.42093934299999, 4.439906593854137], [-75.419571921, 4.440888806854147], [-75.418603136, 4.441582703854091], [-75.41729216300001, 4.4423348418540565], [-75.41512611500002, 4.443780104854005], [-75.413527929, 4.443842259854027], [-75.41141691299998, 4.444251124854008], [-75.40958934999998, 4.443853163854049], [-75.40764710100001, 4.443225423854045], [-75.40701928200002, 4.4431700218540575], [-75.40630782699998, 4.442610745854086], [-75.40490352400002, 4.441506846854134], [-75.40364526000002, 4.440531519854117], [-75.40130251, 4.439444510854148], [-75.39975998800003, 4.4388160468541855], [-75.39833009099999, 4.437553394854245], [-75.39741479100002, 4.436635089854244], [-75.39644303199998, 4.435947420854264], [-75.39467125599998, 4.434915895854325], [-75.39329754200003, 4.433250816854364], [-75.39020989099998, 4.430784632854431], [-75.38871826100001, 4.429288693854487], [-75.38815036900002, 4.428718407854534], [-75.38734723699997, 4.426878852854588], [-75.38643107799999, 4.425442375854605], [-75.38596252999997, 4.424362801854681], [-75.385626801, 4.4232575718547125], [-75.385737769, 4.421645851854735], [-75.38619114300002, 4.420435860854783], [-75.38704537299998, 4.419569860854838], [-75.38790009299998, 4.4189920348548135], [-75.38915421799999, 4.4182400518548475], [-75.39006872499999, 4.417401068854886], [-75.39052021499998, 4.416739745854933], [-75.39200134599997, 4.415411579854972], [-75.39296878800002, 4.414257769854996], [-75.39307967399998, 4.4129336648550614], [-75.39159503000002, 4.412535039855072], [-75.38834488999998, 4.4137532378550395], [-75.38693937900001, 4.414202046854999], [-75.38252815200002, 4.415611512854945], [-75.371980845, 4.420188375854803], [-75.37005889300002, 4.4192022298548315], [-75.365067807, 4.416640241854945], [-75.359869457, 4.414007361855008], [-75.356101508, 4.4133277088550065], [-75.355683607, 4.413220482855004], [-75.35410324499998, 4.412815156855054], [-75.35153508100001, 4.4125346598550585], [-75.35102165699999, 4.412536083855059], [-75.34816854500002, 4.412544230855073], [-75.345601138, 4.412724237855053], [-75.34321356599997, 4.413397800854996], [-75.34292095799998, 4.413480220855005], [-75.34052581499998, 4.414004612854976], [-75.33858582099998, 4.414010082854994], [-75.33664497900003, 4.413497386855024], [-75.33538842600001, 4.412810646855057], [-75.33468524099999, 4.412446208855047], [-75.33373188600001, 4.411952217855083], [-75.33213427300001, 4.412014177855064], [-75.32899815299999, 4.412828499855028], [-75.327800244, 4.412889230855044], [-75.32643278199998, 4.413928929855003], [-75.324895293, 4.415314725854978], [-75.323074614, 4.417736748854908], [-75.32262047, 4.418889095854827], [-75.322965189, 4.4200390078548075], [-75.32422231200002, 4.421071586854743], [-75.32520280799997, 4.420591935854781], [-75.325761403, 4.42031865885477], [-75.32747116600001, 4.4192783968548515], [-75.32912415700002, 4.418640550854859], [-75.33091762700002, 4.418532500854871], [-75.33311705199998, 4.4181112988548445], [-75.33532263400002, 4.418357983854869], [-75.335628386, 4.418391947854879], [-75.33825287299999, 4.418327148854853], [-75.34156145700001, 4.417972458854872], [-75.34412813300003, 4.417677754854886], [-75.34698089, 4.417439637854905], [-75.34994755100001, 4.417316026854921], [-75.35302981799998, 4.4176527338548865], [-75.356055991, 4.418449479854847], [-75.359197413, 4.419821812854814], [-75.3614839, 4.4216572228547655], [-75.36274699699999, 4.4252222988546155], [-75.36372679300001, 4.429708325854519], [-75.36419422, 4.4344845278543215], [-75.36334744499999, 4.438803564854193], [-75.36050057800003, 4.441574345854085], [-75.35610954100002, 4.443083130854038], [-75.35188905199999, 4.444245790854039], [-75.34989270400001, 4.444596660853997], [-75.348239321, 4.445349836853961], [-75.34533264999999, 4.447084361853926], [-75.343566582, 4.448470587853903], [-75.346766237, 4.450246296853797], [-75.34870431399997, 4.449377369853831], [-75.35092925200001, 4.449026114853846], [-75.35224311600001, 4.449598003853835], [-75.35253239299999, 4.45155431585378], [-75.35190915099997, 4.4535703688536925], [-75.35151353700002, 4.4553560598536395], [-75.35174760199999, 4.456615182853607], [-75.35180214299999, 4.456908920853586], [-75.35254599299998, 4.457655238853599], [-75.35454276000002, 4.457534895853614], [-75.35556419699998, 4.456285518853635], [-75.35619346200002, 4.455515408853635], [-75.357729871, 4.45349667785374], [-75.36006601100001, 4.451648367853784], [-75.36228719399998, 4.449742610853815], [-75.36565376200002, 4.449330606853834], [-75.36645515700002, 4.4504796978538], [-75.367806282, 4.452105882853768], [-75.36965677799998, 4.453060489853715], [-75.37056513599998, 4.45320584985374], [-75.371426751, 4.4533433778537175], [-75.37262759100003, 4.4543188648536916], [-75.374174804, 4.457019995853587], [-75.37406517800002, 4.459092803853558], [-75.373842416, 4.461511055853463], [-75.37453333299999, 4.464214216853374], [-75.37522017700002, 4.465191142853362], [-75.37659140699998, 4.465705237853317], [-75.37812960399998, 4.46443460285333], [-75.37898407900002, 4.463683866853369], [-75.383376, 4.462347827853444], [-75.38463118499999, 4.4621716158534115], [-75.38583115900002, 4.462628921853441], [-75.38611924600002, 4.463837066853364], [-75.38738334499999, 4.467517874853259], [-75.38881977300002, 4.471543621853144], [-75.39071331899999, 4.475855608852989], [-75.39195640000003, 4.4790719608528695], [-75.39209156700002, 4.479421490852853], [-75.39364767299998, 4.482945803852755], [-75.395593142, 4.48793233685261], [-75.39645788000001, 4.4914420298524504], [-75.396977978, 4.494261270852418], [-75.39761197500002, 4.496850900852319], [-75.397616331, 4.4986929518522425], [-75.39744745399997, 4.499672480852212], [-75.39722272, 4.501227325852153], [-75.39738137500001, 4.502443031852091], [-75.39745556600002, 4.50301190285212], [-75.39951497200002, 4.5048486198520585], [-75.40123297999997, 4.50720464885198], [-75.40295696099997, 4.51197906085179], [-75.40314371699998, 4.514111781851728], [-75.40330922499999, 4.516008349851677], [-75.40269919500003, 4.523495747851455], [-75.40327440599998, 4.525279140851376], [-75.40345914699998, 4.526267077851332], [-75.40453136600001, 4.525736278851357], [-75.40704247299999, 4.525384282851367], [-75.40756072699998, 4.5271101348513065], [-75.407793728, 4.5289523318512765], [-75.407341814, 4.530968661851215], [-75.40688861899997, 4.532582115851154], [-75.40632168799999, 4.53419633885109], [-75.40569911699998, 4.536501149851007], [-75.40553328099998, 4.538862774850916], [-75.40559614699998, 4.541281060850862], [-75.40560107200002, 4.543411840850806], [-75.40612324599999, 4.54574454285072]]]}, "properties": {"OBJECTID": 233, "UCG_P_": 234, "UCG_P_ID": 489, "COD": "NgQac", "SHAPE.AREA": 0.0023385034115646903, "SHAPE.LEN": 0.72052542311457}}, {"type": "Feature", "id": 288, "geometry": {"type": "Polygon", "coordinates": [[[-75.39307967399998, 4.4129336648550614], [-75.39871523199997, 4.4065863168552495], [-75.40229839599999, 4.401338145855414], [-75.405485333, 4.397472766855554], [-75.40547984400001, 4.39494079485565], [-75.40526034700002, 4.393662470855698], [-75.40507440300001, 4.392581855855693], [-75.40438702900002, 4.391260268855732], [-75.40267232999997, 4.390287399855751], [-75.400439361, 4.387128676855896], [-75.39935369800003, 4.386613528855886], [-75.39781389900003, 4.386848418855874], [-75.39661619499998, 4.387312126855845], [-75.39513508900001, 4.388295037855866], [-75.39405572700002, 4.390485335855751], [-75.39217521799998, 4.391641835855751], [-75.39057925600002, 4.392624937855676], [-75.38938471799997, 4.394297278855649], [-75.38813079699997, 4.3948187118556445], [-75.38716211500002, 4.395569628855623], [-75.386308101, 4.396550891855566], [-75.38568176000001, 4.397013045855537], [-75.38448488300003, 4.39764964685551], [-75.383536795, 4.397933791855529], [-75.382886676, 4.397654069855523], [-75.38248532799997, 4.396677212855541], [-75.38259758100003, 4.395813619855609], [-75.382751622, 4.395026236855645], [-75.38030648699998, 4.397210381855578], [-75.38000239000002, 4.39748212485555], [-75.37952304800001, 4.3989876808554875], [-75.378441023, 4.39996932585548], [-75.37690696599998, 4.40296615985537], [-75.37633766800002, 4.403543483855355], [-75.37428835700001, 4.405793624855276], [-75.37411683200003, 4.405563937855276], [-75.37189782399997, 4.408678334855171], [-75.37177929900002, 4.406491769855251], [-75.37251648699998, 4.4046478738552866], [-75.372397869, 4.402403673855405], [-75.37336524, 4.401192249855428], [-75.37535692900002, 4.398826940855478], [-75.37541223599999, 4.397905806855501], [-75.37546727199998, 4.397157580855539], [-75.37570526100001, 4.394400273855663], [-75.37449231300002, 4.3948583298556], [-75.37226814000002, 4.395555417855621], [-75.37089991900001, 4.396077582855612], [-75.369304279, 4.396945378855547], [-75.36822272, 4.398214625855539], [-75.36760086200002, 4.400691187855431], [-75.36709281399999, 4.403224630855353], [-75.36658343200003, 4.405298117855307], [-75.36612859399997, 4.405989950855244], [-75.36504452999998, 4.406108180855239], [-75.36373046099999, 4.405363953855278], [-75.36298503799998, 4.403639522855319], [-75.36286711999998, 4.401798197855397], [-75.362690165, 4.399324107855451], [-75.36179509099998, 4.397650213855548], [-75.35978683100001, 4.4022672828554015], [-75.35950170000001, 4.402440668855361], [-75.35904800499998, 4.403823563855327], [-75.358077933, 4.403768684855322], [-75.35745490099998, 4.405899434855243], [-75.35705871800002, 4.40733930385522], [-75.35671882000003, 4.408433827855183], [-75.35575446000001, 4.411141511855066], [-75.355683607, 4.413220482855004], [-75.356101508, 4.4133277088550065], [-75.359869457, 4.414007361855008], [-75.365067807, 4.416640241854945], [-75.37005889300002, 4.4192022298548315], [-75.371980845, 4.420188375854803], [-75.38252815200002, 4.415611512854945], [-75.38693937900001, 4.414202046854999], [-75.38834488999998, 4.4137532378550395], [-75.39159503000002, 4.412535039855072], [-75.39307967399998, 4.4129336648550614]]]}, "properties": {"OBJECTID": 288, "UCG_P_": 289, "UCG_P_ID": 156, "COD": "Pzev", "SHAPE.AREA": 0.000826153850222033, "SHAPE.LEN": 0.17597669810695699}}, {"type": "Feature", "id": 285, "geometry": {"type": "Polygon", "coordinates": [[[-75.38871826100001, 4.429288693854487], [-75.392195593, 4.425598548854598], [-75.39344816900001, 4.424271336854661], [-75.39544028199998, 4.421848339854747], [-75.397774067, 4.419078372854831], [-75.398854922, 4.417751454854854], [-75.397885142, 4.417869538854853], [-75.39981980499999, 4.415446637854947], [-75.39827928800003, 4.41562391185495], [-75.40180532400001, 4.410202922855115], [-75.40505947000003, 4.407099104855212], [-75.40510597000002, 4.405992093855263], [-75.40510196299999, 4.4043229488553255], [-75.40492837599999, 4.403229881855357], [-75.40577700099999, 4.400119510855468], [-75.40548923799997, 4.399084277855464], [-75.405485333, 4.397472766855554], [-75.40229839599999, 4.401338145855414], [-75.39871523199997, 4.4065863168552495], [-75.39307967399998, 4.4129336648550614], [-75.39296878800002, 4.414257769854996], [-75.39200134599997, 4.415411579854972], [-75.39052021499998, 4.416739745854933], [-75.39006872499999, 4.417401068854886], [-75.38915421799999, 4.4182400518548475], [-75.38790009299998, 4.4189920348548135], [-75.38704537299998, 4.419569860854838], [-75.38619114300002, 4.420435860854783], [-75.385737769, 4.421645851854735], [-75.385626801, 4.4232575718547125], [-75.38596252999997, 4.424362801854681], [-75.38643107799999, 4.425442375854605], [-75.38734723699997, 4.426878852854588], [-75.38815036900002, 4.428718407854534], [-75.38871826100001, 4.429288693854487]]]}, "properties": {"OBJECTID": 285, "UCG_P_": 286, "UCG_P_ID": 154, "COD": "Pzes", "SHAPE.AREA": 0.00018864321636364402, "SHAPE.LEN": 0.0819357653849233}}, {"type": "Feature", "id": 308, "geometry": {"type": "Polygon", "coordinates": [[[-75.196861754, 4.382857502856047], [-75.19675985499998, 4.3824666068560525], [-75.19692710300001, 4.381715355856025], [-75.19862787099999, 4.378993098856152], [-75.199534089, 4.377314589856224], [-75.20032537600002, 4.375578607856268], [-75.20122923299999, 4.373437857856313], [-75.201335637, 4.371879180856376], [-75.20064028000002, 4.369863379856465], [-75.20063296699999, 4.368304866856502], [-75.20073766600001, 4.366342151856573], [-75.198889941, 4.36237110285667], [-75.19824480800003, 4.358854902856808], [-75.19823296999999, 4.356488877856874], [-75.19770691299999, 4.353952373856976], [-75.19696040899998, 4.353148756856968], [-75.196275464, 4.353268413856993], [-75.194904398, 4.35347438685698], [-75.19439564700002, 4.354375876856943], [-75.19303773299998, 4.357095927856839], [-75.19267516600001, 4.35787006085686], [-75.19306725400003, 4.361607024856719], [-75.19224064100001, 4.366208073856545], [-75.192455515, 4.370808188856413], [-75.19183570400003, 4.374362952856294], [-75.19204853100001, 4.377917648856161], [-75.19051372400003, 4.382542326856039], [-75.190533786, 4.382791502856045], [-75.19071343799999, 4.384406845855961], [-75.191057994, 4.384808693855964], [-75.19175664900001, 4.385983644855927], [-75.19374274, 4.384735305855942], [-75.19493594199997, 4.383342884855994], [-75.196861754, 4.382857502856047]]]}, "properties": {"OBJECTID": 308, "UCG_P_": 309, "UCG_P_ID": 169, "COD": "PEnat", "SHAPE.AREA": 0.000213047781934345, "SHAPE.LEN": 0.07377799358364791}}, {"type": "Feature", "id": 287, "geometry": {"type": "Polygon", "coordinates": [[[-75.18723219700001, 4.414417779854997], [-75.18766295500001, 4.4152421918549605], [-75.18858920399998, 4.417661142854861], [-75.19598451299998, 4.4228695568547245], [-75.19935667300001, 4.423081041854686], [-75.20284565399999, 4.4238687328546895], [-75.20541688499998, 4.4238536378547115], [-75.20730082799997, 4.423554180854677], [-75.20866846500002, 4.422853705854729], [-75.21363608799999, 4.422247338854753], [-75.215410389, 4.422814305854739], [-75.217868393, 4.423145735854682], [-75.219693818, 4.422500503854751], [-75.22163771599998, 4.422777876854698], [-75.22438154700001, 4.4229924478547105], [-75.22632553199998, 4.423327446854719], [-75.22792565700001, 4.423375894854689], [-75.23026499600002, 4.422669399854736], [-75.23174680099999, 4.421910511854751], [-75.233627592, 4.421033479854774], [-75.235631205, 4.421714195854737], [-75.23751840699998, 4.422107452854767], [-75.23899781400002, 4.420886883854804], [-75.240242782, 4.418397492854846], [-75.241436916, 4.417294327854923], [-75.24257822200002, 4.416998744854905], [-75.24417988800002, 4.4173359148549185], [-75.24590005800002, 4.418595115854857], [-75.25063402400002, 4.416951383854926], [-75.25086002799998, 4.416372957854941], [-75.25171284599998, 4.415559626854945], [-75.253373764, 4.416357790854922], [-75.254573489, 4.416350857854911], [-75.25537092000002, 4.415769291854939], [-75.255884009, 4.415535122854937], [-75.258849081, 4.414305451855002], [-75.260788977, 4.413832304855032], [-75.26204777599997, 4.414171096855008], [-75.26273745999998, 4.414917625854953], [-75.26295729499998, 4.4158231068549405], [-75.270987778, 4.412202018855065], [-75.27936432299998, 4.409976622855114], [-75.28900946800002, 4.405782115855283], [-75.28890485900001, 4.405490136855301], [-75.28883608199999, 4.405072091855306], [-75.28884389199999, 4.404668051855283], [-75.288989044, 4.404249102855303], [-75.28913168700001, 4.404025107855312], [-75.289328356, 4.403788030855316], [-75.28957005199999, 4.403543537855358], [-75.28984439800001, 4.403298424855352], [-75.29014014799998, 4.403060625855369], [-75.29044492700001, 4.40283637485536], [-75.290746362, 4.4026330348553815], [-75.29103264000003, 4.402457973855394], [-75.291291951, 4.402317990855398], [-75.29172010299999, 4.402146094855367], [-75.292125274, 4.402038652855369], [-75.292361062, 4.401976120855413], [-75.29264072500001, 4.401890916855404], [-75.29298169399999, 4.401769449855423], [-75.29339971399997, 4.4015986988553815], [-75.29390602799998, 4.401369604855427], [-75.29448545000002, 4.401090668855413], [-75.295117167, 4.400773789855449], [-75.29577980800002, 4.400431997855431], [-75.29645312399998, 4.400077757855465], [-75.29711517999999, 4.39972296785546], [-75.297745728, 4.39938122585548], [-75.298323396, 4.399063299855517], [-75.298834124, 4.398779949855504], [-75.29929197799999, 4.39852550285548], [-75.29971777600002, 4.398292013855506], [-75.300132899, 4.398072103855516], [-75.30055759999999, 4.39785783085554], [-75.30101269800002, 4.397640681855512], [-75.30151956999998, 4.397412712855537], [-75.30209959899997, 4.397166546855535], [-75.30276515899999, 4.396895942855565], [-75.30350387499999, 4.3966060118555745], [-75.30429267199997, 4.396303565855555], [-75.305111861, 4.395994856855595], [-75.30593949299998, 4.39568669785562], [-75.306754189, 4.395386469855619], [-75.307534567, 4.3951009878556455], [-75.30825980700001, 4.394836501855605], [-75.30891359100002, 4.394598687855608], [-75.30949873399999, 4.394385847855652], [-75.310022549, 4.394194576855658], [-75.310492909, 4.394021473855658], [-75.31091825800002, 4.393863701855635], [-75.31130646899999, 4.393717853855653], [-75.31166429299998, 4.393579965855673], [-75.31200016999998, 4.393447764855693], [-75.31232084999999, 4.393317282855665], [-75.31262858399998, 4.393187951855688], [-75.31292618200001, 4.393057506855667], [-75.31321477099999, 4.392925380855685], [-75.313496036, 4.392790440855682], [-75.31377222499998, 4.392650424855696], [-75.31404446699997, 4.392505327855731], [-75.314315008, 4.392353453855699], [-75.31458722299999, 4.39219196885572], [-75.31487123300002, 4.392013513855701], [-75.31517884200002, 4.391807897855751], [-75.315521864, 4.391567756855755], [-75.31591153800002, 4.391282332855736], [-75.31636023700003, 4.3909431338557505], [-75.316879202, 4.390540531855757], [-75.31748080800003, 4.390066032855765], [-75.318171237, 4.389515106855821], [-75.31893362199997, 4.388900775855839], [-75.31974660100002, 4.388242850855817], [-75.32058881, 4.387558322855873], [-75.32143776200002, 4.386866999855882], [-75.32227209500002, 4.386187568855927], [-75.32306988099998, 4.385537014855945], [-75.32380975900003, 4.384935147855962], [-75.324475425, 4.384394994855946], [-75.32522090999998, 4.383779556856014], [-75.32542457800002, 4.383355991856021], [-75.32612377800001, 4.3830152508560305], [-75.32660046299998, 4.382583330856001], [-75.32706249199998, 4.382138437856069], [-75.327523348, 4.381665294856061], [-75.32799595199998, 4.381147490856052], [-75.328489865, 4.3805776668561025], [-75.32900230799999, 4.3799795588561], [-75.32952770600002, 4.379385949856161], [-75.33005935599999, 4.378829623856142], [-75.33059224099998, 4.378341669856162], [-75.331120225, 4.377956000856149], [-75.33163603899999, 4.377704271856202], [-75.33213523500001, 4.377618697856181], [-75.33261052799998, 4.377721328856181], [-75.33305344299998, 4.377992967856176], [-75.33345323700001, 4.378403116856171], [-75.33380141499998, 4.378921842856147], [-75.33408779799998, 4.379519212856111], [-75.33430332799998, 4.380164728856107], [-75.33439128999999, 4.380599683856093], [-75.336344886, 4.379316618856143], [-75.33776998100001, 4.378794990856159], [-75.34056321100002, 4.37769361985619], [-75.34398345, 4.376187755856213], [-75.34768870599999, 4.374795552856294], [-75.348499307, 4.374431444856323], [-75.35013963300003, 4.373695284856313], [-75.35361554999997, 4.371844042856384], [-75.35748951599999, 4.36901288085647], [-75.36022201999998, 4.366300574856583], [-75.36483587999999, 4.362949435856674], [-75.36678566699999, 4.361134039856748], [-75.37063731900002, 4.35747732885685], [-75.372447588, 4.356746503856869], [-75.37642928600002, 4.3534653218569535], [-75.39163885699998, 4.346527889857206], [-75.40467972200003, 4.342867279857326], [-75.41554654800001, 4.339574129857448], [-75.43908665700002, 4.330075444857716], [-75.44813983, 4.326057899857893], [-75.46008719000002, 4.319488510858059], [-75.46805066799999, 4.314381087858254], [-75.47746395500002, 4.309271012858419], [-75.48325425500002, 4.305259602858574], [-75.49163475699999, 4.298753394858765], [-75.49176438699999, 4.298224292858753], [-75.49136393999999, 4.297765648858777], [-75.49164688000002, 4.29672887285883], [-75.491131096, 4.295982271858854], [-75.490898254, 4.294199459858928], [-75.49112368300001, 4.293105719858973], [-75.49049302499998, 4.292014091858971], [-75.48992091500003, 4.291555755858977], [-75.48918227399997, 4.292709184858934], [-75.48878584099998, 4.2938614308589065], [-75.48724898400002, 4.295592631858889], [-75.48650853700002, 4.296055031858877], [-75.48559524199999, 4.296173074858853], [-75.48348492399998, 4.296697832858822], [-75.48263011300003, 4.297103365858803], [-75.48217456600003, 4.297622885858794], [-75.48177791500001, 4.298659865858743], [-75.47938150200002, 4.298782826858784], [-75.47875356399999, 4.298899783858775], [-75.47761465899998, 4.299708693858731], [-75.47367724899999, 4.299894291858696], [-75.47185247200002, 4.300533215858725], [-75.470083929, 4.300826232858705], [-75.46740452, 4.301985937858628], [-75.46421355400003, 4.303837583858598], [-75.462902644, 4.304474446858592], [-75.46131123499998, 4.307241429858463], [-75.45971444000003, 4.307591757858469], [-75.45891446799999, 4.307191433858489], [-75.457885772, 4.306676811858481], [-75.45674793799998, 4.30811910485846], [-75.45583862199999, 4.309560429858383], [-75.45578465599999, 4.310883842858364], [-75.45430529700002, 4.312730176858298], [-75.45327943299998, 4.3131936268582605], [-75.45213930599999, 4.313657839858293], [-75.45128475199999, 4.314235686858263], [-75.45037435400002, 4.3153894068582215], [-75.449063007, 4.315796286858216], [-75.447863488, 4.315454854858202], [-75.446951878, 4.315918095858218], [-75.44540973099998, 4.315347291858232], [-75.44455233999997, 4.31494761885824], [-75.44369884000002, 4.31581306285821], [-75.44256010100003, 4.317082446858178], [-75.44159006899997, 4.316970573858145], [-75.43993119700002, 4.315307171858236], [-75.436968245, 4.317273045858182], [-75.43480396299998, 4.3188905838580745], [-75.43446223299998, 4.319179350858096], [-75.43360911299999, 4.320275326858045], [-75.43178578599998, 4.321489390858019], [-75.43150070399997, 4.321662789858022], [-75.42967677600001, 4.3225316098579825], [-75.42700020199999, 4.3247840058579285], [-75.42295450699999, 4.327271002857853], [-75.41999317300002, 4.329582078857733], [-75.41856994099999, 4.3310824748577215], [-75.41828640099999, 4.331831086857689], [-75.41777383499999, 4.3322930488576485], [-75.41572102800001, 4.332989903857632], [-75.410421826, 4.336228273857544], [-75.40922437699999, 4.336462000857502], [-75.40808204199999, 4.336005706857568], [-75.40830844700002, 4.335084290857558], [-75.40864924099998, 4.3345649908575705], [-75.411438148, 4.331449611857666], [-75.41217760900003, 4.3303538428577415], [-75.412687484, 4.328971425857784], [-75.41308490300003, 4.327992079857806], [-75.41387898099998, 4.325918121857892], [-75.41524256999998, 4.323439739857979], [-75.416894555, 4.322398904857986], [-75.41774895700001, 4.321705816858018], [-75.419058012, 4.320263256858078], [-75.41991191800003, 4.319282560858116], [-75.42070949100003, 4.318934811858111], [-75.42139441699999, 4.318875429858093], [-75.42276274800003, 4.318525563858143], [-75.42390271699998, 4.317946681858152], [-75.42583847100002, 4.315984321858217], [-75.42703343400001, 4.314657221858237], [-75.428399012, 4.313042219858293], [-75.430563399, 4.311481770858337], [-75.43192876699999, 4.309751496858378], [-75.433637411, 4.308307668858439], [-75.43575038799997, 4.308934013858416], [-75.43757497399997, 4.308467500858442], [-75.438654746, 4.306623015858504], [-75.43887779699998, 4.304435914858575], [-75.43978840900002, 4.303397475858598], [-75.44155672800002, 4.303276859858594], [-75.44264206499997, 4.303676142858616], [-75.444125772, 4.303671287858575], [-75.44646373, 4.302916253858643], [-75.44868348699998, 4.3005499288587], [-75.44867829200001, 4.298536136858748], [-75.450158155, 4.296977986858805], [-75.45266668800002, 4.295934472858839], [-75.45528920999999, 4.295062524858875], [-75.45819578099997, 4.293442521858954], [-75.46013385600003, 4.292572898858949], [-75.461499118, 4.290842603858992], [-75.46366503399997, 4.289914937859029], [-75.46463568899998, 4.290084424859015], [-75.46657206700002, 4.28858251785909], [-75.468109685, 4.287254217859119], [-75.469819572, 4.286270280859153], [-75.472269343, 4.284823956859229], [-75.47358168800002, 4.284704658859218], [-75.47529354900001, 4.28452644785923], [-75.47580624900002, 4.284179733859255], [-75.476375491, 4.283660017859229], [-75.478772934, 4.283824680859249], [-75.48008420000002, 4.2834177738592425], [-75.48156692600003, 4.282895289859278], [-75.48185218200001, 4.282836579859261], [-75.48264696199999, 4.281280189859345], [-75.48287220100002, 4.280071747859383], [-75.48252421900003, 4.2777709958594565], [-75.48160644799998, 4.275990526859477], [-75.48023033800001, 4.273463900859599], [-75.47868232299999, 4.270477073859667], [-75.47701752299997, 4.266685272859817], [-75.475351934, 4.262433528859965], [-75.47386081600001, 4.259446575860056], [-75.471799879, 4.256634654860163], [-75.46905617499999, 4.254745497860173], [-75.467456255, 4.253887765860216], [-75.46682840800003, 4.253717100860237], [-75.46551424299997, 4.253088830860266], [-75.46431353100002, 4.2519998528602585], [-75.46214221999998, 4.250741367860307], [-75.46065636499998, 4.2497681498603805], [-75.45951124700002, 4.248276191860399], [-75.45933573500002, 4.246378536860466], [-75.459675371, 4.245226961860509], [-75.46081444200001, 4.24453280086052], [-75.46212642799998, 4.244240643860536], [-75.46252380300001, 4.243606541860569], [-75.46360678600001, 4.243027743860596], [-75.46508910099999, 4.242620581860566], [-75.46685802399998, 4.242614655860596], [-75.46794356599997, 4.243186261860568], [-75.46874239700003, 4.243298430860597], [-75.46965487900002, 4.2430651628605585], [-75.47068074600003, 4.242659357860616], [-75.471879737, 4.24277025386058], [-75.47347730000001, 4.242937515860566], [-75.475189774, 4.2431616378605765], [-75.47633166000003, 4.243445528860546], [-75.477473143, 4.243499448860571], [-75.47872760500002, 4.243150298860555], [-75.48049692199999, 4.243374307860565], [-75.483122375, 4.243653296860533], [-75.48438019000002, 4.244569238860516], [-75.485123654, 4.245199621860481], [-75.48655205900002, 4.24582765386047], [-75.487521781, 4.245824230860461], [-75.489462758, 4.246047911860472], [-75.49094790800001, 4.24661819886047], [-75.491575952, 4.246904110860445], [-75.49397434000002, 4.24735579786044], [-75.49568850499998, 4.248213264860412], [-75.49637554499998, 4.249073699860376], [-75.497575767, 4.249875014860342], [-75.49843200800001, 4.249987611860336], [-75.49911674499998, 4.24986998286035], [-75.50008816000002, 4.250499936860309], [-75.500489964, 4.251419077860328], [-75.50072057, 4.252280894860291], [-75.501236216, 4.252969863860275], [-75.50197800299998, 4.2529673958602325], [-75.50340503899997, 4.253134892860231], [-75.50483197400001, 4.253245319860263], [-75.50723037699998, 4.253697519860228], [-75.50951685400003, 4.255127974860178], [-75.51094569999998, 4.255986477860167], [-75.51174582700003, 4.2565014568601525], [-75.51260253100003, 4.256555835860154], [-75.51391371800003, 4.256148890860163], [-75.51505106000002, 4.254534239860204], [-75.51476157500002, 4.252866814860263], [-75.51447111300001, 4.250968861860298], [-75.51651961599998, 4.248718030860401], [-75.51703216599998, 4.248313670860414], [-75.51777150700002, 4.247275503860455], [-75.51839701400002, 4.246468074860462], [-75.51988035400001, 4.246347845860462], [-75.52113684199998, 4.246516186860459], [-75.52205100100002, 4.246916248860428], [-75.52330853500001, 4.247659778860427], [-75.52399419699998, 4.248060253860404], [-75.52553592200002, 4.24816986986043], [-75.52724625299999, 4.247531083860435], [-75.528385689, 4.246779208860467], [-75.529921489, 4.24487565886052], [-75.53146071499998, 4.244237745860545], [-75.532830144, 4.244002438860531], [-75.53373956500002, 4.24273398986057], [-75.53419041500001, 4.240603599860643], [-75.536130405, 4.240309040860651], [-75.53697921700001, 4.237602165860739], [-75.536977708, 4.237084610860776], [-75.53697567299997, 4.236278897860817], [-75.53765897400001, 4.235701318860806], [-75.53897119099997, 4.23558194086084], [-75.542335477, 4.234304435860865], [-75.542505264, 4.233901264860861], [-75.54233213600003, 4.233096434860894], [-75.54118725299998, 4.2317769718609215], [-75.540326408, 4.230054124860982], [-75.539980442, 4.22890495186103], [-75.53957616399998, 4.226950165861092], [-75.539858476, 4.225913402861127], [-75.54053941900003, 4.224357783861195], [-75.54053587599998, 4.223034516861203], [-75.53939175, 4.222117902861284], [-75.53893361899998, 4.221487053861302], [-75.53887428899998, 4.220739077861311], [-75.53910126900001, 4.220220538861347], [-75.53926990299999, 4.219184549861377], [-75.53824034500002, 4.218440050861394], [-75.53447216500001, 4.2179356178614125], [-75.53333085000003, 4.2179394028614], [-75.53275889899999, 4.2175387188614115], [-75.53241341299997, 4.2163319038614615], [-75.53206642800001, 4.214607529861526], [-75.531031901, 4.211734592861615], [-75.53091274399998, 4.209951603861681], [-75.53142474499998, 4.209259649861658], [-75.53204903, 4.208106998861713], [-75.532161148, 4.207244007861723], [-75.53192681399997, 4.204943671861836], [-75.531633064, 4.201838286861912], [-75.53162582800002, 4.199077043861994], [-75.53138959400002, 4.1960291848621], [-75.53121051699998, 4.193154117862199], [-75.53166129099998, 4.190966668862254], [-75.531882962, 4.188434972862387], [-75.531707401, 4.186882612862432], [-75.532447101, 4.186074421862427], [-75.53301474599999, 4.185037142862456], [-75.53221279500002, 4.183774646862517], [-75.531299236, 4.183662732862521], [-75.53084103999998, 4.182974237862523], [-75.53106684099998, 4.182110475862557], [-75.53169317499999, 4.181475387862611], [-75.531976585, 4.180726786862634], [-75.532429783, 4.179575017862625], [-75.53328402699998, 4.178938951862677], [-75.53447980099997, 4.177957038862676], [-75.53465015299997, 4.177553868862723], [-75.538578212, 4.1741464488628], [-75.53960703000001, 4.174832771862803], [-75.54132210799997, 4.175977203862751], [-75.54269255999998, 4.176374738862731], [-75.54440381, 4.17602356586279], [-75.54691561499999, 4.176474945862728], [-75.547999817, 4.1763560048627495], [-75.54976831699997, 4.176234676862781], [-75.55142313800002, 4.176113554862739], [-75.55302325600002, 4.176855872862754], [-75.55439511100002, 4.1777133058626985], [-75.55553817999999, 4.178399957862684], [-75.55673865, 4.179085934862651], [-75.55879375699999, 4.179365782862639], [-75.56073452200002, 4.179589334862653], [-75.562732052, 4.179466987862654], [-75.56398633499998, 4.179117182862679], [-75.56540869600002, 4.177443805862705], [-75.56660430599999, 4.176404226862725], [-75.56751502600002, 4.175595699862752], [-75.56791488800002, 4.1757667218627645], [-75.56831594900001, 4.176282963862748], [-75.568832095, 4.177258911862737], [-75.56946163100002, 4.177774726862694], [-75.570204311, 4.178002175862703], [-75.57100283900002, 4.177998995862688], [-75.57237353599999, 4.178224144862691], [-75.573345007, 4.178623492862652], [-75.574375369, 4.179827867862654], [-75.574836102, 4.181264394862615], [-75.57512781999998, 4.183506374862499], [-75.57490423299998, 4.185232898862492], [-75.57490986599998, 4.187361280862392], [-75.57520138000001, 4.189489127862314], [-75.57583472599998, 4.191442311862258], [-75.57658295800002, 4.193741064862168], [-75.57761380699998, 4.19488779586214], [-75.57875637799998, 4.195286241862149], [-75.58006927500003, 4.195281514862111], [-75.58212017400001, 4.193893952862162], [-75.58770383299998, 4.190306933862269], [-75.58895800099998, 4.189900020862336], [-75.59015753199998, 4.190068385862315], [-75.590728802, 4.190411394862304], [-75.59124422899998, 4.190984465862245], [-75.59119046199999, 4.192020222862226], [-75.59067985299998, 4.193115040862205], [-75.585158063, 4.198485129862023], [-75.582540456, 4.201371041861944], [-75.58146051300002, 4.202870348861907], [-75.581064663, 4.204252541861853], [-75.58163836099999, 4.205285988861812], [-75.58312520200002, 4.206201319861771], [-75.58461608599998, 4.208669845861717], [-75.58571159600001, 4.212462922861549], [-75.586745001, 4.2146458458615], [-75.586461542, 4.215337386861457], [-75.585778087, 4.215799728861492], [-75.58549419500002, 4.216261312861472], [-75.58504337800002, 4.21833404786136], [-75.58390273700002, 4.218683125861344], [-75.582303701, 4.218573717861389], [-75.58036392899999, 4.21892599886139], [-75.57707672999999, 4.2201023408612945], [-75.57991452300001, 4.22145864986127], [-75.580428332, 4.22145711286127], [-75.58174159800001, 4.221625258861287], [-75.583112046, 4.22167746886126], [-75.58453855699997, 4.2216148728613], [-75.585737816, 4.2216108998612505], [-75.58704943100003, 4.221203299861308], [-75.58961251800002, 4.219238418861373], [-75.59069455600002, 4.218256638861389], [-75.59262990399998, 4.216465840861446], [-75.59388257900002, 4.215253212861466], [-75.59656162800002, 4.213920339861542], [-75.598839016, 4.211783663861593], [-75.59997621399998, 4.21022603486165], [-75.60270623600002, 4.20759976386174], [-75.60230214699999, 4.205212270861804], [-75.602472568, 4.204866727861835], [-75.60281339300002, 4.204462663861844], [-75.60338293199999, 4.203885271861832], [-75.604635788, 4.202787898861874], [-75.605202776, 4.2014624478619025], [-75.60565463500001, 4.199964893861983], [-75.60627802099998, 4.19840937986202], [-75.60656091300001, 4.197430253862048], [-75.60718749900002, 4.196968012862082], [-75.60792843000002, 4.19656261786207], [-75.608410983, 4.194044046862157], [-75.60799147900002, 4.1936120588621675], [-75.60711807400003, 4.1927108588622035], [-75.604767826, 4.189325338862323], [-75.602074023, 4.1854805448624735], [-75.59892352399999, 4.181752424862585], [-75.59795007899999, 4.18060561786263], [-75.59703336299998, 4.179401070862626], [-75.59554778799998, 4.178830967862671], [-75.59515021300001, 4.179580351862667], [-75.59475406299998, 4.180789646862591], [-75.593611947, 4.180621175862598], [-75.59252448900003, 4.17958983486265], [-75.59172190800001, 4.17832686786269], [-75.59131876499998, 4.177005514862757], [-75.59074313000002, 4.175224005862793], [-75.58931134300002, 4.17361869286282], [-75.58759699000001, 4.1728772378628785], [-75.585883631, 4.172365734862909], [-75.58376952700002, 4.171510320862937], [-75.58205560800002, 4.170998808862947], [-75.57942730899998, 4.169915513862989], [-75.57736973099998, 4.168887646863015], [-75.57599721399998, 4.167972062863005], [-75.574913605, 4.1680910378630225], [-75.573603891, 4.169189028862977], [-75.57246471500002, 4.169998546862938], [-75.57137912600001, 4.169657036862951], [-75.57063529099997, 4.168796774862973], [-75.567653742, 4.163803638863138], [-75.56628081899999, 4.1626580718631985], [-75.56467978500001, 4.161398224863266], [-75.56319070799998, 4.159505913863323], [-75.560788016, 4.157444080863362], [-75.55850226400003, 4.156244230863429], [-75.55707361700001, 4.155386897863453], [-75.55558586199999, 4.153896852863482], [-75.554439731, 4.152118018863547], [-75.55209468599998, 4.150170734863628], [-75.54929328399999, 4.1482253998636684], [-75.547178535, 4.146968125863703], [-75.54341447799999, 4.147613987863679], [-75.542271675, 4.147043127863717], [-75.541471366, 4.146355817863747], [-75.54078262000002, 4.144805519863757], [-75.54054947700001, 4.143138568863809], [-75.54219817500001, 4.140889639863917], [-75.54573419799999, 4.140186574863904], [-75.54830080900001, 4.139889807863968], [-75.55018495399997, 4.140285289863935], [-75.55110026199998, 4.141087079863877], [-75.55327183000003, 4.14234480886387], [-75.564014612, 4.147826701863653], [-75.574703065, 4.153999502863503], [-75.57556026999998, 4.154399070863471], [-75.578593657, 4.1576094718633545], [-75.57968311500002, 4.159445982863319], [-75.58637149499998, 4.163275544863152], [-75.58854698800002, 4.165683481863123], [-75.59237879300002, 4.168488312863019], [-75.59489363300003, 4.169687033862964], [-75.59757933200001, 4.170770158862961], [-75.59946278299998, 4.170763205862938], [-75.60214290200003, 4.169775585862984], [-75.60391068500002, 4.169308929862983], [-75.60561976399998, 4.168151949863], [-75.60681145199999, 4.16567440986311], [-75.60743208100001, 4.163256151863155], [-75.60862419400001, 4.161008004863241], [-75.60982091900001, 4.160313602863291], [-75.610505638, 4.1602535408632555], [-75.61119135299998, 4.160423429863249], [-75.61518961899998, 4.161386479863214], [-75.61627673599997, 4.162245462863188], [-75.616848876, 4.162761344863178], [-75.61747863199997, 4.163391808863192], [-75.61891330600002, 4.165917433863089], [-75.62356218299999, 4.1745868758627855], [-75.624156024, 4.176143994862774], [-75.62528885299997, 4.179113129862684], [-75.626942079, 4.178486180862669], [-75.62751090900002, 4.177851720862728], [-75.627966948, 4.177677384862689], [-75.62950769899999, 4.17738399686271], [-75.63001980000001, 4.176806710862724], [-75.63075824600003, 4.175710885862762], [-75.63143941200002, 4.174385216862825], [-75.63257917499999, 4.173633261862855], [-75.63415900000001, 4.1711323568628975], [-75.63257161000001, 4.171159725862904], [-75.630517672, 4.171454672862944], [-75.63012741799997, 4.171305137862896], [-75.62977432999998, 4.171169655862942], [-75.62880164299997, 4.170425740862921], [-75.628282448, 4.168471855863006], [-75.62976311699998, 4.16737290586307], [-75.63221369500002, 4.165868108863067], [-75.63768004100001, 4.163577208863147], [-75.63794067700002, 4.163335451863189], [-75.640024832, 4.162675449863196], [-75.641506918, 4.162036953863191], [-75.64281883400002, 4.1615722408632205], [-75.64424296300001, 4.160646273863248], [-75.64503665500001, 4.158745224863345], [-75.64537208899998, 4.156442795863423], [-75.64656674399998, 4.155289017863457], [-75.64753306099999, 4.1536158918635016], [-75.65235842200002, 4.144681334863761], [-75.654349287, 4.142372859863887], [-75.65611258500002, 4.140237715863934], [-75.657933039, 4.1382747818639904], [-75.65941137099998, 4.136313643864042], [-75.66026319399998, 4.134814760864079], [-75.66168636399999, 4.1334288888641675], [-75.66282637, 4.132849241864191], [-75.663736583, 4.131867772864217], [-75.66487400900002, 4.130540652864273], [-75.667549813, 4.128056815864354], [-75.66897329199998, 4.126843259864356], [-75.67102460199999, 4.125570277864406], [-75.67284902799997, 4.124815264864428], [-75.67558521000001, 4.12359686386445], [-75.675583749, 4.123136968864461], [-75.67637600400002, 4.120833099864594], [-75.67820018700002, 4.119962824864606], [-75.67917068000003, 4.11990158986458], [-75.67968496200001, 4.120187587864606], [-75.680428586, 4.120644887864581], [-75.68185292700002, 4.119603638864597], [-75.68202082699997, 4.118567694864661], [-75.68224634299997, 4.117646329864683], [-75.68372683199999, 4.116547905864698], [-75.68435420399999, 4.11625796086469], [-75.685209568, 4.116024628864703], [-75.68685782699998, 4.113544492864811], [-75.69735334199999, 4.110742851864885], [-75.69946940900002, 4.111827915864837], [-75.70076985600002, 4.112179566864848], [-75.701354777, 4.112338287864831], [-75.703077517, 4.1125551908648506], [-75.71524223400002, 4.0984279408653075], [-75.71432565399999, 4.097849549865291], [-75.713520679, 4.095954544865358], [-75.71191404000001, 4.093544753865449], [-75.71042253600001, 4.091307607865553], [-75.70709758200002, 4.086891605865672], [-75.70606760300001, 4.086147884865701], [-75.70520844200001, 4.085288567865735], [-75.703373989, 4.082880322865786], [-75.70228437200001, 4.0812739918658325], [-75.701083364, 4.080531164865908], [-75.69948333500002, 4.080019633865889], [-75.697312683, 4.079740865865914], [-75.69611156500002, 4.078940399865956], [-75.69508002999999, 4.077679139865959], [-75.69358950499998, 4.075614248866056], [-75.69129948599999, 4.073553180866132], [-75.681975583, 4.06723683886629], [-75.68346280600002, 4.071688828866151], [-75.68249791900001, 4.074615628866064], [-75.678619599, 4.077223247865985], [-75.674081747, 4.073656852866097], [-75.67407799400002, 4.071707095866181], [-75.66630762300002, 4.070097233866222], [-75.660183459, 4.070800011866201], [-75.65510249200003, 4.070359467866202], [-75.653616478, 4.0697329148662105], [-75.65167372799999, 4.068877844866235], [-75.64950309099999, 4.068311349866265], [-75.647848033, 4.068145007866272], [-75.64607873900002, 4.068267026866269], [-75.64419546300002, 4.0682169368662695], [-75.64305374999998, 4.068163736866299], [-75.640597635, 4.0674830628663035], [-75.637055342, 4.066059770866374], [-75.636367538, 4.065027130866412], [-75.63613232799997, 4.062612784866466], [-75.636699566, 4.061460251866524], [-75.638352005, 4.060533925866538], [-75.63976734599999, 4.056790984866676], [-75.63714154299998, 4.056513447866644], [-75.63468482100001, 4.055488092866707], [-75.62879693299999, 4.051945892866795], [-75.62719546400001, 4.05062962186683], [-75.62524993900001, 4.0488546468669], [-75.62393394999998, 4.0476525268669805], [-75.62272903600001, 4.045357487867011], [-75.62232567699999, 4.043863816867063], [-75.62220581499997, 4.042024401867115], [-75.62203173799998, 4.040990210867182], [-75.62151449100003, 4.039669639867212], [-75.620366004, 4.03714452986727], [-75.61887999099997, 4.036172663867316], [-75.61830353699997, 4.0341628948674035], [-75.62149403900003, 4.032539945867436], [-75.62354959200002, 4.032992080867409], [-75.62515306099999, 4.035112927867353], [-75.62544731999998, 4.038159418867269], [-75.62533819599997, 4.039999822867222], [-75.62602878400003, 4.041951733867152], [-75.62820215199997, 4.043725722867102], [-75.629346108, 4.0446987688670255], [-75.63243231899997, 4.046296444866994], [-75.634940503, 4.045366836867041], [-75.63613791300003, 4.045131806867051], [-75.637393702, 4.0451271838670575], [-75.63824618799998, 4.043973552867071], [-75.64001224700002, 4.043047024867125], [-75.64103938800002, 4.042927569867122], [-75.64246532499999, 4.042749730867127], [-75.64360557700002, 4.042342477867147], [-75.644288544, 4.041707264867157], [-75.64519477699997, 4.039519027867193], [-75.646501677, 4.037673549867301], [-75.647066822, 4.035716475867346], [-75.647688577, 4.033644036867398], [-75.65451491300001, 4.026486797867649], [-75.65536757500001, 4.025448423867668], [-75.65627850700002, 4.024582260867686], [-75.65793007100001, 4.023540676867766], [-75.66049749199999, 4.023358394867749], [-75.66294707700001, 4.0218531248678], [-75.66380015599998, 4.021044697867845], [-75.66505105499999, 4.01937221086789], [-75.66641581300001, 4.017814764867956], [-75.66994695900001, 4.015557686868013], [-75.67057514700002, 4.015727677868015], [-75.67092978699998, 4.019693771867847], [-75.67110214399997, 4.0200957138678275], [-75.67207483300001, 4.020954327867838], [-75.67270248, 4.020836738867832], [-75.67390402500001, 4.0219242958678025], [-75.67379114300002, 4.02232734686777], [-75.67271175000002, 4.023941320867722], [-75.67259865099999, 4.024229680867726], [-75.67380131099998, 4.025604810867665], [-75.674546921, 4.0268666888676075], [-75.67374967699999, 4.027445067867634], [-75.66770127799998, 4.027871916867629], [-75.666103684, 4.027993051867594], [-75.66462151600001, 4.028459171867576], [-75.662854751, 4.029271038867532], [-75.66137225, 4.0295642688675395], [-75.66045912999999, 4.029568266867546], [-75.65937519300002, 4.029687282867529], [-75.65772141500003, 4.030154282867523], [-75.65612601700002, 4.030850555867519], [-75.65498765199999, 4.03194766986749], [-75.654193131, 4.03338820986742], [-75.65362482199998, 4.034253159867385], [-75.652892941, 4.037590820867259], [-75.65113306199999, 4.0405880508671705], [-75.65011350100002, 4.043236972867076], [-75.64567067299998, 4.046072050867017], [-75.64105338299998, 4.0477000518669355], [-75.638205948, 4.049838844866893], [-75.63866280500002, 4.04983741886691], [-75.64517047800001, 4.05055904386687], [-75.64865114899999, 4.050372775866881], [-75.65173080699998, 4.049670852866894], [-75.65469645799999, 4.049083829866878], [-75.65555332100001, 4.049368081866899], [-75.66069859100003, 4.052338006866805], [-75.66772368599999, 4.054150564866727], [-75.67246743800001, 4.056317182866644], [-75.67743874799999, 4.058022295866609], [-75.680351782, 4.058758467866603], [-75.68332287099997, 4.059839153866528], [-75.68452372600001, 4.060524964866543], [-75.68812673999997, 4.06281063186644], [-75.69167485100002, 4.06578735286638], [-75.69373517899999, 4.067504806866284], [-75.69465023499998, 4.06790358086629], [-75.69533529099999, 4.068073423866268], [-75.69653414300001, 4.068011178866282], [-75.69830697999998, 4.06915403186622], [-75.699680919, 4.0702987958661865], [-75.701167838, 4.071098129866186], [-75.70579005799999, 4.070620061866192], [-75.70756189100001, 4.071245370866158], [-75.71485707599999, 4.067593009866303], [-75.72065733800002, 4.060553194866542], [-75.721560608, 4.057271164866616], [-75.72319928500002, 4.052031174866834], [-75.72456176700001, 4.04966744386691], [-75.72524476199999, 4.0490898118668825], [-75.72604298200002, 4.0487413288669085], [-75.72741429000001, 4.049138592866917], [-75.728561033, 4.050629519866827], [-75.72885183199998, 4.052296164866773], [-75.729030239, 4.054595802866709], [-75.72955241699998, 4.05718175486663], [-75.73049442299998, 4.058974211866591], [-75.730758729, 4.059477634866575], [-75.73173753399999, 4.061946846866489], [-75.732430653, 4.064474256866376], [-75.73222409200002, 4.071204582866178], [-75.73246106099998, 4.0737922278661065], [-75.73361300200003, 4.077008532866019], [-75.73464708400002, 4.078960105865938], [-75.73493632899999, 4.080109231865879], [-75.73617918999997, 4.087121358865645], [-75.73714665699998, 4.092582632865494], [-75.74396938299998, 4.083754163865802], [-75.74559142700002, 4.080956546865899], [-75.74811446500001, 4.076605138865987], [-75.75175731799999, 4.0731972018661375], [-75.753011119, 4.072501434866132], [-75.75357907099999, 4.0715217608661645], [-75.75499976999998, 4.069617763866225], [-75.75591069799998, 4.068808573866267], [-75.75814793299998, 4.067553742866325], [-75.75784566099998, 4.066092804866333], [-75.75683543500003, 4.063981908866427], [-75.755185719, 4.061688699866486], [-75.753628461, 4.059763086866577], [-75.75006103599998, 4.057014437866659], [-75.74694971100001, 4.054448455866725], [-75.746206674, 4.05004097086686], [-75.74610943099998, 4.047836672866952], [-75.74655978599998, 4.0457239238670315], [-75.74782857299999, 4.0426903248671415], [-75.75238163099999, 4.039008296867242], [-75.762035755, 4.031735754867473], [-75.76959385800001, 4.0257521528676525], [-75.77241599799999, 4.0233588888677545], [-75.775515267, 4.021975765867818], [-75.778979257, 4.020683977867853], [-75.78189734, 4.019852038867863], [-75.784635197, 4.019754904867881], [-75.78709739200002, 4.0191074968678775], [-75.78973754399999, 4.0168987528679745], [-75.79192144000001, 4.014690944868009], [-75.79383154200002, 4.012575221868108], [-75.79555786200001, 4.01000057186821], [-75.79682025, 4.004763698868378], [-75.79707004599999, 3.9967742108686166], [-75.797411753, 3.9888760578688887], [-75.79758467099998, 3.985662260868992], [-75.79766365799998, 3.9816215688691354], [-75.79901906499998, 3.9770280028692495], [-75.800922184, 3.9726169278693853], [-75.80273584399998, 3.9687568668695543], [-75.80518646799999, 3.9644367648696903], [-75.80818497299998, 3.9601155448698164], [-75.81283031800001, 3.957353025869922], [-75.81616187700001, 3.954187001870038], [-75.81620970699998, 3.9539185528700096], [-75.817088421, 3.9489774258701784], [-75.82134023999998, 3.9400306938704404], [-75.82255387100003, 3.9374164628705306], [-75.82295419299999, 3.934011286870638], [-75.82150666899997, 3.929486790870802], [-75.81926179300001, 3.921751072871058], [-75.81294038700003, 3.9060827138715553], [-75.81161295999999, 3.9019013988717095], [-75.81116317300001, 3.898914862871828], [-75.808079362, 3.895686754871903], [-75.80547572500001, 3.890376948872065], [-75.803817348, 3.8834952288723215], [-75.803823663, 3.8804427898724323], [-75.80325920500002, 3.8774581548725173], [-75.80314843399998, 3.8726489498726564], [-75.80049348300003, 3.873741779872621], [-75.80020674899998, 3.8743750978725857], [-75.79923081300001, 3.8774814548725245], [-75.795107003, 3.8850176718722658], [-75.790931892, 3.8893902578721167], [-75.78750401899998, 3.891059175872062], [-75.78150164700003, 3.895892995871894], [-75.77915988699999, 3.8966987468718988], [-75.777274751, 3.8974470948718802], [-75.77598255200002, 3.897371121871842], [-75.77835602800002, 3.8906479458720815], [-75.78036976099997, 3.890659215872098], [-75.78162658000002, 3.8899115478720954], [-75.78322707199999, 3.8888756368721467], [-75.78591202799998, 3.887551704872207], [-75.788199061, 3.8855376178722487], [-75.791003429, 3.881740634872403], [-75.79300949700001, 3.8773107988725064], [-75.79438738599998, 3.872939274872685], [-75.796446898, 3.8705228318727483], [-75.79890262999999, 3.869946214872781], [-75.80010181, 3.8696585258727936], [-75.80118791899997, 3.868795374872785], [-75.80159161199998, 3.8664364638728714], [-75.80119682999998, 3.8639062688729413], [-75.80028885399997, 3.860972584873062], [-75.79812413299999, 3.858787694873116], [-75.79612817100002, 3.857753268873155], [-75.79321798699999, 3.857179386873151], [-75.791106162, 3.857007294873194], [-75.78916577799998, 3.856778361873186], [-75.78819586600002, 3.8563757668731755], [-75.786431768, 3.8536731028732953], [-75.784554297, 3.8502220858733724], [-75.78319127700001, 3.8463689298735106], [-75.78342405400002, 3.8440103438736304], [-75.78439530700001, 3.843664381873605], [-75.784680697, 3.843779638873607], [-75.78507902000001, 3.8444121728736125], [-75.788664644, 3.8498755968734066], [-75.79162924799999, 3.852117710873348], [-75.79396784300002, 3.852922106873298], [-75.79567929699999, 3.853439045873304], [-75.79807706000003, 3.8534382538733234], [-75.79899026700002, 3.8533228888733255], [-75.80013418200002, 3.8521144478733476], [-75.801335575, 3.8506759588733903], [-75.80230816099998, 3.849582542873421], [-75.80316678899999, 3.8483170418734844], [-75.80442856100001, 3.845267758873586], [-75.80414888000001, 3.8423339588736325], [-75.80284340700001, 3.838307878873801], [-75.80011305300002, 3.833016287873977], [-75.798693791, 3.8288745938741147], [-75.79813295399998, 3.8236397158742714], [-75.79882851000002, 3.8180594408744564], [-75.801984398, 3.809428118874751], [-75.802907619, 3.8043649048749], [-75.80439909900002, 3.800567202875037], [-75.805657591, 3.799013377875062], [-75.80685701200002, 3.7986099108751143], [-75.80765485500001, 3.7993574678750432], [-75.80782447299998, 3.8003932528750126], [-75.80747958799998, 3.8014865448749817], [-75.80604854199998, 3.803673454874949], [-75.80369394299998, 3.8110382628746886], [-75.802027985, 3.8165046198744945], [-75.801675762, 3.821624905874348], [-75.80190050499999, 3.8235232658742673], [-75.80218205800003, 3.825709638874233], [-75.802692863, 3.8272046228741576], [-75.80314619299998, 3.828930784874112], [-75.80490844899998, 3.8330141568739444], [-75.80701079699998, 3.83813352687382], [-75.80751905599999, 3.8408945588737007], [-75.807685575, 3.8434828288736047], [-75.8072244, 3.8457842208735147], [-75.80682271699999, 3.8471646268734894], [-75.80607771500001, 3.848718025873421], [-75.80516138799999, 3.850099454873422], [-75.80401692599997, 3.8515954598733546], [-75.80310115399999, 3.85297632387331], [-75.80229933099997, 3.854242278873276], [-75.80189775100001, 3.8553927518732327], [-75.80195288800002, 3.8565428828731703], [-75.80240692400002, 3.8577509758731323], [-75.80297547999999, 3.8591311508730977], [-75.803543478, 3.8605113258730586], [-75.80393982499999, 3.8624093348730004], [-75.80433661799998, 3.863962157872947], [-75.80473340700001, 3.8652274198729066], [-75.80503563899998, 3.86617593387289], [-75.80730817800003, 3.8620054558730383], [-75.80851233800001, 3.859128589873124], [-75.80965868200002, 3.8565975878731953], [-75.81074809900002, 3.8540085108732955], [-75.81206920400001, 3.8496936228734304], [-75.81293593499998, 3.8442859028736076], [-75.81271336999998, 3.841237321873681], [-75.81226346199998, 3.837555883873798], [-75.81152796100002, 3.834219629873929], [-75.81033677599999, 3.8302509678740324], [-75.81005833299997, 3.82651155687418], [-75.81035021100001, 3.8230597038742906], [-75.81155469999999, 3.8200676088743677], [-75.81292837000001, 3.818168356874437], [-75.81407189700002, 3.817075176874484], [-75.81510079999998, 3.816326841874529], [-75.816643537, 3.81575092687454], [-75.81887096700001, 3.815001906874566], [-75.82149894700001, 3.8140227178745776], [-75.82361353300001, 3.8128134838746286], [-75.82624494700002, 3.809878441874734], [-75.82779132899998, 3.807173798874807], [-75.82819722400001, 3.8039516778748927], [-75.82780538200001, 3.800039654875024], [-75.826557778, 3.795667202875179], [-75.82577094999999, 3.79107971587535], [-75.82554167299998, 3.7897418148753954], [-75.82594916800002, 3.785598831875516], [-75.82801911400003, 3.778002447875755], [-75.83208578199998, 3.771095879876006], [-75.833803993, 3.7679881198760734], [-75.83551995099998, 3.7663187088761636], [-75.837748584, 3.765396831876199], [-75.840603939, 3.7648776388762113], [-75.84260355700002, 3.7641861368762393], [-75.84431792200002, 3.76315002187624], [-75.84757924399997, 3.7594657838763537], [-75.849296826, 3.7569325728764222], [-75.85232454999999, 3.756010779876477], [-75.85232061099998, 3.7557249308764638], [-75.85180075199997, 3.7178090438777116], [-75.853392987, 3.715038273877816], [-75.854871849, 3.712959778877904], [-75.856346422, 3.708690468878004], [-75.85679404000001, 3.7035006438781704], [-75.85746907599997, 3.69842618687836], [-75.85620014699998, 3.6898964418786666], [-75.85425284000002, 3.6847118728788444], [-75.853222012, 3.6820620698788704], [-75.847167663, 3.6755019348791103], [-75.86004140199998, 3.6695975348792853], [-75.864264177, 3.6717800888792165], [-75.86665886999998, 3.6722363748792315], [-75.86871223499998, 3.6726938918791876], [-75.87042202200001, 3.6725752828792304], [-75.87190249499997, 3.6716498328792464], [-75.87361081400002, 3.6704940068792777], [-75.87519980100001, 3.6666866278793853], [-75.87667519399997, 3.6628794748795377], [-75.876445434, 3.661842714879536], [-75.87621455200002, 3.660229161879618], [-75.87643970200003, 3.6586147108796507], [-75.87723278800001, 3.6558466848797275], [-75.87814103, 3.653885153879845], [-75.87870660499999, 3.6512333888799358], [-75.87938531700001, 3.648350345879973], [-75.879948087, 3.6445455658801045], [-75.879027758, 3.639705919880269], [-75.87753962699998, 3.6363661388804136], [-75.876190673, 3.632876936880498], [-75.87449729600002, 3.63184528688052], [-75.87210263999998, 3.630177187880605], [-75.87044907400002, 3.629083869880624], [-75.86908401199997, 3.6265511018807257], [-75.86874786099997, 3.6233847358808124], [-75.865669975, 3.620795389880916], [-75.86496664499998, 3.6202578018809484], [-75.85732921699997, 3.616809469881057], [-75.85584768299998, 3.617158059881034], [-75.853794575, 3.6164705188810617], [-75.85094532900001, 3.6167059118810267], [-75.84844000999999, 3.618324176880963], [-75.84696358000002, 3.621669188880863], [-75.84662551399998, 3.623974791880815], [-75.84605675, 3.6250131128807888], [-75.84389253, 3.625939238880729], [-75.84388557699998, 3.621674510880857], [-75.84433378099999, 3.6169479208810498], [-75.844895485, 3.6118759368811753], [-75.84431601199998, 3.606345135881393], [-75.844670641, 3.6011792038815535], [-75.84426452600002, 3.601102011881561], [-75.84258733500002, 3.5951716128817353], [-75.84649953600001, 3.5927010478818056], [-75.85168026299999, 3.578904985882273], [-75.85349637299998, 3.5744080158824283], [-75.85554161900001, 3.570371605882538], [-75.856900854, 3.5654145228827354], [-75.85814392100002, 3.5590752618829464], [-75.85859067000001, 3.5535442428830764], [-75.86121606199998, 3.549174009883255], [-75.861005895, 3.5489331798832597], [-75.85959838399998, 3.5473206828833153], [-75.85635221299998, 3.543233262883432], [-75.852250018, 3.538973420883558], [-75.84860168799997, 3.535979854883673], [-75.84420922800001, 3.533735632883747], [-75.841759223, 3.5314329698838507], [-75.84107790399997, 3.52935976488388], [-75.841883005, 3.5265945678839974], [-75.84314485499999, 3.523944901884056], [-75.84349317300001, 3.5213528638841463], [-75.842986328, 3.5178392978842856], [-75.84139291100001, 3.5153632788843416], [-75.840082661, 3.5136934708844163], [-75.84122859299998, 3.5119072598844516], [-75.843170326, 3.5117912438844687], [-75.84505376099997, 3.512078135884477], [-75.84636509900002, 3.5131146338844057], [-75.84733309500001, 3.5145540028843794], [-75.84870003600003, 3.516166629884312], [-75.85103394100003, 3.5195637928841896], [-75.852232345, 3.5200236798842104], [-75.85388742100002, 3.5202533458842016], [-75.85588827800001, 3.5192733948842565], [-75.85669048400001, 3.518005867884258], [-75.85783462900002, 3.5167958908843233], [-75.85920617599999, 3.5163345968843496], [-75.86080563500002, 3.5159881218843436], [-75.86252262900001, 3.514143776884412], [-75.86367392300002, 3.509823245884535], [-75.86374048099998, 3.505387803884689], [-75.865290711, 3.5012399688847955], [-75.86718186799999, 3.498128156884914], [-75.87073036800001, 3.494382216885053], [-75.87141514199999, 3.4943820648850616], [-75.87244061000001, 3.495591363885004], [-75.87294753100002, 3.4988167498849005], [-75.87354975199997, 3.5006804658848387], [-75.883511247, 3.4989844308848874], [-75.89219410499999, 3.4975398658849453], [-75.901846895, 3.4964984378849717], [-75.91127309400002, 3.494592458885022], [-75.92121534, 3.4918222168851183], [-75.934529064, 3.488243762885252], [-75.94493049800002, 3.4843782188853716], [-75.95544817899997, 3.4796486318855444], [-75.96585756500002, 3.472499145885773], [-75.97798506499998, 3.4632165718860857], [-75.99046384299999, 3.4503038138864808], [-75.99682322299998, 3.441311675886779], [-76.00186936400002, 3.4323204598871033], [-76.00399891199999, 3.4252319358872954], [-76.00436170299997, 3.41641550788759], [-76.003811542, 3.4072534668878696], [-76.00417916999999, 3.3962469408882727], [-76.00551908199998, 3.384835752888636], [-76.00725981800002, 3.3731357038890026], [-76.009228796, 3.3614346648893836], [-76.01050305000001, 3.3538259348896173], [-76.01281141099997, 3.343507124889959], [-76.01574463100002, 3.3348597678902654], [-76.01770280300002, 3.328056415890467], [-76.01874901399998, 3.320216566890736], [-76.01854528500002, 3.3165406638908643], [-76.02417543899998, 3.320360876890727], [-76.02467918399998, 3.3248360638906056], [-76.03013468699999, 3.325776191890543], [-76.03192114500001, 3.31653234489085], [-76.036202608, 3.3128771558909973], [-76.037681249, 3.309890012891054], [-76.04000716399997, 3.3067504048911887], [-76.040916648, 3.3059199588912067], [-76.04274072099997, 3.305454908891221], [-76.04438120999998, 3.3048060638912378], [-76.04656877000002, 3.303972001891297], [-76.04866509700003, 3.303046040891324], [-76.050487143, 3.302121175891351], [-76.053491828, 3.3000891028914103], [-76.055128653, 3.298428561891482], [-76.05694411000002, 3.295848619891557], [-76.057575655, 3.2940075868916106], [-76.05820648999998, 3.291798823891686], [-76.058651914, 3.289038537891767], [-76.059373058, 3.2867375268918577], [-76.05954149899998, 3.283150804891947], [-76.05962125999997, 3.280207650892067], [-76.059606142, 3.2764377028921787], [-76.05922955400001, 3.273496562892259], [-76.05921846199999, 3.2706456578923477], [-76.05892748399998, 3.2663249248925026], [-76.05872612299999, 3.2615442068926512], [-76.05852277600002, 3.256303683892822], [-76.05822984100001, 3.2515231388930252], [-76.05785439900001, 3.2488582108931103], [-76.05765979099999, 3.245824635893186], [-76.05763320099999, 3.2389286788934335], [-76.057885021, 3.2333195388935705], [-76.05833069300002, 3.230651905893671], [-76.05840837900001, 3.227157434893776], [-76.05894583499997, 3.2245817028938917], [-76.05994253199998, 3.2226479238939434], [-76.06103026800002, 3.2207139728939946], [-76.06203038299998, 3.219699241894027], [-76.06321132300002, 3.218316432894068], [-76.064210178, 3.216934535894128], [-76.06584419299998, 3.2147227578941977], [-76.06748327499997, 3.2137062418942377], [-76.06930608099998, 3.2129655968942514], [-76.07877152499998, 3.2061322958945064], [-76.084138457, 3.201426809894621], [-76.08786449299998, 3.1973701198947864], [-76.089680719, 3.1949744228948678], [-76.09103771299999, 3.191936227894924], [-76.092208632, 3.1879793578950886], [-76.092472708, 3.18558834389515], [-76.09245716100003, 3.181543376895311], [-76.092536613, 3.1786929178954035], [-76.09179669999997, 3.176121372895468], [-76.09095904399999, 3.1720791048956225], [-76.08818404300001, 3.1628030788959194], [-76.085602043, 3.156008675896122], [-76.083667993, 3.151602412896246], [-76.08372207000002, 3.1420424828965947], [-76.08426634199998, 3.141305433896607], [-76.08562949899999, 3.1397381818966332], [-76.08753386500001, 3.136698997896745], [-76.08889752900001, 3.1354079668967976], [-76.09025778699998, 3.1331973398968525], [-76.0914383, 3.131631001896925], [-76.09289156599999, 3.1298800038969588], [-76.09816140700002, 3.1238881538971617], [-76.10188761299997, 3.120015765897297], [-76.1045181, 3.115871494897461], [-76.10623959499998, 3.112740610897536], [-76.10740964500002, 3.1086008008976984], [-76.10721625999997, 3.1058440818977493], [-76.106017501, 3.1027226598978532], [-76.104631665, 3.0984074658980387], [-76.10224584299999, 3.0951063688981266], [-76.09940179699998, 3.0913468778982702], [-76.09747729700001, 3.089239575898325], [-76.09527521500002, 3.0862137448984273], [-76.09243589200003, 3.083465304898504], [-76.09023597599997, 3.0809913168985696], [-76.08867675099998, 3.0788821668986754], [-76.087300658, 3.0770488928986954], [-76.08619715100002, 3.0749383248987856], [-76.08527610099998, 3.0727359088988697], [-76.084264926, 3.070717236898924], [-76.08371141800001, 3.069156392898987], [-76.08269650199998, 3.0663107548990842], [-76.08250538300001, 3.0641058558991663], [-76.08259076500002, 3.062543269899181], [-76.083037633, 3.0601524898992776], [-76.08357201000001, 3.0567504348994046], [-76.08420289100002, 3.0548185568994195], [-76.08510552000001, 3.052150724899525], [-76.08591460399998, 3.049023262899613], [-76.08808217299998, 3.0433186538998345], [-76.08889231900002, 3.0404674178999045], [-76.08906751, 3.038536946899986], [-76.08951048, 3.0352271459000972], [-76.08863297900001, 3.0359399139000485], [-76.08663146200001, 3.036518032900037], [-76.08457354299998, 3.03698101990001], [-76.08222997600001, 3.0373292889000245], [-76.080289908, 3.036464608900049], [-76.07920747100002, 3.035080381900079], [-76.07806874800002, 3.0336386379001503], [-76.076641645, 3.033062229900145], [-76.075156472, 3.033005605900176], [-76.07464320499997, 3.0325444699001824], [-76.074132174, 3.031447845900202], [-76.073733785, 3.030813648900215], [-76.07219297699999, 3.030122202900272], [-76.07030799500001, 3.0298923099002395], [-76.069221003, 3.030354641900266], [-76.06796273700002, 3.0308748979002083], [-76.06676300200002, 3.030818312900232], [-76.064762626, 3.0311083029002184], [-76.06304514300001, 3.0324942079001747], [-76.06172904599998, 3.033360833900154], [-76.06029857499999, 3.0340542479001424], [-76.05858107699999, 3.035440151900057], [-76.05646315000001, 3.036942009900044], [-76.055089829, 3.0378663549000056], [-76.05297224600002, 3.039252975899954], [-76.05119909899997, 3.0400040538999344], [-76.04942763499997, 3.040120766899944], [-76.04805578000003, 3.040294944899942], [-76.04634172700003, 3.040469167899925], [-76.043599443, 3.040355438899915], [-76.04068915599998, 3.0389721438999744], [-76.03983481900002, 3.0378760958999873], [-76.038411801, 3.0357998509000446], [-76.03692792700002, 3.0352234799000954], [-76.03567157100002, 3.034935921900083], [-76.03424517100001, 3.0341289699001064], [-76.03253440399999, 3.032975677900174], [-76.03202222099998, 3.03216822990021], [-76.03111130399998, 3.030841226900222], [-76.02968589099999, 3.0296303659002595], [-76.02877265900003, 3.029226951900269], [-76.028088841, 3.028592659900318], [-76.02649287399998, 3.027208105900339], [-76.02523874899998, 3.0259393119003803], [-76.02461287099999, 3.0250162539003993], [-76.02444417999999, 3.0239777179004803], [-76.02370456199998, 3.0225933439004695], [-76.02210851000001, 3.0211511539005396], [-76.02062590499997, 3.0199979859006016], [-76.01960032599999, 3.0189598169006158], [-76.01914718699999, 3.0175173119006633], [-76.01897794400003, 3.016478207900721], [-76.01824430599999, 3.0130161399008073], [-76.017738183, 3.009842331900922], [-76.01815762400003, 3.0021652879011858], [-76.01867608100002, 3.000433559901204], [-76.02005297300002, 2.9982975729012953], [-76.02171718099999, 2.9952951119014046], [-76.021607545, 2.9936209669014726], [-76.02224042799998, 2.9917738059015386], [-76.02327320500001, 2.990156991901546], [-76.02396855500001, 2.9864049169016997], [-76.02437112899997, 2.985250148901746], [-76.02500357899999, 2.983806889901751], [-76.02500692000001, 2.982478828901819], [-76.02426683300001, 2.981440712901835], [-76.023528468, 2.97976709190188], [-76.02370355300002, 2.9783240599019307], [-76.023876815, 2.9774577849019885], [-76.02268364399998, 2.9749765889020567], [-76.02205862400001, 2.973533806902132], [-76.02143443400001, 2.9719181659021885], [-76.020980157, 2.970763746902174], [-76.020638776, 2.970244633902201], [-76.02020154000002, 2.9691963839022337], [-76.009889111, 2.9676769969023113], [-76.00149704299997, 2.9674286389023012], [-75.99565765099999, 2.966896258902336], [-75.99090649300001, 2.9646147659024122], [-75.98861994999999, 2.962784393902444], [-75.98560046900002, 2.960130487902555], [-75.983950193, 2.9577471129026076], [-75.98211889800001, 2.955640273902716], [-75.98019194900002, 2.952430891902794], [-75.97845067899999, 2.9500482109029083], [-75.97661635999998, 2.9471143299029507], [-75.97459944399998, 2.944181306903077], [-75.97303806999997, 2.9411548719031972], [-75.97193411299997, 2.938494297903279], [-75.97055289100001, 2.934641090903385], [-75.96944374200001, 2.930510621903504], [-75.966307943, 2.920508426903868], [-75.96438186, 2.917391590903961], [-75.96282518100003, 2.91546779690403], [-75.96136314799998, 2.9147374999040383], [-75.95944514799999, 2.913825477904046], [-75.95743973999998, 2.914107252904054], [-75.955798388, 2.9140212389040814], [-75.954613, 2.914116380904043], [-75.95379397800002, 2.914578683904033], [-75.95207440799999, 2.918258508903914], [-75.95125653500003, 2.9190874409038856], [-75.95052752700002, 2.91927391990391], [-75.94888630499997, 2.919278850903887], [-75.94696743600002, 2.9181826449039283], [-75.944593038, 2.917180383903962], [-75.94029877499997, 2.9148056459040244], [-75.93281151399998, 2.9117987899041147], [-75.92424768199999, 2.9077072339042513], [-75.923655752, 2.9103746179041723], [-75.92381893999999, 2.9137232209040658], [-75.92438067900002, 2.9175338559039248], [-75.92397558300001, 2.9196704799038566], [-75.92311615699998, 2.9205367579038763], [-75.921515908, 2.9208839279038576], [-75.91934565999998, 2.9203654139038506], [-75.916837321, 2.918172996903929], [-75.915585067, 2.916152562904018], [-75.91450370799998, 2.914536902904041], [-75.912907668, 2.912920930904068], [-75.91119556299998, 2.9121711699041426], [-75.909882574, 2.911536581904136], [-75.90811468200002, 2.9103253569041576], [-75.906346611, 2.908997751904229], [-75.90480579500002, 2.9081906449042445], [-75.90127127900001, 2.905489081904315], [-75.900927212, 2.905363079904316], [-75.89468246799998, 2.903196784904388], [-75.89578622800002, 2.9047881619043516], [-75.89754774900001, 2.9087715489042267], [-75.898624843, 2.9123509509041257], [-75.90004999000001, 2.913562737904076], [-75.901189321, 2.9148896529040202], [-75.90187097, 2.9167370259039935], [-75.90197851800002, 2.9193931559038977], [-75.90288745100003, 2.921413034903818], [-75.90339936700002, 2.9225098809037773], [-75.90379417999998, 2.9245305709037073], [-75.90339286400001, 2.9251656249036695], [-75.902591685, 2.925570256903683], [-75.90184915499998, 2.9253974379036896], [-75.89910312500001, 2.926784746903638], [-75.898417617, 2.926784703903645], [-75.89779201699997, 2.925572787903698], [-75.897739005, 2.9240142269037195], [-75.89700691799999, 2.9197416789038995], [-75.89581161400002, 2.917837487903908], [-75.893932834, 2.915066631904021], [-75.89325243399998, 2.9129305619040853], [-75.89234605000001, 2.9096401229041837], [-75.89166257800002, 2.9087745889042473], [-75.891320211, 2.908659313904215], [-75.89109122999997, 2.9088325439042375], [-75.89074598100001, 2.9097567509041733], [-75.890628542, 2.9111997769041267], [-75.890221457, 2.9139137929040704], [-75.88901730200001, 2.9157042659039814], [-75.88810070099998, 2.9166864309039937], [-75.88746836799999, 2.9183607619039393], [-75.887577324, 2.9204971729038487], [-75.88831119999998, 2.924134194903755], [-75.888591163, 2.9263855819036824], [-75.88836025, 2.9274824829036237], [-75.88801500199997, 2.928406694903567], [-75.88727053600002, 2.9291575379035932], [-75.88434398300001, 2.928671785903574], [-75.884870003, 2.9294471779035307], [-75.88486836300001, 2.9301979799035323], [-75.88423508400001, 2.931988127903472], [-75.88508870200002, 2.933488944903443], [-75.88657061800001, 2.935046955903379], [-75.88770968799997, 2.936547315903293], [-75.88770757999998, 2.937355175903275], [-75.88719066300001, 2.9384525309032603], [-75.88598708199999, 2.9398967139031984], [-75.884271463, 2.9405321539031752], [-75.882386569, 2.940360001903179], [-75.877822493, 2.937648718903268], [-75.87463226900002, 2.933840399903416], [-75.87019216800002, 2.926972035903634], [-75.86916621900002, 2.9259330169036475], [-75.86848214700001, 2.9254137729036938], [-75.86756861499998, 2.9251259469037203], [-75.86482482500003, 2.9254736989036965], [-75.86356474600001, 2.92674395290367], [-75.86298794099997, 2.929111391903545], [-75.86148761200002, 2.9352896769033796], [-75.86022722899997, 2.936733935903314], [-75.85616935799999, 2.9372549119033127], [-75.85502953999998, 2.9359855559033345], [-75.85457534199998, 2.934773324903362], [-75.85475401100001, 2.93182912190349], [-75.858206612, 2.9217237059038306], [-75.85849216600002, 2.9144434019040633], [-75.85679238799997, 2.9158928449039756], [-75.85369793299998, 2.919531904903865], [-75.85152127200001, 2.921842496903802], [-75.85043284900001, 2.9229396049037804], [-75.84860206100001, 2.9239796649037224], [-75.847459232, 2.9240379189037284], [-75.84637547400001, 2.92340345490378], [-75.84592091100001, 2.922307025903785], [-75.84592511, 2.9206325159038564], [-75.846614359, 2.919015707903915], [-75.84741686500001, 2.917976102903933], [-75.848448362, 2.916763272903987], [-75.85160820200002, 2.9095440599041837], [-75.849949407, 2.9102380989042116], [-75.84840562400001, 2.9108161449041794], [-75.846744376, 2.91249149790412], [-75.84428079100002, 2.915321703904023], [-75.843307288, 2.9162457539039797], [-75.842392383, 2.916534712903954], [-75.84113609299999, 2.91624681490401], [-75.842066423, 2.9094332429042398], [-75.84184173199998, 2.907990140904287], [-75.84218676799998, 2.906892484904307], [-75.844308463, 2.903889374904398], [-75.84381125099998, 2.8968452279046426], [-75.84210756800002, 2.892341785904745], [-75.84188151299998, 2.8914760629048235], [-75.84239763, 2.8905521529048217], [-75.84365613300002, 2.890089246904843], [-75.84542574300002, 2.8906080089048345], [-75.84668010600001, 2.891877799904764], [-75.84821896099999, 2.8932629679047293], [-75.850445353, 2.894128463904717], [-75.85272896999999, 2.8949356749046884], [-75.85438490799999, 2.8953387749046997], [-75.85684157399999, 2.895395464904655], [-75.85784656999999, 2.89561820790464], [-75.85525197200002, 2.8912963989048044], [-75.85576893400003, 2.8901990519048586], [-75.856627274, 2.8896791209048325], [-75.85776976300002, 2.8897943179048418], [-75.86045128199999, 2.8914099069048254], [-75.861420936, 2.8920445459048056], [-75.86387651500002, 2.892505159904755], [-75.86707127400001, 2.894640244904703], [-75.87066379100003, 2.8974678799046254], [-75.87342999200001, 2.897492980904629], [-75.87283705099998, 2.896658352904655], [-75.87243921200002, 2.8959075979046642], [-75.871583912, 2.8950999259046806], [-75.87050031400003, 2.8941767919047114], [-75.86964596500002, 2.8932533029047347], [-75.86901965200002, 2.8922718359047948], [-75.86822381100001, 2.890655070904852], [-75.86736997600002, 2.8893276439048647], [-75.86571679600002, 2.8877692509049306], [-75.86394771300002, 2.8868465899049576], [-75.863149438, 2.8862116879049786], [-75.86235245099999, 2.884941787905004], [-75.86121280499998, 2.8837294699050435], [-75.85847369700002, 2.882286831905078], [-75.85710606100002, 2.8807861659051563], [-75.856080787, 2.879400788905187], [-75.85528351300002, 2.8783043149052103], [-75.85409300600003, 2.876140124905309], [-75.848811657, 2.8752385679053214], [-75.84160587500003, 2.8739754889053506], [-75.83212677, 2.8742812439053362], [-75.82821010999999, 2.8752119319053464], [-75.82584201399999, 2.875770255905324], [-75.82256307300003, 2.8766988489052685], [-75.820925128, 2.8774391219052635], [-75.81928688900001, 2.8783624399052163], [-75.81692070600002, 2.8794715799051644], [-75.814009301, 2.881225579905115], [-75.812190095, 2.8825169499051153], [-75.809369565, 2.884179288905013], [-75.807368156, 2.88537940490498], [-75.80573181699998, 2.8868535489049743], [-75.80037602800002, 2.893941565904745], [-75.796471871, 2.898912794904556], [-75.79393647199998, 2.9042469709044063], [-75.792949985, 2.9093929869042032], [-75.79186667599998, 2.912886632904126], [-75.790873723, 2.9159202649040057], [-75.79061398300001, 2.9204211539038476], [-75.789529437, 2.9234554929037593], [-75.78862517499999, 2.925662457903655], [-75.787722691, 2.928695964903556], [-75.787090283, 2.930442648903508], [-75.77683793, 2.9461797799030283], [-75.77456561899999, 2.948207436902945], [-75.77174720800002, 2.9506957899028596], [-75.76920258199999, 2.9532752629027983], [-75.76711024399998, 2.954659151902701], [-75.76529170100002, 2.956134161902693], [-75.76338225199999, 2.9577013949026463], [-75.76101939199998, 2.9600969829025763], [-75.760202112, 2.9611094929024953], [-75.75638194099997, 2.963784637902426], [-75.75147214999998, 2.968024671902298], [-75.74501958299999, 2.974473775902102], [-75.73947406000002, 2.9794503459019337], [-75.736019704, 2.982583142901809], [-75.73374680699999, 2.984702891901717], [-75.73156440399998, 2.986454706901692], [-75.72965607399999, 2.9884806999016478], [-75.728386005, 2.990413667901529], [-75.72393502, 2.9957541809013746], [-75.71885038900001, 3.0024747519011754], [-75.712569288, 3.005341051901069], [-75.70975070499998, 3.007920931900972], [-75.70666103299999, 3.011145290900869], [-75.70348125700002, 3.0146449319007718], [-75.70030103300002, 3.01823666790063], [-75.69748172800001, 3.0203577779005775], [-75.69547909800002, 3.0213742749005728], [-75.69247590200001, 3.0230363119004733], [-75.68947391299997, 3.0251576799004227], [-75.68738156500001, 3.026725168900339], [-75.684836426, 3.0292131209002826], [-75.68220105299997, 3.03188425990022], [-75.67901840299999, 3.0346494129001145], [-75.67701844999999, 3.036400389900034], [-75.67029036399998, 3.042574743899824], [-75.66528718900003, 3.046079827899748], [-75.660470401, 3.051054204899579], [-75.65656015399998, 3.0544639278994707], [-75.653924647, 3.0571356298993737], [-75.65065078999999, 3.0599009058992714], [-75.64755862499999, 3.0623901978991968], [-75.644830254, 3.064602683899141], [-75.63318887899999, 3.0739135608987995], [-75.63137138600001, 3.076031523898721], [-75.62928060399997, 3.078058907898684], [-75.62782747799997, 3.0799000658986153], [-75.62616313799998, 3.081827404898571], [-75.62744469900002, 3.086299327898406], [-75.62772487299998, 3.088895708898311], [-75.62783051600002, 3.0928771708981935], [-75.62833961299998, 3.0951845058981293], [-75.62907580199999, 3.0983000418980216], [-75.63061379499999, 3.10043414189793], [-75.63300702499998, 3.1032032108978473], [-75.63557176699999, 3.105625672897796], [-75.63756602799998, 3.1080478128976825], [-75.63961635499999, 3.1107591468976215], [-75.640924375, 3.1135856738974974], [-75.64229114099999, 3.115431263897452], [-75.64331695599998, 3.116642842897437], [-75.644337882, 3.1199308158973316], [-75.64507456199999, 3.122930479897187], [-75.64615605300003, 3.1245453838971424], [-75.64798162099999, 3.125698722897149], [-75.648551349, 3.1263329558970985], [-75.649745387, 3.1288132698970377], [-75.65099441799998, 3.1323896008968997], [-75.65218567599999, 3.1364276178967962], [-75.65320512199997, 3.140580575896621], [-75.654053067, 3.144675584896515], [-75.65560077600003, 3.148359932896373], [-75.65564766799997, 3.14698295889643], [-75.65685203499999, 3.144559593896489], [-75.65839684399998, 3.1431747618965478], [-75.66093131899999, 3.1432331718965503], [-75.66365404300001, 3.137499499896722], [-75.66377307800002, 3.1366456128967433], [-75.66462556300002, 3.141903918896602], [-75.66455667700001, 3.147441563896422], [-75.66374538600002, 3.1530373758962087], [-75.662420188, 3.158517566896035], [-75.661785587, 3.160803363895973], [-75.66416072099997, 3.1667486908957843], [-75.664178569, 3.1788158848953847], [-75.66489249099999, 3.1837845328952055], [-75.662794007, 3.1972741788947467], [-75.65927394200003, 3.2050883168945092], [-75.65151081300002, 3.2097363688943523], [-75.65025738999998, 3.2124468628943004], [-75.64962228000002, 3.2159073178941657], [-75.64887136599998, 3.220117139894035], [-75.64954845699998, 3.224095991893894], [-75.651512884, 3.228868417893723], [-75.65387895999999, 3.228938294893717], [-75.65507593000001, 3.2302066048936746], [-75.65632738599999, 3.2325709268935996], [-75.65706178599999, 3.2364914708935104], [-75.65728414099999, 3.239317258893414], [-75.65773506900001, 3.2423732168933177], [-75.65875596400002, 3.2457746488931787], [-75.65977992699999, 3.2478505848930963], [-75.66046030799998, 3.2502140628930243], [-75.660741917, 3.2520594808929806], [-75.66045188800001, 3.254308050892916], [-75.66022138800002, 3.25540393489287], [-75.66033421200001, 3.2560376888928295], [-75.660959031, 3.2577096908927943], [-75.66181375399998, 3.258632151892783], [-75.66255239200001, 3.2604768648926883], [-75.66249051599999, 3.262668018892622], [-75.66145256700003, 3.267684531892437], [-75.65932527000001, 3.274603374892269], [-75.65821905000001, 3.284981834891896], [-75.65826675099999, 3.289709101891763], [-75.657802731, 3.2932258018916256], [-75.65676684599998, 3.297376752891476], [-75.65573167500003, 3.300893775891387], [-75.65423836299999, 3.305160134891229], [-75.65205682499999, 3.3108101158910825], [-75.64959084899999, 3.31611420089088], [-75.64758154999998, 3.321187061890691], [-75.64632045600001, 3.3236665448906164], [-75.64414071099998, 3.3286814838904846], [-75.64310423299997, 3.3328324618903316], [-75.64103995699998, 3.3372709288901876], [-75.63966187, 3.3411907928900653], [-75.63850918100002, 3.3465516318898865], [-75.63741288799997, 3.352027083889686], [-75.63603449300001, 3.356119849889594], [-75.63454078199999, 3.3609037978893963], [-75.63315847400003, 3.3668407508892035], [-75.63326446999997, 3.3710476058890704], [-75.63256927100002, 3.3759467108889], [-75.63141764900001, 3.380903030888764], [-75.62969401700002, 3.3864359878885955], [-75.62825686999997, 3.3914498288884225], [-75.626707356, 3.3954264978882867], [-75.62544179600002, 3.4001524898881077], [-75.62492117400001, 3.403782901887993], [-75.62393178100001, 3.4132906798876834], [-75.62305643000002, 3.423087002887354], [-75.622756149, 3.4306348288871105], [-75.62252301699999, 3.4332856408870374], [-75.62206017599999, 3.436454360886954], [-75.62097026999999, 3.4391630268868543], [-75.61965114100002, 3.4419861868867527], [-75.61884550299999, 3.445270714886641], [-75.61798172800002, 3.449131077886518], [-75.61706300600002, 3.4520118068864467], [-75.61585701400003, 3.455641626886288], [-75.61465431800002, 3.4574278208862586], [-75.61322322900003, 3.459502531886171], [-75.61207682000003, 3.4616920548861225], [-75.610986679, 3.4646301278860268], [-75.60983938800001, 3.4673383338859005], [-75.60846477500002, 3.4695852868858252], [-75.60709033799998, 3.471947501885757], [-75.60543113699998, 3.473791487885733], [-75.60377271700003, 3.4750591618856537], [-75.60177350800001, 3.4755776018856444], [-75.60147381399997, 3.475578072885662], [-75.59822035500002, 3.482722117885448], [-75.59672853799998, 3.4866394368853038], [-75.59664935400002, 3.48706388588527], [-75.59854995699999, 3.4896345218852116], [-75.599403419, 3.491016888885127], [-75.59980145200001, 3.492053621885131], [-75.59968575800002, 3.492860076885076], [-75.59951300300003, 3.4934937278850455], [-75.599511544, 3.494358197885028], [-75.59979545800002, 3.495049322885006], [-75.59985088100001, 3.495970769884973], [-75.59967868799998, 3.4966044198849486], [-75.59916311699999, 3.4973533118849156], [-75.598191526, 3.498102357884906], [-75.59761974499997, 3.4985055508849037], [-75.59492450200003, 3.4998319368848767], [-75.59472645199997, 3.5191274388842206], [-75.594998492, 3.5265574868839775], [-75.59447057, 3.534102375883764], [-75.59559918000002, 3.541244026883511], [-75.59638528400001, 3.5483274568833045], [-75.597116261, 3.554317104883076], [-75.59826278399999, 3.5581652508829436], [-75.600481247, 3.55610164988304], [-75.60231233299999, 3.554085567883096], [-75.60705864900001, 3.549708127883255], [-75.60918946499999, 3.5477169838832707], [-75.61180538600001, 3.545272483883381], [-75.61666735799997, 3.540491430883556], [-75.61958601399999, 3.5368045518836317], [-75.62479119900001, 3.5315048258838284], [-75.62759451599999, 3.528509134883903], [-75.63159833399999, 3.5248221848840466], [-75.63600106400003, 3.5213074688841832], [-75.64594560699999, 3.5160061808843546], [-75.651378895, 3.5111088898844955], [-75.65441203099999, 3.507421812884621], [-75.65659206800001, 3.5019490568847873], [-75.65780123000002, 3.496591467884986], [-75.65855654900002, 3.4922143328851023], [-75.66152018700001, 3.4925009958850914], [-75.66870223199999, 3.4987775208849166], [-75.67103498900002, 3.5031551708847593], [-75.67484700400001, 3.5101812768845417], [-75.676835455, 3.5150769918843525], [-75.677397052, 3.5200875178842232], [-75.67710754799998, 3.522161519884129], [-75.67635731399997, 3.5261357938840243], [-75.67634757500002, 3.531434857883839], [-75.67468463799997, 3.535006135883704], [-75.67176940000002, 3.5368500798836724], [-75.66891333400002, 3.537426642883639], [-75.66611443400001, 3.53823361888359], [-75.66365602299999, 3.539904461883531], [-75.66204724800002, 3.5453186658833915], [-75.65987085900002, 3.5488896828832854], [-75.657062758, 3.554361835883071], [-75.65162483699999, 3.561965033882855], [-75.645961129, 3.56807080388263], [-75.64052936500002, 3.572333153882468], [-75.636070915, 3.575213582882385], [-75.63332854999999, 3.576308579882349], [-75.63047248499998, 3.576999781882313], [-75.62727404600003, 3.5777491728822826], [-75.624876637, 3.577634472882305], [-75.62276489099997, 3.5771746438823593], [-75.620883327, 3.5757929098823937], [-75.61968753299999, 3.574238280882451], [-75.618949294, 3.572222985882482], [-75.63245782799999, 3.5534460738831273], [-75.637722655, 3.5468218068833384], [-75.64018311799998, 3.543941900883401], [-75.64388677, 3.5382750598835946], [-75.64316274499998, 3.5380666398836196], [-75.64105073299999, 3.5380667278835993], [-75.634254527, 3.538989801883587], [-75.63185572399999, 3.5396819028835345], [-75.62425523500002, 3.5433114708834172], [-75.62157311099998, 3.542678513883445], [-75.61991549099997, 3.543773364883418], [-75.61819871, 3.545846902883337], [-75.61676512000003, 3.549187854883263], [-75.61653104800001, 3.5522398358831593], [-75.61709433599998, 3.5563290028829866], [-75.61725932799999, 3.5599572048828865], [-75.61645243999999, 3.5638158198827674], [-75.615306766, 3.5661195258827143], [-75.613475231, 3.5685384818826185], [-75.61205716900002, 3.570014898882566], [-75.61321398400003, 3.571470166882492], [-75.61230540600002, 3.5733039678824654], [-75.60957571400002, 3.5763617208823684], [-75.60897966499999, 3.583689719882111], [-75.60838122899997, 3.5891865338819566], [-75.607779762, 3.5931561358818183], [-75.60656799600002, 3.595294979881746], [-75.60383429000001, 3.5959102218817063], [-75.60067447, 3.5987104798816527], [-75.601227973, 3.6036726268814494], [-75.60229385399998, 3.6097091458812693], [-75.60295889499997, 3.6164932568810495], [-75.60351327400002, 3.621954291880865], [-75.60407029599997, 3.626610746880686], [-75.60434361699998, 3.630750118880604], [-75.60450484400002, 3.634084534880468], [-75.60449848299999, 3.636383567880381], [-75.604377962, 3.638683352880291], [-75.60396951500002, 3.6420175808802124], [-75.602784686, 3.6458553878800606], [-75.60310367300002, 3.6459271798800854], [-75.60458414300001, 3.646443971880054], [-75.60538141299998, 3.6466731758800353], [-75.60566653900003, 3.6466732668800397], [-75.608235095, 3.645407908880125], [-75.60971705499998, 3.64546477088008], [-75.61074255400001, 3.645637089880072], [-75.61125479100002, 3.645923825880085], [-75.61153367499998, 3.6479359158800135], [-75.61062019399998, 3.648510918879983], [-75.60822362599998, 3.649374281879966], [-75.60576857199999, 3.650927046879898], [-75.60508107700002, 3.6521344808798966], [-75.60359229, 3.6544342778797985], [-75.602937671, 3.654774933879782], [-75.60163061399999, 3.662942616879524], [-75.59983551900001, 3.6728869438792295], [-75.59890319499999, 3.680129662878968], [-75.59709544499998, 3.690576887878631], [-75.598189268, 3.6908779068786264], [-75.60228944800002, 3.6920259278785985], [-75.60222661400002, 3.6941521618785282], [-75.59991525800001, 3.6949233158784494], [-75.601415105, 3.6989227628783294], [-75.60345605399999, 3.702945022878207], [-75.60743077000001, 3.708403644878017], [-75.60884688499999, 3.71139183587796], [-75.60929313899999, 3.7148969478778144], [-75.60841936999998, 3.721736141877604], [-75.609605897, 3.72529875587746], [-75.61061568000002, 3.731102478877314], [-75.610433591, 3.7351826988771704], [-75.60990834400002, 3.7395499638770135], [-75.60904324699999, 3.743170305876924], [-75.608919351, 3.746732882876777], [-75.60845302899997, 3.7503531118766986], [-75.60764814800001, 3.7529970248765907], [-75.60729389599999, 3.757364002876459], [-75.60717101900002, 3.760524296876348], [-75.605793334, 3.764029699876197], [-75.60459415100001, 3.7650069548761804], [-75.602382052, 3.761042687876293], [-75.59821809300001, 3.7623080628762535], [-75.59696364400003, 3.7625384618762783], [-75.59570872699999, 3.7628264918762495], [-75.59301069399999, 3.7628683658762787], [-75.591707251, 3.767079341876109], [-75.58992878200002, 3.771446506875987], [-75.58677206599998, 3.7793767188757488], [-75.58391071300002, 3.783686403875559], [-75.58110854, 3.7870772778754924], [-75.57611498699998, 3.7998900848750647], [-75.57456211099998, 3.805003274874869], [-75.57312526300001, 3.8095422158747416], [-75.56950593200003, 3.820113578874394], [-75.56857432700002, 3.827408950874147], [-75.56678973300001, 3.83390062987395], [-75.56282988800001, 3.8440686228736034], [-75.55946357800002, 3.845620790873539], [-75.55712070200002, 3.847976369873506], [-75.55477679900002, 3.8507336768733724], [-75.55283263000001, 3.8530320768733333], [-75.54744946300002, 3.8629120828730166], [-75.54275319999999, 3.8715286818727273], [-75.53828867700003, 3.8788238738724448], [-75.53451204100003, 3.88473981987227], [-75.53084547899999, 3.891919540872038], [-75.52775245700002, 3.8979501738718563], [-75.52391674299997, 3.904612626871634], [-75.51893750200003, 3.912767544871364], [-75.51390367900001, 3.919946755871126], [-75.51041319400002, 3.9255746368709556], [-75.50766406100001, 3.9308006758707577], [-75.50319821099998, 3.938954749870498], [-75.49992634099999, 3.947912572870206], [-75.496885265, 3.9559507128699387], [-75.49447239900002, 3.9635301358696764], [-75.49120358800002, 3.971682809869435], [-75.48873783800002, 3.9775966148692237], [-75.486500863, 3.983394777869044], [-75.48420685399998, 3.989078900868893], [-75.48174355100002, 3.9941304718686963], [-75.47911095199998, 3.998551181868584], [-75.47698913699998, 4.003947425868404], [-75.47601216100003, 4.0072194868682605], [-75.47572112799998, 4.0095157158682095], [-75.47513376400002, 4.0163462968679555], [-75.477026158, 4.014761598868028], [-75.47839375799998, 4.014296549868026], [-75.48038928400001, 4.014173986868043], [-75.481472763, 4.014399880868012], [-75.48295353499998, 4.013647030868068], [-75.48409354199998, 4.013355254868096], [-75.485235273, 4.014098053868036], [-75.48603318900001, 4.013807413868045], [-75.48711447400001, 4.013056358868101], [-75.488139972, 4.012592435868077], [-75.48848206100001, 4.012591294868089], [-75.48945016800002, 4.012127466868144], [-75.49064851899999, 4.012410788868104], [-75.49127768099999, 4.013155570868103], [-75.49133603299998, 4.013730110868033], [-75.491227826, 4.013959696868069], [-75.490712019, 4.015054471867989], [-75.489118276, 4.016209829867961], [-75.48695428899998, 4.017540174867956], [-75.48621689999999, 4.019037061867879], [-75.485363097, 4.019557766867848], [-75.48376771900001, 4.020081411867883], [-75.48131787099999, 4.021067558867835], [-75.47846890199997, 4.021940796867808], [-75.476531416, 4.0224650038678025], [-75.47328824200002, 4.025178649867675], [-75.47197858200002, 4.025988274867638], [-75.47044066000001, 4.0265688758676434], [-75.46884553400002, 4.0272648358675855], [-75.46656677200002, 4.027963061867617], [-75.46423070600002, 4.028719010867591], [-75.461838279, 4.02976265486755], [-75.46012966500001, 4.0305734958675], [-75.45608834299998, 4.033520088867394], [-75.45386590099997, 4.033930590867402], [-75.45238439600001, 4.034281099867376], [-75.45056285099997, 4.035552620867367], [-75.44720285900001, 4.037461778867298], [-75.444641284, 4.039023245867237], [-75.44230673800001, 4.040411432867165], [-75.44003350100002, 4.043523466867088], [-75.43912251900002, 4.044216573867087], [-75.43707117299999, 4.044683830867037], [-75.435021501, 4.045841000866998], [-75.43297191599999, 4.047055803866998], [-75.43109225900002, 4.047924516866955], [-75.42944011399999, 4.048562882866916], [-75.42590932000002, 4.050357558866881], [-75.42471331799999, 4.050879342866868], [-75.42380166499998, 4.051170125866828], [-75.42289094099999, 4.051690880866831], [-75.421866083, 4.05226945486679], [-75.42049920099998, 4.052906781866762], [-75.41947443100003, 4.053542422866772], [-75.41822065399998, 4.053834318866721], [-75.41690995300002, 4.0540692338667395], [-75.41588453399999, 4.0543031228667505], [-75.41537090000003, 4.054017469866766], [-75.41530970500003, 4.05375199586677], [-75.41519808599998, 4.053270751866777], [-75.41531110800003, 4.052868252866765], [-75.41291482999998, 4.051957291866807], [-75.41211573099997, 4.051557953866801], [-75.41154563399999, 4.051502362866826], [-75.41057677200001, 4.05156324986684], [-75.40983478099997, 4.05133615886685], [-75.40954839900002, 4.0506472528668755], [-75.40937531899999, 4.049728755866867], [-75.40965894300001, 4.0490378078668865], [-75.41005632299999, 4.048404313866912], [-75.41022674099997, 4.048001157866922], [-75.41125067899998, 4.047192623866955], [-75.41204774900001, 4.046672627866998], [-75.41278834899998, 4.046382699866974], [-75.41392937299997, 4.0466656538669685], [-75.41455666299998, 4.046950560866995], [-75.41535889800002, 4.0486144758669385], [-75.41592945299999, 4.04895767386692], [-75.41667078699999, 4.0491271258668755], [-75.417639931, 4.048893892866924], [-75.418863267, 4.049978510866887], [-75.41923765299998, 4.049750191866861], [-75.42020586400002, 4.049286417866912], [-75.42561364800002, 4.045645535867018], [-75.426750217, 4.043859837867083], [-75.42783133699999, 4.0429364908670875], [-75.42914052499998, 4.042126913867128], [-75.42993683100002, 4.041146959867157], [-75.43067443899997, 4.039707150867229], [-75.43209710100001, 4.038437439867251], [-75.433692296, 4.038086776867251], [-75.43506025900001, 4.0377941168672535], [-75.435800089, 4.03738890286731], [-75.43636812300002, 4.03652515186734], [-75.43722096599998, 4.035372198867344], [-75.43870118299998, 4.034562333867367], [-75.43914642200002, 4.03431524786737], [-75.44250547799999, 4.027650707867616], [-75.443981194, 4.024771654867698], [-75.44573955599998, 4.02097168486783], [-75.447894969, 4.016021201867977], [-75.44987940499999, 4.011473314868127], [-75.45231761500003, 4.00571718886832], [-75.45475262299999, 3.9986965088685595], [-75.45742632399998, 3.992463675868759], [-75.45777109400001, 3.9878772348688853], [-75.457547181, 3.986499465868953], [-75.45675586499999, 3.983916257869058], [-75.45579436399998, 3.981160986869131], [-75.45403912199998, 3.9767406948692567], [-75.45240095899999, 3.9712873048694224], [-75.45121941399998, 3.965316712869632], [-75.45038111100001, 3.9590014478698317], [-75.44954227300002, 3.9526861778700737], [-75.44927319499999, 3.946599957870231], [-75.45025925300001, 3.939767556870458], [-75.45295297000001, 3.9337381698707], [-75.45667559999998, 3.9266177278709025], [-75.46022287900001, 3.92104748387107], [-75.464913631, 3.9139266178713266], [-75.47028850599997, 3.9068622808715245], [-75.476865771, 3.897500807871878], [-75.480877588, 3.88882888687213], [-75.48368597000001, 3.8825682438723708], [-75.484438695, 3.878030909872498], [-75.48553638700002, 3.872517765872665], [-75.485659779, 3.8687843718727914], [-75.48618581, 3.8639021738729338], [-75.48620335599998, 3.8572974368731705], [-75.48599613699997, 3.849428510873417], [-75.48550592800001, 3.8408130578736888], [-75.48587204900002, 3.8315645158740237], [-75.48577520700002, 3.825131163874245], [-75.48584996699998, 3.8183528638744613], [-75.48506990499999, 3.811689498874671], [-75.48405956699997, 3.8059446788748446], [-75.48447083299999, 3.801348576874996], [-75.48681823099997, 3.7970968978751483], [-75.49299446399999, 3.789225155875381], [-75.496946192, 3.781870576875642], [-75.49907188899999, 3.775492469875861], [-75.499444718, 3.774005271875906], [-75.50062748699997, 3.769287047876073], [-75.50240409499997, 3.765552170876194], [-75.50498775400001, 3.763535401876235], [-75.505202355, 3.7633678098762213], [-75.50840005200001, 3.761241567876315], [-75.51674272899999, 3.7531380878765868], [-75.52143111100003, 3.747620388876774], [-75.5259476, 3.742275296876921], [-75.53017999600002, 3.7369300948771014], [-75.52847934200003, 3.733540413877217], [-75.52339599499999, 3.737506607877078], [-75.517624539, 3.743139599876912], [-75.511511026, 3.7487719988766983], [-75.50728293200001, 3.752680290876583], [-75.50208668699997, 3.7565313508764406], [-75.494380272, 3.7612446638763157], [-75.487473953, 3.7650955608761962], [-75.48499491899997, 3.7664340848761575], [-75.486794299, 3.7635444748762414], [-75.48787910800002, 3.7626822148762473], [-75.488393535, 3.762164958876299], [-75.489307526, 3.7614176698763204], [-75.490220953, 3.7606709458763334], [-75.49176354600002, 3.7594062198763853], [-75.492676969, 3.7586589288763728], [-75.49370475199999, 3.758026724876399], [-75.49564383900002, 3.7574518418764566], [-75.49752936800002, 3.755727759876505], [-75.50215978300002, 3.7504407388766605], [-75.50467407399998, 3.7479692448767246], [-75.50701994000002, 3.7446357778768276], [-75.509720034, 3.7398072378770326], [-75.508970745, 3.7397513618770057], [-75.508231035, 3.7393491048770056], [-75.505153909, 3.7390624338770397], [-75.503004895, 3.7395235158770426], [-75.501668102, 3.742510705876944], [-75.49944033000003, 3.744407659876837], [-75.49527233700002, 3.7472241618767788], [-75.49076357000001, 3.7497535868766727], [-75.48842560700001, 3.750270881876663], [-75.48728662100001, 3.749926304876655], [-75.48609064800002, 3.7494671098767096], [-75.48523857800001, 3.748432731876756], [-75.48416470799998, 3.745100123876811], [-75.48377307099997, 3.742457488876926], [-75.483319214, 3.741767721876966], [-75.48200886500001, 3.7415381008769613], [-75.47990016, 3.74153856387695], [-75.47859067000002, 3.741136598876986], [-75.47659596900002, 3.741022173876991], [-75.47482633599998, 3.742056684876962], [-75.47230813599998, 3.746079725876817], [-75.47156046399999, 3.7485506798767174], [-75.47121099600002, 3.7513662568766075], [-75.47113746500003, 3.75183252987662], [-75.47074751999997, 3.7542967138765553], [-75.46868703199999, 3.7575144338764073], [-75.466914325, 3.7598705818763767], [-75.464970526, 3.7621693618762837], [-75.46331151300001, 3.764582968876203], [-75.46193720100001, 3.7670537698761417], [-75.46101936399998, 3.7693520908760165], [-75.46067338300003, 3.770788400876009], [-75.460784838, 3.775237943875881], [-75.45358519199999, 3.777664642875756], [-75.451649498, 3.77831686387573], [-75.44811057300001, 3.780385293875668], [-75.44337470300002, 3.782512055875583], [-75.43855641200003, 3.7896599458753526], [-75.43069494000002, 3.7965084828751863], [-75.42704939499998, 3.7992138448750707], [-75.421238577, 3.8048534088748593], [-75.417476024, 3.8113521308746536], [-75.41530451900002, 3.8217569208743085], [-75.41353627199999, 3.826126335874207], [-75.41119984699998, 3.82974961287406], [-75.40846539199998, 3.832051828874023], [-75.40556021100002, 3.834181391873934], [-75.40293948499999, 3.8369428188738413], [-75.40048958599999, 3.8395892788737425], [-75.398040245, 3.841488731873704], [-75.396445427, 3.8426398908736292], [-75.39264516899999, 3.8455426478735477], [-75.39408212799998, 3.8479335118734754], [-75.39376401700002, 3.8504010318733766], [-75.393989739, 3.852756418873323], [-75.39398884899998, 3.854422776873292], [-75.393361433, 3.856205347873213], [-75.39227869199999, 3.857470446873188], [-75.39051303899998, 3.85839188587313], [-75.38823500500001, 3.8597740478731106], [-75.38743708200002, 3.8611539888730486], [-75.38623988799998, 3.863396244872964], [-75.385498472, 3.864949008872909], [-75.384073769, 3.8674215858728185], [-75.38327632800002, 3.867996880872831], [-75.38185159699998, 3.869320124872782], [-75.38145262799998, 3.870010094872753], [-75.38156584199999, 3.8716192178726776], [-75.381564733, 3.872767986872639], [-75.380596024, 3.8743205278726127], [-75.37957050900002, 3.875126143872568], [-75.378146103, 3.876679365872557], [-75.37677940100002, 3.877313146872508], [-75.37564081900001, 3.877371916872519], [-75.37472996600002, 3.876970951872552], [-75.37364837400003, 3.877144906872521], [-75.37205300900001, 3.878755449872498], [-75.37131209299997, 3.879905889872405], [-75.370115564, 3.8811140788723777], [-75.368976664, 3.881345186872412], [-75.36835050500002, 3.8813461168724075], [-75.367952248, 3.881001453872396], [-75.36761114900003, 3.879737912872426], [-75.36795393099999, 3.878703339872485], [-75.36783995100001, 3.878473526872467], [-75.367270615, 3.878474371872505], [-75.36658713000003, 3.8792794698724244], [-75.36556116899999, 3.880947363872406], [-75.36482023899998, 3.882097236872341], [-75.36413590500001, 3.8834770048722906], [-75.36339474800002, 3.884856859872282], [-75.36236872, 3.8868694428722264], [-75.36105747900001, 3.8892842088721045], [-75.36054430500002, 3.890376107872092], [-75.36014511299999, 3.891698385872021], [-75.3595752, 3.8928480048720235], [-75.35934653100003, 3.893825341871988], [-75.35968768700002, 3.894743632871967], [-75.36122501400001, 3.894569575871939], [-75.36219363599997, 3.893304092871979], [-75.36247859100001, 3.8927295628720056], [-75.36441594000001, 3.890658555872087], [-75.366010356, 3.889909738872124], [-75.36737661699999, 3.890482376872097], [-75.36691935599998, 3.8932405678720077], [-75.366917908, 3.8953092668719465], [-75.36634728000001, 3.8974929568718584], [-75.36475139999999, 3.9003099128717653], [-75.36309818299998, 3.9027828328716905], [-75.36332366699997, 3.906516440871575], [-75.36326517499998, 3.908814643871507], [-75.36303657299999, 3.910596065871416], [-75.36218108600002, 3.91266490987135], [-75.36035759999999, 3.914908105871269], [-75.35899043500001, 3.916805367871209], [-75.35784944400001, 3.9198516348711157], [-75.357164753, 3.9221502078710557], [-75.35682277299998, 3.9233571308710053], [-75.35659396300002, 3.924620957870963], [-75.35727670400001, 3.92519461287093], [-75.35801755699998, 3.9247341118709747], [-75.358644443, 3.9232973488710097], [-75.359385815, 3.9212857428710777], [-75.36052573799998, 3.919043562871155], [-75.361380731, 3.9177788048712103], [-75.36274839800001, 3.91622622887126], [-75.36371667200001, 3.9154777698712673], [-75.364571625, 3.913810684871314], [-75.36542737899998, 3.911167169871411], [-75.366624408, 3.908752560871463], [-75.36753703099998, 3.905764273871564], [-75.36799392400002, 3.9035231158716317], [-75.36856516, 3.9009947368717626], [-75.368737017, 3.899271037871792], [-75.36919394, 3.8974316418718726], [-75.36976414600002, 3.8961096738719005], [-75.37044857799998, 3.894040522871969], [-75.37107577400002, 3.8928331788719848], [-75.37187276600002, 3.892314955872034], [-75.37335240200002, 3.8934620808719878], [-75.37335025300001, 3.896564839871888], [-75.372608018, 3.9002422448717837], [-75.37129617400001, 3.903748723871676], [-75.36992727699999, 3.9074847068715086], [-75.36844433499999, 3.9113355688714226], [-75.36724659200001, 3.9147836808713112], [-75.365992157, 3.9179448268711754], [-75.36479476199997, 3.920876471871069], [-75.36354005800001, 3.92386471087102], [-75.36211437999998, 3.9276578568708564], [-75.36034704600002, 3.9317391328707467], [-75.35920661799997, 3.934784839870661], [-75.35818005800002, 3.9376009628705697], [-75.356925494, 3.9407044778704274], [-75.354472654, 3.9484619698701766], [-75.353501274, 3.9539767668699866], [-75.35281479600002, 3.9600081748698], [-75.35184387599998, 3.9643171248696536], [-75.35161450599998, 3.9674761868695563], [-75.350986218, 3.970635847869445], [-75.350301715, 3.973450901869403], [-75.34973101700001, 3.9752317158693176], [-75.34836349599999, 3.9777031048692293], [-75.34614093300002, 3.9806928118691136], [-75.34437441900002, 3.9835094888690774], [-75.34289290700002, 3.9861528298689453], [-75.33998671299997, 3.9906941008687884], [-75.33787887599999, 3.993683067868715], [-75.335997953, 3.996786969868626], [-75.33383326, 3.9997760198685333], [-75.33144033000002, 4.002535990868424], [-75.329104385, 4.005410581868356], [-75.32756579800002, 4.00793929686826], [-75.326027065, 4.010755068868189], [-75.32448781599999, 4.014374936868051], [-75.32357556099998, 4.016960359867939], [-75.32249280799999, 4.0195454728678675], [-75.321695137, 4.020465460867857], [-75.320214867, 4.020582928867835], [-75.31924760499999, 4.019436132867875], [-75.31890647699998, 4.018574901867912], [-75.31799636, 4.01725567286797], [-75.31674424300002, 4.016396348867962], [-75.31577653599999, 4.01570895186801], [-75.31503709100002, 4.014504172868014], [-75.314639838, 4.011805968868148], [-75.314982913, 4.008991963868231], [-75.31538319399999, 4.0056608348683405], [-75.31623932899998, 4.002386672868421], [-75.31663878, 4.000031426868521], [-75.31749497200002, 3.996412572868611], [-75.31829424699998, 3.99273616686872], [-75.31949128899998, 3.989805637868849], [-75.32057446099998, 3.9875070278689], [-75.32222671199997, 3.984977599868979], [-75.32382274700001, 3.982103557869101], [-75.325247665, 3.9795750278691724], [-75.32684318100002, 3.9763562948693014], [-75.32804029200003, 3.973885172869348], [-75.32969275200003, 3.9715280888694404], [-75.330320014, 3.9699189738694862], [-75.33077659899999, 3.96779363586957], [-75.33089136500001, 3.9662423498696335], [-75.331405459, 3.963427541869684], [-75.33231807300001, 3.9607268568697926], [-75.33340150200002, 3.958255340869858], [-75.33539565299998, 3.955266008869979], [-75.337618115, 3.9518169388701083], [-75.34012573400003, 3.948309245870205], [-75.34137944100002, 3.945722770870302], [-75.34234926599999, 3.943309060870336], [-75.34337518199999, 3.9407805598704497], [-75.344857585, 3.93761907387054], [-75.34645377099997, 3.9341703658706515], [-75.34742332399998, 3.931584313870766], [-75.34776565599998, 3.9306073708707845], [-75.34822231300001, 3.928940876870833], [-75.34867883200002, 3.9264126568709274], [-75.348908473, 3.924171827870982], [-75.34890926499997, 3.922793062871001], [-75.34856920300001, 3.9203236568710986], [-75.34805810900002, 3.9178539368712113], [-75.34723733099997, 3.910971494871428], [-75.34278852300002, 3.9204824788710932], [-75.33733243299997, 3.937650509870571], [-75.331996737, 3.952578452870059], [-75.330732555, 3.9568844508699246], [-75.32752628999998, 3.963256940869704], [-75.325066816, 3.9670459618695713], [-75.32226697599998, 3.9704902218694977], [-75.32179355900001, 3.971500698869428], [-75.32162334499998, 3.97207562586941], [-75.320485695, 3.9728842138693694], [-75.320125314, 3.97307969186939], [-75.319848702, 3.9732292748693743], [-75.31659635099999, 3.976223260869263], [-75.310810753, 3.983439207869043], [-75.307299952, 3.989091103868872], [-75.30476662400002, 3.996404598868644], [-75.302467229, 4.004808919868374], [-75.29999359099997, 4.012581743868083], [-75.29762791500002, 4.01914741386786], [-75.29531798800002, 4.025367178867681], [-75.29135961499998, 4.032976038867433], [-75.287679105, 4.038974023867263], [-75.28416257200001, 4.043591281867112], [-75.281041238, 4.047171609866994], [-75.27814769600002, 4.050693402866875], [-75.27263639, 4.055839037866673], [-75.274359345, 4.058129099866586], [-75.27510651199998, 4.05921693586656], [-75.279340445, 4.061550829866486], [-75.28031139299998, 4.061717819866508], [-75.28162366700002, 4.061710836866515], [-75.28281838200002, 4.060956984866541], [-75.28355575199998, 4.059918430866582], [-75.28435173999998, 4.059339199866582], [-75.28526439199999, 4.0592768478666], [-75.28623119899999, 4.058524453866601], [-75.28788397699998, 4.058170573866584], [-75.28896915000001, 4.0583368218666065], [-75.29000009100002, 4.059136036866553], [-75.29188424699998, 4.059240652866596], [-75.29376377599999, 4.058482964866599], [-75.29461569099999, 4.057673658866617], [-75.29564013100003, 4.057093520866657], [-75.29660952799998, 4.056973435866672], [-75.29827000900002, 4.0580565128666075], [-75.299472836, 4.059026679866564], [-75.30211086700001, 4.061713687866489], [-75.30365738400002, 4.062969829866444], [-75.30645745300001, 4.063701985866444], [-75.30839951299998, 4.064151168866427], [-75.30971324199999, 4.064373555866426], [-75.31217397, 4.065854912866368], [-75.31492073700002, 4.067448847866337], [-75.31629677500001, 4.068705775866266], [-75.318025681, 4.07226031886616], [-75.31872107700002, 4.074440454866081], [-75.31913216599997, 4.076909765866026], [-75.31914273199999, 4.079093750865941], [-75.31978238200003, 4.081619224865842], [-75.319793774, 4.083975553865776], [-75.319577519, 4.086506268865669], [-75.319301795, 4.088404193865644], [-75.31883699399998, 4.089928324865588], [-75.318739553, 4.090246607865533], [-75.31777586800001, 4.091573714865503], [-75.31675542900001, 4.092959109865455], [-75.316363997, 4.094627790865411], [-75.315513807, 4.095839452865377], [-75.31454937799998, 4.097051850865347], [-75.31132222100001, 4.098699358865312], [-75.311438081, 4.099790906865253], [-75.31092700599999, 4.100482190865255], [-75.30552190399999, 4.105501350865051], [-75.30409910999998, 4.106540385865035], [-75.302049829, 4.107869672864964], [-75.30130831000002, 4.1083816048649515], [-75.30218122000002, 4.112236373864867], [-75.30161786299999, 4.113734097864803], [-75.30236775700001, 4.115454195864715], [-75.30135536400002, 4.1185059798646515], [-75.30125167400001, 4.120690712864556], [-75.29918101499999, 4.129266560864296], [-75.29800342300001, 4.133640871864152], [-75.29767116300002, 4.135769441864104], [-75.297115244, 4.138876492863974], [-75.29695398400003, 4.140946603863928], [-75.29559375100001, 4.142850683863843], [-75.29413495300003, 4.144326581863817], [-75.294118535, 4.1446407868638], [-75.29344280100003, 4.146656293863747], [-75.292761816, 4.1474071668636805], [-75.28940540100001, 4.149724464863642], [-75.28182890400001, 4.152640218863504], [-75.28062917900002, 4.152358891863531], [-75.28000183799998, 4.15247735586355], [-75.27891742999998, 4.152541117863519], [-75.27517919399997, 4.155127350863417], [-75.27535130000001, 4.155436760863411], [-75.27637909600003, 4.156295295863401], [-75.27826138500001, 4.157266712863385], [-75.28025800900002, 4.158295026863354], [-75.28316633600002, 4.158917949863313], [-75.28504710800001, 4.158854125863318], [-75.28789576600002, 4.158327185863343], [-75.297178051, 4.153870669863491], [-75.30013846700001, 4.1520788888635405], [-75.30213211900002, 4.151497252863567], [-75.303329507, 4.151723171863559], [-75.30418545600003, 4.15206544586354], [-75.304528489, 4.15263904286355], [-75.30481554599999, 4.153787968863494], [-75.30464683000002, 4.154995785863425], [-75.30237383000002, 4.15845238586336], [-75.30043829300001, 4.159895678863273], [-75.29815945399997, 4.160593023863249], [-75.29571034000003, 4.161463530863219], [-75.29223451000001, 4.162221990863236], [-75.28972794100002, 4.16269023486321], [-75.287333467, 4.1624683448631865], [-75.284882746, 4.16264886686317], [-75.282432583, 4.162829380863189], [-75.28089324799998, 4.162776853863207], [-75.279923349, 4.1622623748632295], [-75.27889618699999, 4.161460919863262], [-75.27861234, 4.162094227863218], [-75.27952674699998, 4.163528172863149], [-75.28135328600001, 4.164844356863119], [-75.28306668599998, 4.166908300863042], [-75.28421036999998, 4.1688595058629865], [-75.284210879, 4.169204203862965], [-75.283983879, 4.1698374288629525], [-75.28324357100001, 4.170069647862935], [-75.28250168300002, 4.169612474862979], [-75.28217895699999, 4.169450776862989], [-75.28236911699997, 4.1701675788629595], [-75.28380309099998, 4.171654422862913], [-75.28454869799998, 4.172339879862866], [-75.28518031300001, 4.173198985862843], [-75.285183415, 4.1737736648628365], [-75.28416284500003, 4.175158497862759], [-75.27760195399998, 4.175769506862754], [-75.27703363400002, 4.1762320198627405], [-75.276528858, 4.178189071862705], [-75.276024645, 4.180146123862609], [-75.27740432600001, 4.182207743862543], [-75.28053182899998, 4.1916749298622245], [-75.28140161800002, 4.194486587862182], [-75.28123870799999, 4.196211449862125], [-75.28033016500001, 4.1972514218620995], [-75.27918803, 4.197142373862082], [-75.278271131, 4.196343026862114], [-75.27757709500003, 4.19439227986215], [-75.27522054899998, 4.19095671986225], [-75.274531685, 4.190212967862325], [-75.27390341199998, 4.190101449862289], [-75.27265593499999, 4.191833010862272], [-75.27306361900003, 4.1934976958622014], [-75.273703248, 4.195965577862137], [-75.27502301800001, 4.197452598862041], [-75.27582949999999, 4.19894264086199], [-75.275724975, 4.20095504286197], [-75.27521357, 4.201475112861946], [-75.27321847299999, 4.201945970861903], [-75.27241435799999, 4.200915896861963], [-75.27057672799998, 4.198626661862007], [-75.26914825300003, 4.198232091862049], [-75.26886869999998, 4.199498287861969], [-75.27036447, 4.202019150861917], [-75.27193228800002, 4.207585683861717], [-75.27195337699999, 4.211954282861602], [-75.271228001, 4.2154639438615], [-75.26816445600002, 4.219274320861354], [-75.26526497399999, 4.221762158861252], [-75.26321721900001, 4.223210110861234], [-75.263110143, 4.224647836861193], [-75.26136561599998, 4.229830524861019], [-75.25972579, 4.233115516860892], [-75.25780221899998, 4.236747321860771], [-75.256501883, 4.239340713860676], [-75.255022274, 4.240210869860668], [-75.25291867499999, 4.242004725860613], [-75.25259031899998, 4.244937427860529], [-75.25168396700002, 4.246379727860488], [-75.25031893599999, 4.247479132860445], [-75.24878270800002, 4.2485222828604], [-75.24743650099998, 4.249798529860381], [-75.24388222699997, 4.2522884308602835], [-75.243028073, 4.252870591860278], [-75.241659201, 4.2532822858602435], [-75.24011938500001, 4.253811201860231], [-75.23726972899999, 4.2550975478601645], [-75.23602072199998, 4.256662965860156], [-75.23437776600002, 4.259442196860045], [-75.233296527, 4.260256933859999], [-75.22964535800003, 4.261201420859992], [-75.228177297, 4.264672626859849], [-75.22767548899998, 4.267214553859812], [-75.22659739800002, 4.268663874859757], [-75.22677809499999, 4.270624466859678], [-75.22655508399998, 4.271722192859657], [-75.226113124, 4.274783350859541], [-75.22565236600002, 4.2788611308593945], [-75.22510868500001, 4.279694295859386], [-75.22312114699997, 4.282072249859301], [-75.22196827699997, 4.283206924859273], [-75.22199884100002, 4.28606057785916], [-75.22308354199998, 4.28605391685918], [-75.22468589699997, 4.2866793988591345], [-75.22583345499999, 4.287711273859121], [-75.22647612200001, 4.290708128859019], [-75.22608605800002, 4.292672376858931], [-75.225523581, 4.294522730858871], [-75.22507438899999, 4.296083593858825], [-75.224057018, 4.298282139858797], [-75.22338026300002, 4.300132660858733], [-75.22229742000002, 4.300658639858693], [-75.22081328500002, 4.300840499858687], [-75.218758691, 4.301256566858673], [-75.21664553400001, 4.301268673858708], [-75.215386207, 4.300814471858703], [-75.21480982000003, 4.299664218858756], [-75.214917119, 4.298336101858783], [-75.21530479199998, 4.297823568858791], [-75.21359769999998, 4.29718974585883], [-75.21170685300001, 4.2959888318588275], [-75.21022271800001, 4.296170668858836], [-75.20965614599999, 4.2971553078588265], [-75.20943392200002, 4.298425951858773], [-75.20915104199997, 4.299005011858766], [-75.20846857599997, 4.299643416858755], [-75.20744143299999, 4.299765257858706], [-75.207182574, 4.299427139858717], [-75.20585596900003, 4.302717312858647], [-75.20677013699998, 4.302712042858615], [-75.207913905, 4.3030517138586095], [-75.20900219100002, 4.303564379858617], [-75.209864617, 4.3047713018585725], [-75.21010037399998, 4.306270147858527], [-75.20999558400001, 4.308175218858476], [-75.21017554899998, 4.310021110858414], [-75.21070051599997, 4.312210642858334], [-75.21019468600002, 4.313945071858291], [-75.208311654, 4.314302103858235], [-75.20716973700002, 4.314481754858221], [-75.20585660900002, 4.314605141858244], [-75.20511500999999, 4.31484015785822], [-75.20488719100001, 4.314956893858208], [-75.20471768300001, 4.315304103858223], [-75.20443722700003, 4.316402480858196], [-75.20410088599999, 4.317789133858151], [-75.20370599, 4.318772961858132], [-75.203137696, 4.319352997858085], [-75.20285245899998, 4.319470382858095], [-75.202347815, 4.319288017858097], [-75.201320324, 4.321556644858005], [-75.20047472099998, 4.323870216857918], [-75.20116757300002, 4.32536615085792], [-75.20088565399999, 4.326233406857883], [-75.199522124, 4.327741902857821], [-75.19964368699999, 4.3292991218577725], [-75.19959152500002, 4.3302231228577295], [-75.198289784, 4.3328278098576725], [-75.19762672799999, 4.33407422685758], [-75.197954079, 4.334272104857623], [-75.198985886, 4.335016542857568], [-75.199220836, 4.336342476857555], [-75.19842389399997, 4.336866333857498], [-75.19779573599999, 4.336927701857546], [-75.19749392300002, 4.336874452857523], [-75.19746399899998, 4.339180072857463], [-75.19741613399998, 4.341142708857372], [-75.19680068399998, 4.3438006598572905], [-75.196984536, 4.346396995857215], [-75.19699636000001, 4.3487630218571445], [-75.196546539, 4.350323325857099], [-75.19524524899998, 4.352870376856988], [-75.194904398, 4.35347438685698], [-75.196275464, 4.353268413856993], [-75.19696040899998, 4.353148756856968], [-75.19770691299999, 4.353952373856976], [-75.19823296999999, 4.356488877856874], [-75.19824480800003, 4.358854902856808], [-75.198889941, 4.36237110285667], [-75.20073766600001, 4.366342151856573], [-75.20063296699999, 4.368304866856502], [-75.20064028000002, 4.369863379856465], [-75.201335637, 4.371879180856376], [-75.20122923299999, 4.373437857856313], [-75.20032537600002, 4.375578607856268], [-75.199534089, 4.377314589856224], [-75.19862787099999, 4.378993098856152], [-75.19692710300001, 4.381715355856025], [-75.19675985499998, 4.3824666068560525], [-75.196861754, 4.382857502856047], [-75.19722519700002, 4.384253317855964], [-75.19888682300001, 4.385224555855966], [-75.20094889500001, 4.3863087878559135], [-75.20302554300002, 4.3904523948557825], [-75.20275712900002, 4.394032073855649], [-75.20202652199998, 4.3964602078555854], [-75.20152293799998, 4.3985981188554915], [-75.20005569900002, 4.4024157618553525], [-75.198868017, 4.404904464855314], [-75.197052031, 4.4073963468551955], [-75.195689201, 4.4090783538551355], [-75.19467736299998, 4.4124890298550685], [-75.19451507899998, 4.414336553854981], [-75.193837401, 4.41601417085491], [-75.193154924, 4.416710795854933], [-75.19235709200001, 4.417061749854919], [-75.190642674, 4.4170139528548855], [-75.189841839, 4.416845588854898], [-75.18932627700002, 4.416559835854892], [-75.18880828099998, 4.415755329854968], [-75.18823350299999, 4.415007981854987], [-75.18723219700001, 4.414417779854997]], [[-75.73284142699998, 3.994462996868719], [-75.73231378399998, 3.9927634798687537], [-75.73133199799997, 3.989259775868844], [-75.73063353999999, 3.9850656818690275], [-75.73051080599998, 3.982421295869069], [-75.730898663, 3.978797377869227], [-75.73103672500002, 3.978340044869204], [-75.729178279, 3.976159516869274], [-75.72120315900003, 3.9725462968694147], [-75.720376596, 3.972171635869398], [-75.71906470699997, 3.972464586869399], [-75.71843678200003, 3.9724098778694152], [-75.71780785200002, 3.972125223869441], [-75.71717702799998, 3.971150176869474], [-75.71643156599998, 3.969945968869473], [-75.71568554200002, 3.9687417618695124], [-75.71465542300001, 3.967826240869572], [-75.71357004200001, 3.9674283418695775], [-75.711345015, 3.967667681869578], [-75.70883321399998, 3.9673906168695527], [-75.706550359, 3.967400108869558], [-75.70415286399998, 3.9671804348695696], [-75.70198254399997, 3.966614549869574], [-75.69929662499999, 3.9653033098696655], [-75.69786688699998, 3.964274398869654], [-75.697008692, 3.9635308358697188], [-75.69500354899998, 3.9610668398697815], [-75.693857277, 3.9594045958698496], [-75.693171215, 3.9589477068698424], [-75.69259978600002, 3.958719979869872], [-75.69231478799998, 3.958836344869861], [-75.69140297500002, 3.9591849818698486], [-75.690948392, 3.9597615658698193], [-75.69003987600001, 3.961259935869749], [-75.68902012900003, 3.9637365028696996], [-75.68769026400003, 3.9661373878696087], [-75.687488428, 3.966502186869605], [-75.68629687499998, 3.9688643908695393], [-75.68527624500001, 3.9708805008694705], [-75.68425318599998, 3.9722067708694193], [-75.68277442200002, 3.9738226158693664], [-75.68169375500003, 3.9750343038693425], [-75.680728719, 3.97670566986927], [-75.68025576399998, 3.9794800778691743], [-75.67994360900002, 3.981308397869131], [-75.680576062, 3.9828580768690727], [-75.682005833, 3.9838870108690156], [-75.68417664499998, 3.9846828848689904], [-75.686233711, 3.9854219028689584], [-75.68743343099999, 3.985876677868983], [-75.68874911799998, 3.986963442868916], [-75.68949568699998, 3.988455257868876], [-75.69052327999998, 3.9886239098688834], [-75.69160725400002, 3.9885619388689064], [-75.693432933, 3.988323961868869], [-75.69446008599999, 3.9882626618689034], [-75.69560177, 3.9883728948688897], [-75.697030009, 3.9888842728688725], [-75.69822951399999, 3.989224337868848], [-75.69959859900001, 3.9891036128688637], [-75.700909088, 3.9883507878688835], [-75.703191113, 3.9881689708688883], [-75.705189357, 3.9884481548689004], [-75.70935642500001, 3.9887762278688803], [-75.710212436, 3.9886576128688653], [-75.712553614, 3.9891078628688756], [-75.71420992399999, 3.9894458808688498], [-75.715425649, 3.9903192198688253], [-75.71604027299998, 3.990760960868785], [-75.71689963400001, 3.9917920548687977], [-75.718908629, 3.9952909638686536], [-75.722987322, 4.003669417868411], [-75.72728946400002, 4.01032195086815], [-75.72587469299998, 4.014123048868027], [-75.725948415, 4.019298041867886], [-75.72647017499997, 4.021711131867812], [-75.72721798200001, 4.023490437867757], [-75.729566036, 4.0259535698676805], [-75.72945906299998, 4.0281967138675805], [-75.72712443900002, 4.029988919867525], [-75.723467905, 4.029026680867566], [-75.72043449699999, 4.02650838586763], [-75.71894025, 4.023352005867732], [-75.718763035, 4.021339919867809], [-75.719212776, 4.019153151867884], [-75.71966195200002, 4.0169658198679485], [-75.71976413300001, 4.013113065868099], [-75.71935290900001, 4.009377141868211], [-75.71814103399998, 4.005299282868337], [-75.71693164499999, 4.001911811868452], [-75.71412433400002, 3.9984161568685725], [-75.71149141799998, 3.99606930386864], [-75.70754669500002, 3.9940730118687], [-75.70286463100001, 3.993344803868727], [-75.69544215600001, 3.9922828648687534], [-75.68997195100002, 3.993349911868709], [-75.69006310100002, 3.9957164438686315], [-75.68937942500003, 3.9991856168685582], [-75.686348791, 4.003630512868406], [-75.68248547000002, 4.0059961728683415], [-75.677241477, 4.0086418758682365], [-75.671025875, 4.008931721868215], [-75.66632642899998, 4.007414069868252], [-75.65996827599997, 4.005206843868321], [-75.65416334600002, 4.003691758868383], [-75.65042664499998, 3.999814464868504], [-75.64710306900002, 3.9951041298686834], [-75.64446957899997, 3.990253491868846], [-75.64460151700001, 3.987063287868932], [-75.64542544900002, 3.9838751868690596], [-75.63334471600001, 3.9871322148689026], [-75.63277154399998, 3.986272217868964], [-75.63305431600003, 3.9852360548689605], [-75.633908399, 3.984658177869033], [-75.63550126199999, 3.9832144898690807], [-75.638005367, 3.981076990869136], [-75.63994061800003, 3.979517405869191], [-75.64130821999998, 3.978879248869189], [-75.642619422, 3.978471713869241], [-75.64484259699998, 3.977772639869251], [-75.64615312500001, 3.977307470869267], [-75.64797696699998, 3.9766673288692798], [-75.650087127, 3.976314228869307], [-75.65293723799999, 3.9754399498693216], [-75.655120969, 3.975023423869349], [-75.658059154, 3.9709929278694434], [-75.659706487, 3.9686287468695576], [-75.66067277799999, 3.967302599869558], [-75.66266008299999, 3.9641326728696757], [-75.663682543, 3.9624617768697203], [-75.665216746, 3.9603859538698054], [-75.666582974, 3.9593455058698175], [-75.66880126699999, 3.9569796878699064], [-75.670733767, 3.954614407869986], [-75.67192491600002, 3.9523104108700506], [-75.67271348700001, 3.9489156148701534], [-75.67293173500002, 3.945580650870291], [-75.67382971400002, 3.9405183778704327], [-75.674674993, 3.9370658518705572], [-75.676035292, 3.9340716968706437], [-75.67573374599999, 3.9286122338708545], [-75.675774134, 3.92309393487102], [-75.67632933099998, 3.9179187498712063], [-75.67716690600002, 3.911822678871402], [-75.67755587800002, 3.908315082871498], [-75.67788899099997, 3.9053251198715886], [-75.67828220299998, 3.903197214871646], [-75.67890344699998, 3.9011830118717254], [-75.67981337999998, 3.9001445658717686], [-75.68441576800001, 3.8939753828719716], [-75.684577762, 3.890928684872077], [-75.68464258900002, 3.8879601348721833], [-75.68120149700002, 3.8875524078721604], [-75.678517543, 3.886529685872236], [-75.67554924299998, 3.885967377872206], [-75.67366296900002, 3.8846538838722653], [-75.672633684, 3.8837964398723304], [-75.67205617299999, 3.881442636872405], [-75.670447465, 3.8774839058725186], [-75.66958306599997, 3.8744995318726247], [-75.66888806899999, 3.87093968487272], [-75.66682556299997, 3.867960325872828], [-75.66648034999997, 3.8668128988728836], [-75.666933847, 3.865948763872884], [-75.66773088600002, 3.865313384872889], [-75.668757551, 3.8653663058729033], [-75.66938883, 3.86668552787287], [-75.669675939, 3.867431350872837], [-75.669962527, 3.8678895948728376], [-75.67139266599997, 3.869262713872775], [-75.67213954099998, 3.871040486872744], [-75.67283003, 3.8730488778726766], [-75.67357863400002, 3.8754594308726062], [-75.67398404699998, 3.8775265368725047], [-75.67450312699998, 3.8793058538724505], [-75.67502055800003, 3.8807975938724026], [-75.67605275800003, 3.8826318918723457], [-75.67639595899999, 3.8829753338723134], [-75.67771131699999, 3.8840039968722775], [-75.67845421800001, 3.8845184518722933], [-75.679768277, 3.8851448428722413], [-75.68068175899998, 3.8854284638722225], [-75.68171020300002, 3.885825996872218], [-75.683421356, 3.8858188578722306], [-75.68597012999999, 3.88522539587227], [-75.685857752, 3.8840752978723234], [-75.68585977599997, 3.883039677872321], [-75.68580467100003, 3.8818318438723485], [-75.68586745800002, 3.8786683798724924], [-75.68592930599999, 3.875907751872552], [-75.68610629, 3.872744074872686], [-75.68674391299999, 3.8671071738728635], [-75.68680552699999, 3.8645188668729507], [-75.68652455, 3.86221820787301], [-75.68430591999999, 3.857847073873158], [-75.682938536, 3.856639402873166], [-75.67894557699998, 3.855202662873238], [-75.67786936599998, 3.8504858748733986], [-75.676107425, 3.846344927873533], [-75.676227111, 3.8431807798736473], [-75.67834829600002, 3.837945677873785], [-75.68000772699997, 3.8355290138738534], [-75.68343681300001, 3.833169556873984], [-75.68520771200002, 3.8323634608739887], [-75.68680906600002, 3.8308101978740297], [-75.68835148699998, 3.829946889874036], [-75.69440708799999, 3.8271836958741776], [-75.69926570400003, 3.82350064187428], [-75.70120691800003, 3.823269925874306], [-75.70263354399998, 3.823384797874289], [-75.707942828, 3.822865329874314], [-75.71159767500001, 3.822231399874334], [-75.715595915, 3.8208493518743403], [-75.72096667599999, 3.818029118874469], [-75.72456697199999, 3.8156116248745073], [-75.72719615400001, 3.813942278874586], [-75.72994046600002, 3.8115828788746797], [-75.735826589, 3.808013607874794], [-75.74439667500002, 3.8038686218748983], [-75.748337332, 3.80277415687494], [-75.75119311700001, 3.80202523987496], [-75.75353530000001, 3.800931531875005], [-75.75610731299997, 3.7994345628750437], [-75.75913521199999, 3.798110165875121], [-75.76170582200001, 3.797073635875128], [-75.763646666, 3.7970151258751597], [-75.764844848, 3.797417913875125], [-75.76632852400002, 3.7977048998751037], [-75.76804228399999, 3.797128744875145], [-75.76918518999997, 3.7962655518751895], [-75.76981481399997, 3.7955174658751676], [-75.770729947, 3.7943660138752224], [-75.77181615199999, 3.793560554875255], [-75.77301558900001, 3.7934446958752552], [-75.77466918900001, 3.7943646618752513], [-75.77660735400002, 3.7958597698751726], [-75.77946132900001, 3.7959740398751505], [-75.779974359, 3.7963188038751756], [-75.78100133800001, 3.7966060798751617], [-75.78197243900001, 3.7962030838751772], [-75.78243108200002, 3.79516719387519], [-75.783746872, 3.793843780875265], [-75.78425887499998, 3.794533732875199], [-75.78448595100002, 3.7953389228751715], [-75.78425440000001, 3.796893002875122], [-75.78385301700001, 3.7978711558750997], [-75.78316694400002, 3.7985041058750864], [-75.78019373900003, 3.801036912875033], [-75.77944741300001, 3.803395926874929], [-75.779045913, 3.804316455874886], [-75.780179739, 3.8084011718747734], [-75.78143129799997, 3.810816766874696], [-75.78074339099999, 3.8122553538746424], [-75.780167361, 3.8151321078745446], [-75.78246845199999, 3.821632560874339], [-75.78317810599998, 3.82301306487429], [-75.78317446099999, 3.8249113288742045], [-75.78122753100001, 3.8282489358741416], [-75.77979559300002, 3.8306081648740427], [-75.77916516099998, 3.832103706873985], [-75.77893440999998, 3.833484349873937], [-75.77772978899998, 3.8364764568738563], [-75.776411096, 3.8395258488737336], [-75.77415561800001, 3.8409697578737334], [-75.77423690500001, 3.8422876508736534], [-75.77411303899999, 3.8474651818735017], [-75.773248201, 3.8522396478733594], [-75.772269413, 3.8568420268732133], [-75.77140560100003, 3.8609837418730257], [-75.77065642899998, 3.864780609872954], [-75.77042374500002, 3.867196270872858], [-75.769842729, 3.8727182008726646], [-75.76966439400002, 3.8773387978725005], [-75.76968097700001, 3.882396855872367], [-75.77020517699998, 3.8855562148722567], [-75.771412919, 3.88848202787215], [-75.772164498, 3.8914104308720505], [-75.77257195499999, 3.893822568871989], [-75.77264304800002, 3.897961322871843], [-75.77335341600002, 3.904817958871634], [-75.75870425800002, 3.946310589870255], [-75.75677811600002, 3.958885405869828], [-75.75800246699998, 3.958732127869865], [-75.75920100500002, 3.9586122328698603], [-75.75994298900002, 3.958609060869862], [-75.76154273600002, 3.9591194268698655], [-75.76268536499998, 3.959459515869817], [-75.76474256900002, 3.9600260228698225], [-75.76605632399998, 3.960422825869811], [-75.76862905399997, 3.9616764128697812], [-75.77051287, 3.96161105786978], [-75.77956600800002, 3.9546727088700147], [-75.78064657700003, 3.9535185888700215], [-75.78190156199997, 3.9532256748700374], [-75.78264239700002, 3.9529349258700575], [-75.783784895, 3.953217360870023], [-75.78515680499999, 3.953729267870038], [-75.785674148, 3.9547615268700014], [-75.78556942, 3.957522107869874], [-75.78540230099998, 3.9589026298698644], [-75.78569126500003, 3.959936478869839], [-75.78968574800001, 3.959344231869815], [-75.79173768499999, 3.9584158078698506], [-75.79299301100002, 3.958295184869867], [-75.793963368, 3.958290954869865], [-75.79500633100002, 3.962771731869746], [-75.791145266, 3.968998019869538], [-75.78921436799999, 3.9719385718694284], [-75.78745137800001, 3.973901413869371], [-75.785684608, 3.9748287018693604], [-75.78409226999997, 3.976618319869273], [-75.78284069099999, 3.978060929869257], [-75.78239065100001, 3.9800177188691497], [-75.782115509, 3.983066777869086], [-75.78223782700002, 3.9854240888689776], [-75.78275818399999, 3.9873766488689246], [-75.78327705599997, 3.9888698998688668], [-75.78425169299999, 3.9901305918688474], [-75.78551199399999, 3.991333073868801], [-75.78597027699999, 3.991790881868753], [-75.78643040200001, 3.9928814348687527], [-75.786032949, 3.993573185868707], [-75.78192604100002, 3.99456852986867], [-75.77987687400002, 3.99635965286864], [-75.77879582499997, 3.9975719878685956], [-75.77766023800001, 3.999358993868509], [-75.776637591, 4.000801147868473], [-75.77567152699999, 4.002127934868417], [-75.77527864500001, 4.004257492868382], [-75.77505527599999, 4.00563813686833], [-75.77346345199999, 4.007715331868236], [-75.77215363300002, 4.008755819868203], [-75.770108762, 4.011869502868139], [-75.76880258699998, 4.013887926868036], [-75.76618256900002, 4.015796589867976], [-75.76407375600002, 4.016782761867952], [-75.762306637, 4.017595361867948], [-75.76105302899998, 4.018348165867917], [-75.76008657900002, 4.019502641867891], [-75.758435018, 4.0207166908678555], [-75.75593715999997, 4.021566916867782], [-75.75552675300003, 4.021706725867791], [-75.754270168, 4.021539204867813], [-75.752270399, 4.02108730586785], [-75.74702325099997, 4.022546984867789], [-75.74309800399999, 4.026761026867652], [-75.74229731899999, 4.026419130867655], [-75.74143890099998, 4.025617466867689], [-75.740976294, 4.023836486867715], [-75.740971871, 4.022456845867789], [-75.74085222399998, 4.020846927867855], [-75.74050530300002, 4.019525597867847], [-75.73867259299999, 4.017635483867918], [-75.73729829000001, 4.016260830867991], [-75.73615025499998, 4.014368211868059], [-75.73505701300002, 4.011727459868101], [-75.73395982800002, 4.007649431868253], [-75.73326333, 4.004201673868376], [-75.73313740399999, 4.0005222768685105], [-75.73324101600002, 3.9971294288685835], [-75.73276126399998, 3.994895356868694], [-75.73284142699998, 3.994462996868719]], [[-75.66693720400002, 3.4670368298859184], [-75.666082018, 3.466345548885944], [-75.66619850400002, 3.4650204468859735], [-75.66633080000003, 3.4626958448860656], [-75.663575418, 3.4631777708860714], [-75.66209201200002, 3.4627174628860686], [-75.660895079, 3.461738017886119], [-75.660154982, 3.460586068886135], [-75.65964429500002, 3.4587427528862333], [-75.658906468, 3.456553463886307], [-75.658340232, 3.4540763088863753], [-75.65766308100001, 3.4501009618865144], [-75.659096309, 3.446989461886568], [-75.66047407000002, 3.4433017588867245], [-75.66225148500001, 3.439556344886868], [-75.66397031100001, 3.436444387886919], [-75.665176755, 3.4328716638870564], [-75.66644140699998, 3.4284349708872033], [-75.66656397399998, 3.424228388887341], [-75.66720194300001, 3.4192152898875166], [-75.669320384, 3.416391414887615], [-75.67057743200002, 3.4159876688876123], [-75.67274638800001, 3.4162751268876055], [-75.67445957400002, 3.4163322378875915], [-75.67857271100002, 3.4152362498876507], [-75.68034484499998, 3.4141988678876958], [-75.68160433100002, 3.412527269887721], [-75.681949831, 3.4113170618877877], [-75.68160970899999, 3.4099339538878066], [-75.68081174899999, 3.4091278808878527], [-75.67955821599998, 3.407860382887887], [-75.67910368700001, 3.406650343887926], [-75.682425712, 3.4016939368880816], [-75.68483166700003, 3.397659388888223], [-75.686610847, 3.393336588888354], [-75.68690164999998, 3.390628121888449], [-75.68656702800001, 3.386709334888541], [-75.68634834699998, 3.38181066488872], [-75.68766818400002, 3.378525375888866], [-75.688814643, 3.3765082048888977], [-75.69104708700002, 3.3736836028890123], [-75.693392598, 3.371607990889081], [-75.69579411900003, 3.370109140889111], [-75.69870975399999, 3.36843656688917], [-75.70145306, 3.3672834898891786], [-75.70379494600002, 3.3668214748892122], [-75.70539643799998, 3.365667991889259], [-75.70625782500002, 3.363304952889345], [-75.70529193300001, 3.3608268098894056], [-75.70444376, 3.3567348758895665], [-75.70267790100002, 3.354603229889627], [-75.69794908199998, 3.349128822889797], [-75.69578801400002, 3.344864393889953], [-75.69437380800002, 3.3382941688901484], [-75.69182267399998, 3.32907199889046], [-75.69137146700001, 3.3263630348905293], [-75.69160458699997, 3.324115136890593], [-75.69309146699999, 3.32301951289067], [-75.69537916600001, 3.321404511890722], [-75.69721135100002, 3.318982871890781], [-75.69835930800002, 3.316157797890879], [-75.69825342500002, 3.3121228298910337], [-75.699406458, 3.3068191548912136], [-75.699124627, 3.304916728891257], [-75.69879149299999, 3.3004205298913902], [-75.701834411, 3.292578760891667], [-75.70648188199999, 3.2820270468919857], [-75.70745787499999, 3.2796056658920816], [-75.70889040700001, 3.277241187892158], [-75.71066621599999, 3.274761473892234], [-75.71272806799999, 3.2718779088923373], [-75.71444672299998, 3.269167775892437], [-75.71587615599998, 3.268418026892435], [-75.71661901300001, 3.2682445248924457], [-75.71690390399999, 3.2685327768924566], [-75.71730213000001, 3.2693976948924206], [-75.71786732100003, 3.2720493838923366], [-75.717574286, 3.2758550028921984], [-75.71458885099997, 3.2833508748919487], [-75.71372097099999, 3.2887128178918004], [-75.71349035999998, 3.2896928678917168], [-75.714001381, 3.291133884891723], [-75.71468405299998, 3.2923441128916693], [-75.71559638000002, 3.2930358838916423], [-75.71685219, 3.293381332891637], [-75.718107046, 3.2941878048915703], [-75.71901813800002, 3.2955134808915494], [-75.72055382399998, 3.298280543891488], [-75.72408840000003, 3.3013347698913442], [-75.72665388000001, 3.30335154889131], [-75.726827512, 3.302256337891337], [-75.727572656, 3.301044945891358], [-75.72831922199998, 3.2989696988914354], [-75.72861094000001, 3.2961448978915557], [-75.72918462799998, 3.2949337858915753], [-75.72981348299999, 3.2944723098915927], [-75.73055606700001, 3.2944722368915698], [-75.73106976000003, 3.294760108891556], [-75.73203594, 3.296777771891496], [-75.73277474600002, 3.2986223528914365], [-75.73590890499997, 3.301907113891364], [-75.73876156099999, 3.303174220891311], [-75.74087295300001, 3.3038656888913023], [-75.742299564, 3.3044989528912656], [-75.74269708600002, 3.3055943508912504], [-75.74257884399998, 3.307554441891189], [-75.74291022199998, 3.3129155048909635], [-75.74278524599998, 3.317988048890826], [-75.74455628800001, 3.3178145128907954], [-75.74558417100002, 3.3176410678908304], [-75.74678350900001, 3.3178136688907927], [-75.74769680999998, 3.3180443668908426], [-75.74843772399998, 3.318735799890809], [-75.74843604300003, 3.3194273288907783], [-75.74820519999997, 3.320580254890713], [-75.74751770400002, 3.3216181138906915], [-75.746431078, 3.322310305890696], [-75.745518242, 3.3220225458907118], [-75.744031457, 3.322772457890634], [-75.74345863399998, 3.3238101298906524], [-75.74260023400001, 3.3245019418905852], [-75.74157122000003, 3.32502115289061], [-75.74082731200002, 3.3259438518905826], [-75.740025779, 3.326693198890504], [-75.738368181, 3.327501015890492], [-75.73699727600001, 3.327616829890513], [-75.73528486100003, 3.327213989890533], [-75.73497789700002, 3.326159117890571], [-75.73425817999998, 3.3267529598905523], [-75.73305732400001, 3.327387702890508], [-75.73225700199998, 3.3278489048904887], [-75.73122797299999, 3.328368110890454], [-75.730142355, 3.328656332890495], [-75.727870644, 3.329677009890446], [-75.72842232599999, 3.331885171890364], [-75.72852480699999, 3.337533656890174], [-75.72886238199999, 3.3401274808901142], [-75.72902663000002, 3.3432978678899667], [-75.728565377, 3.3455455448899074], [-75.72867884200002, 3.3458340618898985], [-75.72913522900001, 3.34612201288991], [-75.72982051000002, 3.3461220168899226], [-75.73056378500002, 3.3458332198898795], [-75.73159170399998, 3.3456597748899113], [-75.73376231700001, 3.3453708838898977], [-75.73644749099998, 3.3448511938899363], [-75.73810390300002, 3.3446778328899334], [-75.73941665199999, 3.345080748889905], [-75.74067113199999, 3.3459453428898818], [-75.741238571, 3.347789608889856], [-75.74191929300002, 3.349806567889791], [-75.74470050999997, 3.358105361889505], [-75.748792455, 3.367555599889199], [-75.74964524900003, 3.3695728138891123], [-75.74969954199997, 3.3707828928890975], [-75.74924111799999, 3.371647504889062], [-75.74672625400001, 3.372512739889019], [-75.744670289, 3.37280206088904], [-75.74181489199998, 3.372745255888996], [-75.73970046099998, 3.373379863889019], [-75.73832950600001, 3.3738414758889825], [-75.73181824599999, 3.374477746888981], [-75.729302781, 3.375688716888934], [-75.72707531999998, 3.3759777238889126], [-75.72244779800002, 3.376901215888913], [-75.72032885300001, 3.3799561748888065], [-75.71895553399997, 3.381397448888765], [-75.71752384000001, 3.3832422158886652], [-75.71689307399998, 3.384625764888642], [-75.716662864, 3.3854900018885905], [-75.71585904199998, 3.3876224378885262], [-75.71534109200002, 3.3895820838884547], [-75.715164404, 3.392233267888372], [-75.714988554, 3.394365233888335], [-75.714412799, 3.396728373888257], [-75.71274994499998, 3.4002441818881137], [-75.71160661900001, 3.4007054058880906], [-75.710121749, 3.4009937398880914], [-75.709778804, 3.400993742888116], [-75.70788842000002, 3.4039336478880227], [-75.70439462799999, 3.409293767887825], [-75.70118472600001, 3.4153449668876363], [-75.700322126, 3.418341941887519], [-75.70031783600001, 3.4205312668874583], [-75.700258346, 3.421626306887419], [-75.70002784600001, 3.422663435887384], [-75.69871067999998, 3.4247956078873307], [-75.697221006, 3.427331465887232], [-75.69544534200003, 3.429982488887145], [-75.694013466, 3.4321148548870886], [-75.69360784600002, 3.4350534558869756], [-75.69280239199998, 3.438280297886875], [-75.69159644299998, 3.4417377528867448], [-75.69050639300002, 3.444215331886686], [-75.68873191, 3.446578220886591], [-75.68735875300001, 3.447846062886554], [-75.68478531099998, 3.4498633668864724], [-75.68301360700002, 3.4508431558864863], [-75.67958356899999, 3.4526878498864257], [-75.67838112499999, 3.454531699886361], [-75.677348478, 3.457067383886289], [-75.67665758099997, 3.4598906518861865], [-75.67608203499998, 3.4620798118861122], [-75.67550864100002, 3.463520354886072], [-75.674420785, 3.464960615885988], [-75.67310558899999, 3.465940781885992], [-75.67116272700002, 3.4668050258859173], [-75.66996325399998, 3.467035819885914], [-75.669106849, 3.466978465885938], [-75.66693720400002, 3.4670368298859184]], [[-75.814155916, 3.7878513658754276], [-75.80277386699998, 3.7846878978755596], [-75.796499789, 3.7815832638756497], [-75.79164107999998, 3.7792266518757027], [-75.79204968900001, 3.7802614238756944], [-75.79261594799999, 3.7828506458755884], [-75.79209914900002, 3.7843465178755604], [-75.79089938700002, 3.78486521087555], [-75.789872656, 3.7844050658755335], [-75.78918890199998, 3.7835996308755964], [-75.78879234300001, 3.7821038298756102], [-75.78828380499999, 3.7793998028757048], [-75.787146129, 3.7773862348757743], [-75.78712375600003, 3.7768619978758107], [-75.784065054, 3.7764091448758155], [-75.780696638, 3.7766410398758223], [-75.77715644400001, 3.777044999875781], [-75.77413099400002, 3.7769310218757877], [-75.77156301999997, 3.7766444118758025], [-75.76990808099998, 3.7761843038758456], [-75.76831109099999, 3.7754370788758744], [-75.767114219, 3.7745167758758593], [-75.766202147, 3.7737117458759046], [-75.765632461, 3.7731365668759165], [-75.76397845700001, 3.7713770248759735], [-75.76392199999998, 3.7721590408759664], [-75.76278371199999, 3.7700877858760027], [-75.762722929, 3.7721590588759386], [-75.762210633, 3.7712961998759784], [-75.76072628700001, 3.771526695875997], [-75.76044185699999, 3.7710091618759782], [-75.76010133900002, 3.7699736618760102], [-75.75976025900002, 3.7689381628760334], [-75.75873836800002, 3.765946346876169], [-75.759548478, 3.7603640938763445], [-75.76155121199997, 3.757658650876412], [-75.763838684, 3.7556441858764766], [-75.76652568700001, 3.753456084876547], [-75.76584488700001, 3.7514997768766234], [-75.765733087, 3.750061591876681], [-75.765623501, 3.747701947876736], [-75.76551239700001, 3.746033255876783], [-75.76528854399999, 3.743616200876899], [-75.76500837200001, 3.7408540588769963], [-75.76547150099998, 3.7376888258770937], [-75.767020468, 3.7335447288772343], [-75.76783638299997, 3.731977680877261], [-75.76582487500002, 3.7317611308772554], [-75.76251491900001, 3.731301818877299], [-75.759146762, 3.731303048877314], [-75.75640727799998, 3.7309584598773133], [-75.75303841300001, 3.7311901738772977], [-75.74864226, 3.7315367808772684], [-75.74601668499997, 3.7313648278772735], [-75.74299401399998, 3.729639368877326], [-75.73991673, 3.726647897877452], [-75.73701434399999, 3.7221024108775733], [-75.734967988, 3.7172683218777456], [-75.73343323900002, 3.7138733948778713], [-75.73138523400002, 3.709960187878015], [-75.729048208, 3.7082345128780223], [-75.72739621599999, 3.7062205698781416], [-75.72620124100001, 3.7040910968781806], [-75.72614604799998, 3.703112661878234], [-75.726376297, 3.702307152878231], [-75.727119894, 3.7014430818782906], [-75.72740537599998, 3.7013278718782527], [-75.72837614899998, 3.701385426878263], [-75.729515822, 3.70247883287822], [-75.73253585399999, 3.7052976188781606], [-75.73436037200003, 3.706620835878113], [-75.73549981000002, 3.707887109878056], [-75.73686637600002, 3.7097281058779954], [-75.73823185100002, 3.7122024318779383], [-75.74056118099998, 3.718015084877716], [-75.74129885100001, 3.7203741688776706], [-75.74255114900001, 3.7224458608775617], [-75.74471632199999, 3.7245746138775124], [-75.74676961400002, 3.7254945308774596], [-75.74796828000001, 3.725609254877472], [-75.75110737099999, 3.7261260158774845], [-75.75516134700001, 3.7256642278774983], [-75.75778713599999, 3.7256632808774577], [-75.764579454, 3.726466936877447], [-75.76748974700001, 3.72704112387741], [-75.77079968200002, 3.727500421877409], [-75.77439647800003, 3.727384035877408], [-75.77770872299999, 3.7269800438774476], [-75.779706868, 3.726979086877452], [-75.781075423, 3.727726757877422], [-75.781280912, 3.728142744877407], [-75.78261913900002, 3.7265176438774597], [-75.78347683300001, 3.7256538898774694], [-75.78519278099998, 3.723926946877525], [-75.78656551900002, 3.722717589877573], [-75.78810874300001, 3.7218536628775936], [-75.79033624700003, 3.7212200648776266], [-75.79319191600001, 3.7205858298776397], [-75.79570358500001, 3.7206420538776337], [-75.79861509900002, 3.7206986358776426], [-75.80192703400002, 3.7204674458776337], [-75.80449675599999, 3.7200054718776885], [-75.80717969900002, 3.720234774877646], [-75.80957522800003, 3.7213273008775927], [-75.81470475499998, 3.725814405877453], [-75.81926513500002, 3.7290930068773815], [-75.82217001999999, 3.73271714787725], [-75.82351448499998, 3.7457229828768273], [-75.82436600400001, 3.748081661876746], [-75.826530918, 3.75055527387668], [-75.82686063300002, 3.757000085876454], [-75.82707835100001, 3.762524254876284], [-75.82638400100001, 3.767243475876088], [-75.82512219900002, 3.7705237728759866], [-75.8235153, 3.7747821068758918], [-75.82179580299999, 3.7784079268757376], [-75.81687360299998, 3.7850269298755537], [-75.814642849, 3.7872142758754475], [-75.814155916, 3.7878513658754276]], [[-75.449513234, 4.128109963864301], [-75.449746474, 4.129953301864257], [-75.44696968599999, 4.139587989863951], [-75.44693061200002, 4.146503605863738], [-75.44912205600002, 4.153929067863509], [-75.44947702899998, 4.158538072863323], [-75.45052454900002, 4.165680107863104], [-75.44996277299998, 4.169601318862955], [-75.44568380099997, 4.173132756862874], [-75.44071723899998, 4.176090134862742], [-75.43643655800003, 4.17898756986267], [-75.43312537999998, 4.181132414862578], [-75.43135653500002, 4.182464378862564], [-75.42993356099998, 4.185005522862442], [-75.42770935700003, 4.187319170862409], [-75.42662995199998, 4.190031511862325], [-75.42532166699999, 4.1925142628622485], [-75.42464239399999, 4.195225366862115], [-75.423961212, 4.197129587862073], [-75.422590281, 4.1978263338620625], [-75.42188911099998, 4.191778113862233], [-75.422170827, 4.190278571862306], [-75.42119215000002, 4.187573632862383], [-75.41953001799999, 4.18608185986244], [-75.41866730999999, 4.184067773862527], [-75.41866124500001, 4.1817629528625515], [-75.41848628000002, 4.180437640862643], [-75.417852826, 4.178538437862659], [-75.416706138, 4.177332272862717], [-75.4151597, 4.176358437862774], [-75.41447065199998, 4.175208576862764], [-75.41622478400001, 4.167998465862999], [-75.41700483400001, 4.1598118768632695], [-75.41671301000002, 4.157565724863351], [-75.41767726199998, 4.154623049863465], [-75.41847363800002, 4.152948623863495], [-75.41950028500003, 4.152023069863532], [-75.421379, 4.148730811863655], [-75.41977154699998, 4.1462014928637165], [-75.41803706399998, 4.138600498863991], [-75.41670763399998, 4.132957846864172], [-75.41543657, 4.127545066864376], [-75.407007168, 4.117778940864648], [-75.403520716, 4.118310666864652], [-75.401522129, 4.119182392864636], [-75.399636472, 4.119592848864622], [-75.39768858299999, 4.118043794864662], [-75.397610869, 4.109918446864907], [-75.39794801900001, 4.107496646865001], [-75.40187884599999, 4.1019493968651775], [-75.40552952299998, 4.098593303865308], [-75.41055395000001, 4.095693233865396], [-75.41529862800002, 4.095560647865398], [-75.418101062, 4.095953875865388], [-75.42130228000002, 4.095884230865396], [-75.425823068, 4.0975391958653375], [-75.42897017000001, 4.0984493998652844], [-75.434465902, 4.101310764865193], [-75.43772810500002, 4.1027394458651445], [-75.44070530300002, 4.104342051865099], [-75.44219457100002, 4.105546506865047], [-75.44391874500002, 4.108940108864958], [-75.448984983, 4.122810196864477], [-75.449277236, 4.125286847864394], [-75.449513234, 4.128109963864301]], [[-75.430859113, 4.267584124859758], [-75.432401346, 4.268269132859742], [-75.43337344899999, 4.269301488859705], [-75.43417541000002, 4.270564674859678], [-75.43509271300002, 4.272459943859609], [-75.43623893, 4.2745847868595295], [-75.437214052, 4.276710487859468], [-75.43773125799999, 4.278319397859433], [-75.43801955700002, 4.279699297859404], [-75.43843077100001, 4.2844731928592195], [-75.43854727600001, 4.285451077859187], [-75.43752671099998, 4.288330608859117], [-75.43713194499998, 4.290173331859032], [-75.43668102100003, 4.292418463858944], [-75.43645689700003, 4.294317395858896], [-75.43577725300003, 4.296448785858823], [-75.435039007, 4.2978892318587745], [-75.43259378099998, 4.301406347858675], [-75.43168325800002, 4.302502414858633], [-75.43003377999997, 4.304636617858585], [-75.42883777700001, 4.305676108858527], [-75.42707138600002, 4.3066024468584905], [-75.42536213599999, 4.307701022858464], [-75.42223064199999, 4.310529956858405], [-75.42046530900001, 4.312089134858337], [-75.41835783900001, 4.313706534858269], [-75.41505711100001, 4.3173415038581675], [-75.41346470100001, 4.3196479358581055], [-75.41005218100003, 4.324434093857943], [-75.40726462999999, 4.328009973857801], [-75.40521845799998, 4.3312958448577], [-75.40322856300003, 4.334581618857602], [-75.39958929300002, 4.339829235857433], [-75.39833865499998, 4.341904538857338], [-75.39623095899998, 4.343464280857329], [-75.39474848399999, 4.343929015857291], [-75.39332188999998, 4.343818431857269], [-75.39126641399997, 4.343306593857318], [-75.38801499499999, 4.343604233857298], [-75.385905062, 4.344185850857297], [-75.38202847299999, 4.345636104857213], [-75.37763906700002, 4.347433016857192], [-75.373590831, 4.3485959118571405], [-75.37193785199997, 4.349119095857096], [-75.37085244899998, 4.348719155857145], [-75.37033830899998, 4.348260623857121], [-75.37022356199998, 4.347973201857146], [-75.37004977499998, 4.346707763857172], [-75.36940334799999, 4.3380792908574595], [-75.369570684, 4.33646803285755], [-75.369624123, 4.334741694857576], [-75.36916088700002, 4.331693980857685], [-75.36909571000001, 4.328011610857825], [-75.36977281600002, 4.324557985857918], [-75.37101984600002, 4.320929378858045], [-75.37243675399998, 4.31655291985817], [-75.37556028300003, 4.310099869858373], [-75.37862437000001, 4.302784080858656], [-75.38044172399998, 4.298923988858758], [-75.38169266900002, 4.297021625858817], [-75.38351408400001, 4.295290087858875], [-75.38647556799998, 4.293037361858952], [-75.38966679800001, 4.291531243858992], [-75.39439657499997, 4.289158004859064], [-75.40762136199999, 4.2846288548592115], [-75.41856623000001, 4.280682590859368], [-75.41947868900002, 4.280391727859343], [-75.42175653200002, 4.2787164278594085], [-75.423010417, 4.277964465859455], [-75.423807265, 4.277213849859474], [-75.42357574300001, 4.275776204859508], [-75.42294450399999, 4.274282738859558], [-75.42271259500001, 4.272615118859636], [-75.42213945399999, 4.271523864859653], [-75.423505094, 4.269966524859668], [-75.424131418, 4.269561446859715], [-75.42515657799999, 4.268695172859765], [-75.42629591899998, 4.2681163118597745], [-75.42812118900002, 4.2677656828597605], [-75.42897660800003, 4.267704885859762], [-75.42988953499997, 4.267702189859793], [-75.430859113, 4.267584124859758]], [[-75.98815038499998, 3.3096091908910834], [-75.988035658, 3.3137789248909644], [-75.98745414799998, 3.3181026328908407], [-75.98728234800001, 3.318506295890809], [-75.986481245, 3.319025825890755], [-75.98493798700002, 3.3194303898907482], [-75.98344798900001, 3.321564011890711], [-75.98247531499999, 3.3223137788906913], [-75.981219899, 3.3218534978906833], [-75.980536245, 3.3211622208907214], [-75.97985317799998, 3.320182275890771], [-75.979456819, 3.318626155890788], [-75.97974667199998, 3.3167241498908857], [-75.97997951500003, 3.31499454889092], [-75.98021179800003, 3.3132649468909654], [-75.98032939500001, 3.311823662891001], [-75.98044744600003, 3.3103247568910614], [-75.98091053600001, 3.30788125289115], [-75.979540654, 3.3072121608911664], [-75.977600822, 3.306233437891196], [-75.97109826899998, 3.302605375891296], [-75.969102056, 3.301222825891377], [-75.96739099899997, 3.300244208891425], [-75.96579240199998, 3.299899203891396], [-75.96327844799998, 3.300303834891418], [-75.96007970900001, 3.3003058198914035], [-75.95591286000001, 3.299270719891409], [-75.95357341200003, 3.2982921028914545], [-75.947183016, 3.2954126698915776], [-75.94541248899998, 3.295413664891568], [-75.94347042300001, 3.295357351891554], [-75.941588653, 3.2941479348916096], [-75.93930573400002, 3.2933420298916443], [-75.93827819900002, 3.2929964868916164], [-75.93690956699999, 3.292074787891648], [-75.935141907, 3.2908651408916896], [-75.93291703400001, 3.2898286218917603], [-75.93114675300001, 3.289656720891717], [-75.92886192200001, 3.289658052891727], [-75.92503495900002, 3.289775161891751], [-75.92155196599998, 3.2892583578917396], [-75.91989674299998, 3.288682874891786], [-75.91784284699997, 3.2877036218917874], [-75.91641674599998, 3.287012472891838], [-75.91459115999999, 3.286090984891853], [-75.91276389500001, 3.2858039048918948], [-75.90830922200001, 3.285691017891894], [-75.90550965900002, 3.2860960058918436], [-75.90248239499999, 3.286155094891884], [-75.898884667, 3.285925950891892], [-75.89403268000001, 3.2846024998919194], [-75.890893253, 3.2838544658919164], [-75.887980277, 3.2840291158919332], [-75.88609442699999, 3.2843183148919257], [-75.88317938099999, 3.2852420548919197], [-75.880606581, 3.2864544318918796], [-75.873803066, 3.2896860018917446], [-75.86637034, 3.2931485828916327], [-75.86191401399998, 3.293784614891603], [-75.86048700999999, 3.2935549248916467], [-75.85649203100002, 3.2921732868916913], [-75.853298704, 3.2898688118917487], [-75.85153086899999, 3.2885437098917856], [-75.85005103100002, 3.286353174891845], [-75.84834358900002, 3.2835291608919377], [-75.84726179299997, 3.2820305458919807], [-75.84520863400002, 3.280821162892023], [-75.842752372, 3.280879640892048], [-75.84063772299999, 3.281514898892016], [-75.83886468499998, 3.2827263758919996], [-75.83680482800003, 3.284514589891928], [-75.83485843699998, 3.2865907328918738], [-75.833199121, 3.28791782489182], [-75.83096897000001, 3.2890713298917786], [-75.82845489599998, 3.2895338218917565], [-75.82674132900001, 3.2897073778917467], [-75.824912455, 3.2901698168917184], [-75.822285093, 3.2904590498917035], [-75.81965779699999, 3.290460151891699], [-75.81760334299997, 3.2898269568917433], [-75.81680410000001, 3.289539064891733], [-75.81360734200001, 3.2888484858917804], [-75.81166288899999, 3.2901178548917356], [-75.80914339100002, 3.293058771891625], [-75.80679478000002, 3.296345716891534], [-75.80312837499997, 3.3015359808913263], [-75.800035713, 3.3056303888912097], [-75.79831979800002, 3.3067835528911855], [-75.79740578399998, 3.3067839738911666], [-75.79580819099999, 3.3060929078911894], [-75.79546795800002, 3.3049980288912337], [-75.795299623, 3.3034989118913023], [-75.79593293800002, 3.3013656858913607], [-75.79862356299998, 3.298193980891458], [-75.80177146099999, 3.2951949428915763], [-75.80417604899998, 3.292426537891626], [-75.806351399, 3.2900618998917457], [-75.80778227000002, 3.2885629078918], [-75.80841391299998, 3.2871211998918324], [-75.808760817, 3.2851607818918844], [-75.80893482300002, 3.2840074138919038], [-75.80991519700001, 3.2796832818920794], [-75.81089217099998, 3.276684542892155], [-75.81232587599999, 3.274204790892237], [-75.81415684199999, 3.2726475038923244], [-75.815986694, 3.271435967892335], [-75.81844488899998, 3.270512622892371], [-75.81987463299998, 3.2697045738924024], [-75.82118970699997, 3.2688967198924086], [-75.822619987, 3.267743484892444], [-75.82416493199997, 3.2665894888925107], [-75.82633900600001, 3.264858735892564], [-75.82856967100003, 3.2633589528926312], [-75.83039967600001, 3.2622626588926273], [-75.83240174999997, 3.2608779458926813], [-75.83428898, 3.259723927892751], [-75.83640533900001, 3.2584542668927585], [-75.838407394, 3.257069550892785], [-75.84018140799998, 3.255454160892854], [-75.84172757800002, 3.253723911892925], [-75.84338701399997, 3.2521663428929752], [-75.845161744, 3.250320454893039], [-75.84653719800002, 3.24835943689308], [-75.84894085399998, 3.2461672908931734], [-75.851112758, 3.2455319598931873], [-75.85334315699998, 3.2442620958932324], [-75.855002485, 3.24299264589328], [-75.85666234399997, 3.2413774498933425], [-75.85797870300001, 3.2400509648933933], [-75.85883766, 3.2391275038934144], [-75.860268308, 3.237916071893459], [-75.86169822099998, 3.2369351328934504], [-75.86312806000001, 3.236242315893514], [-75.864500469, 3.2354919718934956], [-75.86570144400002, 3.2347419218935616], [-75.867989024, 3.233414891893576], [-75.869417855, 3.2331254358936174], [-75.87096005299998, 3.233067406893618], [-75.872288588, 3.2329634208936247], [-75.87318832699998, 3.232892941893579], [-75.87821247699998, 3.2338135518935887], [-75.87946679499998, 3.23467798289353], [-75.879635974, 3.235657849893506], [-75.87894920299999, 3.2363499578935024], [-75.87814849799997, 3.236811771893484], [-75.87706279499997, 3.2369277748935015], [-75.87506410399999, 3.236928983893446], [-75.87083918500002, 3.236008112893529], [-75.86924001599999, 3.235950994893504], [-75.867524855, 3.2367595588934837], [-75.866552345, 3.237336345893467], [-75.86472118199998, 3.239009465893428], [-75.862658625, 3.241778400893291], [-75.86179950500002, 3.2429317938932933], [-75.86082645200003, 3.243854888893225], [-75.85939497099997, 3.2452397648932085], [-75.85664848699997, 3.2474319478931157], [-75.851329814, 3.2505482798930023], [-75.84692260000003, 3.254874841892875], [-75.84217355099997, 3.258509367892743], [-75.83902580099999, 3.261451347892648], [-75.83536318099999, 3.264739393892558], [-75.83198735299999, 3.26745069989246], [-75.82884218700002, 3.2692972378923955], [-75.825296525, 3.271316764892342], [-75.82157905600002, 3.2737975778922936], [-75.818031163, 3.276854916892145], [-75.815627286, 3.279334624892074], [-75.81476579299999, 3.281468222892007], [-75.81504851400001, 3.2827942518919473], [-75.81698629200002, 3.2845807278918904], [-75.82035219400001, 3.286251204891845], [-75.82389145299999, 3.287056991891807], [-75.826233452, 3.286882933891839], [-75.82892040500002, 3.2856134058918562], [-75.83132253299999, 3.2841132988919375], [-75.83344047100002, 3.282094491891993], [-75.83744825299999, 3.277480459892134], [-75.839737238, 3.27557660889219], [-75.84185141400002, 3.2749995488921995], [-75.84453669999999, 3.274767248892213], [-75.84716103, 3.2760349718921833], [-75.85183447200001, 3.2804142258920574], [-75.85662153200002, 3.2851395478919154], [-75.86249618, 3.2888268188917817], [-75.864951185, 3.289344521891776], [-75.86775047399999, 3.2890548808917957], [-75.86952185000001, 3.2885348518917845], [-75.87507196799999, 3.284035543891933], [-75.880046967, 3.281438810892001], [-75.88393432999999, 3.2798224518920884], [-75.88787740800001, 3.278898028892099], [-75.89164656399998, 3.2791269228920688], [-75.89518581800002, 3.279990061892092], [-75.89815353699998, 3.2809106958920067], [-75.901235203, 3.2820621708919986], [-75.90346246500002, 3.2822338818920045], [-75.90563397800003, 3.2817142188919886], [-75.90872003300001, 3.2809053678920215], [-75.91248905600003, 3.2810765538920075], [-75.91597080999998, 3.282170196892017], [-75.921849716, 3.2838385368919467], [-75.92830035600002, 3.2855651108918598], [-75.93457839899997, 3.287579485891843], [-75.93937240999998, 3.289190911891738], [-75.94285442199998, 3.2901115638917053], [-75.94565307200003, 3.2901674428917027], [-75.94907975900003, 3.290338530891694], [-75.95330165500002, 3.292296646891656], [-75.95683910000002, 3.294023823891623], [-75.96054896200002, 3.2950597788915514], [-75.96494654000003, 3.2953453718915435], [-75.96871620600001, 3.2952852608915677], [-75.97225344700001, 3.2968976858915324], [-75.97864335100002, 3.30012206689142], [-75.98377733000001, 3.3028860918913048], [-75.98691486299998, 3.3044410018912362], [-75.98948284, 3.305592504891217], [-75.99245395100002, 3.305014082891248], [-75.997773188, 3.3019552668913255], [-76.00057573700002, 3.3002241998914], [-76.00194635700001, 3.30039615189141], [-76.00291377299999, 3.301952292891342], [-76.00211118200002, 3.3031632568912954], [-76.001196112, 3.3037406218913037], [-76.00084978199999, 3.3051817608912097], [-76.001305919, 3.3056429778911967], [-75.99890009799998, 3.3085268188911336], [-75.997927344, 3.309218968891136], [-75.996727319, 3.309508213891101], [-75.99541377700001, 3.3095090108910843], [-75.99478562500002, 3.3093362148910743], [-75.99124333999998, 3.3098569818910684], [-75.99004389200002, 3.309858120891077], [-75.98844494399998, 3.3096284048911078], [-75.98815038499998, 3.3096091908910834]], [[-75.99787118, 3.026302306900362], [-75.99889649800002, 3.0275139289003503], [-75.99940757000002, 3.0286676929002896], [-75.99951678100001, 3.030745197900205], [-75.99871364500001, 3.031957733900193], [-75.99659314899998, 3.0346712339000765], [-75.99567468200001, 3.036460733900047], [-75.99595210899997, 3.0396344178999315], [-75.99896696600001, 3.0449420328997543], [-75.99924981800001, 3.046038004899746], [-75.99924488099998, 3.0480580868996796], [-75.999297523, 3.0499046438995876], [-75.998663636, 3.052155175899518], [-75.99780193200002, 3.0539445848994764], [-75.99722624700001, 3.0557340598994385], [-75.99756632499998, 3.0567723118993984], [-75.99687673199998, 3.0583309448993545], [-75.99572976600001, 3.0602360948992584], [-75.99612597800001, 3.0615629128992063], [-75.99623568599998, 3.0635822318991446], [-75.99600097299998, 3.0659484378990998], [-75.99633991500002, 3.067621637899016], [-75.997536949, 3.068659511898999], [-75.99850708500003, 3.06912045689897], [-76.00022232100002, 3.06859999289901], [-76.00130839100001, 3.0681953088989835], [-76.00364983899999, 3.068771330898977], [-76.005760678, 3.0698663268989503], [-76.00695746000002, 3.07107704189892], [-76.007869561, 3.0717691188988985], [-76.00970101600001, 3.070556438898896], [-76.010388987, 3.0696903678989687], [-76.01216595, 3.0672079048990124], [-76.01491848500001, 3.063166872899171], [-76.01721689700003, 3.057799155899333], [-76.01785413099998, 3.0542787538994562], [-76.01855038500003, 3.0501238788996092], [-76.01941596500001, 3.046718316899708], [-76.020678325, 3.0446401148997664], [-76.02199635400001, 3.0429080938998174], [-76.02302769099998, 3.0417533318998538], [-76.02388480399998, 3.0418681858998577], [-76.02502530999999, 3.042733274899829], [-76.02306841699999, 3.0483319658996364], [-76.02134860899997, 3.0506990738996], [-76.01985291800003, 3.0546237548994783], [-76.01881287399999, 3.0594717958993147], [-76.017083593, 3.0654163878991123], [-76.01678914600001, 3.0689361838989777], [-76.01501404800001, 3.0705526678989323], [-76.01272175100002, 3.073324144898853], [-76.01231811000002, 3.074824652898792], [-76.01300073700003, 3.0760357008987746], [-76.01379913300002, 3.0766121668987356], [-76.01511143800002, 3.077361703898702], [-76.01687828899998, 3.079034026898629], [-76.01813374099999, 3.079725473898617], [-76.02041793699999, 3.0800123158986397], [-76.023898686, 3.0816838128985484], [-76.02726164699999, 3.0847394788984634], [-76.02851736100001, 3.085258049898441], [-76.03051920500002, 3.0844489228984955], [-76.03480919999998, 3.082369198898564], [-76.03595413699998, 3.0812718248985633], [-76.037159341, 3.0793095028986346], [-76.039222591, 3.0767118358987444], [-76.04054139700003, 3.074806931898791], [-76.04145869000001, 3.073363696898824], [-76.042262472, 3.071920666898858], [-76.04357923700002, 3.0707659328989387], [-76.04483766999999, 3.07030328489896], [-76.04592440900001, 3.069668091898926], [-76.047355187, 3.068801241898989], [-76.051647447, 3.0658561108990976], [-76.0546799, 3.064180279899153], [-76.05965763799998, 3.061234467899241], [-76.062576595, 3.059270748899304], [-76.06423461399999, 3.058865549899319], [-76.06526194000003, 3.0592687008993056], [-76.06531389399998, 3.061288599899245], [-76.063996009, 3.062731991899192], [-76.062278144, 3.064233162899119], [-76.06033405900001, 3.064926970899091], [-76.05466804500003, 3.0688546728989574], [-76.05089116099998, 3.0712227078988947], [-76.04505281399997, 3.0756116568987846], [-76.04344906799997, 3.077170805898734], [-76.04190253000002, 3.07867166689864], [-76.04109956299999, 3.079941844898629], [-76.04080907999997, 3.08184602589855], [-76.03897682000002, 3.0835202608984886], [-76.03719963600003, 3.0858293278984124], [-76.037310918, 3.087098986898376], [-76.03793697499998, 3.0880790608983286], [-76.03804972799998, 3.0885985508983578], [-76.037876665, 3.08923322689834], [-76.03701754299999, 3.0902142908982775], [-76.03718594100002, 3.091368610898253], [-76.03918083399998, 3.0932709188982006], [-76.04471173000002, 3.0975370388980155], [-76.05390713999998, 3.098454010898016], [-76.06111347299998, 3.095449221898125], [-76.064086024, 3.0948127998981345], [-76.06768468400003, 3.0948677558981132], [-76.07093912300002, 3.0956734858981156], [-76.07442061400002, 3.0971136988980326], [-76.07864345899998, 3.098956968898028], [-76.08440571099999, 3.102184101897915], [-76.086974962, 3.10287467189785], [-76.08908775100002, 3.1031616388978605], [-76.09062809599999, 3.1041410668978218], [-76.090854116, 3.105121816897788], [-76.090509118, 3.10604545289774], [-76.08965044600001, 3.1066226548977696], [-76.08839248700002, 3.1070271888977374], [-76.08639201599999, 3.1073173108976966], [-76.08353516900002, 3.1076078928977338], [-76.08147831299999, 3.1074936658977004], [-76.079708982, 3.1069755808977018], [-76.07737100399999, 3.105246335897785], [-76.07349328200002, 3.1022489698978943], [-76.06995761500002, 3.099770625897979], [-76.06801774799999, 3.0987907588979953], [-76.06624620999997, 3.0989075608979744], [-76.06521728799999, 3.0991969758979603], [-76.06287352499999, 3.099832816897958], [-76.06138493600002, 3.101045516897913], [-76.060409908, 3.102545925897881], [-76.0613179, 3.104968704897776], [-76.06222248799997, 3.108602580897691], [-76.06060822199998, 3.114546359897507], [-76.05906395099998, 3.1151242528974428], [-76.05803525599998, 3.1152402538974773], [-76.05752249, 3.1147791298974647], [-76.05706813299997, 3.1136829738975456], [-76.05655952299998, 3.111491054897576], [-76.05685255600002, 3.1085486338976676], [-76.05685481199998, 3.107625618897686], [-76.056457534, 3.106702772897737], [-76.055603442, 3.105491547897755], [-76.05149401599999, 3.103936623897863], [-76.04978036900002, 3.103764645897843], [-76.04880768599998, 3.104400217897842], [-76.047888995, 3.106304415897755], [-76.046682471, 3.109074537897682], [-76.04467584600002, 3.1119026138975436], [-76.03997926599999, 3.1166364378974194], [-76.03522387100003, 3.1221199788972296], [-76.03241719099998, 3.1250641988971486], [-76.02846910599999, 3.1276625308970583], [-76.01777990699998, 3.1300341578969753], [-76.01560784899999, 3.1306125888969714], [-76.01172205900002, 3.131019000896971], [-76.01126650399999, 3.130500121896963], [-76.01081287699998, 3.1291734438970056], [-76.01367631300002, 3.126172079897108], [-76.016592591, 3.125073741897121], [-76.019792408, 3.124783242897169], [-76.02230684199998, 3.1246086528971526], [-76.02442105799997, 3.1243765988971783], [-76.02699370099998, 3.123452285897168], [-76.02916795499999, 3.1222394728972143], [-76.03162983800001, 3.120045491897277], [-76.03506654199998, 3.1165239508974], [-76.037873203, 3.113580306897525], [-76.03987737699998, 3.1115594538975593], [-76.04136768299998, 3.109712391897646], [-76.04245777800003, 3.107807878897713], [-76.04320484200002, 3.1060768468977624], [-76.04315085299999, 3.1048076548978085], [-76.04286851400002, 3.103423077897837], [-76.041843401, 3.1020969038978987], [-76.04024736399998, 3.1007706358979297], [-76.03939314799999, 3.099790420897991], [-76.03888079400002, 3.0989253838979813], [-76.03814029699998, 3.098060759898036], [-76.03711565499998, 3.096676391898076], [-76.03597399799997, 3.096158200898064], [-76.03454723499999, 3.095524157898098], [-76.03260833399997, 3.094140867898166], [-76.03158212900001, 3.0934490398981733], [-76.029471995, 3.0918350098982392], [-76.024909729, 3.088722209898346], [-76.02171563799999, 3.0864740298983837], [-76.01954657300001, 3.08584071689842], [-76.018805128, 3.0853793968984418], [-76.01789172999997, 3.084918383898446], [-76.01652132700002, 3.084688660898438], [-76.01577768099997, 3.085207994898465], [-76.01457385499998, 3.086709365898378], [-76.01382923300002, 3.0876325988983795], [-76.012109898, 3.0896528978982953], [-76.00833113800002, 3.093002111898214], [-76.00730047799999, 3.093925855898159], [-76.006900938, 3.0939260028981423], [-76.00627443000002, 3.093002950898211], [-76.00639199, 3.091791606898237], [-76.007367537, 3.089886740898274], [-76.00908606600001, 3.088039302898367], [-76.01052010299998, 3.08578847189842], [-76.01098034, 3.0845189028984703], [-76.01081274699999, 3.0828454228985063], [-76.01047360899997, 3.0814032868985683], [-76.00922092600001, 3.0797306018986097], [-76.00802494700002, 3.0783470398986545], [-76.006485113, 3.07730923189871], [-76.00477235, 3.076675627898698], [-76.00266041200001, 3.075926920898771], [-76.000490899, 3.075351168898754], [-75.998950348, 3.074543821898808], [-75.99758021000002, 3.074141204898799], [-75.99672371999998, 3.0740839638988193], [-75.99546677000001, 3.074142100898819], [-75.99432280899998, 3.0745468848988167], [-75.99289286099997, 3.075297890898762], [-75.991919042, 3.076279137898761], [-75.991170721, 3.078645687898656], [-75.99048085999999, 3.0803766248985918], [-75.98761136399997, 3.0857442708984384], [-75.98675341500001, 3.086149119898432], [-75.98589670899997, 3.0859760708984267], [-75.98549919599998, 3.0848802948984595], [-75.98561606099997, 3.083899420898504], [-75.98596350700001, 3.082052710898566], [-75.98637470599999, 3.077436743898708], [-75.98609292100002, 3.0759944798987684], [-75.98540896399999, 3.075301977898799], [-75.98175538200002, 3.0740926948988014], [-75.978219142, 3.0718443308989047], [-75.97730882600001, 3.0702291588989428], [-75.97696776100003, 3.0695947998989626], [-75.97719808800002, 3.0689023908989737], [-75.97777037200001, 3.0683828128990296], [-75.978741765, 3.068266447898979], [-75.98028438400002, 3.0683236418989988], [-75.98456421399999, 3.0703402248989318], [-75.98530538199998, 3.0709744448989102], [-75.98639147099999, 3.0705703368989195], [-75.986849774, 3.0701080108989434], [-75.98822323399997, 3.069184253898964], [-75.98931122699997, 3.068260432898981], [-75.990057326, 3.066875120899055], [-75.99097652400002, 3.064855123899133], [-75.99177999900002, 3.0631810498991947], [-75.99201130400002, 3.0620847388992014], [-75.992073656, 3.060122732899282], [-75.99207697899999, 3.0587952128993097], [-75.99225185699999, 3.0572374778993545], [-75.992714831, 3.054929053899454], [-75.99346290199998, 3.0527353748995085], [-75.99455321900001, 3.050888510899557], [-75.995071333, 3.049272560899631], [-75.99513177799997, 3.0478297028996653], [-75.99439396399998, 3.045867964899746], [-75.99302855399998, 3.043618087899827], [-75.99177649400002, 3.0415990518998597], [-75.99081045700001, 3.0395800798999546], [-75.99075783900003, 3.0377335109000048], [-75.99121821900002, 3.0365210029000633], [-75.99139284799998, 3.035136129900099], [-75.99151145299999, 3.0335203099001147], [-75.99352077999998, 3.0295371099002515], [-75.99632754499999, 3.026591949900379], [-75.99787118, 3.026302306900362]], [[-75.54859081299998, 4.127791128864338], [-75.54671094399998, 4.130391350864265], [-75.54397466900002, 4.133341169864153], [-75.54066125499997, 4.134218405864129], [-75.53798105599998, 4.13676412686404], [-75.535991776, 4.14115169886388], [-75.53486187200002, 4.146227051863711], [-75.533273183, 4.150900939863572], [-75.531736593, 4.153557610863491], [-75.529051132, 4.154144409863493], [-75.52442177, 4.154622810863486], [-75.52201868600002, 4.153882973863484], [-75.51567729300001, 4.155866783863433], [-75.511728629, 4.154326194863481], [-75.50840550499998, 4.151687755863559], [-75.50788497100001, 4.14944212786361], [-75.50953903700002, 4.147937926863662], [-75.51153646400002, 4.146489618863747], [-75.513410094, 4.1415265008638755], [-75.51670149699999, 4.132235603864208], [-75.51828252600001, 4.124738309864433], [-75.519817472, 4.121447712864554], [-75.521871755, 4.1200563738645934], [-75.52808075799999, 4.1114462648648535], [-75.53145003700001, 4.110050319864943], [-75.53538615399998, 4.106865626865011], [-75.538362264, 4.108122003864971], [-75.53957073499998, 4.11117151586489], [-75.54335774100002, 4.1162284268647245], [-75.54581511499998, 4.115930760864744], [-75.54859081299998, 4.127791128864338]], [[-75.51202767299998, 4.01060421986817], [-75.51236397100001, 4.008188712868223], [-75.51304313399999, 4.006231988868318], [-75.51338250600003, 4.004966310868325], [-75.51445796000002, 4.001800879868472], [-75.515705889, 3.9991521568685644], [-75.51678277399998, 3.996503726868633], [-75.51791638200001, 3.9937981308687203], [-75.519162854, 3.990632412868831], [-75.52034942, 3.986316969868973], [-75.52147896100001, 3.981886926869109], [-75.522838675, 3.9784910538692295], [-75.52357395000001, 3.976131378869273], [-75.524025225, 3.9741756168693674], [-75.52412492299999, 3.968600904869551], [-75.52458080600002, 3.9683690308695554], [-75.524979401, 3.968194886869527], [-75.525887533, 3.9665824468696087], [-75.52656549, 3.963935840869711], [-75.526728451, 3.960831878869799], [-75.52717665199998, 3.9577268678698996], [-75.52785010000002, 3.953414011870028], [-75.528870891, 3.951226188870111], [-75.52983697399998, 3.9499583198701504], [-75.53018027299998, 3.950358900870143], [-75.53069740299998, 3.9520807768700648], [-75.53104426599998, 3.9539187728700145], [-75.53099378799999, 3.9563326418699405], [-75.53134104600002, 3.9584000348698853], [-75.53128778799999, 3.9598369818698376], [-75.53054638200001, 3.959897579869834], [-75.53072444499998, 3.9627127898697405], [-75.53067224, 3.9644367668696665], [-75.53067754300002, 3.9665635088696294], [-75.53113515899997, 3.9670215228696093], [-75.531761802, 3.9669611198695964], [-75.53238842000002, 3.966556616869584], [-75.53238428499998, 3.96511976886966], [-75.532095476, 3.9636839738696907], [-75.53277862099998, 3.9631064778696987], [-75.53375135800002, 3.9644247018696457], [-75.533985185, 3.9666075498695887], [-75.53381966199998, 3.968849845869536], [-75.53388324600002, 3.9714929158694257], [-75.53469239600003, 3.9755127898692906], [-75.53412017, 3.9748255788693534], [-75.53475744100001, 3.9786739798692006], [-75.53436456399999, 3.981204265869143], [-75.53397235, 3.9837921828690304], [-75.53345450799998, 3.9820126908691194], [-75.53261367200002, 3.9877632528689326], [-75.531211826, 3.9970800858685864], [-75.530823795, 4.0014500848684476], [-75.53066468899999, 4.006106153868314], [-75.53073392099998, 4.010704194868176], [-75.53238855799998, 4.010985527868144], [-75.53404028599999, 4.010231742868194], [-75.53597521299997, 4.008614671868255], [-75.53745860599997, 4.008781595868231], [-75.53877215, 4.009638703868189], [-75.53946048400002, 4.011072656868149], [-75.53866698000002, 4.012915445868105], [-75.537757306, 4.013953848868073], [-75.53707363900003, 4.014243767868016], [-75.53616164200002, 4.014592280868008], [-75.53541979099998, 4.01442237286804], [-75.533994372, 4.014600576868043], [-75.53308313399998, 4.015063786867991], [-75.53194316600002, 4.015355624867994], [-75.52903644700001, 4.015941518868009], [-75.52692764199998, 4.0165819568679995], [-75.52236645400001, 4.017002317867939], [-75.519858624, 4.017586362867957], [-75.51774930900001, 4.017939748867916], [-75.51409646299999, 4.016861744867984], [-75.51227220499999, 4.017098230867933], [-75.508392544, 4.016308749867979], [-75.50439002500002, 4.012070514868119], [-75.51202767299998, 4.01060421986817]], [[-75.33483282600002, 4.14167277086389], [-75.336487482, 4.142472043863845], [-75.34054056899998, 4.145390545863749], [-75.34248236600001, 4.146993443863685], [-75.343282273, 4.147853359863684], [-75.34317279700002, 4.150210417863577], [-75.336237466, 4.159949949863287], [-75.333673799, 4.16093545086325], [-75.33333245400001, 4.161109454863221], [-75.33236259799997, 4.160997377863244], [-75.33122304699998, 4.161059038863259], [-75.330368969, 4.161579093863225], [-75.32957217199998, 4.1623866778632275], [-75.32906061900002, 4.1631356188631825], [-75.327070623, 4.165729530863114], [-75.324790285, 4.165794639863098], [-75.32102331300001, 4.16344974386316], [-75.319936321, 4.161441456863265], [-75.31993322300002, 4.159773939863273], [-75.32078294799999, 4.157126414863377], [-75.32225847500001, 4.153729776863515], [-75.32367811400002, 4.150965538863608], [-75.324926049, 4.147799799863659], [-75.32594745300003, 4.145554342863777], [-75.32725505299999, 4.143882555863804], [-75.32873525899998, 4.1428428168638165], [-75.330842916, 4.142146234863848], [-75.33306581300002, 4.141736525863866], [-75.33483282600002, 4.14167277086389]], [[-76.00509015400002, 2.9955357039014054], [-76.00760169900002, 2.996457804901337], [-76.00468001899998, 2.9995189289012343], [-75.99929971400002, 3.003389267901108], [-75.996666893, 3.0051800069010484], [-75.99620644100003, 3.006680604901008], [-75.996259834, 3.0080080259010034], [-75.99631425299998, 3.0092778249009604], [-75.99631189399997, 3.010201438900918], [-75.995967307, 3.0107787929008767], [-75.995166358, 3.0112987509009], [-75.99419519100002, 3.0111834879008437], [-75.99368168299998, 3.0108957089008963], [-75.99271288, 3.009857393900912], [-75.99100207100003, 3.0086463629009814], [-75.9892878, 3.0087046639009443], [-75.987686693, 3.009225422900917], [-75.98620057699998, 3.0096301799009093], [-75.98402810200002, 3.0102084059009115], [-75.97590878800003, 3.0126948599008365], [-75.974021375, 3.0133889579008115], [-75.97241933100003, 3.014370668900787], [-75.97144623899999, 3.015121391900774], [-75.97047214000003, 3.0162765909007137], [-75.96927108, 3.0167966539007094], [-75.967499653, 3.0169708349006834], [-75.96647115299999, 3.016855646900687], [-75.96452861099999, 3.016856684900683], [-75.962986887, 3.016627121900684], [-75.96167477400002, 3.015935070900717], [-75.960361364, 3.0154740689007267], [-75.95927445900003, 3.0160521159007367], [-75.957559968, 3.0163414249007117], [-75.95544363900001, 3.0172658079006682], [-75.954414413, 3.0177285139006553], [-75.95287073700001, 3.0180175299006544], [-75.95064299500001, 3.0178455969006746], [-75.94847496300002, 3.016750487900706], [-75.94699237999998, 3.015597165900748], [-75.945910067, 3.014212680900779], [-75.94437165599999, 3.012597342900808], [-75.94288742100002, 3.012136598900814], [-75.94145938899999, 3.012022050900821], [-75.94054606399999, 3.011560345900872], [-75.939805707, 3.0106949999008896], [-75.93923617500002, 3.009829933900902], [-75.93935237699998, 3.009079528900962], [-75.93981005500001, 3.0089059009009413], [-75.94055254199998, 3.0090210329009572], [-75.942038163, 3.0089626239009353], [-75.945697521, 3.0076905249009784], [-75.94827411199998, 3.005438412901038], [-75.94993506999998, 3.0037058619011217], [-75.95096716, 3.002262471901149], [-75.95217155199998, 3.000357259901214], [-75.95308689299998, 3.0000105629012332], [-75.95394353299997, 3.000183118901219], [-75.95411241900001, 3.0010488479011905], [-75.95330940399998, 3.0023766119011377], [-75.95153189000001, 3.0049748059010852], [-75.94906818599998, 3.007862258900962], [-75.948494042, 3.0089591569009397], [-75.94837812100002, 3.0095361289009546], [-75.94854868300001, 3.0100555639009374], [-75.94928913899997, 3.0109785209009106], [-75.95157095100001, 3.0122468709008383], [-75.95396776899997, 3.013399776900818], [-75.95539606699998, 3.013341442900805], [-75.95642474499999, 3.0132255959007934], [-75.95774007799997, 3.0128205929008334], [-75.958941052, 3.0122429199008454], [-75.95985592900001, 3.0119538349008383], [-75.960770534, 3.0118381779008576], [-75.96185551299999, 3.012126140900854], [-75.963796576, 3.012586645900816], [-75.96505293799999, 3.012874315900842], [-75.96613882700001, 3.0127007419008183], [-75.96711138299997, 3.0122963129008222], [-75.96871196000001, 3.0117755739008647], [-75.96974210000002, 3.0111981839008966], [-75.97065888399999, 3.0100430859009055], [-75.97163280799998, 3.0091189379009164], [-75.97334827600002, 3.008425706900981], [-75.97540743399998, 3.007616647901001], [-75.97763703999999, 3.00692253790104], [-75.981637863, 3.0062852829010436], [-75.98586910300003, 3.005013236901094], [-75.99187153100002, 3.003797458901112], [-75.99553144499998, 3.00229475990115], [-75.99793494, 3.0007925199012218], [-75.99999640200002, 2.999059821901264], [-76.00171500200003, 2.9972695309013013], [-76.00245919000002, 2.996749675901325], [-76.00377425900001, 2.996229402901333], [-76.00509015400002, 2.9955357039014054]], [[-75.37961360499997, 3.9926585808687514], [-75.380641034, 3.993401744868756], [-75.382353362, 3.9946015448687104], [-75.38457533100001, 3.9942488988687144], [-75.38617146899998, 3.9945300848686953], [-75.38782679899998, 3.995615815868654], [-75.39410493399998, 3.9999592298685123], [-75.395018279, 4.0004154978684925], [-75.396219304, 4.0024223898684195], [-75.393269396, 4.009041553868233], [-75.39252955299997, 4.009446726868213], [-75.39207495300002, 4.010195571868163], [-75.39225134700001, 4.012551014868081], [-75.38986072300003, 4.01411092286802], [-75.389347568, 4.014112853868069], [-75.385471542, 4.013897399868078], [-75.384842833, 4.01303779586808], [-75.38256443, 4.0136781598680455], [-75.38028681700001, 4.014836112868026], [-75.37594077, 4.007898823868247], [-75.37387598800001, 4.0014134188684825], [-75.37398536500001, 3.999344563868539], [-75.37460950600001, 3.997963160868548], [-75.37881781099998, 3.993637926868726], [-75.37961360499997, 3.9926585808687514]], [[-75.95915619599998, 3.1827324698952713], [-75.960754947, 3.182962353895224], [-75.96218264599997, 3.1830772998952175], [-75.963097027, 3.1830767918952465], [-75.96578172, 3.1830748038952414], [-75.96726556499999, 3.183477743895241], [-75.96897789000002, 3.18405369789522], [-75.97143221699997, 3.1850327828951723], [-75.97354362200002, 3.1859542938951435], [-75.976968887, 3.1868174978950954], [-75.97919523899998, 3.1872772578950963], [-75.982680356, 3.1870449858950973], [-75.987937741, 3.186349653895156], [-75.99325175899997, 3.1855965758951776], [-75.99673790000003, 3.1850179778951944], [-75.999425412, 3.1838047558951863], [-76.00148326099998, 3.1833999168952025], [-76.00427816500002, 3.185013225895199], [-76.00393354599998, 3.1858787108951305], [-75.99890113599997, 3.1881887448950654], [-75.99210009900003, 3.1895766898950524], [-75.98821378999997, 3.1901560128949846], [-75.983757744, 3.1905047478950146], [-75.98289998000001, 3.190735655895008], [-75.982498373, 3.191486008894979], [-75.98295371400002, 3.1921777518949597], [-75.98546411199999, 3.1933871618949192], [-75.98711872799998, 3.1943665118948568], [-75.98877243200002, 3.1954616638948234], [-75.99071149000002, 3.1967867688948175], [-75.993789639, 3.199610716894682], [-75.99743714300001, 3.2030691088945944], [-75.999887393, 3.2054897048944926], [-76.00102424800002, 3.207911013894413], [-76.00267313500001, 3.2109668808943113], [-76.00226540199998, 3.214196573894244], [-76.001293653, 3.214485334894214], [-76.00043750200001, 3.2143705488942342], [-75.992293658, 3.2039948078945564], [-75.989444332, 3.20122862689462], [-75.98693596999999, 3.198980385894731], [-75.98334128099998, 3.1973679278947733], [-75.98049178600002, 3.1944858918948507], [-75.97929499499998, 3.193391020894926], [-75.97821239899997, 3.192353561894924], [-75.975360394, 3.1905674118950027], [-75.97187885699998, 3.189358023895033], [-75.96908144100001, 3.188552423895079], [-75.96531343999999, 3.1877468638950996], [-75.96308600200001, 3.1876327968950795], [-75.95514594899998, 3.187637404895065], [-75.954234579, 3.18648435389514], [-75.956984552, 3.18302219289524], [-75.95915619599998, 3.1827324698952713]], [[-75.63558327700002, 3.991722057868776], [-75.63729641200001, 3.9923477198687602], [-75.63798866799999, 3.9949318548686756], [-75.63423737900001, 3.999891016868493], [-75.63059821600001, 4.0040448508683815], [-75.627244894, 4.008542802868244], [-75.62497115100001, 4.011483877868108], [-75.622749156, 4.012584651868084], [-75.62121206400002, 4.01379828686804], [-75.61773518000001, 4.015077085868034], [-75.614767008, 4.014571227868055], [-75.61214027800003, 4.013719512868069], [-75.60962828200002, 4.013154597868107], [-75.60814554299998, 4.013333030868079], [-75.60660618600002, 4.0136262608680795], [-75.605178766, 4.013287042868066], [-75.60386493300001, 4.012602397868112], [-75.60180709899998, 4.01117329786816], [-75.60060392600002, 4.009453352868228], [-75.60065790499999, 4.00818820686823], [-75.600940262, 4.007210233868287], [-75.60247790900002, 4.006284216868277], [-75.60470174800002, 4.0058727958683225], [-75.60715462600001, 4.005805603868309], [-75.60949168799999, 4.005164006868361], [-75.61291557999999, 4.005380347868348], [-75.61377022200003, 4.005089498868352], [-75.614853386, 4.004855295868366], [-75.61890555999997, 4.005298718868332], [-75.61981705699998, 4.004720173868351], [-75.62049754200001, 4.003338059868377], [-75.62163720699999, 4.002930854868403], [-75.62249401700001, 4.003215165868422], [-75.62357654099998, 4.002635738868446], [-75.62402958199999, 4.001483998868479], [-75.62476807399997, 4.0004464278684715], [-75.625793875, 3.999924734868486], [-75.62687582900003, 3.999345871868519], [-75.627784819, 3.998019834868556], [-75.62835174600002, 3.996694995868591], [-75.62960247400002, 3.9951954368686753], [-75.63176530499999, 3.993461977868752], [-75.63558327700002, 3.991722057868776]], [[-75.98920351800001, 3.01961304990057], [-75.99011611499998, 3.020305176900583], [-75.990054348, 3.0219785199005282], [-75.989137691, 3.0231912469004807], [-75.98844843900002, 3.024634627900435], [-75.988273601, 3.025904261900376], [-75.98746918400002, 3.027693562900345], [-75.98643579899999, 3.0296566839002406], [-75.98517228100002, 3.032427448900188], [-75.984076695, 3.036467827900061], [-75.98355457500003, 3.039699408899916], [-75.983089044, 3.0431625018997943], [-75.98296808100002, 3.0457013848997145], [-75.982791195, 3.0480675058996587], [-75.981926741, 3.050895778899545], [-75.98049427699999, 3.0528008548994943], [-75.97792000200002, 3.054071828899474], [-75.97557352899997, 3.0558044978994006], [-75.97248480000002, 3.057248652899351], [-75.97151394600002, 3.057018716899376], [-75.97077289200001, 3.0564420978993794], [-75.970260349, 3.0557498408994364], [-75.96986334000002, 3.054595854899452], [-75.96959048000002, 3.0494601888996207], [-75.96811209200001, 3.0465178658997023], [-75.96629267100002, 3.042941164899838], [-75.964817144, 3.03901813989996], [-75.96442434, 3.0360174509000775], [-75.96431729400001, 3.0331896979001542], [-75.964436751, 3.0310541379002234], [-75.964444421, 3.0279380869003227], [-75.96444716600001, 3.0268992139003883], [-75.965019547, 3.0264372729003743], [-75.966161392, 3.026782746900386], [-75.966730122, 3.027821208900356], [-75.96729775300003, 3.0292059609002817], [-75.96775442299997, 3.029436227900283], [-75.96809719499998, 3.0294362089002584], [-75.96861135400002, 3.0294358949002778], [-75.96935247599998, 3.030070149900225], [-75.96946090099999, 3.0323787409001786], [-75.96888077400001, 3.03589910790009], [-75.96921473499998, 3.0396500868999263], [-75.97131924399997, 3.043342096899811], [-75.973875201, 3.0494578918996407], [-75.97433042300003, 3.0501502458995815], [-75.97490081199999, 3.0504961138995808], [-75.97627265, 3.0502643938996075], [-75.97759005699999, 3.048763424899646], [-75.97885342500001, 3.0462231268997435], [-75.97943087700003, 3.0437992558998017], [-75.97978470599998, 3.0394132948999215], [-75.980250522, 3.035777334900043], [-75.98082871000003, 3.033122421900172], [-75.981864272, 3.0301210009002486], [-75.98278403500001, 3.0277541679003304], [-75.98404848899997, 3.024867598900426], [-75.98611244400001, 3.0219231679005274], [-75.98783063100001, 3.020191046900607], [-75.98845994099997, 3.0198442449005896], [-75.98920351800001, 3.01961304990057]], [[-75.65715789500001, 3.2173468978941306], [-75.66035242700002, 3.2192489398940536], [-75.662578011, 3.2201134078939986], [-75.66326314100002, 3.220055303894052], [-75.66446269300002, 3.2200551788940115], [-75.66532034800002, 3.21959340589404], [-75.666406306, 3.2191894778940293], [-75.66714954700001, 3.2189007648940664], [-75.66829158600001, 3.2187854648940633], [-75.669662276, 3.2189579628940437], [-75.67143215099998, 3.219188045894051], [-75.67251573499999, 3.219822013894016], [-75.673939029, 3.2220707798939845], [-75.673361866, 3.2251271518938864], [-75.672502538, 3.2263386848937947], [-75.67215608200001, 3.228068663893739], [-75.67226937800001, 3.2286453508937543], [-75.671810488, 3.2296257528937033], [-75.66997840300002, 3.2317597178936235], [-75.66849087899999, 3.233143969893615], [-75.66751773099998, 3.234182223893559], [-75.66643167400002, 3.234528529893527], [-75.665063503, 3.233433394893606], [-75.66369692900003, 3.231530871893656], [-75.66272787100002, 3.2304356868936988], [-75.66038823500003, 3.2296290338937395], [-75.658905403, 3.2285334918937494], [-75.65719694900002, 3.2261698648938024], [-75.65651570799997, 3.2243244778939157], [-75.654634912, 3.2224797698939542], [-75.653666176, 3.2212111118939846], [-75.65361300500001, 3.2194811608940244], [-75.65390038499999, 3.218443387894106], [-75.65470171099997, 3.217520665894093], [-75.65715789500001, 3.2173468978941306]], [[-75.47879819799999, 4.179992974862637], [-75.47965582199998, 4.180622622862588], [-75.48000219400001, 4.182404134862572], [-75.47898303800002, 4.185341264862435], [-75.476877559, 4.187533879862374], [-75.47534176099998, 4.189494967862341], [-75.47426302600002, 4.19151119686227], [-75.47267047399998, 4.193530015862202], [-75.47056300499997, 4.194917454862142], [-75.468227405, 4.1961911508620995], [-75.46680337100003, 4.197058692862052], [-75.465949131, 4.197751779862032], [-75.464410746, 4.198561883862045], [-75.46401117200003, 4.198563706862035], [-75.46303945400001, 4.197704271862064], [-75.46257865500002, 4.195807672862111], [-75.46303197100002, 4.194655907862172], [-75.46342969900002, 4.1939065448621795], [-75.46416689, 4.192236148862231], [-75.46473434699999, 4.191026552862246], [-75.46507572600001, 4.190565456862282], [-75.46603975, 4.18826126186239], [-75.46928152200002, 4.1841094108625025], [-75.47104710399998, 4.182895477862516], [-75.472641796, 4.181797106862599], [-75.47372413300002, 4.181218324862564], [-75.47532017399999, 4.180580450862644], [-75.47685890899999, 4.179999743862623], [-75.47879819799999, 4.179992974862637]], [[-75.29901408400002, 4.242841105860597], [-75.30044929899998, 4.244275315860565], [-75.30068987300001, 4.246639776860444], [-75.300583889, 4.248371888860398], [-75.30041931400001, 4.249700064860376], [-75.30013973899997, 4.2509131438603], [-75.298550595, 4.253000146860277], [-75.29730818600001, 4.255835338860144], [-75.29612187800001, 4.258554604860041], [-75.28924935399999, 4.266386357859796], [-75.28842562, 4.267332989859787], [-75.28594447699999, 4.268079860859746], [-75.28536747499999, 4.2669291178598066], [-75.28576059699998, 4.265599458859832], [-75.28780371900001, 4.262932567859923], [-75.28899749099998, 4.261771205859955], [-75.289563757, 4.260671833859998], [-75.290059096, 4.256975482860142], [-75.29033786100001, 4.255588926860184], [-75.290504016, 4.254548933860213], [-75.29151536900002, 4.251138288860294], [-75.29366865999998, 4.247663171860418], [-75.295142639, 4.24534580286052], [-75.29695956199998, 4.243142054860596], [-75.29901408400002, 4.242841105860597]], [[-75.69185389400002, 3.1764468788954785], [-75.692763103, 3.1785229608953847], [-75.69218122900003, 3.1836562158951955], [-75.69251362, 3.1886163178950726], [-75.69261862600001, 3.1929993468949243], [-75.69295451099998, 3.1961712488947827], [-75.69295065799997, 3.198074703894765], [-75.69106814000003, 3.19692162289477], [-75.69066720500001, 3.1975561558947856], [-75.68861235000003, 3.196922556894778], [-75.687066872, 3.1985955998947073], [-75.68632623299999, 3.197615341894767], [-75.685200318, 3.189772152894996], [-75.68526639800001, 3.185504103895178], [-75.68522028000001, 3.180255966895323], [-75.68528011799998, 3.1789292748953484], [-75.68647900299999, 3.1792749238953903], [-75.68785342299998, 3.1774863328954113], [-75.689448072, 3.179735396895345], [-75.68973610699999, 3.1784089238953896], [-75.69030705799997, 3.1786967648953657], [-75.69185389400002, 3.1764468788954785]], [[-75.60779553600003, 3.599415839881615], [-75.60830839900001, 3.5994155638816276], [-75.60887683700003, 3.6000480058815922], [-75.60961482300002, 3.6011977178815244], [-75.61018495299999, 3.601139715881529], [-75.61092744400003, 3.6005644488815576], [-75.61189205800002, 3.6020590038815326], [-75.612172294, 3.6038987718814397], [-75.61117862399999, 3.6125229838811816], [-75.61105192100001, 3.61689239488101], [-75.61098333500001, 3.6210317528809086], [-75.610922889, 3.6222392738808353], [-75.61040739399999, 3.6230441318808486], [-75.609667322, 3.622699567880814], [-75.60921405099998, 3.621665222880855], [-75.60836028900002, 3.6212626518808757], [-75.60790074800002, 3.6225855278808488], [-75.60704295900001, 3.6235056448808383], [-75.60590547999999, 3.6225859908808364], [-75.60556787299998, 3.6210915328809246], [-75.60580528399998, 3.61769939488099], [-75.60547903499997, 3.6121227288812103], [-75.60549462199998, 3.606833654881363], [-75.60636076700001, 3.602751176881511], [-75.60733815399999, 3.59999120288159], [-75.60779553600003, 3.599415839881615]], [[-75.25781796199999, 4.388332579855838], [-75.259872487, 4.388495556855837], [-75.26113220799999, 4.3894678148557915], [-75.26221656799999, 4.389519826855819], [-75.263587443, 4.389916092855803], [-75.264107013, 4.391352286855764], [-75.26393835300001, 4.391870724855711], [-75.263259103, 4.393139245855662], [-75.261779993, 4.394124199855674], [-75.260524309, 4.393957742855643], [-75.25869328700003, 4.392700433855699], [-75.25732780200002, 4.393627003855665], [-75.25687436300001, 4.394204646855634], [-75.25556464300001, 4.394785864855646], [-75.254480924, 4.3947909168556505], [-75.25110970700001, 4.393598669855686], [-75.249571328, 4.394123719855627], [-75.24877568099998, 4.394760085855653], [-75.24752619399999, 4.396088802855587], [-75.24519115499999, 4.396962584855539], [-75.24387721400001, 4.39662383785555], [-75.24307562299998, 4.395936783855609], [-75.24130749300002, 4.396060393855607], [-75.24079579099998, 4.396465203855554], [-75.24022632100002, 4.396640676855561], [-75.23937077099998, 4.396759508855558], [-75.238685283, 4.3965328178556], [-75.236851726, 4.394700194855618], [-75.237416096, 4.393374221855656], [-75.23900715399998, 4.391928593855703], [-75.239461909, 4.391466797855745], [-75.24208756399997, 4.3917996128557135], [-75.243628763, 4.392022744855737], [-75.24459694299998, 4.391557907855717], [-75.24761727499998, 4.390796105855745], [-75.24853149799998, 4.391137152855737], [-75.24984147999999, 4.390728296855773], [-75.25086486499998, 4.389918103855788], [-75.251377204, 4.389570360855781], [-75.25400211099998, 4.389788424855802], [-75.255143245, 4.38978328785578], [-75.256623273, 4.389028331855828], [-75.25781796199999, 4.388332579855838]], [[-75.76355520800001, 3.2458563308932114], [-75.765153817, 3.2462017468931514], [-75.765837982, 3.2466051488931638], [-75.7658361, 3.2475277438931487], [-75.765204471, 3.249027071893066], [-75.765310113, 3.2531788518929625], [-75.76524319599997, 3.2576761088927872], [-75.76472604999998, 3.2590599988927353], [-75.763639775, 3.2595798528927236], [-75.762725881, 3.259637843892728], [-75.76186932000002, 3.259695740892705], [-75.76078379299997, 3.2599845178927267], [-75.759583593, 3.260272917892704], [-75.75832690200002, 3.2603885268926813], [-75.757642164, 3.259985688892739], [-75.75490348400001, 3.258890715892747], [-75.753932158, 3.2588911658927664], [-75.753305415, 3.2581995288928014], [-75.753307113, 3.2575074358928227], [-75.75353740399999, 3.2567002818928237], [-75.75468338899998, 3.2548549178928656], [-75.755542306, 3.2538167998929004], [-75.75680295299998, 3.2519712518929595], [-75.75966297299999, 3.2498942888930453], [-75.76063881800002, 3.2474723698931527], [-75.76138324200002, 3.246549128893178], [-75.76218414800002, 3.2461455678931483], [-75.76355520800001, 3.2458563308932114]], [[-75.78041045999998, 3.1902582838949827], [-75.78103780800001, 3.1906617838949747], [-75.78115048199999, 3.191527125894945], [-75.781034304, 3.1923346488949083], [-75.78091850300001, 3.1930263518949147], [-75.781145563, 3.193718630894917], [-75.78143089999998, 3.193949239894879], [-75.78171642900003, 3.193948776894888], [-75.782287489, 3.1939489818948785], [-75.782857509, 3.1943520068948845], [-75.78325534099997, 3.1953327048948346], [-75.78291087299999, 3.196082404894842], [-75.78239506699998, 3.1968900098947897], [-75.78245003799998, 3.1978706988947727], [-75.78296357599999, 3.1981009338947697], [-75.783705408, 3.1983889908947383], [-75.78370361200001, 3.199369206894721], [-75.78255610999997, 3.201619060894607], [-75.77757634, 3.206638380894468], [-75.775860873, 3.2073309858944326], [-75.77471920599999, 3.2072740798944337], [-75.773864119, 3.20646699589449], [-75.77375409299998, 3.204448549894535], [-75.77398598399998, 3.2028911278945644], [-75.775082339, 3.197815394894777], [-75.77594281900002, 3.196027582894797], [-75.77772062899999, 3.192854687894928], [-75.778694541, 3.19135482789495], [-75.779896447, 3.1904314278950063], [-75.78041045999998, 3.1902582838949827]], [[-75.52420706100003, 3.9559571858699214], [-75.52415388700001, 3.957451769869873], [-75.52398640799998, 3.958888913869856], [-75.523704625, 3.960269187869787], [-75.52354002099997, 3.9627408918697213], [-75.52258092900001, 3.966825404869597], [-75.521508675, 3.9711971448694636], [-75.52037795899997, 3.9749372898693416], [-75.520267209, 3.9763172738692774], [-75.52015645799997, 3.977696691869234], [-75.51913602299999, 3.9801144878691863], [-75.51749248200002, 3.9840289748690276], [-75.51697803500002, 3.983571615869054], [-75.51578319100003, 3.9846681118690146], [-75.515550631, 3.982887541869082], [-75.51492061300002, 3.9816252128690848], [-75.51480083400003, 3.9793268838691684], [-75.515080436, 3.9773143438692298], [-75.51565236200003, 3.9778292418692187], [-75.51593301100002, 3.9761042988692745], [-75.51615741699999, 3.9747241208693422], [-75.51649938999998, 3.974665340869322], [-75.517348604, 3.972133138869408], [-75.51813918800002, 3.969198737869506], [-75.51921605899997, 3.966550883869614], [-75.520404751, 3.9631558758696857], [-75.52113984200003, 3.9606815038697696], [-75.52215968500002, 3.9579190498698735], [-75.52255713199997, 3.957400244869877], [-75.52346670100002, 3.9563048068699187], [-75.52363955499999, 3.957051475869913], [-75.52420706100003, 3.9559571858699214]], [[-75.332847947, 4.2688362368597526], [-75.33291297400001, 4.2704516578597], [-75.33184329699998, 4.2735165828595845], [-75.33060110399998, 4.276409437859458], [-75.32918788400002, 4.2793613328593905], [-75.32817187799998, 4.281848675859291], [-75.32732754199998, 4.284335182859228], [-75.32517679300003, 4.2882725968591044], [-75.323870376, 4.289722938859051], [-75.32273107499998, 4.290422604859032], [-75.32101618500002, 4.290202117859065], [-75.320154565, 4.289225913859056], [-75.32037668999999, 4.288012925859129], [-75.32060206099999, 4.287434503859101], [-75.321110777, 4.286277003859169], [-75.32283988400002, 4.283729200859277], [-75.32598751900002, 4.279091789859394], [-75.33131313899997, 4.270345707859667], [-75.331877012, 4.268841734859762], [-75.332847947, 4.2688362368597526]], [[-75.78502561800002, 3.1695505558956705], [-75.78559646899998, 3.169781271895696], [-75.785935715, 3.1713959548956], [-75.78604753399998, 3.1724341758956127], [-75.78650287099998, 3.1731837128955744], [-75.78747533299997, 3.172548819895557], [-75.78781866499997, 3.1721448828955867], [-75.78861865900001, 3.17191421589561], [-75.78935904100001, 3.1730672368955677], [-75.78929820600001, 3.174740188895484], [-75.788719587, 3.1780856998953984], [-75.78619660300001, 3.1823546868952466], [-75.78528146299999, 3.1829894898952493], [-75.78448108200001, 3.1833359778952346], [-75.78368164800003, 3.183220886895236], [-75.78299801600002, 3.182413528895236], [-75.782715714, 3.1809140048952838], [-75.78260389299999, 3.1798757818953534], [-75.78249102900003, 3.1792415088953736], [-75.78215319999998, 3.177107619895448], [-75.78290745200002, 3.171800826895632], [-75.784225246, 3.1698970358956777], [-75.78502561800002, 3.1695505558956705]], [[-75.93909787199999, 3.1861468828951316], [-75.94035453499998, 3.186145788895159], [-75.94149649000002, 3.1864335678951092], [-75.94235222399999, 3.186952337895134], [-75.942862096, 3.1886247108950427], [-75.94246127000002, 3.189201634895058], [-75.94080197800002, 3.190355875895013], [-75.93331294400002, 3.192840080894909], [-75.93114108200001, 3.1933602528948812], [-75.92914295499997, 3.192957601894892], [-75.92840166799999, 3.1923239408949224], [-75.92869058000002, 3.191054621895003], [-75.92983689200003, 3.189323950895037], [-75.93275509799997, 3.1871884988951042], [-75.93458349500003, 3.186956478895112], [-75.93686963099998, 3.186551914895123], [-75.93801246599998, 3.186378158895141], [-75.93909787199999, 3.1861468828951316]], [[-75.94966836399999, 3.042546403899852], [-75.95063994899999, 3.042545883899837], [-75.95115291799999, 3.042834248899841], [-75.95189451700003, 3.0434108938997926], [-75.952234551, 3.0444497558997896], [-75.95188858, 3.0458925668997447], [-75.949653463, 3.0487215018996228], [-75.94827821400003, 3.050280179899609], [-75.94781981, 3.0510306008995474], [-75.94701641699999, 3.052473627899488], [-75.94649939800001, 3.0534552008995086], [-75.94552598299998, 3.0543787968994804], [-75.94438217999999, 3.0548987688994163], [-75.94369633999997, 3.0550722348994444], [-75.94301140900001, 3.054784160899426], [-75.94232748500002, 3.0540921708994455], [-75.94204356699998, 3.0533418788995066], [-75.94279387799997, 3.0503985238995908], [-75.94485918100003, 3.046819669899693], [-75.94629183199999, 3.0449722278997724], [-75.94789449299998, 3.043644218899796], [-75.94966836399999, 3.042546403899852]], [[-75.320766763, 4.036953935867274], [-75.32128214199997, 4.0372961688672895], [-75.321232748, 4.0389055658672195], [-75.32220938299997, 4.0402794948671845], [-75.32249802799998, 4.041025523867187], [-75.322392708, 4.042864988867115], [-75.32206603700001, 4.046085816867008], [-75.32247545899997, 4.048210437866948], [-75.321797189, 4.049593614866883], [-75.32077670500001, 4.05092079586686], [-75.32020783899998, 4.0513262358668545], [-75.31918171299998, 4.051504633866856], [-75.318670327, 4.051967059866793], [-75.31833090600003, 4.05265864886681], [-75.31685568699999, 4.054333458866754], [-75.31599907100002, 4.054223415866752], [-75.315878473, 4.052959526866768], [-75.315988619, 4.05209649786683], [-75.31665881700002, 4.049046934866886], [-75.31705107099998, 4.0475500398669375], [-75.31750080699999, 4.046110697867009], [-75.31818161899997, 4.045302197867032], [-75.31923744099998, 4.039318774867252], [-75.31991407999999, 4.037590909867293], [-75.320766763, 4.036953935867274]], [[-75.75149058800002, 3.3333759518902983], [-75.753260625, 3.3336057788902904], [-75.754687193, 3.3341813698902985], [-75.75474174599998, 3.3352191298902345], [-75.75405379699998, 3.3366603858902084], [-75.752907795, 3.338505229890157], [-75.75244918599998, 3.339254579890107], [-75.751762342, 3.3400043108900643], [-75.75056224100001, 3.340408567890068], [-75.749248668, 3.3405243128900826], [-75.748221876, 3.3400056798900883], [-75.746738703, 3.3391991018901295], [-75.74565346000003, 3.339372652890114], [-75.74428235699997, 3.3393732308901427], [-75.74359969199998, 3.338220685890158], [-75.74400245700002, 3.3366640808901873], [-75.744747673, 3.3355108658902357], [-75.74606282500002, 3.334645973890282], [-75.747033666, 3.3346454948902897], [-75.74811918099999, 3.3342990628902864], [-75.749663123, 3.333434352890284], [-75.75149058800002, 3.3333759518902983]], [[-75.20625934399999, 4.338724912857477], [-75.20690032800002, 4.341317751857379], [-75.20719938100001, 4.34414390085727], [-75.20710118699998, 4.347491641857195], [-75.20705952200001, 4.350608176857093], [-75.20678955099999, 4.353899091856967], [-75.206919841, 4.357187729856876], [-75.20681896899998, 4.359843236856774], [-75.206596999, 4.3612873678567], [-75.20637867900001, 4.363308450856678], [-75.20512395399999, 4.363777607856661], [-75.20411053100003, 4.355126972856908], [-75.20486233100002, 4.345139025857273], [-75.20625934399999, 4.338724912857477]], [[-75.40125646899997, 4.081492646865849], [-75.40097846700002, 4.084663607865776], [-75.400695568, 4.085816770865703], [-75.39966626699999, 4.08576304686571], [-75.398867838, 4.08651528386566], [-75.39915536199999, 4.087205883865672], [-75.39910110699998, 4.088473951865637], [-75.39824379700002, 4.088649928865601], [-75.39784158399999, 4.08767190086567], [-75.396975226, 4.084274485865781], [-75.396400368, 4.083008554865788], [-75.395939016, 4.081281353865854], [-75.39553513800001, 4.079957511865921], [-75.39746843199998, 4.075570165866017], [-75.39826417900002, 4.073838698866118], [-75.398836818, 4.074067194866094], [-75.39952387099999, 4.074410214866079], [-75.40004123400001, 4.075618602866052], [-75.40125646899997, 4.081492646865849]], [[-75.54183476499998, 3.9147996218712655], [-75.54195827199999, 3.9183042418711542], [-75.54213189900003, 3.9195102668711614], [-75.54230723500001, 3.9210609518710924], [-75.54128956800002, 3.9243980138709955], [-75.54100934299998, 3.9263529048709], [-75.54096790800003, 3.9294538148708007], [-75.539187879, 3.9334204908706787], [-75.539046052, 3.9337179358706718], [-75.53823790400003, 3.9352132368706547], [-75.537777312, 3.933318938870688], [-75.53743056000002, 3.9315385798707396], [-75.53719706099997, 3.9295286278708277], [-75.53782067999998, 3.9280319478708745], [-75.53816301699999, 3.928203130870828], [-75.538496221, 3.924638964870957], [-75.538782126, 3.9250402078709414], [-75.538892481, 3.923430835871033], [-75.53929297799999, 3.924061282871003], [-75.53968501999998, 3.9213586768710735], [-75.53990901499998, 3.91974911087112], [-75.54183476499998, 3.9147996218712655]], [[-75.53182857000002, 3.925987727870919], [-75.53251620700001, 3.9274211548708737], [-75.53263845700002, 3.9305240598707605], [-75.53247404799998, 3.9331104538706625], [-75.532137664, 3.9354677418706285], [-75.53123291600002, 3.9384017578705146], [-75.52992766300002, 3.940705889870452], [-75.52952976, 3.941282327870425], [-75.52827528699999, 3.941344355870428], [-75.52764348800002, 3.9393356368704886], [-75.52837406499998, 3.9351955858706456], [-75.528657861, 3.9346769768706213], [-75.52905156000003, 3.932607186870686], [-75.52939361, 3.9326054758707003], [-75.53052380899999, 3.928578885870866], [-75.53182857000002, 3.925987727870919]], [[-75.89888734700003, 3.2095826938943746], [-75.90014083699998, 3.2109662758943487], [-75.89979298499998, 3.2132734848942532], [-75.89807493900003, 3.2152927138941694], [-75.89710023499998, 3.216850229894107], [-75.89652695699999, 3.2178308168940903], [-75.89504022, 3.218407943894058], [-75.89304066, 3.2185244158940596], [-75.89196634899997, 3.218059654894085], [-75.89178762199998, 3.217083200894101], [-75.89270438099999, 3.215814465894154], [-75.894250129, 3.2142565228942344], [-75.895509828, 3.2130448148942508], [-75.89648479800002, 3.2113144318943045], [-75.89780178500001, 3.209756323894377], [-75.89888734700003, 3.2095826938943746]], [[-75.66259953999997, 3.237413034893435], [-75.66357041600003, 3.2374703138934615], [-75.66459638600003, 3.2382772598934464], [-75.66482241699998, 3.2394306378933777], [-75.66407714500002, 3.2409877778933174], [-75.663732745, 3.2418527498933347], [-75.663729692, 3.243178802893246], [-75.66378466399999, 3.2442166178932266], [-75.66258198999998, 3.2458891538931742], [-75.661440433, 3.24560105389321], [-75.66052839000002, 3.2446786738932225], [-75.65973412400001, 3.2420842828932983], [-75.66042400700002, 3.239950365893395], [-75.66145540999997, 3.2383933548934567], [-75.66259953999997, 3.237413034893435]], [[-75.312480946, 4.141608653863865], [-75.313051685, 4.141662599863902], [-75.31345289900003, 4.142005554863899], [-75.314086798, 4.143266398863861], [-75.31455463999998, 4.145620340863734], [-75.31433403400001, 4.147115854863689], [-75.314629239, 4.149183568863639], [-75.31440962900001, 4.150966703863565], [-75.31424283400003, 4.151944531863565], [-75.31373057299999, 4.152234627863513], [-75.31258440300002, 4.151263881863593], [-75.311650364, 4.1469006838637155], [-75.31112421799997, 4.144317405863824], [-75.31145717099997, 4.142303547863833], [-75.312480946, 4.141608653863865]], [[-75.79700361200003, 3.5827651168821575], [-75.79997128500003, 3.583339300882157], [-75.799512805, 3.5841457708821105], [-75.80053946800001, 3.5847212628820895], [-75.79945316099997, 3.5853554488820834], [-75.80036578599999, 3.5859882108820105], [-75.80036458799998, 3.5865639028820384], [-75.79865175200001, 3.5865071738820435], [-75.79385648099998, 3.5861634618820397], [-75.79477024099998, 3.585875350882072], [-75.794999835, 3.585356863882068], [-75.79431606399999, 3.584723673882058], [-75.79431680900001, 3.5842056078820925], [-75.794717548, 3.5838020578821204], [-75.79700361200003, 3.5827651168821575]], [[-75.83121215199998, 3.607107795881335], [-75.831554348, 3.607280022881335], [-75.83223908899998, 3.6075103558813177], [-75.832467726, 3.6073952398813587], [-75.83303576399999, 3.6086613368813034], [-75.832518774, 3.6103317278812557], [-75.83188590399999, 3.612577451881156], [-75.831429905, 3.61228962788117], [-75.83039992800002, 3.61326893188113], [-75.83011625199998, 3.612520348881197], [-75.82960207600001, 3.6126936298811927], [-75.829315845, 3.612981728881169], [-75.829434784, 3.610735843881212], [-75.829838569, 3.6086628598812847], [-75.83052578500002, 3.607510768881321], [-75.83121215199998, 3.607107795881335]]]}, "properties": {"OBJECTID": 287, "UCG_P_": 288, "UCG_P_ID": 265, "COD": "Ji", "SHAPE.AREA": 0.450254944446782, "SHAPE.LEN": 13.526944225666002}}, {"type": "Feature", "id": 262, "geometry": {"type": "Polygon", "coordinates": [[[-75.56039334399998, 4.469530944853165], [-75.55341578000002, 4.481228022852843], [-75.55603364199999, 4.4783780228529055], [-75.55858524299998, 4.475338305853028], [-75.56314149500002, 4.470272445853197], [-75.56687520600002, 4.465207646853331], [-75.570238765, 4.458305045853582], [-75.57259593399999, 4.45122025585379], [-75.57428564100002, 4.44624031885398], [-75.56039334399998, 4.469530944853165]]]}, "properties": {"OBJECTID": 262, "UCG_P_": 263, "UCG_P_ID": 505, "COD": "Kiq", "SHAPE.AREA": 7.8682348160799e-05, "SHAPE.LEN": 0.0820874376523466}}, {"type": "Feature", "id": 298, "geometry": {"type": "Polygon", "coordinates": [[[-75.28900946800002, 4.405782115855283], [-75.28903150999997, 4.406194584855236], [-75.28907074400001, 4.406442588855244], [-75.28910997600002, 4.406688333855264], [-75.28919627300002, 4.407149296855219], [-75.28929933900002, 4.40753338385519], [-75.28943094800002, 4.40780949585523], [-75.28960465300003, 4.408005300855198], [-75.289832907, 4.4081631598552065], [-75.290129852, 4.4083254298551795], [-75.29050172900003, 4.40852318085521], [-75.29092375599998, 4.40874910585519], [-75.29114293999999, 4.4088668588551725], [-75.29136324900003, 4.408984043855188], [-75.291579614, 4.409098974855166], [-75.29198642, 4.409311925855141], [-75.29235376700001, 4.409492730855148], [-75.29269177200001, 4.4096306368551685], [-75.293012245, 4.409717712855163], [-75.29332586700002, 4.409744902855128], [-75.29363038399998, 4.40971107985517], [-75.29390948000002, 4.409621918855166], [-75.29414571400002, 4.409484230855172], [-75.29432332900001, 4.409303124855166], [-75.294446252, 4.40906898885515], [-75.29453864800001, 4.408756356855185], [-75.29462525100001, 4.40833919585517], [-75.29467382500002, 4.408083140855217], [-75.294730791, 4.407793166855231], [-75.29479953399999, 4.40747492185522], [-75.29488457299999, 4.407137437855231], [-75.29498929699997, 4.4067874928552575], [-75.29511822299997, 4.406434117855244], [-75.295274742, 4.406085218855235], [-75.29546393300001, 4.4057486988552865], [-75.29568918500001, 4.405432465855263], [-75.29595276399999, 4.405143292855273], [-75.29624791100002, 4.404881195855323], [-75.296566181, 4.404644488855332], [-75.296899687, 4.4044320548552855], [-75.29723886, 4.404241649855336], [-75.297576376, 4.404072720855304], [-75.297903227, 4.403923020855359], [-75.29821096400002, 4.403790868855311], [-75.298493393, 4.403675143855315], [-75.29875051099998, 4.403573585855338], [-75.29898625599998, 4.40348505785535], [-75.299403751, 4.403338603855348], [-75.299768932, 4.403221049855362], [-75.300105428, 4.403118799855372], [-75.300454882, 4.403023309855341], [-75.300878093, 4.402932786855361], [-75.30113586499999, 4.40288942985538], [-75.30143473599998, 4.402847136855343], [-75.30178202299999, 4.402805331855387], [-75.30218279500002, 4.402764569855354], [-75.30263029000002, 4.402722602855347], [-75.30311493800002, 4.402678316855352], [-75.30362829400002, 4.402631723855376], [-75.30415965700001, 4.402580016855364], [-75.304700578, 4.402522076855392], [-75.30524205400002, 4.402457355855389], [-75.305773381, 4.40238417485539], [-75.306287242, 4.402301414855395], [-75.306779699, 4.402212472855407], [-75.30724681599997, 4.402119616855371], [-75.30768634600003, 4.4020262388554], [-75.30809548000002, 4.401935169855394], [-75.308470844, 4.401849805855376], [-75.30880906499999, 4.401772412855402], [-75.30910789699999, 4.40170694885542], [-75.309366216, 4.401654546855424], [-75.309794517, 4.401579832855437], [-75.31017161199998, 4.401521589855426], [-75.31057852499998, 4.401450299855433], [-75.31081827100002, 4.401401317855426], [-75.31109233799998, 4.4013387188554365], [-75.31139677499999, 4.401259118855395], [-75.31172538800001, 4.4011580068554155], [-75.31207141099998, 4.401032568855418], [-75.31242808600001, 4.400878293855424], [-75.312788651, 4.400692370855428], [-75.313145781, 4.400470851855452], [-75.31349383899999, 4.400209793855425], [-75.31383000599999, 4.399905243855493], [-75.314165533, 4.399553795855496], [-75.314517868, 4.399151461855508], [-75.31490276599999, 4.398694265855505], [-75.31533711100002, 4.398177655855495], [-75.315837219, 4.397597653855518], [-75.316418849, 4.396950840855531], [-75.317099445, 4.396232668855609], [-75.31788745300003, 4.395443689855586], [-75.31876657200002, 4.39460144585566], [-75.31971263000003, 4.393726318855656], [-75.32070201599998, 4.3928409508556765], [-75.32171168299999, 4.391965719855696], [-75.32271633300002, 4.391123270855773], [-75.32369404500002, 4.390333980855805], [-75.32461952099999, 4.389619927855802], [-75.32547420999998, 4.388997530855795], [-75.326256419, 4.388462836855849], [-75.32696782199997, 4.388008495855845], [-75.32761178700002, 4.387624896855885], [-75.32819054800001, 4.387304127855856], [-75.32870634599999, 4.387037707855858], [-75.32916198100003, 4.386817153855918], [-75.32956025700003, 4.386633987855923], [-75.329903973, 4.386480860855894], [-75.33019875500003, 4.386353238855918], [-75.33045134999998, 4.386248290855922], [-75.33085586200002, 4.386092801855919], [-75.331168692, 4.385987188855906], [-75.33144102799997, 4.3859048108559096], [-75.3317184, 4.385804340855901], [-75.33204012200002, 4.385627514855941], [-75.33244550900002, 4.385317761855931], [-75.332691157, 4.385094725855918], [-75.332968806, 4.384817954855968], [-75.33326494599999, 4.384488038855983], [-75.333562691, 4.384106698855953], [-75.333845155, 4.383675091855968], [-75.33409488799998, 4.38319494385603], [-75.334295569, 4.382667975856017], [-75.334430312, 4.3820964758560565], [-75.33448166699998, 4.381481036856082], [-75.33439128999999, 4.380599683856093], [-75.33430332799998, 4.380164728856107], [-75.33408779799998, 4.379519212856111], [-75.33380141499998, 4.378921842856147], [-75.33345323700001, 4.378403116856171], [-75.33305344299998, 4.377992967856176], [-75.33261052799998, 4.377721328856181], [-75.33213523500001, 4.377618697856181], [-75.33163603899999, 4.377704271856202], [-75.331120225, 4.377956000856149], [-75.33059224099998, 4.378341669856162], [-75.33005935599999, 4.378829623856142], [-75.32952770600002, 4.379385949856161], [-75.32900230799999, 4.3799795588561], [-75.328489865, 4.3805776668561025], [-75.32799595199998, 4.381147490856052], [-75.327523348, 4.381665294856061], [-75.32706249199998, 4.382138437856069], [-75.32660046299998, 4.382583330856001], [-75.32612377800001, 4.3830152508560305], [-75.32542457800002, 4.383355991856021], [-75.32522090999998, 4.383779556856014], [-75.324475425, 4.384394994855946], [-75.32380975900003, 4.384935147855962], [-75.32306988099998, 4.385537014855945], [-75.32227209500002, 4.386187568855927], [-75.32143776200002, 4.386866999855882], [-75.32058881, 4.387558322855873], [-75.31974660100002, 4.388242850855817], [-75.31893362199997, 4.388900775855839], [-75.318171237, 4.389515106855821], [-75.31748080800003, 4.390066032855765], [-75.316879202, 4.390540531855757], [-75.31636023700003, 4.3909431338557505], [-75.31591153800002, 4.391282332855736], [-75.315521864, 4.391567756855755], [-75.31517884200002, 4.391807897855751], [-75.31487123300002, 4.392013513855701], [-75.31458722299999, 4.39219196885572], [-75.314315008, 4.392353453855699], [-75.31404446699997, 4.392505327855731], [-75.31377222499998, 4.392650424855696], [-75.313496036, 4.392790440855682], [-75.31321477099999, 4.392925380855685], [-75.31292618200001, 4.393057506855667], [-75.31262858399998, 4.393187951855688], [-75.31232084999999, 4.393317282855665], [-75.31200016999998, 4.393447764855693], [-75.31166429299998, 4.393579965855673], [-75.31130646899999, 4.393717853855653], [-75.31091825800002, 4.393863701855635], [-75.310492909, 4.394021473855658], [-75.310022549, 4.394194576855658], [-75.30949873399999, 4.394385847855652], [-75.30891359100002, 4.394598687855608], [-75.30825980700001, 4.394836501855605], [-75.307534567, 4.3951009878556455], [-75.306754189, 4.395386469855619], [-75.30593949299998, 4.39568669785562], [-75.305111861, 4.395994856855595], [-75.30429267199997, 4.396303565855555], [-75.30350387499999, 4.3966060118555745], [-75.30276515899999, 4.396895942855565], [-75.30209959899997, 4.397166546855535], [-75.30151956999998, 4.397412712855537], [-75.30101269800002, 4.397640681855512], [-75.30055759999999, 4.39785783085554], [-75.300132899, 4.398072103855516], [-75.29971777600002, 4.398292013855506], [-75.29929197799999, 4.39852550285548], [-75.298834124, 4.398779949855504], [-75.298323396, 4.399063299855517], [-75.297745728, 4.39938122585548], [-75.29711517999999, 4.39972296785546], [-75.29645312399998, 4.400077757855465], [-75.29577980800002, 4.400431997855431], [-75.295117167, 4.400773789855449], [-75.29448545000002, 4.401090668855413], [-75.29390602799998, 4.401369604855427], [-75.29339971399997, 4.4015986988553815], [-75.29298169399999, 4.401769449855423], [-75.29264072500001, 4.401890916855404], [-75.292361062, 4.401976120855413], [-75.292125274, 4.402038652855369], [-75.29172010299999, 4.402146094855367], [-75.291291951, 4.402317990855398], [-75.29103264000003, 4.402457973855394], [-75.290746362, 4.4026330348553815], [-75.29044492700001, 4.40283637485536], [-75.29014014799998, 4.403060625855369], [-75.28984439800001, 4.403298424855352], [-75.28957005199999, 4.403543537855358], [-75.289328356, 4.403788030855316], [-75.28913168700001, 4.404025107855312], [-75.288989044, 4.404249102855303], [-75.28884389199999, 4.404668051855283], [-75.28883608199999, 4.405072091855306], [-75.28890485900001, 4.405490136855301], [-75.28900946800002, 4.405782115855283]]]}, "properties": {"OBJECTID": 298, "UCG_P_": 299, "UCG_P_ID": 516, "COD": "NgQp", "SHAPE.AREA": 0.000281509707584712, "SHAPE.LEN": 0.117443901492139}}, {"type": "Feature", "id": 294, "geometry": {"type": "Polygon", "coordinates": [[[-75.35102165699999, 4.412536083855059], [-75.35060989499999, 4.4069551058552285], [-75.35123009900002, 4.40344278685536], [-75.351399716, 4.402521454855374], [-75.35184840800002, 4.3991246968554725], [-75.35019909300001, 4.401604101855428], [-75.348778046, 4.403910216855313], [-75.34860217099998, 4.4017237258554], [-75.34553358199997, 4.4076026328552205], [-75.34519045299999, 4.407430858855204], [-75.34321356599997, 4.413397800854996], [-75.345601138, 4.412724237855053], [-75.34816854500002, 4.412544230855073], [-75.35102165699999, 4.412536083855059]]]}, "properties": {"OBJECTID": 294, "UCG_P_": 295, "UCG_P_ID": 514, "COD": "Pzev", "SHAPE.AREA": 5.69954420431095e-05, "SHAPE.LEN": 0.0426148829652542}}, {"type": "Feature", "id": 223, "geometry": {"type": "Polygon", "coordinates": [[[-75.47065580499998, 4.599299046848959], [-75.47734957699998, 4.5962525928490345], [-75.47954069999997, 4.59486858784911], [-75.482004942, 4.593208320849185], [-75.484743246, 4.591179122849249], [-75.48748026599998, 4.588782087849325], [-75.49021564499998, 4.585833587849415], [-75.49231242100001, 4.583437781849454], [-75.49468268499999, 4.580673613849546], [-75.496414184, 4.578371175849671], [-75.498328663, 4.576067817849742], [-75.50088078300001, 4.573027559849838], [-75.50379939800001, 4.570262317849923], [-75.507446695, 4.566392164850064], [-75.509133561, 4.565211937850079], [-75.507545499, 4.563619974850121], [-75.50617383100001, 4.562994337850163], [-75.50405773099999, 4.561740141850213], [-75.502226646, 4.5605424548502445], [-75.49280000499999, 4.5572552568503495], [-75.49108313200003, 4.555999113850353], [-75.484880804, 4.5466010258507], [-75.48476240500003, 4.545624318850729], [-75.484983661, 4.5441282688507565], [-75.48594788399998, 4.542800875850804], [-75.48714901300002, 4.54348509185081], [-75.491381177, 4.546050693850681], [-75.49338236800003, 4.547018134850645], [-75.49963384400002, 4.554690999850411], [-75.50695108000002, 4.558161321850297], [-75.50900761399998, 4.558898066850261], [-75.51072653, 4.560614078850237], [-75.512647598, 4.562335339850173], [-75.522948913, 4.551002354850518], [-75.52422307699999, 4.548700229850629], [-75.52461441899999, 4.5475626458506655], [-75.52218194099999, 4.547758957850615], [-75.52092727899998, 4.548511759850617], [-75.519959191, 4.549551030850606], [-75.51881960200001, 4.550706465850558], [-75.51745063300001, 4.55145892285051], [-75.516822289, 4.551460715850531], [-75.51584870599999, 4.550541634850556], [-75.51527319899998, 4.549045453850616], [-75.514240293, 4.547436030850674], [-75.5126386, 4.546633994850663], [-75.51120930100001, 4.546176846850727], [-75.508636717, 4.545550713850721], [-75.50549377599998, 4.545213835850748], [-75.50475014099999, 4.54469771285075], [-75.51251324999998, 4.542659880850832], [-75.51439894100002, 4.542712148850819], [-75.51605592300001, 4.542995386850822], [-75.51754208599999, 4.543164255850809], [-75.51856849400002, 4.542585366850828], [-75.51856793600001, 4.542297207850802], [-75.51827979199999, 4.541491486850825], [-75.51856088400001, 4.539820740850932], [-75.51901492399998, 4.53878247985095], [-75.518669472, 4.537746906850956], [-75.51792651, 4.5375760248509955], [-75.51609681100001, 4.5370625958509905], [-75.51546669099997, 4.536430999851004], [-75.514208129, 4.53574355685102], [-75.51203778799999, 4.535807098851046], [-75.50997850800002, 4.534775971851045], [-75.50951877900002, 4.533740611851074], [-75.50820301700003, 4.533168531851104], [-75.506092105, 4.533980592851113], [-75.50460573700002, 4.533696994851119], [-75.50340638799997, 4.533642806851081], [-75.50192279700002, 4.534222553851086], [-75.49895981100002, 4.536995742850974], [-75.49747819999999, 4.538324703850945], [-75.49645010900002, 4.5383272418509355], [-75.49536613999999, 4.538848580850963], [-75.49382942099999, 4.540811035850849], [-75.492687139, 4.540871987850858], [-75.49131207800002, 4.539320798850918], [-75.48844911200001, 4.53667911985098], [-75.48844734900001, 4.536045728851052], [-75.489586643, 4.5350061648510875], [-75.49078645399999, 4.535002742851066], [-75.49289696099999, 4.533960189851111], [-75.49300816099998, 4.532923155851113], [-75.49243394000001, 4.53177272985117], [-75.49266031799999, 4.531497694851157], [-75.49083406, 4.5316045838511485], [-75.48952085100001, 4.531781116851141], [-75.48866349000002, 4.531552786851185], [-75.48791999000002, 4.531094270851158], [-75.486889819, 4.5302910698511925], [-75.48551720299997, 4.529718481851254], [-75.48506059099998, 4.529719914851218], [-75.48386178300001, 4.529953853851209], [-75.48300507599998, 4.530071309851203], [-75.48174807800001, 4.529901925851208], [-75.481062226, 4.529558558851253], [-75.48020222600002, 4.528523924851271], [-75.47981283399997, 4.527743791851318], [-75.47757493699999, 4.528416452851249], [-75.476374481, 4.528074051851312], [-75.47494807499999, 4.52853893785127], [-75.47317878199999, 4.529004467851235], [-75.472264666, 4.528833853851288], [-75.471463207, 4.528087826851267], [-75.47054603100003, 4.526880948851297], [-75.46934461400002, 4.526020402851373], [-75.467173828, 4.5258532688513355], [-75.46568781600001, 4.525454313851375], [-75.46477249899999, 4.524938456851405], [-75.46414245300002, 4.524019195851402], [-75.46402674199999, 4.523558910851442], [-75.46459647199998, 4.522923313851473], [-75.465909017, 4.522689761851493], [-75.46785109799998, 4.522799131851453], [-75.46990800999998, 4.5231970128514645], [-75.47213696400001, 4.523766331851408], [-75.47362254199999, 4.523935306851411], [-75.47499186099998, 4.523355267851431], [-75.47641771999997, 4.522602783851475], [-75.47938841000001, 4.522997783851441], [-75.481386375, 4.5225888798514635], [-75.48326850500001, 4.521662059851473], [-75.48435279, 4.521313641851503], [-75.48555004600001, 4.520561578851538], [-75.48612107299999, 4.520329399851518], [-75.486692189, 4.520443015851534], [-75.48726552, 4.521132955851489], [-75.48829754100001, 4.522627186851474], [-75.48932878800002, 4.524006714851406], [-75.48984436699999, 4.524523297851418], [-75.491043053, 4.52423228485139], [-75.49189578699998, 4.522616943851455], [-75.49263466299999, 4.521232914851495], [-75.49400526099998, 4.521343869851516], [-75.49549280899998, 4.522261455851498], [-75.49669512899999, 4.523294846851431], [-75.49778250100002, 4.5239826598514234], [-75.49886843600001, 4.524209979851435], [-75.4997811, 4.523919500851441], [-75.50012231699998, 4.523342520851458], [-75.500234401, 4.5224783848514685], [-75.500800551, 4.520575992851554], [-75.50142555299999, 4.519422708851593], [-75.50273818199997, 4.5189579998515805], [-75.50377044599998, 4.520568028851537], [-75.504970555, 4.5207374878515365], [-75.50668237000002, 4.519983841851541], [-75.50799188299999, 4.51848231285159], [-75.50872872500003, 4.516349629851645], [-75.509749785, 4.513870038851728], [-75.510488065, 4.512197845851799], [-75.510769847, 4.510872325851871], [-75.51042320699997, 4.509491515851916], [-75.50899278000003, 4.50840151685191], [-75.505796901, 4.509446736851912], [-75.50516548799999, 4.508412262851951], [-75.504820301, 4.507491936851956], [-75.50407660500002, 4.506918169851984], [-75.50213943799997, 4.508766117851895], [-75.50145437200001, 4.508825626851938], [-75.50082584, 4.508712694851901], [-75.49985333000001, 4.508312257851921], [-75.49831335200003, 4.50912261985193], [-75.49643304400001, 4.510682853851839], [-75.49489283899999, 4.511378512851838], [-75.49300932099999, 4.511844292851832], [-75.490156259, 4.5128893668517955], [-75.48844213000001, 4.5127214188517915], [-75.48581655100003, 4.513189154851794], [-75.48319215499998, 4.5142908428517625], [-75.48210634200001, 4.514121127851741], [-75.481079384, 4.514412361851703], [-75.47845507900001, 4.515571102851705], [-75.47600127599998, 4.516384282851645], [-75.47389066400001, 4.517369145851653], [-75.47269318100001, 4.518005924851619], [-75.47183693800002, 4.518066297851616], [-75.47120860899997, 4.518068040851607], [-75.470807552, 4.517665925851633], [-75.47120359500002, 4.5162825518516705], [-75.472509935, 4.51544837385171], [-75.47176569999999, 4.512768132851796], [-75.47135813699998, 4.509774794851881], [-75.47107464499999, 4.510523992851848], [-75.46992763600002, 4.5086270688519186], [-75.46981529700003, 4.509375945851872], [-75.46820399500001, 4.504543412852073], [-75.46763449100001, 4.505293708852025], [-75.46717863700002, 4.505697992852028], [-75.46593251799999, 4.509559489851906], [-75.465587374, 4.508639130851916], [-75.465189157, 4.509158571851893], [-75.46535414800002, 4.506739358851975], [-75.466372251, 4.502878852852138], [-75.46732318900001, 4.495275133852353], [-75.46725896599997, 4.49251111385247], [-75.46759858000001, 4.491358379852487], [-75.46788317099998, 4.490897348852519], [-75.468905366, 4.488648313852558], [-75.470159465, 4.487896180852596], [-75.47015762500001, 4.487205715852621], [-75.47061251000002, 4.486282737852648], [-75.47169587899998, 4.485761453852665], [-75.47295095800001, 4.485239850852695], [-75.473235192, 4.484893521852682], [-75.473176061, 4.483972065852701], [-75.47231844200002, 4.483571927852736], [-75.470776194, 4.483461227852748], [-75.46775064000002, 4.483757278852699], [-75.467235109, 4.483240666852761], [-75.468032403, 4.482374686852782], [-75.47042890900002, 4.4816769378528205], [-75.474481723, 4.480974400852848], [-75.47870382500003, 4.479580494852856], [-75.48110072999998, 4.4791126848529], [-75.483326159, 4.478472854852912], [-75.485267572, 4.478294614852888], [-75.48697909700002, 4.477713938852937], [-75.48880600199999, 4.47742064185296], [-75.49097552299997, 4.4772990268529576], [-75.49308796399998, 4.477062812852928], [-75.495143864, 4.476999033852971], [-75.49702904899999, 4.4771666678529405], [-75.498457202, 4.477392795852941], [-75.499314492, 4.4776205708529195], [-75.50017265100001, 4.478308836852896], [-75.50051858799998, 4.479344434852844], [-75.50063396000002, 4.479919975852871], [-75.500866481, 4.48141628485283], [-75.50178317899997, 4.482392598852754], [-75.50309672899999, 4.482446599852777], [-75.50240475599998, 4.480030177852843], [-75.50240321400003, 4.47951205385287], [-75.50245931299997, 4.479108519852898], [-75.50320001699998, 4.478415519852907], [-75.503998577, 4.477952375852934], [-75.50542860000002, 4.47886950985287], [-75.50703022599998, 4.479728679852855], [-75.50743048800001, 4.480015511852876], [-75.50794559799999, 4.4803015598528315], [-75.50863118299998, 4.4805302128528455], [-75.50931667600003, 4.480413072852859], [-75.51114212300001, 4.479659230852892], [-75.51165490199998, 4.479311888852847], [-75.51188314299998, 4.479138555852888], [-75.512453784, 4.479021631852898], [-75.51582554200002, 4.479645161852857], [-75.51753890399999, 4.479755437852841], [-75.51862577000003, 4.480213272852846], [-75.519410069, 4.481719799852803], [-75.52091332200001, 4.481473377852783], [-75.52154660399998, 4.48319885685274], [-75.52201129600002, 4.485961469852657], [-75.52355641999998, 4.486993595852621], [-75.52418848899998, 4.488373843852603], [-75.524080433, 4.490735267852483], [-75.52425604000001, 4.492174594852449], [-75.52511735799999, 4.493899621852416], [-75.52637773499998, 4.495278079852343], [-75.52723616499998, 4.495793967852319], [-75.528151014, 4.496079218852357], [-75.529180817, 4.496710033852297], [-75.53112390500002, 4.497107409852309], [-75.53248681000002, 4.498511078852275], [-75.53314249200002, 4.497824996852284], [-75.537063671, 4.494323272852407], [-75.53794508800001, 4.493630533852386], [-75.53556235999997, 4.490932157852515], [-75.53509648900001, 4.487881416852572], [-75.53343238100001, 4.485007030852697], [-75.53090920099999, 4.481559119852784], [-75.528559315, 4.478628979852889], [-75.52689392399998, 4.475351708853], [-75.525284747, 4.4717285298531255], [-75.52441703, 4.467815187853224], [-75.52395580299998, 4.466262273853272], [-75.522751255, 4.464307930853368], [-75.52263276999997, 4.462696156853401], [-75.52279981700002, 4.461140902853464], [-75.522957502, 4.459990219853514], [-75.52335947900002, 4.45705078085362], [-75.52358749199999, 4.456762181853592], [-75.52369834000001, 4.4555528278536585], [-75.52398154899998, 4.454688368853666], [-75.52432327700001, 4.4543989878536685], [-75.52477917499999, 4.45405231985371], [-75.52546584599997, 4.454568556853697], [-75.52592495900001, 4.455315757853639], [-75.52723375900001, 4.456155681853603], [-75.53064188799999, 4.453201974853734], [-75.55341578000002, 4.481228022852843], [-75.56039334399998, 4.469530944853165], [-75.55793796, 4.465066561853341], [-75.55771289299997, 4.466276128853292], [-75.55656434500003, 4.464206498853364], [-75.55634028999998, 4.465647152853336], [-75.55553605099999, 4.464037325853357], [-75.555255021, 4.465708052853336], [-75.55491139200001, 4.465305874853341], [-75.55347394900002, 4.46202767985344], [-75.55042124900001, 4.4531691858537465], [-75.54944097700002, 4.449890073853828], [-75.54875318199998, 4.449085707853846], [-75.54864853499998, 4.452311008853777], [-75.54963351399999, 4.4574326208535995], [-75.55107631700002, 4.462610959853425], [-75.551829419, 4.466293926853279], [-75.55160580299997, 4.467964541853249], [-75.55218305599999, 4.470093502853167], [-75.55264366900002, 4.471301722853145], [-75.55264738300002, 4.472626103853119], [-75.55150265499998, 4.471938475853105], [-75.55116318400002, 4.473091203853091], [-75.54967853300002, 4.473325777853072], [-75.548417728, 4.47171740185315], [-75.54755191800001, 4.468552764853249], [-75.545892321, 4.467406213853254], [-75.54378198400002, 4.468679362853199], [-75.54177350600003, 4.4652875468533395], [-75.53982314000001, 4.462241394853412], [-75.53913723400001, 4.4621285968534385], [-75.538392794, 4.461439595853449], [-75.538499823, 4.458848225853526], [-75.53866706000002, 4.457408239853596], [-75.53848532900003, 4.453665929853709], [-75.538366929, 4.45211123585377], [-75.538134362, 4.4506149598538025], [-75.53807359899997, 4.449463575853875], [-75.53790046, 4.448715829853897], [-75.536709997, 4.446173301853935], [-75.54238795999999, 4.440065215854146], [-75.55075972899999, 4.431460164854414], [-75.55832736000002, 4.421361069854757], [-75.564206071, 4.4138767428550105], [-75.56316036499999, 4.413688381854992], [-75.56133145500002, 4.4134066268549885], [-75.55933186800002, 4.41306700485505], [-75.55801645700001, 4.412553148855067], [-75.55692880999999, 4.411635429855069], [-75.55527048099998, 4.410777013855124], [-75.55144478199998, 4.411018921855083], [-75.54824751299998, 4.41137429585511], [-75.54602015500001, 4.411439057855075], [-75.54339257100003, 4.411216994855113], [-75.540650933, 4.411109838855103], [-75.53808043499998, 4.410715315855101], [-75.53550926399998, 4.410262587855145], [-75.53025188499998, 4.408954461855166], [-75.52944901199999, 4.40769035385522], [-75.530871177, 4.405728718855295], [-75.531725285, 4.404920243855276], [-75.53177763100001, 4.40313525085534], [-75.530402971, 4.401642834855423], [-75.52862688699997, 4.399518357855497], [-75.52765247100001, 4.398024606855544], [-75.527190894, 4.3962411528555885], [-75.52627399300002, 4.395093079855596], [-75.52592766800001, 4.3938275288556845], [-75.52746453499998, 4.392095651855735], [-75.52854993199998, 4.3921500918557275], [-75.52975013999998, 4.3924913418557345], [-75.53072246200003, 4.3931793788556845], [-75.531008966, 4.393466427855683], [-75.53146824200002, 4.394328336855633], [-75.532041338, 4.395247658855622], [-75.53278701300002, 4.396338981855552], [-75.53421840700003, 4.397773654855515], [-75.53622083599998, 4.399034334855502], [-75.53805046999997, 4.4000071798554465], [-75.54085036499998, 4.400574169855465], [-75.54456386499999, 4.401138259855402], [-75.54913466599999, 4.4019876998554], [-75.553191201, 4.402665775855366], [-75.55587605099998, 4.402830070855348], [-75.55744805400002, 4.402428683855349], [-75.55626958800002, 4.400525752855449], [-75.555810613, 4.399836198855456], [-75.55540771699998, 4.3987436818554775], [-75.55420204699999, 4.396444722855576], [-75.55272441800003, 4.39146134285574], [-75.552131422, 4.391327450855738], [-75.55110334199998, 4.391215867855764], [-75.55041873099998, 4.391448279855754], [-75.5492203, 4.391739876855748], [-75.54801954200002, 4.3911105068557585], [-75.54665075600002, 4.3918052838557085], [-75.54539579700003, 4.392269879855726], [-75.543853109, 4.392102209855735], [-75.54214062800003, 4.392337717855728], [-75.54116873999999, 4.3918802238557], [-75.54116476600001, 4.39038350485576], [-75.54213311500001, 4.389574240855788], [-75.54304316999998, 4.388305165855849], [-75.54401218700002, 4.387553531855892], [-75.54515309300001, 4.387204985855851], [-75.54994912299998, 4.386959586855858], [-75.55097809, 4.387244064855881], [-75.55137338399999, 4.387315058855873], [-75.55091013999998, 4.383502109855998], [-75.550735143, 4.382063922856022], [-75.55015771699999, 4.3797626028561405], [-75.54929412899997, 4.377347699856167], [-75.54912134900002, 4.3767728468562], [-75.55003658499999, 4.377345706856222], [-75.550145757, 4.375560617856263], [-75.55152070899999, 4.377225894856181], [-75.55140068600002, 4.375096024856278], [-75.55249114700001, 4.376934739856237], [-75.55398714299997, 4.380959833856086], [-75.55657050999997, 4.388410745855814], [-75.55697764299998, 4.388491319855853], [-75.55760772999997, 4.389180542855827], [-75.55938863300003, 4.3929168998556785], [-75.56053522500002, 4.3943520608556526], [-75.568705599, 4.395707972855613], [-75.57076232399999, 4.395932210855597], [-75.574430382, 4.400353545855469], [-75.57563937600003, 4.403746295855345], [-75.57715457, 4.404242211855303], [-75.57752202400002, 4.404178206855299], [-75.58621889800003, 4.398431866855512], [-75.58706727200001, 4.394464986855633], [-75.58869325500001, 4.387474927855882], [-75.59049979999998, 4.379565256856146], [-75.59285565900001, 4.372206514856379], [-75.59255059999998, 4.360440361856769], [-75.59290971600001, 4.358141785856803], [-75.59317564899999, 4.355107758856942], [-75.59389808899999, 4.351797112857004], [-75.594709352, 4.347567034857165], [-75.59524775900002, 4.343981031857275], [-75.59542179699997, 4.340579372857424], [-75.59568592, 4.336902380857528], [-75.59594986600001, 4.333132727857647], [-75.59584436300003, 4.3278015698578365], [-75.596014077, 4.3227461568579635], [-75.59563431999999, 4.317323436858181], [-75.595988939, 4.313278451858304], [-75.59680040299997, 4.30914104485841], [-75.59816077099998, 4.3053698188585585], [-75.60180052999999, 4.300124003858711], [-75.60188629999999, 4.297918069858773], [-75.60178734599998, 4.29506895885887], [-75.60132330599998, 4.292312657858984], [-75.60039957100003, 4.288454364859098], [-75.59966092600001, 4.2854223078592115], [-75.59983718299998, 4.282848941859266], [-75.60138204399999, 4.279905100859372], [-75.60365869100002, 4.277327084859486], [-75.60912990499997, 4.273641081859563], [-75.612227658, 4.270786297859687], [-75.61459850400001, 4.269219434859743], [-75.61669508, 4.2675615758597685], [-75.618791466, 4.265811619859857], [-75.62170606199999, 4.262865085859906], [-75.623982232, 4.260103992859995], [-75.62716960699998, 4.256513951860119], [-75.62953437099998, 4.252741341860244], [-75.63198828600002, 4.248234062860388], [-75.63425799599997, 4.243359338860564], [-75.637072923, 4.237289146860774], [-75.64079899799998, 4.230390012860967], [-75.64242789999997, 4.224781509861189], [-75.64405587099998, 4.2189893928613795], [-75.65024887999999, 4.212637396861553], [-75.65225423099997, 4.211347510861596], [-75.65416915200001, 4.210149330861674], [-75.65708745500001, 4.208674006861709], [-75.66000355, 4.206370973861757], [-75.66337564399998, 4.2038839738618625], [-75.66638286400001, 4.201581314861927], [-75.66956982200003, 4.198267532862016], [-75.67421337100001, 4.193389221862202], [-75.67712567199999, 4.189800270862336], [-75.68022156299998, 4.186578754862451], [-75.68495614, 4.181700245862571], [-75.69141737199999, 4.173878670862843], [-75.69296397, 4.1717625358629205], [-75.69478218799998, 4.169002909863007], [-75.69596080100001, 4.166060954863065], [-75.69704715099999, 4.162567766863187], [-75.69804121300001, 4.159074204863339], [-75.69876549899999, 4.156868203863366], [-75.69948886499998, 4.154202315863488], [-75.70048403300001, 4.150985027863561], [-75.70073631999998, 4.150240445863604], [-75.69770706899999, 4.150377610863607], [-75.69662766599998, 4.151992225863557], [-75.69685338800002, 4.151186114863551], [-75.69531742499998, 4.152975658863509], [-75.69514409599998, 4.152400858863543], [-75.69349491999998, 4.154420574863486], [-75.69275034700001, 4.1537904208634835], [-75.69127256299998, 4.155982111863422], [-75.69075836899998, 4.155754324863398], [-75.68910884000002, 4.157889295863361], [-75.688709442, 4.157948287863349], [-75.688062549, 4.158622473863357], [-75.68660367000001, 4.1601423638633035], [-75.68603003300001, 4.159166659863296], [-75.68369579300003, 4.161361752863235], [-75.68233015700002, 4.162805181863198], [-75.681358595, 4.162635929863219], [-75.68073685500002, 4.1646518968631305], [-75.67971060600001, 4.165000841863105], [-75.67805797199998, 4.1661578288630725], [-75.67697579499998, 4.166967343863057], [-75.67492442000002, 4.168240942863021], [-75.674127301, 4.168934067862992], [-75.67296217900002, 4.1710601588629075], [-75.67978104000002, 4.169315471862977], [-75.68195011799997, 4.168381181863029], [-75.68297526100002, 4.168325458863033], [-75.68383441999998, 4.169127709862986], [-75.68406492399998, 4.169874718862968], [-75.68366812900001, 4.17068174186294], [-75.679739068, 4.174263671862812], [-75.677230651, 4.175481131862798], [-75.67540647599998, 4.176408516862776], [-75.67306876399999, 4.177452744862697], [-75.67142954799999, 4.177726632862731], [-75.67081357500001, 4.177829554862723], [-75.669474052, 4.178271774862674], [-75.66882210799997, 4.179253883862649], [-75.66864818099998, 4.179516382862668], [-75.668382264, 4.180499984862603], [-75.668258562, 4.180834701862627], [-75.667901271, 4.186562668862435], [-75.66745305199998, 4.189268711862333], [-75.665291336, 4.191980986862262], [-75.663637607, 4.192619880862207], [-75.66322153200002, 4.192509404862236], [-75.66278068399998, 4.1923927628622195], [-75.66197901499999, 4.1916480058622305], [-75.66140457300003, 4.1905564598622735], [-75.661285373, 4.188888853862369], [-75.661851233, 4.187332888862402], [-75.66298667500001, 4.185257701862461], [-75.664008781, 4.183355060862508], [-75.66474491000002, 4.181396488862596], [-75.664796438, 4.179555095862651], [-75.66427658499998, 4.177600706862721], [-75.662785041, 4.175419982862768], [-75.660899046, 4.174679054862822], [-75.65937919100003, 4.174128365862814], [-75.65804653200001, 4.17549543786277], [-75.65348604000002, 4.177698265862708], [-75.65240594699998, 4.179313432862658], [-75.65228924600001, 4.178335664862705], [-75.65171988200001, 4.178970701862681], [-75.65160183400002, 4.177590097862706], [-75.64653145400001, 4.181233495862598], [-75.64658437100002, 4.179794922862619], [-75.64498903600003, 4.180951758862583], [-75.64498567800001, 4.179800876862632], [-75.64379065999998, 4.181071054862612], [-75.64327879299998, 4.1817630408625845], [-75.642994612, 4.1820517428625585], [-75.64162482500001, 4.182287194862577], [-75.64054615100002, 4.184362259862492], [-75.64014974600002, 4.185399229862428], [-75.63895135799999, 4.18551852286244], [-75.637699597, 4.186846437862389], [-75.63690141199999, 4.187309594862386], [-75.63587554100002, 4.18788901686235], [-75.63507880399999, 4.188812073862341], [-75.63462298600001, 4.189101673862366], [-75.63297272599999, 4.1901032308623325], [-75.63377231200002, 4.190945777862288], [-75.63463247499999, 4.192265624862232], [-75.63549409400002, 4.194046500862174], [-75.63572558300001, 4.1950234898621295], [-75.63510081099997, 4.196119102862111], [-75.63441785999999, 4.196811987862062], [-75.63379151999999, 4.197389503862064], [-75.632536496, 4.197624161862066], [-75.628713898, 4.198558756862033], [-75.62786153399998, 4.199827134862005], [-75.62695177, 4.201096189861933], [-75.625470264, 4.202079899861914], [-75.62387251500002, 4.202315778861906], [-75.62227432100002, 4.202321701861911], [-75.61970394600002, 4.201870722861933], [-75.61629711299997, 4.200426385861972], [-75.61445072999999, 4.201601753861951], [-75.613311802, 4.202526592861911], [-75.612115141, 4.203278651861873], [-75.61165930099997, 4.203568243861861], [-75.603278079, 4.207050050861759], [-75.60270623600002, 4.20759976386174], [-75.59997621399998, 4.21022603486165], [-75.598839016, 4.211783663861593], [-75.59656162800002, 4.213920339861542], [-75.59388257900002, 4.215253212861466], [-75.59262990399998, 4.216465840861446], [-75.59069455600002, 4.218256638861389], [-75.58961251800002, 4.219238418861373], [-75.58704943100003, 4.221203299861308], [-75.585737816, 4.2216108998612505], [-75.58453855699997, 4.2216148728613], [-75.583112046, 4.22167746886126], [-75.58174159800001, 4.221625258861287], [-75.580428332, 4.22145711286127], [-75.57991452300001, 4.22145864986127], [-75.57707672999999, 4.2201023408612945], [-75.57614427800002, 4.220436325861338], [-75.57414950600003, 4.221479138861278], [-75.57238243500001, 4.2224056928612335], [-75.569419815, 4.224430047861172], [-75.565887299, 4.226570728861119], [-75.56309529700002, 4.228364223861074], [-75.55984956399999, 4.231309495860954], [-75.55837202599997, 4.233616382860907], [-75.55706666200001, 4.236209975860796], [-75.55598964900003, 4.239032539860687], [-75.555541801, 4.242140954860634], [-75.55509002500003, 4.244041377860563], [-75.55441010300001, 4.245827528860483], [-75.5527596, 4.247444295860458], [-75.55053427500002, 4.247739431860424], [-75.549106704, 4.2475714588604605], [-75.54819717599997, 4.2490704458604025], [-75.54774269299998, 4.249820502860377], [-75.54637489100003, 4.250630457860321], [-75.545120591, 4.251037343860315], [-75.54386540899998, 4.251271899860312], [-75.54215248899999, 4.251105009860317], [-75.546784075, 4.2597756168600345], [-75.54697050300001, 4.259546436860024], [-75.54742640699999, 4.259257427860056], [-75.54810992400002, 4.258794534860054], [-75.54913498799999, 4.2579857758600825], [-75.54964751799997, 4.257581397860113], [-75.550388225, 4.257003132860131], [-75.55095848000002, 4.256770975860113], [-75.551414594, 4.256597227860107], [-75.55215636600002, 4.25659470986014], [-75.55295533100002, 4.256476821860163], [-75.55398279299999, 4.256357938860141], [-75.55506578500001, 4.25583666186014], [-75.55614823899998, 4.255027226860216], [-75.557400363, 4.253756985860211], [-75.558594648, 4.252256892860256], [-75.55967492100001, 4.250584684860313], [-75.56075562000001, 4.249142435860375], [-75.56206413899997, 4.247642127860423], [-75.56337332499999, 4.24619944886049], [-75.56451313600002, 4.2456774938605], [-75.56616875899999, 4.245613917860495], [-75.56748086300001, 4.245436855860526], [-75.568621339, 4.244972523860507], [-75.569589839, 4.244336753860548], [-75.57050181900001, 4.243872852860579], [-75.57147163399998, 4.243639364860535], [-75.57227178599999, 4.243866681860526], [-75.573646435, 4.245530858860483], [-75.574109545, 4.247888329860446], [-75.57343274599998, 4.250710141860325], [-75.57361117599999, 4.253413938860224], [-75.57471018500001, 4.258416138860091], [-75.57442879400003, 4.259912818860052], [-75.574430226, 4.260373297860001], [-75.573690973, 4.261411495859975], [-75.57249439899999, 4.262278800859925], [-75.57124043699997, 4.262858622859933], [-75.57021440599999, 4.263437445859924], [-75.56913207399998, 4.264304531859868], [-75.56884881000002, 4.265110772859857], [-75.568286683, 4.268162897859776], [-75.56857499199998, 4.269139818859702], [-75.56909124200001, 4.270116305859672], [-75.56333130299998, 4.272149967859631], [-75.56287376099999, 4.271863807859617], [-75.56190522600002, 4.272500148859613], [-75.56128369800001, 4.274803749859532], [-75.56060454599998, 4.276992762859478], [-75.55980928100001, 4.278491550859422], [-75.55849940600001, 4.279589586859358], [-75.55730235300001, 4.280226358859343], [-75.555931353, 4.2799436148593495], [-75.553872904, 4.278627056859408], [-75.55221328200003, 4.277193914859459], [-75.55015875800001, 4.277373494859462], [-75.548561989, 4.277954502859426], [-75.547535273, 4.2781880848594405], [-75.54727902899998, 4.278102682859417], [-75.546285162, 4.280263470859377], [-75.54554759299998, 4.281935041859296], [-75.54407027899998, 4.284414276859221], [-75.54379448100002, 4.288040505859127], [-75.543076375, 4.296847072858804], [-75.54347794400002, 4.297593836858825], [-75.543991812, 4.297592305858812], [-75.54473070400002, 4.296324150858863], [-75.54604009000002, 4.294938529858904], [-75.547348371, 4.293265316858958], [-75.54859880999999, 4.291362250859007], [-75.54996317299998, 4.289286076859053], [-75.55127275199999, 4.2880151518591285], [-75.54667943300001, 4.299137089858738], [-75.54605949900002, 4.302016447858668], [-75.54515856, 4.3066235908585035], [-75.54482605499999, 4.3103075568583735], [-75.54455161099997, 4.314337204858269], [-75.54524348500001, 4.31680953885819], [-75.54605083400003, 4.319626875858047], [-75.546855338, 4.321523805858034], [-75.547201057, 4.3227887868579575], [-75.54777442900001, 4.323592281857941], [-75.547817281, 4.323931774857944], [-75.54914343600001, 4.323069871857985], [-75.549940822, 4.322376779858009], [-75.55113672499999, 4.321394209858017], [-75.551706803, 4.321047337858062], [-75.552847176, 4.32046772685805], [-75.55387240099998, 4.319716568858057], [-75.55495316499997, 4.318273729858114], [-75.55517849199998, 4.317179998858181], [-75.55620118899998, 4.315392046858205], [-75.55739971999998, 4.315215740858199], [-75.55882665600001, 4.31498080085822], [-75.561621678, 4.3140505438582615], [-75.56333296899999, 4.313584530858277], [-75.56481619700003, 4.313061882858283], [-75.56755345699997, 4.3119588258583565], [-75.56943729300002, 4.311664798858368], [-75.57098000399998, 4.312235321858316], [-75.57344330299998, 4.315047154858232], [-75.57435923700001, 4.315734699858215], [-75.57505341799998, 4.319070866858095], [-75.57505674700002, 4.320221781858034], [-75.57409206199998, 4.3222972248579925], [-75.57226994799998, 4.323972035857926], [-75.57021952999997, 4.325763110857892], [-75.56822417900003, 4.326920702857824], [-75.56662756499998, 4.327617039857828], [-75.56428887499999, 4.328487693857781], [-75.56274689600002, 4.328320582857786], [-75.56103302499997, 4.328037971857809], [-75.55931771899998, 4.327295438857838], [-75.55771756500002, 4.326725574857863], [-75.556062542, 4.326903322857853], [-75.55475027699998, 4.327368005857795], [-75.55286881799998, 4.328352454857807], [-75.550985486, 4.328646455857785], [-75.54921138700001, 4.3289628468577845], [-75.54961890099997, 4.329859880857747], [-75.54990899699999, 4.331470185857685], [-75.55020557099999, 4.335613437857553], [-75.54906452300003, 4.3358472648575335], [-75.54889208999998, 4.335444737857545], [-75.546879671, 4.330271892857704], [-75.543207763, 4.323780033857921], [-75.53896684, 4.317866086858164], [-75.53649874000001, 4.313039821858298], [-75.53394489200002, 4.31868801585812], [-75.531904586, 4.324162354857931], [-75.530489789, 4.328828675857781], [-75.52981839300003, 4.3337224388576026], [-75.52857601, 4.338791301857456], [-75.52744766900003, 4.343744688857299], [-75.52682515999999, 4.345876547857204], [-75.52625853199999, 4.347489614857144], [-75.52574583299997, 4.3478369348571375], [-75.524523568, 4.348305933857138], [-75.525580053, 4.349793911857094], [-75.52569681, 4.350829938857056], [-75.52592861300002, 4.3519804508569955], [-75.52592914899998, 4.352268044857035], [-75.52610211500001, 4.352958174857019], [-75.52644565999998, 4.3533598228569845], [-75.52701752000002, 4.35364577785696], [-75.52804587700001, 4.353930307856931], [-75.52895932299998, 4.353869825856954], [-75.53066977200001, 4.3528857278569815], [-75.53238075399997, 4.352189785857011], [-75.53414858100001, 4.3514931698570685], [-75.53551764999997, 4.350970764857062], [-75.536715147, 4.350506878857101], [-75.53825368100001, 4.349408397857089], [-75.53956192700002, 4.347676965857159], [-75.53990055899999, 4.346064331857242], [-75.54035221999999, 4.34439385085728], [-75.54154905299998, 4.343584173857301], [-75.54337426000001, 4.342887434857341], [-75.54417309799999, 4.342654826857316], [-75.54485975699998, 4.343228143857333], [-75.54560645499998, 4.344895215857256], [-75.54561294400003, 4.347139443857173], [-75.54527708400002, 4.3496159808571], [-75.544998309, 4.351918949857048], [-75.544377397, 4.354568925856952], [-75.54386942299999, 4.356815265856883], [-75.54398809700001, 4.358254133856809], [-75.54473460100002, 4.359805373856785], [-75.54576440099999, 4.360550359856734], [-75.54748131999997, 4.362099174856723], [-75.549138863, 4.362611861856672], [-75.55165078200002, 4.362488959856692], [-75.55307880800001, 4.362484523856704], [-75.554506162, 4.362421890856678], [-75.55536385300002, 4.362937229856666], [-75.55656378999998, 4.363163750856667], [-75.55873268599998, 4.3629267878566464], [-75.560786323, 4.362171925856665], [-75.56226908600001, 4.3613610968567045], [-75.56625928300002, 4.358988246856807], [-75.56859872400003, 4.358174620856808], [-75.570083915, 4.358342371856798], [-75.57094149300002, 4.358800059856822], [-75.57157322799998, 4.360064452856766], [-75.57174757799999, 4.3611579708567385], [-75.57175070300002, 4.362193624856664], [-75.56941705899999, 4.364849181856606], [-75.56804823599998, 4.365486910856589], [-75.566108649, 4.36612630985659], [-75.56422590699998, 4.366765595856535], [-75.56211318499999, 4.366945402856525], [-75.560000801, 4.367009374856538], [-75.55097769499997, 4.366692823856529], [-75.543147568, 4.364127944856637], [-75.54017692000002, 4.363676507856669], [-75.53731988800001, 4.362880180856646], [-75.53503472800003, 4.362369219856689], [-75.53286536899998, 4.362376154856679], [-75.53223773000002, 4.362666067856686], [-75.53149692599999, 4.3632437878566375], [-75.53013615600003, 4.366702015856522], [-75.52940016899998, 4.368948793856477], [-75.52809437799999, 4.371715902856377], [-75.52633042999997, 4.373909252856331], [-75.52376879799999, 4.376679863856204], [-75.52251405099997, 4.377259681856189], [-75.52160014100002, 4.377089637856178], [-75.52125526700002, 4.376285131856252], [-75.52170610799999, 4.374153588856307], [-75.52289886699998, 4.37173248885639], [-75.52392211699998, 4.370175057856408], [-75.524258255, 4.367814334856498], [-75.52345655699997, 4.366838358856525], [-75.52089066100001, 4.368227485856515], [-75.520379262, 4.368977665856445], [-75.51912690500001, 4.370535521856434], [-75.51861286600001, 4.371078908856405], [-75.516471115, 4.380790009856086], [-75.51431822799998, 4.386955624855872], [-75.51182054899999, 4.39237436685571], [-75.50971924599997, 4.396640847855574], [-75.50835693200003, 4.399638594855468], [-75.50687958600003, 4.402233696855376], [-75.50540298099997, 4.40523166085531], [-75.50285301500003, 4.412550122855064], [-75.505024934, 4.41352241085499], [-75.50702607400001, 4.414379747854979], [-75.50776933200001, 4.414780645854974], [-75.508911625, 4.41483443285499], [-75.51181995000002, 4.4134440778550195], [-75.51387498600002, 4.413322671855019], [-75.51507698400002, 4.4142973228550195], [-75.51747900200002, 4.415787256854925], [-75.51868100899998, 4.416761898854908], [-75.519883671, 4.418082329854875], [-75.52103178499999, 4.420324409854776], [-75.521666729, 4.422682725854725], [-75.52166838, 4.423258479854717], [-75.52018852999998, 4.425105523854646], [-75.51916258400001, 4.42585669385462], [-75.51750620899998, 4.425746837854631], [-75.51596345600001, 4.425290969854623], [-75.51396009400003, 4.4235697558546985], [-75.51023979500002, 4.420357292854788], [-75.50726671299998, 4.4190418728548675], [-75.50452492699998, 4.418589925854828], [-75.50326879300002, 4.418471935854859], [-75.497083642, 4.433235230854403], [-75.49424314999999, 4.438770471854184], [-75.49095115400002, 4.446437842853956], [-75.483463745, 4.465574677853321], [-75.48323247600001, 4.464424146853346], [-75.48198059600003, 4.466039644853323], [-75.481918415, 4.4640824998533875], [-75.48117975299999, 4.465581772853317], [-75.480544555, 4.462762329853391], [-75.47951925900003, 4.463916902853364], [-75.47996102299999, 4.458042591853598], [-75.48109050900001, 4.4532603358537495], [-75.48318536400001, 4.446287922853951], [-75.48539260899997, 4.438911876854194], [-75.48708773099997, 4.431940784854417], [-75.48810842300003, 4.42923239785452], [-75.48924228999999, 4.426235071854598], [-75.49111445900002, 4.421566148854761], [-75.49151046600002, 4.420183352854829], [-75.49262083399998, 4.417273086854907], [-75.49041697299998, 4.416689559854922], [-75.48848919400001, 4.422034920854718], [-75.48713832599998, 4.429465300854492], [-75.48577879300001, 4.433729842854338], [-75.48464511899999, 4.436841870854273], [-75.48322612800001, 4.4400126298541664], [-75.481183284, 4.444969478854002], [-75.48043600400001, 4.443014168854041], [-75.47975130600003, 4.443246536854046], [-75.47991210200001, 4.439158809854162], [-75.48121661699997, 4.435872998854322], [-75.48370845300002, 4.428036498854516], [-75.48540606799997, 4.422101670854747], [-75.48580176899998, 4.420545975854817], [-75.486139837, 4.418875688854847], [-75.48691537000002, 4.4160146378549205], [-75.48201827100002, 4.414743345855], [-75.47511108999998, 4.415109216854974], [-75.47197294, 4.415867035854951], [-75.46946322999997, 4.416738395854939], [-75.466269705, 4.418013869854855], [-75.46296132600003, 4.41929066985484], [-75.45993901100002, 4.420623442854801], [-75.45663126800002, 4.421957290854757], [-75.45417764000001, 4.42242507185474], [-75.45160889800002, 4.422432549854725], [-75.45018105000003, 4.42232155985473], [-75.448357257, 4.423363393854672], [-75.44727424899997, 4.424056954854702], [-75.44556585999999, 4.425731419854596], [-75.443456481, 4.427004296854575], [-75.44202938799998, 4.427008559854571], [-75.440828958, 4.426263734854621], [-75.44019787899998, 4.424999179854625], [-75.44110509500001, 4.42263624885472], [-75.44218621300001, 4.421194020854785], [-75.44240738899998, 4.418315313854842], [-75.442519258, 4.417278830854869], [-75.44388629600002, 4.416123694854939], [-75.44525512400003, 4.415659032854947], [-75.446625644, 4.415827774854969], [-75.44799647299999, 4.416168848854905], [-75.448795959, 4.4162239118549484], [-75.450278648, 4.41552906585493], [-75.45352474100002, 4.4124686098550665], [-75.45545994000003, 4.410160324855127], [-75.45750981700002, 4.408081799855189], [-75.45939087300002, 4.4069827878552275], [-75.461387801, 4.406458199855221], [-75.46275892099999, 4.406972151855212], [-75.464016329, 4.407486870855222], [-75.46504466699997, 4.407713836855226], [-75.46669896700001, 4.407305692855236], [-75.46846775, 4.407012603855218], [-75.47035339400003, 4.407525033855218], [-75.471782566, 4.408384657855175], [-75.47269876000001, 4.4094751888551205], [-75.47372902400002, 4.410450805855094], [-75.474928917, 4.410907974855089], [-75.47681081799999, 4.4099812548551265], [-75.47806297199998, 4.408538123855199], [-75.479654402, 4.405770498855299], [-75.48163798899998, 4.400123321855471], [-75.483283057, 4.395915902855596], [-75.48543977399999, 4.391074145855744], [-75.48708920500002, 4.388651650855803], [-75.48942646900002, 4.387435917855865], [-75.490170992, 4.388239143855856], [-75.49051496999999, 4.388871340855846], [-75.49080490699998, 4.390424632855781], [-75.49018668999997, 4.394340857855666], [-75.49003226000002, 4.400673417855434], [-75.49066573900001, 4.402915970855388], [-75.49101307799998, 4.404757319855291], [-75.49282706499997, 4.399686217855473], [-75.49322275100002, 4.398130527855547], [-75.49373151100002, 4.396229395855609], [-75.49526512400001, 4.393288972855658], [-75.50106006099998, 4.3824494728560435], [-75.50264878600001, 4.378587958856176], [-75.50803912600003, 4.366080705856559], [-75.50968118600002, 4.360952877856704], [-75.51200763000003, 4.355477984856906], [-75.51399048000002, 4.349888471857071], [-75.51529200300001, 4.345395243857213], [-75.51608163499998, 4.341996855857329], [-75.51619169000003, 4.340327572857433], [-75.51584706300002, 4.339638322857397], [-75.51498962699998, 4.339238184857441], [-75.51470435599998, 4.339296347857446], [-75.514474769, 4.338721580857474], [-75.51361927699998, 4.339069529857464], [-75.51429080899999, 4.333888147857647], [-75.510825254, 4.340344886857417], [-75.506563142, 4.3461714058572065], [-75.50885061700001, 4.347657702857146], [-75.50702972200003, 4.351349560857053], [-75.50293644300001, 4.357808602856854], [-75.500947021, 4.361095650856759], [-75.49912719000002, 4.363864254856646], [-75.495887402, 4.369227261856442], [-75.49634855599999, 4.370837302856386], [-75.49589524499999, 4.372277829856339], [-75.49561147200001, 4.372854117856365], [-75.494757338, 4.373662553856342], [-75.49367336, 4.374068549856305], [-75.49247546599997, 4.374360054856304], [-75.49139095999999, 4.374479014856312], [-75.49078388200002, 4.374334921856301], [-75.48803305899997, 4.378403107856149], [-75.48570405200002, 4.382899940856021], [-75.48428467399998, 4.3858395758559485], [-75.483380281, 4.389353464855804], [-75.48139264600002, 4.393389174855654], [-75.48082664399999, 4.395405678855628], [-75.480548322, 4.3980539248555175], [-75.479469559, 4.400417735855452], [-75.47855785500002, 4.401168642855426], [-75.477589609, 4.402092550855403], [-75.47736417800002, 4.403186865855352], [-75.477082521, 4.404626516855304], [-75.47668648400003, 4.406009311855247], [-75.47651629699999, 4.40652832485526], [-75.47554688999998, 4.406818834855257], [-75.47491491, 4.405381423855267], [-75.47508229699997, 4.403941978855357], [-75.47512440899999, 4.402335516855365], [-75.47450592299998, 4.401813994855397], [-75.47393308699998, 4.4010098738554415], [-75.47336144000002, 4.400550982855459], [-75.47301456399998, 4.3989401448554775], [-75.47358111300002, 4.397211804855529], [-75.474260743, 4.395137458855627], [-75.47505474799999, 4.393120536855702], [-75.47573213999999, 4.390125192855798], [-75.47618196500002, 4.387361364855875], [-75.47651845799999, 4.385115312855914], [-75.477427917, 4.383443415855974], [-75.47793853799999, 4.3822333148560455], [-75.47799347099999, 4.381484547856062], [-75.477649509, 4.380852341856109], [-75.47571594599998, 4.383678771855986], [-75.47412120500002, 4.385237781855931], [-75.47201478599999, 4.387431687855859], [-75.470306215, 4.388933266855842], [-75.465068261, 4.3945897418556275], [-75.462904267, 4.396726108855549], [-75.461649868, 4.39724821485554], [-75.46084829, 4.396329225855559], [-75.45913905499998, 4.397485556855527], [-75.457825431, 4.3973172918555745], [-75.45748039199998, 4.396396905855582], [-75.46407903900001, 4.386995209855891], [-75.46606982499998, 4.38434158885594], [-75.46977132699999, 4.38076159685609], [-75.47085394200002, 4.379895128856089], [-75.47227689200002, 4.378278807856172], [-75.473416042, 4.377239334856211], [-75.47449725299998, 4.375912365856265], [-75.477857572, 4.37296637885633], [-75.48065039599999, 4.371231154856371], [-75.481103281, 4.369848826856437], [-75.48144287500003, 4.36869610785647], [-75.48149515900002, 4.366796943856524], [-75.481656063, 4.3627097808566555], [-75.482052824, 4.361730423856677], [-75.48256441199999, 4.360750291856714], [-75.48393097600001, 4.359422234856797], [-75.48467266300003, 4.3593050488567835], [-75.485015675, 4.359419122856792], [-75.48575928100001, 4.360049466856771], [-75.48604596500002, 4.360451809856724], [-75.48627564999998, 4.361084222856701], [-75.48633431899998, 4.361774580856726], [-75.486222537, 4.362522885856703], [-75.48576728199998, 4.363215315856636], [-75.48508394800001, 4.363850529856617], [-75.48457163, 4.364427797856628], [-75.48445928299998, 4.3651761038565935], [-75.48463288900001, 4.365923884856539], [-75.48486184500001, 4.366153433856572], [-75.48571843299999, 4.366380702856559], [-75.486363611, 4.366740008856555], [-75.49067395700001, 4.362221473856712], [-75.49414736199998, 4.358699482856814], [-75.49966775600001, 4.35229376985703], [-75.50515988900003, 4.3452592248572515], [-75.502156152, 4.3433075198573], [-75.50363143099997, 4.339907297857435], [-75.50408504299998, 4.338639673857439], [-75.50499352700001, 4.336795449857531], [-75.50698395400002, 4.334084174857593], [-75.508747707, 4.33177618085769], [-75.510397824, 4.329814190857772], [-75.51227624299997, 4.327736512857803], [-75.51409833100001, 4.325946534857888], [-75.51660357999998, 4.3234636998579425], [-75.518822881, 4.320981958858027], [-75.520870635, 4.318270569858111], [-75.522405477, 4.315790662858173], [-75.52314074600002, 4.313141039858295], [-75.52375850700003, 4.309341252858427], [-75.52414775199998, 4.305541892858533], [-75.52476583200001, 4.301914438858628], [-75.52509887000002, 4.29846041085878], [-75.52526200400001, 4.295352491858876], [-75.52536731100002, 4.29201471585896], [-75.52478624600002, 4.288218848859081], [-75.52512017800001, 4.284937715859217], [-75.52596364700003, 4.280216535859378], [-75.52702497899998, 4.274909026859515], [-75.52586644799999, 4.275701630859511], [-75.52520300999998, 4.2733145088595785], [-75.525711178, 4.271126372859677], [-75.52696124300002, 4.268993373859718], [-75.52821031799999, 4.266629847859786], [-75.52957472700001, 4.264553703859849], [-75.53121952100003, 4.260693275859982], [-75.529789988, 4.259777753860061], [-75.52813230700002, 4.258747385860047], [-75.52744757800002, 4.258865039860052], [-75.52664775699998, 4.258522412860052], [-75.526134017, 4.25858155386006], [-75.52585038900003, 4.259215464860063], [-75.52573904899998, 4.260194286860007], [-75.52596989800003, 4.261171349859968], [-75.526489847, 4.263586423859891], [-75.52643685999999, 4.265082132859878], [-75.52535435099998, 4.265891542859836], [-75.52347631999999, 4.26779629485975], [-75.52330756999999, 4.268775222859716], [-75.52131674600002, 4.271485904859671], [-75.52034997999999, 4.272812658859616], [-75.51915428500001, 4.273909869859583], [-75.51796117999999, 4.275812797859513], [-75.51739474300001, 4.277540548859433], [-75.51828560899997, 4.280886109859324], [-75.51837458300002, 4.2812198748593095], [-75.519409709, 4.284036304859212], [-75.519240642, 4.284842337859185], [-75.51850535199998, 4.287491390859135], [-75.51828266799998, 4.2894490398590825], [-75.518061246, 4.292096579858995], [-75.51806552800002, 4.293822717858925], [-75.51710239099998, 4.296530387858837], [-75.51654627900001, 4.302056210858629], [-75.51626555600001, 4.303668740858624], [-75.51541171500003, 4.304592433858601], [-75.51421306200001, 4.30471103785856], [-75.51307020399997, 4.3042543438586005], [-75.51226990999999, 4.303681752858583], [-75.50826397100002, 4.299897226858698], [-75.506891666, 4.298923375858756], [-75.50535189099998, 4.29933131785873], [-75.50466872300001, 4.300023593858706], [-75.50421469700001, 4.30106124785868], [-75.50416168999999, 4.302557533858656], [-75.504736676, 4.304281506858566], [-75.50697184199998, 4.307726894858439], [-75.50771840800002, 4.309393477858417], [-75.50766432500001, 4.310602166858387], [-75.50709604299999, 4.311640032858345], [-75.50578528800003, 4.312334594858294], [-75.50247499199997, 4.312575713858299], [-75.50070785600002, 4.313329302858276], [-75.499170279, 4.314657666858247], [-75.49826018099998, 4.315926686858201], [-75.49820587599999, 4.317020114858158], [-75.49792563900002, 4.3189202478580855], [-75.497131507, 4.3208218878580515], [-75.49599490000003, 4.322897051857944], [-75.494117722, 4.325377563857894], [-75.49343794599997, 4.327336627857842], [-75.49338514099998, 4.328948184857776], [-75.493674145, 4.330328022857722], [-75.49282164700003, 4.331712204857659], [-75.49020403399999, 4.335000930857605], [-75.489350129, 4.335924050857557], [-75.48780793399999, 4.33535392185759], [-75.487350047, 4.334894819857567], [-75.48660838400002, 4.335012000857572], [-75.486097014, 4.336107394857542], [-75.48501865100002, 4.338355353857458], [-75.48513876099997, 4.340656501857393], [-75.48559888, 4.342036598857332], [-75.486516789, 4.343817596857288], [-75.4870932, 4.3460026468572], [-75.48578201100003, 4.346812465857206], [-75.484411637, 4.346644324857204], [-75.48264057300003, 4.345901706857222], [-75.48132524200003, 4.34504242585727], [-75.48031396099998, 4.343919849857308], [-75.45942714699999, 4.371004625856407], [-75.46236386700002, 4.372895597856361], [-75.45266411300003, 4.387662766855858], [-75.450161686, 4.391651340855731], [-75.449082234, 4.3933721248556585], [-75.44658231599999, 4.3981568328554905], [-75.443913544, 4.403920493855309], [-75.44061685399998, 4.40957114185515], [-75.43333599200002, 4.420241384854796], [-75.43219671999998, 4.421280832854792], [-75.43026019199999, 4.422898042854688], [-75.43003570799999, 4.424568141854657], [-75.42998960599999, 4.429058050854542], [-75.42942483299998, 4.431535072854454], [-75.42942850700001, 4.43297422885441], [-75.429149564, 4.435680713854299], [-75.42886863199999, 4.437580887854246], [-75.42898602700001, 4.439019841854182], [-75.42927324099998, 4.439709809854173], [-75.42967345900001, 4.4399961358541455], [-75.430700263, 4.4396479308541945], [-75.43280990900001, 4.438490340854181], [-75.43429199399998, 4.437737875854258], [-75.43554627999998, 4.437101084854242], [-75.436972884, 4.436809224854245], [-75.43845634399997, 4.436516693854249], [-75.440566375, 4.435589622854297], [-75.44079406600002, 4.435416310854289], [-75.44245184800002, 4.436275009854249], [-75.443195941, 4.4371364828542665], [-75.44314098500001, 4.437884692854227], [-75.44302732199998, 4.438230702854204], [-75.44200119599998, 4.438636555854204], [-75.44080398300002, 4.4393885208541874], [-75.44040586900002, 4.439965014854137], [-75.43972274200001, 4.440773121854129], [-75.43932442300002, 4.441234910854099], [-75.438640883, 4.441812481854083], [-75.43738582499998, 4.442334011854084], [-75.43618736799999, 4.442395496854087], [-75.43458981700002, 4.442802934854035], [-75.43367678200002, 4.442863336854069], [-75.43219381699998, 4.443442901854059], [-75.43036886800002, 4.444196545854023], [-75.42905703999998, 4.4447763658539845], [-75.42780181400002, 4.444895006854012], [-75.42557653199998, 4.445304115853971], [-75.42510492399998, 4.445398187853996], [-75.42729568599998, 4.448062409853871], [-75.42975593800003, 4.45030066085385], [-75.432158781, 4.452539002853774], [-75.43364648400001, 4.453973794853722], [-75.43439198099998, 4.455295779853626], [-75.43319232099998, 4.455011461853681], [-75.43376759799997, 4.456851895853595], [-75.4327963, 4.4564518988536195], [-75.43348437499998, 4.457773986853577], [-75.432913203, 4.4576026768535915], [-75.43314408499998, 4.458580912853542], [-75.433317338, 4.459443983853538], [-75.43246042300001, 4.4591008508535515], [-75.42976715200001, 4.455021001853688], [-75.42856477999999, 4.453528055853698], [-75.42736302600002, 4.452379779853759], [-75.42433180900002, 4.450086034853855], [-75.42324562699997, 4.449340419853849], [-75.42261652899998, 4.448881594853853], [-75.420692842, 4.446976863853951], [-75.42010111799999, 4.447277389853927], [-75.41941597499999, 4.447279171853901], [-75.418159973, 4.447282530853902], [-75.41467973599998, 4.4479837038539225], [-75.41222732699998, 4.448911325853834], [-75.410974565, 4.450123865853844], [-75.41040440699999, 4.4505283168538305], [-75.40892195999999, 4.451108409853809], [-75.407665947, 4.451111752853814], [-75.405440215, 4.4512908348537925], [-75.404867379, 4.4511308038537925], [-75.40401235000002, 4.450892160853814], [-75.40218446799997, 4.4503218448538355], [-75.39966997300002, 4.449235140853825], [-75.39749568299999, 4.44693862685394], [-75.39572082199999, 4.444468500854024], [-75.393490095, 4.442402604854062], [-75.39250915999997, 4.441295680854096], [-75.38964632, 4.4435388158540405], [-75.39132934100002, 4.44597748085396], [-75.39350351399997, 4.448216383853868], [-75.39539070799998, 4.449879993853845], [-75.39699314199999, 4.451602856853792], [-75.39870970300001, 4.453554925853693], [-75.40008347899999, 4.455220543853644], [-75.40079347099999, 4.4559030068536565], [-75.40145666000001, 4.45654091285364], [-75.40317340799999, 4.458262990853587], [-75.403689327, 4.459355450853549], [-75.4082052, 4.461990779853448], [-75.40906338500002, 4.462736820853432], [-75.41020731200001, 4.46365469285341], [-75.411580625, 4.465032102853335], [-75.41341103899998, 4.466696304853315], [-75.41598562899998, 4.4689343928532], [-75.419293858, 4.470875637853148], [-75.42066773699997, 4.469382032853185], [-75.42232170900002, 4.468686332853216], [-75.42449020200002, 4.468277315853243], [-75.42637366299999, 4.4680993408532705], [-75.42757344900002, 4.468441297853248], [-75.42877426299998, 4.469359028853172], [-75.42963195800002, 4.469817430853203], [-75.43180275700001, 4.470387038853171], [-75.43340438000001, 4.471591077853146], [-75.434945852, 4.471587162853109], [-75.43620049600003, 4.471122691853133], [-75.43757060799999, 4.471003814853162], [-75.43871426099997, 4.4717487258531055], [-75.43980198899999, 4.473012441853108], [-75.44020393599999, 4.473932725853033], [-75.44077801200001, 4.475082668853031], [-75.441752543, 4.47663418985299], [-75.44272397600002, 4.477091798852938], [-75.443352903, 4.477435891852954], [-75.443983538, 4.478412824852926], [-75.44381524200003, 4.4796799478528735], [-75.44079923200002, 4.4837186868527565], [-75.43983245099997, 4.485218363852671], [-75.439096576, 4.487696270852609], [-75.43909942599998, 4.488963082852548], [-75.43927357899997, 4.489999048852535], [-75.43956006299999, 4.490573735852492], [-75.43967699900003, 4.491725072852469], [-75.43945079399998, 4.492416527852421], [-75.43871129399997, 4.4935129208524005], [-75.43871243900003, 4.4941463288523815], [-75.43963055699999, 4.495928483852323], [-75.44043407700002, 4.497538508852267], [-75.44140746300002, 4.4987447848522235], [-75.44260912099998, 4.499778302852237], [-75.44369586300002, 4.500466225852202], [-75.44569424000002, 4.50028796685221], [-75.44946611900002, 4.50165916485212], [-75.45158328000002, 4.503323254852088], [-75.45324317900003, 4.504931109852015], [-75.45324877299998, 4.507061285851983], [-75.45239510300001, 4.508215533851924], [-75.45114028, 4.508910019851884], [-75.45005545200002, 4.508970783851892], [-75.448799888, 4.509261829851916], [-75.44799794599999, 4.50822759485193], [-75.447080874, 4.506733063851981], [-75.446166011, 4.506447704852019], [-75.44633450499998, 4.505295848852022], [-75.445419157, 4.50443415185204], [-75.443593013, 4.504900267852013], [-75.44182512999998, 4.505826213852033], [-75.44057029499999, 4.50652068185196], [-75.43840161499998, 4.506872143851978], [-75.43663169500002, 4.506992337851947], [-75.43440645700002, 4.507516795851964], [-75.43458165599998, 4.509128535851897], [-75.43601051899998, 4.5097005758518804], [-75.43732945400001, 4.512057773851837], [-75.43630318999999, 4.5127512558517875], [-75.43592043199999, 4.512805633851798], [-75.436138002, 4.515112858851703], [-75.436310977, 4.515803585851688], [-75.43636997200002, 4.516666858851652], [-75.43694462100001, 4.518104963851587], [-75.43757701599998, 4.519715863851535], [-75.43872716599998, 4.523052571851431], [-75.43918893400001, 4.524951385851382], [-75.43965175599999, 4.527426535851315], [-75.44022803899998, 4.529440403851251], [-75.44063389899998, 4.531858022851152], [-75.44086955, 4.534794091851093], [-75.44167539099999, 4.537326238850962], [-75.44242254300002, 4.5391668848509115], [-75.44276811100002, 4.540317793850866], [-75.44340622099998, 4.544404662850781], [-75.44311524800003, 4.548458214850605], [-75.44398878300001, 4.5488956308505974], [-75.446325419, 4.547045891850694], [-75.44654971, 4.545317591850727], [-75.44597564399999, 4.5442253108507495], [-75.447852845, 4.541167809850851], [-75.449390252, 4.53949357985091], [-75.45115808100002, 4.53850939585094], [-75.45275852499998, 4.538965796850936], [-75.45522162700001, 4.541896566850822], [-75.456024619, 4.5431613128507795], [-75.457454444, 4.543906184850797], [-75.45870788899998, 4.542750606850819], [-75.45984497199998, 4.540789508850849], [-75.46097977599999, 4.537906844850977], [-75.462404262, 4.536693313850994], [-75.46440303600002, 4.536687873850996], [-75.46583252900001, 4.53725982985097], [-75.467950836, 4.539154922850938], [-75.46835330699997, 4.540305700850915], [-75.46824185899999, 4.541227476850866], [-75.46721549799997, 4.541863938850828], [-75.46630429200002, 4.542960683850779], [-75.46482063100001, 4.543540369850798], [-75.46328010000002, 4.544120725850782], [-75.461627437, 4.545564658850692], [-75.461573171, 4.546659229850672], [-75.463002792, 4.547288820850658], [-75.46511785500002, 4.5480318188506486], [-75.46751676600002, 4.54791034285065], [-75.469917726, 4.548882754850628], [-75.47191533799997, 4.548243887850625], [-75.47288690900001, 4.548413819850632], [-75.47385791900001, 4.548584315850638], [-75.47448934900001, 4.549618821850597], [-75.474206831, 4.5508867188505535], [-75.47335185100002, 4.5516381328505], [-75.47221107899998, 4.552217187850486], [-75.47089903099999, 4.552738932850484], [-75.46970093099998, 4.553375726850472], [-75.46901756199998, 4.554068615850438], [-75.468848579, 4.554933433850433], [-75.468738863, 4.556776772850375], [-75.46874401100001, 4.558619895850276], [-75.46817787700002, 4.560579364850253], [-75.46778115900003, 4.561905112850203], [-75.46750127199999, 4.563979307850113], [-75.46779132900002, 4.5658218918500335], [-75.46768228799999, 4.567722863850015], [-75.46711669299998, 4.569971064849926], [-75.46866357699997, 4.5814077548495415], [-75.46945082500002, 4.5915790738492], [-75.47065580499998, 4.599299046848959]], [[-75.46416086599999, 4.473276349853063], [-75.46407084700002, 4.4739223498530585], [-75.46424340099998, 4.474381968853012], [-75.46464978, 4.4770871618529196], [-75.465456346, 4.4797334148528645], [-75.46448518699998, 4.4797363428528705], [-75.46373907899999, 4.478126248852922], [-75.46254409900001, 4.479799261852831], [-75.46146136200002, 4.48066632985285], [-75.460543755, 4.479171812852868], [-75.45997632799998, 4.480440231852818], [-75.45963325500003, 4.480326162852815], [-75.45848409299998, 4.47750762785295], [-75.45716369000002, 4.474632898853057], [-75.456186016, 4.471986939853138], [-75.45566132800002, 4.4676704648532795], [-75.455883809, 4.465251704853347], [-75.45588006499997, 4.463812565853384], [-75.455810928, 4.458918916853543], [-75.45695519899999, 4.460009600853528], [-75.45792535200002, 4.459776158853512], [-75.458498556, 4.460753182853482], [-75.45964094200002, 4.460807589853481], [-75.46004054999997, 4.460748656853487], [-75.46032373899999, 4.459827129853519], [-75.46072408200001, 4.460171065853481], [-75.46152778800001, 4.461896333853459], [-75.46158349199999, 4.4612628268534475], [-75.462498256, 4.461835783853459], [-75.46266813900002, 4.461144434853459], [-75.463412285, 4.462005871853456], [-75.46580702400001, 4.468971707853236], [-75.46594343100003, 4.469368109853208], [-75.46611996600001, 4.471382690853106], [-75.46606504300001, 4.472131461853103], [-75.466124159, 4.473052355853065], [-75.46583936100001, 4.473398683853087], [-75.46520969400001, 4.4726523088531], [-75.465039709, 4.473286025853053], [-75.46481212200001, 4.47351697885307], [-75.46416086599999, 4.473276349853063]]]}, "properties": {"OBJECTID": 223, "UCG_P_": 224, "UCG_P_ID": 482, "COD": "Pzes", "SHAPE.AREA": 0.0275055352621221, "SHAPE.LEN": 3.53653058480793}}, {"type": "Feature", "id": 267, "geometry": {"type": "Polygon", "coordinates": [[[-75.57428564100002, 4.44624031885398], [-75.574500564, 4.445607648853981], [-75.57549846, 4.442939399854059], [-75.57621837900001, 4.438616800854222], [-75.57721079499998, 4.4337416518543415], [-75.57802116099998, 4.429326780854487], [-75.57883319500002, 4.425187630854611], [-75.57945952699998, 4.420221682854825], [-75.58081417300002, 4.414059307854995], [-75.58372059099997, 4.407526044855214], [-75.58553283100002, 4.401638494855392], [-75.58621889800003, 4.398431866855512], [-75.57752202400002, 4.404178206855299], [-75.57906724200001, 4.403908475855354], [-75.57969600799998, 4.404194257855344], [-75.58038354299998, 4.404882771855307], [-75.58067051500001, 4.405400315855282], [-75.58078760400002, 4.406263412855231], [-75.580446714, 4.406955652855247], [-75.57987705599999, 4.407533085855218], [-75.57930875, 4.40851392885516], [-75.57914270399999, 4.410241479855152], [-75.57846238100001, 4.412085874855066], [-75.57737878199998, 4.412665451855045], [-75.57606404400002, 4.4122086968550445], [-75.574355722, 4.413999183854975], [-75.57310087399998, 4.414520898855011], [-75.57201591199998, 4.414697058854971], [-75.57047431500001, 4.414817047854948], [-75.568817319, 4.414649672854964], [-75.56710256999997, 4.414309514855007], [-75.56504567799999, 4.414028217854999], [-75.564206071, 4.4138767428550105], [-75.55832736000002, 4.421361069854757], [-75.55075972899999, 4.431460164854414], [-75.54238795999999, 4.440065215854146], [-75.536709997, 4.446173301853935], [-75.53790046, 4.448715829853897], [-75.53807359899997, 4.449463575853875], [-75.538134362, 4.4506149598538025], [-75.538366929, 4.45211123585377], [-75.53848532900003, 4.453665929853709], [-75.53866706000002, 4.457408239853596], [-75.538499823, 4.458848225853526], [-75.538392794, 4.461439595853449], [-75.53913723400001, 4.4621285968534385], [-75.53982314000001, 4.462241394853412], [-75.54177350600003, 4.4652875468533395], [-75.54378198400002, 4.468679362853199], [-75.545892321, 4.467406213853254], [-75.54755191800001, 4.468552764853249], [-75.548417728, 4.47171740185315], [-75.54967853300002, 4.473325777853072], [-75.55116318400002, 4.473091203853091], [-75.55150265499998, 4.471938475853105], [-75.55264738300002, 4.472626103853119], [-75.55264366900002, 4.471301722853145], [-75.55218305599999, 4.470093502853167], [-75.55160580299997, 4.467964541853249], [-75.551829419, 4.466293926853279], [-75.55107631700002, 4.462610959853425], [-75.54963351399999, 4.4574326208535995], [-75.54864853499998, 4.452311008853777], [-75.54875318199998, 4.449085707853846], [-75.54944097700002, 4.449890073853828], [-75.55042124900001, 4.4531691858537465], [-75.55347394900002, 4.46202767985344], [-75.55491139200001, 4.465305874853341], [-75.555255021, 4.465708052853336], [-75.55553605099999, 4.464037325853357], [-75.55634028999998, 4.465647152853336], [-75.55656434500003, 4.464206498853364], [-75.55771289299997, 4.466276128853292], [-75.55793796, 4.465066561853341], [-75.56039334399998, 4.469530944853165], [-75.57428564100002, 4.44624031885398]]]}, "properties": {"OBJECTID": 267, "UCG_P_": 268, "UCG_P_ID": 506, "COD": "Pzev", "SHAPE.AREA": 0.00150959707066625, "SHAPE.LEN": 0.250461306514075}}, {"type": "Feature", "id": 282, "geometry": {"type": "Polygon", "coordinates": [[[-75.410713912, 4.435326324854316], [-75.41156808599999, 4.435731089854287], [-75.41305304000002, 4.435957317854306], [-75.41533477000002, 4.435317615854331], [-75.41692958800002, 4.433988637854369], [-75.41760691299999, 4.4308209278544535], [-75.417596328, 4.4263887328546065], [-75.417354413, 4.420691242854805], [-75.41740354299998, 4.4172370348549235], [-75.41694067399999, 4.414591177855008], [-75.41653456699999, 4.411887018855078], [-75.416223393, 4.410029694855128], [-75.41589800399998, 4.40808989985519], [-75.41537753300003, 4.4053288688553], [-75.41462731399997, 4.401877751855414], [-75.41262450699998, 4.399696220855465], [-75.41056621500002, 4.397975855855538], [-75.410045384, 4.394984839855629], [-75.40998305800002, 4.392797649855674], [-75.40997745700002, 4.3902080468557685], [-75.409171733, 4.387505696855863], [-75.40927985299999, 4.384915330855951], [-75.41047383199998, 4.382954800855996], [-75.41052714900002, 4.381228488856091], [-75.409782, 4.380022276856132], [-75.40926305699998, 4.377779371856204], [-75.41034341900001, 4.375876678856231], [-75.41159609599998, 4.374664738856309], [-75.41409772999998, 4.370743487856431], [-75.41518151600002, 4.370510499856441], [-75.416094671, 4.370564850856402], [-75.41660755599997, 4.370275783856431], [-75.41780345699999, 4.369121007856447], [-75.41894399400002, 4.368830282856494], [-75.42031407000002, 4.369113804856448], [-75.42162915199998, 4.370145540856429], [-75.42277291200003, 4.37106286785643], [-75.42368752700003, 4.371635353856358], [-75.423919136, 4.373073550856345], [-75.424608138, 4.374682719856295], [-75.42529874899998, 4.377212904856222], [-75.425757949, 4.3784201638561395], [-75.42593397799999, 4.3802613328561195], [-75.426794427, 4.382043096856048], [-75.42755838699998, 4.38304752985601], [-75.42845437800003, 4.384225196855955], [-75.42954191799998, 4.385487845855919], [-75.43085496700002, 4.385656735855915], [-75.43314393100002, 4.387951844855827], [-75.43354599499997, 4.388986855855794], [-75.43485915000002, 4.3892128058557995], [-75.43605762599998, 4.38920954985579], [-75.43714040600003, 4.388400182855826], [-75.43665894399999, 4.385115323855975], [-75.43460295599999, 4.377645724856165], [-75.433880676, 4.3756913908562245], [-75.43305150399999, 4.373449071856351], [-75.432246706, 4.3709767348564], [-75.43019049399999, 4.370407401856434], [-75.42813494799998, 4.369895695856456], [-75.42750502799998, 4.368919275856458], [-75.42784294699999, 4.3670766398565215], [-75.428752261, 4.365577679856578], [-75.42972125699998, 4.365056702856595], [-75.43103033199998, 4.3636141088566704], [-75.4318288, 4.363438671856621], [-75.43274280700001, 4.363666470856633], [-75.43359899299998, 4.363663834856654], [-75.43416674600002, 4.36256834685666], [-75.43393149000002, 4.359692131856793], [-75.43438058999999, 4.356410141856901], [-75.43472223200001, 4.356063734856908], [-75.43529245500002, 4.356062165856907], [-75.43592156099999, 4.356578071856864], [-75.43683535600002, 4.356690599856851], [-75.43763381399998, 4.356515158856905], [-75.43894543900001, 4.356223544856863], [-75.44071008700001, 4.3542614318569335], [-75.442250344, 4.354026477856937], [-75.44322139100001, 4.354368868856931], [-75.44425015899998, 4.35488349385691], [-75.44516328600002, 4.354938379856952], [-75.44624799600001, 4.3549353268569515], [-75.44938204800002, 4.352911440856995], [-75.45080543099999, 4.35152569585705], [-75.45274364800002, 4.350656606857084], [-75.45291048899998, 4.348871919857147], [-75.453021191, 4.347490770857201], [-75.45222244399997, 4.347492756857169], [-75.451262488, 4.346731661857217], [-75.45028178899997, 4.34761429985714], [-75.449769038, 4.347961014857165], [-75.44936994599999, 4.347962287857176], [-75.44902653399998, 4.347618223857135], [-75.44891175999999, 4.3473308228571685], [-75.44868164899998, 4.346756021857215], [-75.448451493, 4.345835980857214], [-75.44782300100002, 4.345665323857211], [-75.44702425499997, 4.345667868857244], [-75.446511198, 4.345841679857199], [-75.44622641799998, 4.346187988857202], [-75.44605895299998, 4.347627439857163], [-75.44680282799999, 4.348430738857123], [-75.447661073, 4.3492909018571195], [-75.44743401199997, 4.349809445857092], [-75.44663587000002, 4.350157229857059], [-75.445494516, 4.350276215857082], [-75.44458129499998, 4.3501636948570805], [-75.44355303999998, 4.349936672857095], [-75.44064326, 4.350175738857095], [-75.43687957700001, 4.351396082857039], [-75.43442699799999, 4.352036632857041], [-75.43163080300002, 4.352217834856989], [-75.427347532, 4.350850016857093], [-75.42324205699998, 4.352358502857021], [-75.42193453200002, 4.354376861856928], [-75.42148292000002, 4.35656493685685], [-75.42165961400002, 4.358808423856816], [-75.42189120900002, 4.360246625856744], [-75.421722639, 4.361397915856705], [-75.41887735699999, 4.364801622856612], [-75.41448334199998, 4.364872548856585], [-75.41157111899997, 4.364075795856642], [-75.40831898599998, 4.364315915856633], [-75.40141676600001, 4.365487287856581], [-75.39856408700001, 4.365611411856603], [-75.39337742100003, 4.368331404856486], [-75.39087151500001, 4.370468189856419], [-75.38904913800002, 4.372026886856372], [-75.386599091, 4.373588345856336], [-75.38443338799999, 4.3748605738562985], [-75.382952472, 4.37595816285625], [-75.381299082, 4.376596089856247], [-75.37753124699998, 4.375859424856233], [-75.374333358, 4.374602490856303], [-75.37416367200001, 4.375466181856286], [-75.37456507299999, 4.376155436856256], [-75.37559646, 4.378224058856159], [-75.37582876200003, 4.380122817856128], [-75.37389338399998, 4.382142204856018], [-75.37150116200002, 4.383990582856], [-75.37053036700001, 4.383821006855983], [-75.36761976100001, 4.383369338856015], [-75.36510743000002, 4.382743517856008], [-75.36362218, 4.381941928856044], [-75.36208216699998, 4.382062037856056], [-75.36168428399998, 4.382810840856], [-75.36168685299998, 4.384019496855972], [-75.361691323, 4.3860333568558865], [-75.361979212, 4.387183332855873], [-75.36152494800001, 4.388220975855859], [-75.36021490899998, 4.389202978855817], [-75.35781854200002, 4.389267445855828], [-75.35564949899998, 4.388928072855814], [-75.35467935100002, 4.3888161128558405], [-75.35319806799998, 4.3897407558557715], [-75.35228714499999, 4.3907220848557555], [-75.35046528800001, 4.3926836118556905], [-75.34881275800001, 4.393551463855653], [-75.34698710499998, 4.393556750855674], [-75.34578810599999, 4.393272814855665], [-75.34510450200003, 4.3938503098556625], [-75.34493694700001, 4.395346869855639], [-75.344708954, 4.395692499855591], [-75.34436884600001, 4.396671749855568], [-75.34437167700003, 4.398052756855535], [-75.34431783999997, 4.399549129855497], [-75.34517551800002, 4.400409993855421], [-75.346032062, 4.40058035285545], [-75.34682929299998, 4.399945031855468], [-75.347682244, 4.398619112855501], [-75.34904983400003, 4.397694096855534], [-75.34973362699998, 4.397231870855522], [-75.35132958899999, 4.396537017855576], [-75.353496285, 4.395782445855597], [-75.35509280899998, 4.395432836855596], [-75.35777471, 4.3954249668556065], [-75.35994396400002, 4.3958790348556], [-75.36074365299999, 4.396394722855591], [-75.36179509099998, 4.397650213855548], [-75.362690165, 4.399324107855451], [-75.36286711999998, 4.401798197855397], [-75.36298503799998, 4.403639522855319], [-75.36373046099999, 4.405363953855278], [-75.36504452999998, 4.406108180855239], [-75.36612859399997, 4.405989950855244], [-75.36658343200003, 4.405298117855307], [-75.36709281399999, 4.403224630855353], [-75.36760086200002, 4.400691187855431], [-75.36822272, 4.398214625855539], [-75.369304279, 4.396945378855547], [-75.37089991900001, 4.396077582855612], [-75.37226814000002, 4.395555417855621], [-75.37449231300002, 4.3948583298556], [-75.37570526100001, 4.394400273855663], [-75.37648782600002, 4.394104551855641], [-75.37797012200002, 4.393467480855687], [-75.378936038, 4.391737901855716], [-75.37876181899998, 4.3902424998557725], [-75.38018417799998, 4.3884539468558525], [-75.38109707500001, 4.388336559855865], [-75.38183941900002, 4.388564143855815], [-75.383036774, 4.388215726855827], [-75.38383307599997, 4.387062226855886], [-75.38411405099998, 4.3851049678559475], [-75.384680339, 4.383089023856032], [-75.38615894499998, 4.380955123856102], [-75.38963289899999, 4.378010358856145], [-75.392423356, 4.375354931856254], [-75.39350408299998, 4.373970401856302], [-75.39447253899999, 4.373104214856349], [-75.39561146099999, 4.372180100856392], [-75.39874665500002, 4.370674513856387], [-75.40068580100001, 4.3702660408564125], [-75.40296631400003, 4.369338259856468], [-75.405080365, 4.370482794856411], [-75.406112178, 4.372436646856328], [-75.40600139999998, 4.373817815856297], [-75.40543342699999, 4.375143270856282], [-75.40412592400003, 4.377219258856218], [-75.39934133499997, 4.381031423856095], [-75.39683223100002, 4.381959597856025], [-75.39494941700002, 4.382080362856042], [-75.39369485999998, 4.382544161856015], [-75.39221405199999, 4.383699970855991], [-75.390626714, 4.388423696855843], [-75.38692735299998, 4.392578076855699], [-75.385045284, 4.393158777855665], [-75.38350489700002, 4.393393642855697], [-75.38287943300003, 4.394373947855651], [-75.382751622, 4.395026236855645], [-75.38259758100003, 4.395813619855609], [-75.38248532799997, 4.396677212855541], [-75.382886676, 4.397654069855523], [-75.383536795, 4.397933791855529], [-75.38448488300003, 4.39764964685551], [-75.38568176000001, 4.397013045855537], [-75.386308101, 4.396550891855566], [-75.38716211500002, 4.395569628855623], [-75.38813079699997, 4.3948187118556445], [-75.38938471799997, 4.394297278855649], [-75.39057925600002, 4.392624937855676], [-75.39217521799998, 4.391641835855751], [-75.39405572700002, 4.390485335855751], [-75.39513508900001, 4.388295037855866], [-75.39661619499998, 4.387312126855845], [-75.39781389900003, 4.386848418855874], [-75.39935369800003, 4.386613528855886], [-75.400439361, 4.387128676855896], [-75.40267232999997, 4.390287399855751], [-75.40438702900002, 4.391260268855732], [-75.40507440300001, 4.392581855855693], [-75.40526034700002, 4.393662470855698], [-75.40547984400001, 4.39494079485565], [-75.405485333, 4.397472766855554], [-75.40548923799997, 4.399084277855464], [-75.40577700099999, 4.400119510855468], [-75.40492837599999, 4.403229881855357], [-75.40510196299999, 4.4043229488553255], [-75.40510597000002, 4.405992093855263], [-75.40505947000003, 4.407099104855212], [-75.404889642, 4.411115197855102], [-75.40512125100003, 4.412553406855068], [-75.40535296399997, 4.414049250854995], [-75.40538110699998, 4.4143724088549945], [-75.40552871400001, 4.41606333985493], [-75.40530397100002, 4.417617614854867], [-75.40576258800002, 4.418479642854872], [-75.40582392900001, 4.4200910528548265], [-75.40502924399999, 4.422165600854752], [-75.40389479800001, 4.425047066854627], [-75.403728274, 4.427061755854578], [-75.40373229599999, 4.428731465854509], [-75.40447870700001, 4.43062872285445], [-75.405281484, 4.432238270854425], [-75.40642585, 4.433443771854347], [-75.40871045400002, 4.434127426854372], [-75.410482339, 4.435216548854328], [-75.410713912, 4.435326324854316]]]}, "properties": {"OBJECTID": 282, "UCG_P_": 283, "UCG_P_ID": 511, "COD": "NgQp", "SHAPE.AREA": 0.00182021011846257, "SHAPE.LEN": 0.535291300193123}}], "_consulta": {"url": "https://srvags.sgc.gov.co/arcgis/rest/services/Geologia/Geologia_Por_Departamentos/MapServer/188", "fecha": "2026-09-29"}}