{"type": "FeatureCollection", "features": [{"type": "Feature", "id": 436, "geometry": {"type": "Polygon", "coordinates": [[[-75.61943431100002, 4.504360077852052], [-75.622722437, 4.504366828852051], [-75.62274276400001, 4.504278061852088], [-75.62284531199998, 4.504100547852065], [-75.62295937200003, 4.503968819852083], [-75.62305065200002, 4.5038828968520574], [-75.62328465600001, 4.5037167428520695], [-75.62351868799999, 4.503567759852089], [-75.62365565599998, 4.50346463585208], [-75.62389548300001, 4.503361441852122], [-75.62413526, 4.503229625852097], [-75.62428942100001, 4.503155109852121], [-75.62474035299999, 4.502862878852128], [-75.62501980799999, 4.50254786885213], [-75.625207853, 4.50224436885211], [-75.62532741199999, 4.501992430852156], [-75.625418422, 4.501751959852119], [-75.62550937999998, 4.501482868852126], [-75.62558326599998, 4.501253857852142], [-75.625651516, 4.5010706428521585], [-75.62589649199998, 4.500646899852172], [-75.626021848, 4.500440748852192], [-75.62618703300001, 4.500137262852191], [-75.62634062699999, 4.4997422018522], [-75.62638577799999, 4.49942162485225], [-75.62639654100002, 4.499043831852219], [-75.626108789, 4.497893500852287], [-75.62603981199999, 4.497664586852253], [-75.62582066300001, 4.496531379852338], [-75.62574525500003, 4.495896065852334], [-75.625670179, 4.495449642852325], [-75.62555486100001, 4.494865871852358], [-75.62552024000001, 4.494677002852367], [-75.62546218699998, 4.494161879852366], [-75.62538715199997, 4.493738352852429], [-75.625351997, 4.493246112852419], [-75.62533986099999, 4.492845439852425], [-75.62533895199999, 4.492330278852441], [-75.625274779, 4.491586199852449], [-75.625193879, 4.491076816852512], [-75.62511863100002, 4.490533086852529], [-75.62477009700001, 4.4873221508526155], [-75.62471203299998, 4.4868013048526025], [-75.624853314, 4.485908260852678], [-75.62493844300002, 4.4855762098526455], [-75.62509755500002, 4.485072385852703], [-75.62522253200001, 4.484654446852732], [-75.62534211899998, 4.484419679852683], [-75.62556430000001, 4.48403601885269], [-75.62573536500003, 4.483829835852708], [-75.62587224700002, 4.483680916852748], [-75.62647127000002, 4.483125274852769], [-75.62677376599999, 4.48291900085279], [-75.627361592, 4.482495017852777], [-75.62762973100001, 4.4822486988528025], [-75.62780645999999, 4.482013891852786], [-75.62800600399999, 4.481756171852811], [-75.628131354, 4.48155002085278], [-75.62821672400003, 4.481355344852805], [-75.62828499099999, 4.481183576852835], [-75.62831306499999, 4.480903079852839], [-75.628301201, 4.480656953852814], [-75.62824372199998, 4.480468100852824], [-75.62811752900001, 4.480199160852814], [-75.627888235, 4.4797929128528375], [-75.62783073600002, 4.479592611852843], [-75.627784442, 4.479266373852895], [-75.62769152999999, 4.478430729852914], [-75.62762224800002, 4.478030095852913], [-75.627604528, 4.477703838852943], [-75.62754682399998, 4.477389057852968], [-75.62748912400002, 4.477074275852943], [-75.62740840200001, 4.476667924852981], [-75.62733359700002, 4.476376052852999], [-75.62718382700001, 4.475700721852989], [-75.62709760500002, 4.475414579853006], [-75.62703431, 4.475168490852989], [-75.62695328500001, 4.474590418853012], [-75.62694140000002, 4.474332846853069], [-75.626923718, 4.474029485853054], [-75.62694610800003, 4.473766165853069], [-75.62698006900001, 4.473582972853083], [-75.62701968099998, 4.473365432853093], [-75.62709922300002, 4.473107795853096], [-75.62721315300001, 4.4729073758531115], [-75.62730428700002, 4.472741314853095], [-75.62746395099998, 4.47255231085311], [-75.62764071700002, 4.472340399853106], [-75.62774335, 4.472214399853093], [-75.62788021699998, 4.472059754853082], [-75.62807987100001, 4.4718649998530955], [-75.628228218, 4.4717389668531435], [-75.62841076900003, 4.4715671198531], [-75.62859334000001, 4.471406719853141], [-75.62872454400002, 4.471280698853115], [-75.628849963, 4.47111461485312], [-75.62890695200002, 4.471028714853128], [-75.62893535, 4.470931385853165], [-75.62895791199998, 4.4707653728531564], [-75.62894046399998, 4.470593664853183], [-75.628831536, 4.470393399853144], [-75.62868274200002, 4.470267574853151], [-75.6285226, 4.470187550853156], [-75.62824805000002, 4.470038915853198], [-75.62803649199998, 4.46996465085318], [-75.627516576, 4.470010805853184], [-75.627333883, 4.47010251685316], [-75.627117199, 4.470360250853153], [-75.62699765899998, 4.470617914853149], [-75.626895483, 4.471001493853153], [-75.626838921, 4.471327804853118], [-75.62677073499998, 4.471545363853134], [-75.62661142799999, 4.471934707853103], [-75.626514579, 4.472100772853132], [-75.62633764100002, 4.472215375853115], [-75.62606920299999, 4.47228997385308], [-75.62594922300002, 4.472301506853101], [-75.62581203100001, 4.472272980853113], [-75.62564608399998, 4.472141444853086], [-75.62549713700002, 4.471929756853113], [-75.62539962900001, 4.471723759853095], [-75.62525651800001, 4.471580759853121], [-75.62507913399998, 4.47144350585314], [-75.62493618600001, 4.471392087853149], [-75.62474188099998, 4.471380774853135], [-75.62447331099997, 4.471380960853154], [-75.62421046600002, 4.471386866853111], [-75.62405608900002, 4.471335455853149], [-75.62393591799997, 4.471238231853158], [-75.62384988999997, 4.471060846853136], [-75.62378071, 4.470717452853176], [-75.62363144, 4.470322599853143], [-75.62359678000001, 4.47011083485319], [-75.62349915099998, 4.469836148853189], [-75.62336150099998, 4.469550041853171], [-75.62314374099998, 4.469201028853177], [-75.62289741199999, 4.468852033853227], [-75.622685558, 4.4686117708532125], [-75.62251946200001, 4.468394372853255], [-75.62227347499999, 4.468239994853212], [-75.62215338499999, 4.468188560853212], [-75.62197629600001, 4.468217303853247], [-75.621890684, 4.468274601853248], [-75.621736784, 4.468492220853246], [-75.62165151800002, 4.4687441368532035], [-75.62158919799998, 4.469047551853214], [-75.62161281499999, 4.469476835853208], [-75.62164763800001, 4.469780185853161], [-75.62166534800002, 4.470100718853188], [-75.62171729200003, 4.4703926078531655], [-75.62180909599999, 4.470604332853141], [-75.62195791800002, 4.470747329853141], [-75.62222104599999, 4.470901697853125], [-75.622301188, 4.470981778853148], [-75.62242161299997, 4.47122210485312], [-75.62245646600002, 4.471542625853096], [-75.62238847200001, 4.4718689398530955], [-75.62232036799998, 4.472132291853134], [-75.62219564700001, 4.472693331853098], [-75.62217891799997, 4.472928027853098], [-75.62216788500001, 4.47315127185307], [-75.62219693200001, 4.473420280853082], [-75.62232322400001, 4.473746462853051], [-75.62253524900001, 4.474084034853016], [-75.62296470000001, 4.474581726853016], [-75.62315932000001, 4.474770486853027], [-75.62329673599999, 4.474924939853013], [-75.623502987, 4.475228171853022], [-75.62356045299998, 4.475411299853023], [-75.623577839, 4.475548663852973], [-75.62359550999997, 4.475846301852964], [-75.62350450600002, 4.476086772852996], [-75.62318543700002, 4.476613601852949], [-75.62301437399998, 4.476819783852939], [-75.62282045199998, 4.4770259808529485], [-75.62259226600003, 4.477243649852938], [-75.62245539600002, 4.477398293852948], [-75.62227864699997, 4.477621650852923], [-75.62216460399998, 4.477759104852945], [-75.62203917199997, 4.4779194638529445], [-75.62199935500001, 4.478022522852906], [-75.62190274800002, 4.478325961852892], [-75.62189735800001, 4.478509134852923], [-75.62193195700002, 4.478686554852923], [-75.62198357599999, 4.4787952768529085], [-75.62212092300001, 4.478909661852867], [-75.62222383099999, 4.478938210852903], [-75.622481015, 4.478960931852898], [-75.62275536200002, 4.478995087852861], [-75.62303550500002, 4.4790750308528615], [-75.623224198, 4.479143589852856], [-75.62345320600002, 4.479389565852883], [-75.62354498899998, 4.479589842852855], [-75.62359691299997, 4.479870284852856], [-75.62362608299998, 4.480207980852824], [-75.62361502700003, 4.480419777852835], [-75.62354700200001, 4.480728920852806], [-75.623450477, 4.481078151852826], [-75.62343932200002, 4.4812327078528025], [-75.62345675799997, 4.481398692852827], [-75.62349704100001, 4.4815589378527845], [-75.62360038399999, 4.481833618852779], [-75.62367499499999, 4.482016737852815], [-75.62372695900001, 4.4823200738527476], [-75.62375034399997, 4.4826177068527455], [-75.623682175, 4.482846713852766], [-75.62361961099998, 4.483012753852767], [-75.62344861499997, 4.483259003852732], [-75.62335167399999, 4.4833735508527415], [-75.62324327300001, 4.483470932852717], [-75.62308915900002, 4.483568346852755], [-75.622929258, 4.4836256958527265], [-75.62274652000002, 4.483694508852705], [-75.62255240500002, 4.483791950852732], [-75.622461106, 4.4838664248527005], [-75.62230733400003, 4.484158454852713], [-75.622250544, 4.484358832852698], [-75.62226255799999, 4.484690818852679], [-75.62226305299998, 4.484971294852667], [-75.62230359, 4.4852746398526815], [-75.62230404299999, 4.485532220852699], [-75.62228156999998, 4.485749747852656], [-75.62216770700002, 4.485990233852642], [-75.62204801799999, 4.48616775985265], [-75.62183696, 4.48637969285265], [-75.62157453399999, 4.486626003852651], [-75.621420468, 4.486752036852611], [-75.621089337, 4.486923983852614], [-75.62082677799998, 4.487095881852631], [-75.62061551900001, 4.487193332852614], [-75.62029003200001, 4.487325205852589], [-75.62009017999998, 4.487411201852585], [-75.61990180700002, 4.487525809852631], [-75.61975928099997, 4.487714797852617], [-75.61969672499998, 4.4878865618526245], [-75.61964571800002, 4.488127004852612], [-75.61964613200001, 4.488361687852576], [-75.6196807, 4.488521936852548], [-75.619858389, 4.48883091285258], [-75.61992133899997, 4.488882386852552], [-75.62013871599999, 4.489013890852572], [-75.62042452399999, 4.489065213852548], [-75.62069311099998, 4.48907075485256], [-75.62096740099997, 4.489070568852533], [-75.62125321000002, 4.489121891852573], [-75.62140758999999, 4.489173301852541], [-75.621567804, 4.48929339785252], [-75.621711016, 4.489493639852517], [-75.62183123, 4.4896137628525645], [-75.62202571, 4.489722385852523], [-75.62234012300001, 4.4897908608525485], [-75.622488718, 4.489802207852546], [-75.62278588599997, 4.48981345285254], [-75.62298586899999, 4.4898018698525455], [-75.62319169800003, 4.489864692852541], [-75.62326609600001, 4.489927606852552], [-75.62330639999999, 4.4900992988525275], [-75.623243774, 4.490230993852515], [-75.62296983599998, 4.490431520852517], [-75.62283314400003, 4.490689194852519], [-75.62268478200002, 4.490809500852505], [-75.622387764, 4.4908841158525155], [-75.622090647, 4.490901488852507], [-75.62175348800002, 4.490895993852526], [-75.62141642799997, 4.490947739852523], [-75.62121078000001, 4.490987947852494], [-75.620942345, 4.491068264852516], [-75.62066818599999, 4.491142862852481], [-75.620051343, 4.491320724852469], [-75.619702986, 4.491446888852456], [-75.61926888400001, 4.491555938852499], [-75.61893764899997, 4.491670640852456], [-75.61857207000003, 4.491751024852455], [-75.61814947599999, 4.4919058578524576], [-75.61789249899999, 4.49200333885247], [-75.61744712699999, 4.4922039778524745], [-75.61724156999998, 4.492295700852438], [-75.617030338, 4.492410322852448], [-75.61678493, 4.492587930852445], [-75.61664803500003, 4.492731122852435], [-75.616585509, 4.492920056852426], [-75.61655714699998, 4.493040279852427], [-75.616551614, 4.493143316852402], [-75.616568987, 4.4932749568524], [-75.61665501499999, 4.493452341852427], [-75.61683820600001, 4.49364111185239], [-75.617118393, 4.493743954852418], [-75.61755846300002, 4.493778003852378], [-75.61795831, 4.4936861508524295], [-75.61851803000002, 4.493519777852418], [-75.618963554, 4.493404997852436], [-75.61928340999998, 4.493318921852432], [-75.61962611400003, 4.493227105852428], [-75.61990597800002, 4.49314678085243], [-75.62023158900001, 4.493083596852433], [-75.62048865600002, 4.493037630852423], [-75.62078001100002, 4.492991641852418], [-75.620894298, 4.492991564852437], [-75.62108301500001, 4.493071571852441], [-75.621243381, 4.493277527852443], [-75.62128382600002, 4.493529357852397], [-75.621238361, 4.493672487852426], [-75.621107322, 4.493895813852384], [-75.62090762000003, 4.494067668852399], [-75.620770736, 4.4942165848523965], [-75.62063393199998, 4.494411294852402], [-75.62056569100002, 4.494600231852358], [-75.62057155600002, 4.494686088852403], [-75.62075476899997, 4.494886304852394], [-75.62102916200001, 4.4949433588523595], [-75.621246311, 4.494943211852372], [-75.621651864, 4.494845629852356], [-75.62182319599998, 4.494788273852345], [-75.62208597900002, 4.494742302852382], [-75.62224024800003, 4.494730750852392], [-75.62238316000003, 4.494759273852363], [-75.62254333499999, 4.494856472852392], [-75.622697947, 4.495039536852387], [-75.622858576, 4.495394317852374], [-75.62292193799999, 4.495680474852311], [-75.62294537000002, 4.4960067268523405], [-75.62294028100001, 4.496361619852336], [-75.62283240099998, 4.496756649852315], [-75.622786786, 4.496813919852329], [-75.62264998199998, 4.497008628852287], [-75.62251320899998, 4.4972205108523156], [-75.62246211000001, 4.497409436852275], [-75.62245083200003, 4.497495305852306], [-75.62245104300001, 4.497615509852278], [-75.62246287599999, 4.497844462852246], [-75.622486176, 4.498096302852276], [-75.62247495899999, 4.498216514852284], [-75.622463761, 4.498348174852246], [-75.62240686899997, 4.49849131285224], [-75.62234984499997, 4.498560039852221], [-75.62220144000003, 4.49865744885225], [-75.62195585900002, 4.498737750852263], [-75.621778721, 4.4987435948522485], [-75.621527254, 4.498726591852268], [-75.621224369, 4.498715348852249], [-75.62103576999999, 4.498704028852255], [-75.62074440399999, 4.498744292852259], [-75.62046450700001, 4.498807445852242], [-75.62016756700001, 4.49892784985221], [-75.619916322, 4.4990367758522565], [-75.61972215899999, 4.49911131785225], [-75.61951660099999, 4.499203039852223], [-75.61932253999998, 4.499334821852203], [-75.619162776, 4.499472306852235], [-75.619122936, 4.499563917852194], [-75.619129031, 4.499781425852237], [-75.61922091500003, 4.5000389438521795], [-75.61930686300002, 4.5001705388522035], [-75.61947284299998, 4.500319250852197], [-75.61974169299998, 4.500473617852189], [-75.62002753799999, 4.500542113852169], [-75.62081049, 4.5005816548521995], [-75.621153317, 4.500558527852177], [-75.621467553, 4.500523971852179], [-75.62192455000002, 4.500432078852191], [-75.62213588399999, 4.5003746968521705], [-75.62259281000001, 4.50024273585221], [-75.62281551400002, 4.500151000852202], [-75.623141148, 4.500099263852223], [-75.62323829399998, 4.500099197852187], [-75.62338691000002, 4.500121992852192], [-75.62351281100001, 4.500224940852192], [-75.623616094, 4.5004652798521985], [-75.62370796699997, 4.500717072852149], [-75.623731179, 4.500917397852183], [-75.623691399, 4.5010433528521725], [-75.623611799, 4.501272368852151], [-75.62346342400002, 4.501386948852146], [-75.62318363499998, 4.5015130668521754], [-75.62284653199998, 4.5015419148521705], [-75.62258932999998, 4.501513467852141], [-75.62232640299999, 4.501479301852156], [-75.62212065199998, 4.501462268852154], [-75.62188064399999, 4.50146242985216], [-75.62165782, 4.501485477852158], [-75.62138943999997, 4.501600137852163], [-75.62112682600002, 4.501743414852162], [-75.62095560199998, 4.50186373485211], [-75.62065908199997, 4.502224546852152], [-75.62051659100001, 4.502436429852105], [-75.62040842699997, 4.502671187852138], [-75.62032863600001, 4.502791444852122], [-75.62025456800001, 4.5029174228520885], [-75.620180441, 4.503009057852078], [-75.62002638000001, 4.503140812852114], [-75.619935059, 4.503203837852082], [-75.61982092, 4.503289774852081], [-75.619706861, 4.503421502852118], [-75.61962136400001, 4.503547488852113], [-75.61958159300002, 4.5036791678521], [-75.61954753600003, 4.503810842852069], [-75.61951917599998, 4.503931065852081], [-75.61949079300001, 4.5040398408520765], [-75.61943958400002, 4.5041658028520475], [-75.61941120099999, 4.504274578852085], [-75.61942176999997, 4.504340909852054], [-75.61943431100002, 4.504360077852052]]]}, "properties": {"OBJECTID": 436, "DXF_TEXT": "Stv1", "COD": "Stv1", "SHAPE.AREA": 0.000149084332054485, "SHAPE.LEN": 0.117400273805771}}, {"type": "Feature", "id": 456, "geometry": {"type": "Polygon", "coordinates": [[[-75.59090343600002, 4.499934745852211], [-75.59091716900002, 4.4999372018522115], [-75.59152290499998, 4.499942541852188], [-75.59188290100002, 4.4999365908521956], [-75.59220857100001, 4.499907764852192], [-75.59252841099999, 4.499810253852217], [-75.59292815200001, 4.499655454852196], [-75.59315078700001, 4.499523662852206], [-75.59338489999999, 4.49942048185222], [-75.59381879900002, 4.4991912488522035], [-75.59410996899999, 4.499036516852213], [-75.59441823999998, 4.4988588778522605], [-75.594703713, 4.4987155978522315], [-75.59500625099997, 4.498526512852248], [-75.595200353, 4.498417634852259], [-75.59548004099997, 4.498234290852272], [-75.59575973199998, 4.498050944852252], [-75.59607944200002, 4.497879020852291], [-75.59629640999998, 4.49777585185229], [-75.59648496599999, 4.497764282852254], [-75.59674784700002, 4.4977755618522925], [-75.59702796099998, 4.4978383458522515], [-75.597319444, 4.497866777852271], [-75.59766802000001, 4.497866554852245], [-75.59791371, 4.497849222852271], [-75.59813647200002, 4.497791840852252], [-75.59844486100002, 4.497682887852261], [-75.59875895599998, 4.497568206852251], [-75.59899305699997, 4.497459300852275], [-75.59922718899998, 4.497367564852275], [-75.59954117400002, 4.4971899208522625], [-75.59971815099999, 4.497092498852318], [-75.599940726, 4.496926359852279], [-75.60012335900001, 4.49679459085233], [-75.60031171600002, 4.496668541852319], [-75.60044869299998, 4.496571146852312], [-75.60087637100003, 4.496049989852345], [-75.60110450000002, 4.495792263852328], [-75.60119579100001, 4.495712068852314], [-75.60146419900002, 4.495614586852318], [-75.60158985599998, 4.495580161852354], [-75.6017784, 4.495562866852333], [-75.60198417800001, 4.495597076852354], [-75.602230055, 4.495688500852359], [-75.60240166400001, 4.495791419852336], [-75.60251620999998, 4.495940169852316], [-75.602630874, 4.496157604852338], [-75.60283133399997, 4.4964207768523385], [-75.60301442299999, 4.496552308852292], [-75.60318016999997, 4.496569372852313], [-75.6033344, 4.496534928852321], [-75.60357427500003, 4.496460360852318], [-75.60373990300002, 4.496408735852297], [-75.60416815399998, 4.496219565852298], [-75.60438522200002, 4.496173632852333], [-75.60464244899998, 4.496219257852323], [-75.60496286199998, 4.4964537298523055], [-75.60518608199999, 4.496659647852304], [-75.60540344600003, 4.496785431852328], [-75.605649185, 4.496796719852327], [-75.606111914, 4.496716281852327], [-75.60637453700002, 4.496578733852336], [-75.606637062, 4.4963839458523], [-75.606842471, 4.496206368852316], [-75.60696222600001, 4.496063190852345], [-75.60712186, 4.4958512988523145], [-75.60727573999998, 4.495616514852336], [-75.60744098999999, 4.495347379852354], [-75.607600564, 4.495101142852358], [-75.607708849, 4.4949350768523475], [-75.608051074, 4.4945685168523815], [-75.608547778, 4.494310610852391], [-75.60878183900002, 4.49417880485238], [-75.608953112, 4.49408710785237], [-75.60948966400002, 4.493743314852422], [-75.60965518400002, 4.49362872485242], [-75.60979779299998, 4.493485532852423], [-75.61008862800003, 4.493141900852426], [-75.61038523600001, 4.492832608852437], [-75.61053359099998, 4.492706582852404], [-75.61072761999998, 4.492557630852453], [-75.610921749, 4.492465917852439], [-75.611150114, 4.492345563852452], [-75.611355581, 4.492202326852428], [-75.61150393600002, 4.49207630085246], [-75.61189228299997, 4.491944391852452], [-75.61209804100002, 4.491967149852453], [-75.612246755, 4.492047186852481], [-75.61237838599999, 4.492161578852485], [-75.61247002599998, 4.492281720852433], [-75.61255037799998, 4.4924820078524705], [-75.61267665399998, 4.492802466852422], [-75.61282059400003, 4.493420561852395], [-75.61284413099997, 4.493809776852428], [-75.61283322399998, 4.4941074308523685], [-75.61279944699999, 4.494399378852397], [-75.612748668, 4.494771470852349], [-75.6126749, 4.495069167852349], [-75.612629685, 4.495355397852365], [-75.61259001399998, 4.495544313852371], [-75.612527795, 4.495910690852344], [-75.61247175099999, 4.496540365852291], [-75.61239858099998, 4.4971815008522915], [-75.61233065800002, 4.497553604852287], [-75.61226861900002, 4.498023013852281], [-75.61225208399998, 4.498372186852228], [-75.61225236299998, 4.498532458852235], [-75.61228724900002, 4.498875874852246], [-75.61233925800002, 4.4992078318522495], [-75.61233416200002, 4.499562722852214], [-75.61222037300001, 4.49984899685222], [-75.61203198599998, 4.499957877852174], [-75.61187207299997, 4.500009498852189], [-75.611734995, 4.500049657852226], [-75.61148935400001, 4.50009561185219], [-75.611306522, 4.5001129048521795], [-75.61115799599997, 4.500141622852186], [-75.610963755, 4.500170370852215], [-75.610695297, 4.500239236852209], [-75.61046686899999, 4.500325246852167], [-75.61010753599999, 4.500714712852156], [-75.610090791, 4.500943683852158], [-75.610096725, 4.501069607852185], [-75.610114296, 4.501315727852161], [-75.610109099, 4.50161337785215], [-75.61005809800002, 4.5018595418521175], [-75.60996698600002, 4.502042769852136], [-75.60979027600001, 4.502294740852136], [-75.60957351500002, 4.502518118852124], [-75.60943087300001, 4.502644139852085], [-75.60908280799998, 4.502942015852126], [-75.60898586100001, 4.503056558852122], [-75.608917507, 4.503182531852082], [-75.60885486699999, 4.503308498852104], [-75.60883212700003, 4.50337720185212], [-75.608798159, 4.503560391852084], [-75.60876986599999, 4.503720681852073], [-75.608764479, 4.503909575852082], [-75.60873050100003, 4.504087040852059], [-75.60869083799997, 4.50428168185206], [-75.608679155, 4.504337888852061], [-75.61943431100002, 4.504360077852052], [-75.61942176999997, 4.504340909852054], [-75.61941120099999, 4.504274578852085], [-75.61943958400002, 4.5041658028520475], [-75.61949079300001, 4.5040398408520765], [-75.61951917599998, 4.503931065852081], [-75.61954753600003, 4.503810842852069], [-75.61958159300002, 4.5036791678521], [-75.61962136400001, 4.503547488852113], [-75.619706861, 4.503421502852118], [-75.61982092, 4.503289774852081], [-75.619935059, 4.503203837852082], [-75.62002638000001, 4.503140812852114], [-75.620180441, 4.503009057852078], [-75.62025456800001, 4.5029174228520885], [-75.62032863600001, 4.502791444852122], [-75.62040842699997, 4.502671187852138], [-75.62051659100001, 4.502436429852105], [-75.62065908199997, 4.502224546852152], [-75.62095560199998, 4.50186373485211], [-75.62112682600002, 4.501743414852162], [-75.62138943999997, 4.501600137852163], [-75.62165782, 4.501485477852158], [-75.62188064399999, 4.50146242985216], [-75.62212065199998, 4.501462268852154], [-75.62232640299999, 4.501479301852156], [-75.62258932999998, 4.501513467852141], [-75.62284653199998, 4.5015419148521705], [-75.62318363499998, 4.5015130668521754], [-75.62346342400002, 4.501386948852146], [-75.623611799, 4.501272368852151], [-75.623691399, 4.5010433528521725], [-75.623731179, 4.500917397852183], [-75.62370796699997, 4.500717072852149], [-75.623616094, 4.5004652798521985], [-75.62351281100001, 4.500224940852192], [-75.62338691000002, 4.500121992852192], [-75.62323829399998, 4.500099197852187], [-75.623141148, 4.500099263852223], [-75.62281551400002, 4.500151000852202], [-75.62259281000001, 4.50024273585221], [-75.62213588399999, 4.5003746968521705], [-75.62192455000002, 4.500432078852191], [-75.621467553, 4.500523971852179], [-75.621153317, 4.500558527852177], [-75.62081049, 4.5005816548521995], [-75.62002753799999, 4.500542113852169], [-75.61974169299998, 4.500473617852189], [-75.61947284299998, 4.500319250852197], [-75.61930686300002, 4.5001705388522035], [-75.61922091500003, 4.5000389438521795], [-75.619129031, 4.499781425852237], [-75.619122936, 4.499563917852194], [-75.619162776, 4.499472306852235], [-75.61932253999998, 4.499334821852203], [-75.61951660099999, 4.499203039852223], [-75.61972215899999, 4.49911131785225], [-75.619916322, 4.4990367758522565], [-75.62016756700001, 4.49892784985221], [-75.62046450700001, 4.498807445852242], [-75.62074440399999, 4.498744292852259], [-75.62103576999999, 4.498704028852255], [-75.621224369, 4.498715348852249], [-75.621527254, 4.498726591852268], [-75.621778721, 4.4987435948522485], [-75.62195585900002, 4.498737750852263], [-75.62220144000003, 4.49865744885225], [-75.62234984499997, 4.498560039852221], [-75.62240686899997, 4.49849131285224], [-75.622463761, 4.498348174852246], [-75.62247495899999, 4.498216514852284], [-75.622486176, 4.498096302852276], [-75.62246287599999, 4.497844462852246], [-75.62245104300001, 4.497615509852278], [-75.62245083200003, 4.497495305852306], [-75.62246211000001, 4.497409436852275], [-75.62251320899998, 4.4972205108523156], [-75.62264998199998, 4.497008628852287], [-75.622786786, 4.496813919852329], [-75.62283240099998, 4.496756649852315], [-75.62294028100001, 4.496361619852336], [-75.62294537000002, 4.4960067268523405], [-75.62292193799999, 4.495680474852311], [-75.622858576, 4.495394317852374], [-75.622697947, 4.495039536852387], [-75.62254333499999, 4.494856472852392], [-75.62238316000003, 4.494759273852363], [-75.62224024800003, 4.494730750852392], [-75.62208597900002, 4.494742302852382], [-75.62182319599998, 4.494788273852345], [-75.621651864, 4.494845629852356], [-75.621246311, 4.494943211852372], [-75.62102916200001, 4.4949433588523595], [-75.62075476899997, 4.494886304852394], [-75.62057155600002, 4.494686088852403], [-75.62056569100002, 4.494600231852358], [-75.62063393199998, 4.494411294852402], [-75.620770736, 4.4942165848523965], [-75.62090762000003, 4.494067668852399], [-75.621107322, 4.493895813852384], [-75.621238361, 4.493672487852426], [-75.62128382600002, 4.493529357852397], [-75.621243381, 4.493277527852443], [-75.62108301500001, 4.493071571852441], [-75.620894298, 4.492991564852437], [-75.62078001100002, 4.492991641852418], [-75.62048865600002, 4.493037630852423], [-75.62023158900001, 4.493083596852433], [-75.61990597800002, 4.49314678085243], [-75.61962611400003, 4.493227105852428], [-75.61928340999998, 4.493318921852432], [-75.618963554, 4.493404997852436], [-75.61851803000002, 4.493519777852418], [-75.61795831, 4.4936861508524295], [-75.61755846300002, 4.493778003852378], [-75.617118393, 4.493743954852418], [-75.61683820600001, 4.49364111185239], [-75.61665501499999, 4.493452341852427], [-75.616568987, 4.4932749568524], [-75.616551614, 4.493143316852402], [-75.61655714699998, 4.493040279852427], [-75.616585509, 4.492920056852426], [-75.61664803500003, 4.492731122852435], [-75.61678493, 4.492587930852445], [-75.617030338, 4.492410322852448], [-75.61724156999998, 4.492295700852438], [-75.61744712699999, 4.4922039778524745], [-75.61789249899999, 4.49200333885247], [-75.61814947599999, 4.4919058578524576], [-75.61857207000003, 4.491751024852455], [-75.61893764899997, 4.491670640852456], [-75.61926888400001, 4.491555938852499], [-75.619702986, 4.491446888852456], [-75.620051343, 4.491320724852469], [-75.62066818599999, 4.491142862852481], [-75.620942345, 4.491068264852516], [-75.62121078000001, 4.490987947852494], [-75.62141642799997, 4.490947739852523], [-75.62175348800002, 4.490895993852526], [-75.622090647, 4.490901488852507], [-75.622387764, 4.4908841158525155], [-75.62268478200002, 4.490809500852505], [-75.62283314400003, 4.490689194852519], [-75.62296983599998, 4.490431520852517], [-75.623243774, 4.490230993852515], [-75.62330639999999, 4.4900992988525275], [-75.62326609600001, 4.489927606852552], [-75.62319169800003, 4.489864692852541], [-75.62298586899999, 4.4898018698525455], [-75.62278588599997, 4.48981345285254], [-75.622488718, 4.489802207852546], [-75.62234012300001, 4.4897908608525485], [-75.62202571, 4.489722385852523], [-75.62183123, 4.4896137628525645], [-75.621711016, 4.489493639852517], [-75.621567804, 4.48929339785252], [-75.62140758999999, 4.489173301852541], [-75.62125321000002, 4.489121891852573], [-75.62096740099997, 4.489070568852533], [-75.62069311099998, 4.48907075485256], [-75.62042452399999, 4.489065213852548], [-75.62013871599999, 4.489013890852572], [-75.61992133899997, 4.488882386852552], [-75.619858389, 4.48883091285258], [-75.6196807, 4.488521936852548], [-75.61964613200001, 4.488361687852576], [-75.61964571800002, 4.488127004852612], [-75.61969672499998, 4.4878865618526245], [-75.61975928099997, 4.487714797852617], [-75.61990180700002, 4.487525809852631], [-75.62009017999998, 4.487411201852585], [-75.62029003200001, 4.487325205852589], [-75.62061551900001, 4.487193332852614], [-75.62082677799998, 4.487095881852631], [-75.621089337, 4.486923983852614], [-75.621420468, 4.486752036852611], [-75.62157453399999, 4.486626003852651], [-75.62183696, 4.48637969285265], [-75.62204801799999, 4.48616775985265], [-75.62216770700002, 4.485990233852642], [-75.62228156999998, 4.485749747852656], [-75.62230404299999, 4.485532220852699], [-75.62230359, 4.4852746398526815], [-75.62226305299998, 4.484971294852667], [-75.62226255799999, 4.484690818852679], [-75.622250544, 4.484358832852698], [-75.62230733400003, 4.484158454852713], [-75.622461106, 4.4838664248527005], [-75.62255240500002, 4.483791950852732], [-75.62274652000002, 4.483694508852705], [-75.622929258, 4.4836256958527265], [-75.62308915900002, 4.483568346852755], [-75.62324327300001, 4.483470932852717], [-75.62335167399999, 4.4833735508527415], [-75.62344861499997, 4.483259003852732], [-75.62361961099998, 4.483012753852767], [-75.623682175, 4.482846713852766], [-75.62375034399997, 4.4826177068527455], [-75.62372695900001, 4.4823200738527476], [-75.62367499499999, 4.482016737852815], [-75.62360038399999, 4.481833618852779], [-75.62349704100001, 4.4815589378527845], [-75.62345675799997, 4.481398692852827], [-75.62343932200002, 4.4812327078528025], [-75.623450477, 4.481078151852826], [-75.62354700200001, 4.480728920852806], [-75.62361502700003, 4.480419777852835], [-75.62362608299998, 4.480207980852824], [-75.62359691299997, 4.479870284852856], [-75.62354498899998, 4.479589842852855], [-75.62345320600002, 4.479389565852883], [-75.623224198, 4.479143589852856], [-75.62303550500002, 4.4790750308528615], [-75.62275536200002, 4.478995087852861], [-75.622481015, 4.478960931852898], [-75.62222383099999, 4.478938210852903], [-75.62212092300001, 4.478909661852867], [-75.62198357599999, 4.4787952768529085], [-75.62193195700002, 4.478686554852923], [-75.62189735800001, 4.478509134852923], [-75.62190274800002, 4.478325961852892], [-75.62199935500001, 4.478022522852906], [-75.62203917199997, 4.4779194638529445], [-75.62216460399998, 4.477759104852945], [-75.62227864699997, 4.477621650852923], [-75.62245539600002, 4.477398293852948], [-75.62259226600003, 4.477243649852938], [-75.62282045199998, 4.4770259808529485], [-75.62301437399998, 4.476819783852939], [-75.62318543700002, 4.476613601852949], [-75.62350450600002, 4.476086772852996], [-75.62359550999997, 4.475846301852964], [-75.623577839, 4.475548663852973], [-75.62356045299998, 4.475411299853023], [-75.623502987, 4.475228171853022], [-75.62329673599999, 4.474924939853013], [-75.62315932000001, 4.474770486853027], [-75.62296470000001, 4.474581726853016], [-75.62253524900001, 4.474084034853016], [-75.62232322400001, 4.473746462853051], [-75.62219693200001, 4.473420280853082], [-75.62216788500001, 4.47315127185307], [-75.62217891799997, 4.472928027853098], [-75.62219564700001, 4.472693331853098], [-75.62232036799998, 4.472132291853134], [-75.62238847200001, 4.4718689398530955], [-75.62245646600002, 4.471542625853096], [-75.62242161299997, 4.47122210485312], [-75.622301188, 4.470981778853148], [-75.62222104599999, 4.470901697853125], [-75.62195791800002, 4.470747329853141], [-75.62180909599999, 4.470604332853141], [-75.62171729200003, 4.4703926078531655], [-75.62166534800002, 4.470100718853188], [-75.62164763800001, 4.469780185853161], [-75.62161281499999, 4.469476835853208], [-75.62158919799998, 4.469047551853214], [-75.62165151800002, 4.4687441368532035], [-75.621736784, 4.468492220853246], [-75.621890684, 4.468274601853248], [-75.62197629600001, 4.468217303853247], [-75.62215338499999, 4.468188560853212], [-75.62227347499999, 4.468239994853212], [-75.62251946200001, 4.468394372853255], [-75.622685558, 4.4686117708532125], [-75.62289741199999, 4.468852033853227], [-75.62314374099998, 4.469201028853177], [-75.62336150099998, 4.469550041853171], [-75.62349915099998, 4.469836148853189], [-75.62359678000001, 4.47011083485319], [-75.62363144, 4.470322599853143], [-75.62378071, 4.470717452853176], [-75.62384988999997, 4.471060846853136], [-75.62393591799997, 4.471238231853158], [-75.62405608900002, 4.471335455853149], [-75.62421046600002, 4.471386866853111], [-75.62447331099997, 4.471380960853154], [-75.62474188099998, 4.471380774853135], [-75.62493618600001, 4.471392087853149], [-75.62507913399998, 4.47144350585314], [-75.62525651800001, 4.471580759853121], [-75.62539962900001, 4.471723759853095], [-75.62549713700002, 4.471929756853113], [-75.62564608399998, 4.472141444853086], [-75.62581203100001, 4.472272980853113], [-75.62594922300002, 4.472301506853101], [-75.62606920299999, 4.47228997385308], [-75.62633764100002, 4.472215375853115], [-75.626514579, 4.472100772853132], [-75.62661142799999, 4.471934707853103], [-75.62677073499998, 4.471545363853134], [-75.626838921, 4.471327804853118], [-75.626895483, 4.471001493853153], [-75.62699765899998, 4.470617914853149], [-75.627117199, 4.470360250853153], [-75.627333883, 4.47010251685316], [-75.627516576, 4.470010805853184], [-75.62803649199998, 4.46996465085318], [-75.62824805000002, 4.470038915853198], [-75.6285226, 4.470187550853156], [-75.62868274200002, 4.470267574853151], [-75.628831536, 4.470393399853144], [-75.62894046399998, 4.470593664853183], [-75.62895791199998, 4.4707653728531564], [-75.62893535, 4.470931385853165], [-75.62890695200002, 4.471028714853128], [-75.628849963, 4.47111461485312], [-75.62872454400002, 4.471280698853115], [-75.62859334000001, 4.471406719853141], [-75.62841076900003, 4.4715671198531], [-75.628228218, 4.4717389668531435], [-75.62807987100001, 4.4718649998530955], [-75.62788021699998, 4.472059754853082], [-75.62774335, 4.472214399853093], [-75.62764071700002, 4.472340399853106], [-75.62746395099998, 4.47255231085311], [-75.62730428700002, 4.472741314853095], [-75.62721315300001, 4.4729073758531115], [-75.62709922300002, 4.473107795853096], [-75.62701968099998, 4.473365432853093], [-75.62698006900001, 4.473582972853083], [-75.62694610800003, 4.473766165853069], [-75.626923718, 4.474029485853054], [-75.62694140000002, 4.474332846853069], [-75.62695328500001, 4.474590418853012], [-75.62703431, 4.475168490852989], [-75.62709760500002, 4.475414579853006], [-75.62718382700001, 4.475700721852989], [-75.62733359700002, 4.476376052852999], [-75.62740840200001, 4.476667924852981], [-75.62748912400002, 4.477074275852943], [-75.62754682399998, 4.477389057852968], [-75.627604528, 4.477703838852943], [-75.62762224800002, 4.478030095852913], [-75.62769152999999, 4.478430729852914], [-75.627784442, 4.479266373852895], [-75.62783073600002, 4.479592611852843], [-75.627888235, 4.4797929128528375], [-75.62811752900001, 4.480199160852814], [-75.62824372199998, 4.480468100852824], [-75.628301201, 4.480656953852814], [-75.62831306499999, 4.480903079852839], [-75.62828499099999, 4.481183576852835], [-75.62821672400003, 4.481355344852805], [-75.628131354, 4.48155002085278], [-75.62800600399999, 4.481756171852811], [-75.62780645999999, 4.482013891852786], [-75.62762973100001, 4.4822486988528025], [-75.627361592, 4.482495017852777], [-75.62677376599999, 4.48291900085279], [-75.62647127000002, 4.483125274852769], [-75.62587224700002, 4.483680916852748], [-75.62573536500003, 4.483829835852708], [-75.62556430000001, 4.48403601885269], [-75.62534211899998, 4.484419679852683], [-75.62522253200001, 4.484654446852732], [-75.62509755500002, 4.485072385852703], [-75.62493844300002, 4.4855762098526455], [-75.624853314, 4.485908260852678], [-75.62471203299998, 4.4868013048526025], [-75.62477009700001, 4.4873221508526155], [-75.62511863100002, 4.490533086852529], [-75.625193879, 4.491076816852512], [-75.625274779, 4.491586199852449], [-75.62533895199999, 4.492330278852441], [-75.62533986099999, 4.492845439852425], [-75.625351997, 4.493246112852419], [-75.62538715199997, 4.493738352852429], [-75.62546218699998, 4.494161879852366], [-75.62552024000001, 4.494677002852367], [-75.62555486100001, 4.494865871852358], [-75.625670179, 4.495449642852325], [-75.62574525500003, 4.495896065852334], [-75.62582066300001, 4.496531379852338], [-75.62603981199999, 4.497664586852253], [-75.626108789, 4.497893500852287], [-75.62639654100002, 4.499043831852219], [-75.62638577799999, 4.49942162485225], [-75.62634062699999, 4.4997422018522], [-75.62618703300001, 4.500137262852191], [-75.626021848, 4.500440748852192], [-75.62589649199998, 4.500646899852172], [-75.625651516, 4.5010706428521585], [-75.62558326599998, 4.501253857852142], [-75.62550937999998, 4.501482868852126], [-75.625418422, 4.501751959852119], [-75.62532741199999, 4.501992430852156], [-75.625207853, 4.50224436885211], [-75.62501980799999, 4.50254786885213], [-75.62474035299999, 4.502862878852128], [-75.62428942100001, 4.503155109852121], [-75.62413526, 4.503229625852097], [-75.62389548300001, 4.503361441852122], [-75.62365565599998, 4.50346463585208], [-75.62351868799999, 4.503567759852089], [-75.62328465600001, 4.5037167428520695], [-75.62305065200002, 4.5038828968520574], [-75.62295937200003, 4.503968819852083], [-75.62284531199998, 4.504100547852065], [-75.62274276400001, 4.504278061852088], [-75.622722437, 4.504366828852051], [-75.63065681699999, 4.504383060852058], [-75.63058803899997, 4.503849147852047], [-75.63054201, 4.503671733852106], [-75.630467103, 4.503322619852096], [-75.63039225799997, 4.503007849852121], [-75.63036351400001, 4.502910560852125], [-75.63025993399998, 4.5025042258521015], [-75.63015062, 4.502086445852154], [-75.630127297, 4.501823156852129], [-75.630177979, 4.501399543852136], [-75.63024067700002, 4.501307915852129], [-75.630337672, 4.5012219888521505], [-75.63045182000002, 4.50114177485217], [-75.63062302200001, 4.501010004852175], [-75.63077707000002, 4.500872521852177], [-75.630891126, 4.500740790852176], [-75.630993633, 4.500540378852156], [-75.63102186100002, 4.500345742852215], [-75.631055683, 4.5000824138522155], [-75.63106672700002, 4.499864893852192], [-75.63104906699999, 4.499572979852198], [-75.63091685299997, 4.49913231985223], [-75.630853731, 4.498983537852238], [-75.63042332200001, 4.497953508852283], [-75.63037142500002, 4.497690238852286], [-75.63032512299998, 4.497358276852274], [-75.63027885899999, 4.497049211852276], [-75.63024393400002, 4.496688621852334], [-75.630243286, 4.496322283852292], [-75.63024187799999, 4.495526643852345], [-75.63012032400002, 4.494650950852354], [-75.630074213, 4.494427745852369], [-75.63005071700002, 4.4940671468524025], [-75.63005025000001, 4.49380384285243], [-75.63008395899999, 4.493477549852433], [-75.63012915799999, 4.493185591852396], [-75.63015147800002, 4.492882203852442], [-75.630150727, 4.492458626852465], [-75.63020719299999, 4.492075077852485], [-75.63037681899999, 4.491056081852497], [-75.63059209900001, 4.490002711852505], [-75.63076831199999, 4.489475978852567], [-75.63090478800001, 4.48909809685256], [-75.63102998699998, 4.4888060848525875], [-75.63117764700002, 4.488290820852606], [-75.63121126300001, 4.487913009852594], [-75.631170682, 4.487586767852633], [-75.631118673, 4.487260533852587], [-75.63108380900002, 4.486934287852611], [-75.63107750500001, 4.486602298852663], [-75.63113420100001, 4.486350400852626], [-75.63127610499998, 4.485812243852655], [-75.63131010799998, 4.485651947852668], [-75.63121175200001, 4.484970855852712], [-75.63114836599999, 4.48467324985271], [-75.631125091, 4.48443858085271], [-75.631124715, 4.484226790852737], [-75.63114147200002, 4.484009266852693], [-75.63120397300003, 4.4838088808527425], [-75.63130080399998, 4.483631369852747], [-75.63144337799997, 4.483470995852736], [-75.631557472, 4.483362159852751], [-75.63168290200002, 4.48320180085276], [-75.63179115999998, 4.483024279852751], [-75.631882233, 4.48282387485277], [-75.63201893000002, 4.482571922852789], [-75.63212718599999, 4.482394400852797], [-75.63250326500003, 4.4817931158528035], [-75.63253162199999, 4.481672889852824], [-75.63256559299998, 4.481495420852784], [-75.63257081799998, 4.481220663852788], [-75.63257039000001, 4.48098025385279], [-75.63254136, 4.480722693852835], [-75.63251803399999, 4.480459402852836], [-75.632506138, 4.480196106852828], [-75.63247137100001, 4.479927099852856], [-75.63245936200002, 4.479600838852864], [-75.63245316899997, 4.479331812852862], [-75.63249268999999, 4.4790627558529055], [-75.63258367100002, 4.478810834852885], [-75.63265182599997, 4.478576100852886], [-75.63275988800001, 4.478289822852923], [-75.63286799000002, 4.478026442852895], [-75.632947532, 4.477768804852909], [-75.63295854199998, 4.477534110852944], [-75.63290667500002, 4.477288012852964], [-75.63283782899998, 4.47713351185297], [-75.63274041900002, 4.476984754852936], [-75.63262010300002, 4.476807394852935], [-75.632482643, 4.476630045852987], [-75.632373755, 4.476452676852967], [-75.632259122, 4.476258139853003], [-75.63220173399998, 4.4761208028529955], [-75.63219572399998, 4.475954809853001], [-75.632166724, 4.475714419852967], [-75.63218921499998, 4.47550833885299], [-75.63229141, 4.475136204853027], [-75.63237683800003, 4.474975871853034], [-75.63246813400002, 4.474901394853035], [-75.63258796000002, 4.474804002852991], [-75.63269641900001, 4.4747409628530095], [-75.632867471, 4.474529052853055], [-75.632907257, 4.4744088198530365], [-75.63291271600002, 4.474265714853038], [-75.63288380699998, 4.474076841853035], [-75.63285496200001, 4.473922312853054], [-75.632820471, 4.473807856853048], [-75.63274586799997, 4.473630463853056], [-75.63270559300003, 4.4734759428530495], [-75.632676592, 4.473235552853068], [-75.632675694, 4.472731838853094], [-75.63268672499999, 4.472508593853069], [-75.632760459, 4.472199443853117], [-75.63280010099999, 4.4719990748530964], [-75.632851072, 4.471741455853139], [-75.63293624200003, 4.471438022853152], [-75.63302727400003, 4.471214719853115], [-75.63314127299998, 4.471054366853168], [-75.63328969999998, 4.470974125853135], [-75.633723739, 4.470836442853152], [-75.63392365700003, 4.470790509853121], [-75.63426073900001, 4.47075592785317], [-75.63450636900001, 4.470709961853153], [-75.63477459199999, 4.470515155853137], [-75.63492285500001, 4.470343328853169], [-75.635002611, 4.470205895853156], [-75.63507085399999, 4.470022677853201], [-75.63509909800001, 4.4698394888531645], [-75.635132892, 4.469564710853169], [-75.635132166, 4.469158303853222], [-75.63503436799999, 4.468792033853209], [-75.63489657999997, 4.468431515853239], [-75.634689966, 4.467927946853263], [-75.634615333, 4.467733381853262], [-75.63459219999999, 4.467578848853264], [-75.63454598499999, 4.467298402853242], [-75.63457406399999, 4.467023629853301], [-75.63463074499998, 4.466766006853275], [-75.63473305899998, 4.466462559853315], [-75.63492108600002, 4.466159051853324], [-75.63507500200001, 4.465952876853321], [-75.63522902900002, 4.465809666853284], [-75.635423129, 4.465706495853311], [-75.63567436099999, 4.465597560853302], [-75.63587418499998, 4.465500109853315], [-75.63603964200001, 4.465356891853317], [-75.636245025, 4.465173575853318], [-75.636335879, 4.464852964853321], [-75.63639841700001, 4.464675474853329], [-75.63647257899999, 4.464606733853323], [-75.63658679299999, 4.464566583853366], [-75.63681530000002, 4.4645320768533585], [-75.63698101199998, 4.464531958853356], [-75.63723811099999, 4.464508878853352], [-75.63752369899998, 4.464439987853333], [-75.63790057199998, 4.464290892853359], [-75.63810611000002, 4.464193436853372], [-75.63823164799999, 4.464096038853399], [-75.63837414300002, 4.463895595853363], [-75.638573689, 4.463643594853393], [-75.63881317200003, 4.463357219853369], [-75.63904706599999, 4.463139539853389], [-75.63921823499999, 4.462996315853395], [-75.63941793499998, 4.462830174853439], [-75.63962904099998, 4.4626525768533885], [-75.63987431100003, 4.462406267853416], [-75.640159466, 4.462096963853447], [-75.64039312, 4.46174762885345], [-75.640489973, 4.4615872848534615], [-75.640529561, 4.461358294853485], [-75.64058031899998, 4.460986193853453], [-75.64060829300001, 4.460654177853514], [-75.64063059400002, 4.460345062853472], [-75.64069861799999, 4.460041638853497], [-75.6407954, 4.459841225853495], [-75.64089228300003, 4.459698054853503], [-75.64104062400003, 4.459572018853528], [-75.64120612099998, 4.45945169385352], [-75.64141738000001, 4.459359957853518], [-75.64155441899999, 4.459302616853513], [-75.64183412599999, 4.459142141853549], [-75.64203382400001, 4.458976000853535], [-75.64221058200002, 4.458764082853547], [-75.64231314800003, 4.458603735853534], [-75.64241000099997, 4.4584433908535575], [-75.64249534200002, 4.458237262853562], [-75.64259774300001, 4.457985329853556], [-75.64266596300001, 4.457790662853604], [-75.64273974100001, 4.457510128853601], [-75.64281341600002, 4.457172356853588], [-75.64289294000002, 4.456908991853629], [-75.643018176, 4.456645593853619], [-75.64312063900002, 4.456428004853641], [-75.64334866899998, 4.456130187853604], [-75.64354253800002, 4.45590108485363], [-75.64369078599998, 4.4557235318536215], [-75.644049714, 4.455133691853664], [-75.64415212400002, 4.454887481853672], [-75.64415762200002, 4.4547672728536885], [-75.644157291, 4.454584102853678], [-75.644174174, 4.454440988853661], [-75.644208139, 4.454263518853681], [-75.64427082899999, 4.454171885853677], [-75.64433915000001, 4.454034459853704], [-75.64444175800003, 4.453897008853707], [-75.64452148700002, 4.453748122853735], [-75.644566817, 4.453536299853713], [-75.64459499399999, 4.453318764853731], [-75.64462306899998, 4.453043988853707], [-75.64468556100002, 4.452843599853728], [-75.64481084900001, 4.452608821853747], [-75.644953402, 4.452442720853761], [-75.645078834, 4.452288078853789], [-75.64526705899999, 4.452099047853743], [-75.64546673400002, 4.451921455853744], [-75.64559786900003, 4.4517610858537475], [-75.64568892199998, 4.45155495285381], [-75.64574003799999, 4.451383193853804], [-75.64580243900002, 4.451131288853782], [-75.64581905199998, 4.450839348853783], [-75.645760865, 4.450261258853825], [-75.64566901299997, 4.4500266388538146], [-75.64555421099999, 4.449740518853824], [-75.64551383899999, 4.449534481853834], [-75.64551892100002, 4.449185308853831], [-75.645541197, 4.448864744853846], [-75.64562632799999, 4.448544134853894], [-75.64575703700001, 4.448149077853865], [-75.645910571, 4.447736831853884], [-75.64609269699997, 4.447336012853899], [-75.646246469, 4.447055419853953], [-75.64649156399997, 4.446717519853933], [-75.64672531399998, 4.446425419853978], [-75.646839419, 4.4463280268539425], [-75.64730752999998, 4.446081548853942], [-75.647438808, 4.446001315853937], [-75.64791854499998, 4.445863584853948], [-75.64797565499998, 4.445846370853983], [-75.648261204, 4.445760298853995], [-75.648552499, 4.4456913958539435], [-75.648769469, 4.4455996508539855], [-75.64883225199998, 4.445559535853994], [-75.64890054, 4.445404935853964], [-75.64891172799997, 4.4452732728539806], [-75.64887133500002, 4.445055787853978], [-75.64879666600001, 4.444844051854006], [-75.648704711, 4.444552190854021], [-75.64865762400001, 4.443796646854035], [-75.64878810200003, 4.443275658854045], [-75.64899309999998, 4.442886269854037], [-75.64920401199998, 4.4426056328541], [-75.64946065700002, 4.44233641085407], [-75.64974597499997, 4.442124409854107], [-75.64998569599999, 4.4419754068540644], [-75.65019685800002, 4.441832147854098], [-75.65044793200002, 4.441643067854117], [-75.65057901300003, 4.441454074854136], [-75.65064721599998, 4.441253682854129], [-75.65070390900001, 4.441007504854136], [-75.65076068500002, 4.440807118854131], [-75.65086893900002, 4.440635314854146], [-75.65096579700003, 4.440480693854114], [-75.65104548, 4.440308910854134], [-75.65116501799997, 4.440056962854174], [-75.65124462799997, 4.439845112854154], [-75.651341194, 4.439530215854152], [-75.65151772500002, 4.4391980878541935], [-75.651683004, 4.438963275854168], [-75.65184843100002, 4.43880860285418], [-75.65207094599998, 4.4386252668542205], [-75.65221922900002, 4.43847060585422], [-75.65241883499999, 4.438258665854235], [-75.65249281400003, 4.43809261185421], [-75.652503981, 4.4379495008542085], [-75.65248068599999, 4.437709105854227], [-75.652434556, 4.437480176854238], [-75.65241114600002, 4.437176816854271], [-75.65242784899999, 4.436936392854245], [-75.65249020200002, 4.436661589854295], [-75.65251269200002, 4.436461228854243], [-75.652449461, 4.436255208854298], [-75.652352103, 4.436135074854258], [-75.65221477799997, 4.436032143854306], [-75.65208892200002, 4.4359521008542915], [-75.65187154900002, 4.43582060885431], [-75.65165410100002, 4.435649047854316], [-75.65151104099999, 4.435534670854326], [-75.65137379999999, 4.435477533854276], [-75.65119652800001, 4.435403250854331], [-75.65101353300003, 4.435323250854306], [-75.65087051500001, 4.435231771854317], [-75.65075605700002, 4.435134546854335], [-75.65061293500003, 4.434985826854312], [-75.65053844300002, 4.43487140085433], [-75.65048674600001, 4.434722611854303], [-75.65050927800002, 4.434545149854355], [-75.65054898400001, 4.434384844854347], [-75.6506402, 4.434270294854321], [-75.650771486, 4.434195784854327], [-75.65085714499997, 4.43416710085436], [-75.65108003400002, 4.434189830854374], [-75.65164612000001, 4.4344069248543585], [-75.65178339099998, 4.434481235854347], [-75.65193204100001, 4.434526916854362], [-75.65209779000003, 4.4345496908543085], [-75.65221777400001, 4.434543876854342], [-75.65228059700001, 4.4345266578543185], [-75.65238336499999, 4.434480788854354], [-75.65250320299998, 4.434394838854325], [-75.65256022800003, 4.43433182985436], [-75.65260579400001, 4.434251657854338], [-75.65263988999999, 4.434148599854362], [-75.65271384900001, 4.433971095854346], [-75.65281636600002, 4.4337878498543475], [-75.65289619599997, 4.43369620385436], [-75.65297040500002, 4.433656079854359], [-75.65309601899997, 4.433604469854337], [-75.65322732700002, 4.433541406854373], [-75.65333580999999, 4.433495533854344], [-75.65352419499999, 4.433398081854367], [-75.65369537499998, 4.433266298854402], [-75.65380376299998, 4.433168908854399], [-75.65388357, 4.433065815854392], [-75.65398605600001, 4.432865395854397], [-75.65403144499999, 4.43268791385438], [-75.65403091000002, 4.432395985854419], [-75.65401907400002, 4.432172753854434], [-75.65399581000003, 4.431949531854396], [-75.65402406499999, 4.4317777878544], [-75.65406349800003, 4.431468656854417], [-75.654125953, 4.431251093854444], [-75.65419409100002, 4.431016354854444], [-75.65427926799998, 4.4307243618544385], [-75.65444427099999, 4.43034072285444], [-75.65456956000003, 4.430111664854505], [-75.65471768399999, 4.429871140854465], [-75.654803227, 4.429779491854511], [-75.654928831, 4.429722155854512], [-75.65497452099999, 4.4297106728544815], [-75.655037354, 4.429699177854509], [-75.65512872599999, 4.429670488854485], [-75.65535146600001, 4.429613080854508], [-75.655619952, 4.429572808854476], [-75.655837072, 4.429566921854485], [-75.65609420300001, 4.429566728854481], [-75.65630567300002, 4.4295951898544805], [-75.65667160200002, 4.429720844854511], [-75.65699761500002, 4.429892320854496], [-75.65725509200001, 4.430081022854492], [-75.65748974500002, 4.430286914854482], [-75.65770720299997, 4.430464197854453], [-75.65787886499999, 4.430595722854476], [-75.65807329900002, 4.43068143685443], [-75.65826763000001, 4.430709910854467], [-75.658410532, 4.430738422854436], [-75.65849049799999, 4.4307211908544355], [-75.658667536, 4.430669539854455], [-75.658775977, 4.430600768854486], [-75.658964298, 4.4304689708544505], [-75.659078379, 4.430360126854442], [-75.65930646599998, 4.4301023688544765], [-75.659500385, 4.429907601854493], [-75.65961460199998, 4.429873170854485], [-75.65975742, 4.429855889854485], [-75.65987744699999, 4.429872970854497], [-75.66002036999998, 4.429912932854506], [-75.66022629499997, 4.43003298085449], [-75.66036360200002, 4.430124463854497], [-75.66054661800001, 4.4302159108544785], [-75.66080972700001, 4.430358814854451], [-75.660958376, 4.430404494854472], [-75.66125553699999, 4.4304214418544765], [-75.66163264199997, 4.43040970685449], [-75.66178116399999, 4.430386695854499], [-75.66200388499999, 4.43031783785448], [-75.66219799200002, 4.43022610485445], [-75.66231781900001, 4.430134426854459], [-75.66250616000002, 4.430014077854482], [-75.66283159599999, 4.429870725854476], [-75.66332864200001, 4.429830278854472], [-75.66363142099999, 4.42979570285451], [-75.66388843599998, 4.429732540854511], [-75.66400835799999, 4.429692379854497], [-75.664059699, 4.429646548854476], [-75.664110988, 4.4295720948545165], [-75.66411080900002, 4.42947478585451], [-75.66408193199999, 4.429308807854478], [-75.664024444, 4.429119955854531], [-75.66398405400003, 4.4289081938544905], [-75.66392646999998, 4.428667825854502], [-75.66389158599998, 4.428341576854555], [-75.66387395800001, 4.428078278854518], [-75.663867536, 4.427694767854538], [-75.66387274300001, 4.427420006854586], [-75.66385501899998, 4.427105192854563], [-75.66384869400002, 4.426773197854565], [-75.663876609, 4.426418281854581], [-75.66394459399999, 4.426103402854625], [-75.664075298, 4.425714061854621], [-75.66420631900002, 4.425496445854642], [-75.66440006599998, 4.4252100898546445], [-75.66466803200001, 4.424889333854645], [-75.664867577, 4.424648766854665], [-75.66519242700002, 4.424190588854644], [-75.665374778, 4.4239214128547], [-75.66552860000002, 4.423675156854678], [-75.66566519600002, 4.423383121854715], [-75.66570472799998, 4.423131228854684], [-75.66569278200001, 4.422850755854719], [-75.665618118, 4.422644745854724], [-75.66548641100002, 4.422490295854702], [-75.66529186000002, 4.4223416168547], [-75.66488005299999, 4.422124415854714], [-75.66463980100002, 4.421981497854724], [-75.66438240899998, 4.421838592854771], [-75.66411931200003, 4.421701414854725], [-75.66385048000001, 4.4215527948547795], [-75.66377593599998, 4.421409748854777], [-75.663781373, 4.421260915854762], [-75.66386693499999, 4.421180712854782], [-75.66396969200002, 4.421129116854797], [-75.66421533800002, 4.421100308854764], [-75.66439816500002, 4.421088719854769], [-75.66471241099998, 4.421077030854752], [-75.66503233899999, 4.4210481628547935], [-75.66534658699999, 4.421036472854788], [-75.66552937, 4.421001988854765], [-75.66590624899999, 4.4208700428547605], [-75.66620888599999, 4.420761051854773], [-75.66652858200001, 4.420606252854805], [-75.66674545799998, 4.420468705854799], [-75.666842406, 4.420365597854784], [-75.66695637599997, 4.420199509854775], [-75.66712734999999, 4.419958962854809], [-75.66725269699998, 4.4197642478547925], [-75.66744085300002, 4.4195465838548085], [-75.66760052699999, 4.419374735854833], [-75.66782310500002, 4.419231459854823], [-75.668097079, 4.419070972854817], [-75.66837678600001, 4.418921928854865], [-75.66859366099999, 4.418784382854847], [-75.66867913700003, 4.418658384854865], [-75.66871321899998, 4.418549599854864], [-75.668724339, 4.41838359085487], [-75.66866105000003, 4.418148949854854], [-75.66857491500002, 4.417920050854886], [-75.66848332299998, 4.417828536854871], [-75.668271705, 4.417719940854853], [-75.66813454800001, 4.417708598854861], [-75.66796315200003, 4.417720179854883], [-75.66775748200001, 4.417737511854858], [-75.66759751199999, 4.417749083854861], [-75.66727767999998, 4.417829469854895], [-75.66702637200001, 4.417886905854853], [-75.66652366300002, 4.41795025885488], [-75.66625509699998, 4.417944741854848], [-75.66585486700001, 4.417807670854868], [-75.66524310400001, 4.417607799854871], [-75.66499152199998, 4.417516406854888], [-75.66460264599999, 4.417339258854912], [-75.66427663399998, 4.417167784854899], [-75.663887821, 4.41702498185489], [-75.66364198399998, 4.416950756854904], [-75.66329917000002, 4.416962468854912], [-75.66304790599997, 4.417042798854903], [-75.66269402299997, 4.417249138854873], [-75.66230005800003, 4.417409717854879], [-75.662134407, 4.41743846485487], [-75.661500268, 4.417496190854887], [-75.66082606600003, 4.417519602854907], [-75.660437435, 4.4174741078549085], [-75.65999158, 4.417382861854902], [-75.65952271200001, 4.417205772854879], [-75.65936251099998, 4.417091413854927], [-75.659099142, 4.416805407854926], [-75.65900163700002, 4.416605138854928], [-75.65894966299999, 4.416307523854916], [-75.65897779900001, 4.4160728138549565], [-75.65913153700001, 4.415780766854946], [-75.65924558299997, 4.4156547488549425], [-75.65949662499997, 4.415454213854972], [-75.65963355899999, 4.415345351854936], [-75.65970760800002, 4.415219363854957], [-75.659707217, 4.415007571854951], [-75.65964976100003, 4.414835891854961], [-75.65952381199997, 4.414704332854954], [-75.65936939900001, 4.41463003785497], [-75.65919223700001, 4.414613001854995], [-75.65905510300001, 4.414613105854977], [-75.65884369999998, 4.41461899085498], [-75.658666643, 4.414659194854994], [-75.658478242, 4.414745199855008], [-75.65835835600001, 4.414802532854976], [-75.65813569300002, 4.414900011854948], [-75.657970138, 4.414980275854969], [-75.65765029699998, 4.415054933854982], [-75.65714215000003, 4.415267112854991], [-75.65689074800002, 4.4152730278549654], [-75.65657654699999, 4.415307610854964], [-75.65611385900002, 4.415382376854977], [-75.65587386499999, 4.415376833854989], [-75.65567948699999, 4.4153197408549785], [-75.65544492100003, 4.4151596438549925], [-75.65541588899998, 4.414907805854946], [-75.65549573700002, 4.414827606854981], [-75.655661291, 4.4147473438549545], [-75.65586691800002, 4.414707117855004], [-75.656135377, 4.41465539885501], [-75.65631243299998, 4.414615194854998], [-75.656512314, 4.41455780185497], [-75.656626529, 4.414523369854969], [-75.65676921800002, 4.414437400854976], [-75.65692900699997, 4.414328520855008], [-75.65706588699999, 4.414191038855], [-75.65719692099998, 4.414032592855005], [-75.59108458100002, 4.413899751855022], [-75.59107898299999, 4.4165347518549405], [-75.59149333900001, 4.416991258854892], [-75.59167654100003, 4.4171971978548985], [-75.59182549899998, 4.417426056854887], [-75.59196300999997, 4.4176434728548815], [-75.59205481200001, 4.4178609218548655], [-75.59210652600001, 4.418026881854865], [-75.59212428000001, 4.418376029854852], [-75.59213019499998, 4.418490504854879], [-75.59203919599997, 4.418730971854841], [-75.591913895, 4.418960012854845], [-75.59175434899998, 4.419211974854828], [-75.591623325, 4.419435295854842], [-75.59154942599997, 4.419652854854801], [-75.59186526799999, 4.420557026854769], [-75.591962663, 4.420705784854783], [-75.59210583800001, 4.42089457785478], [-75.59224327999999, 4.421071927854778], [-75.59260412100002, 4.421569669854756], [-75.59348606999998, 4.422725314854701], [-75.59374382300001, 4.423085750854682], [-75.593875572, 4.423274552854704], [-75.59399601299998, 4.423532048854707], [-75.59412203800002, 4.423715130854678], [-75.59431670800001, 4.423943957854676], [-75.59447701599998, 4.424127015854671], [-75.59457440099999, 4.424270050854678], [-75.594711845, 4.424447400854671], [-75.59482071899998, 4.424624768854649], [-75.59490666599999, 4.4247620868546305], [-75.594986931, 4.42491657885466], [-75.595044299, 4.4250481908546195], [-75.59506170200001, 4.425197001854644], [-75.59506180199998, 4.425254241854632], [-75.59496477800002, 4.425317269854625], [-75.59485054200002, 4.425340242854629], [-75.59469046499999, 4.425288834854637], [-75.59450745100003, 4.425191650854615], [-75.59435308899998, 4.4251402388546115], [-75.594107334, 4.425106059854663], [-75.593861651, 4.425111948854625], [-75.59366168700001, 4.425123530854635], [-75.59341031899999, 4.4251465948546445], [-75.59314176999999, 4.425146774854612], [-75.59293598300002, 4.425095397854637], [-75.59280442400001, 4.4250153498546645], [-75.592632761, 4.424872365854642], [-75.592255067, 4.424540630854672], [-75.59210631799999, 4.424431974854666], [-75.591911778, 4.424277559854673], [-75.591711594, 4.424163213854645], [-75.59150577899999, 4.424094664854658], [-75.591322795, 4.424014650854671], [-75.59106320199999, 4.423971493854677], [-75.59090343600002, 4.499934745852211]], [[-75.60044098899999, 4.475650089852986], [-75.60025828300002, 4.475736069852974], [-75.60011562699998, 4.475850641852995], [-75.59988759499998, 4.4761598858529785], [-75.59983641500003, 4.4763030168529845], [-75.59978544400002, 4.476566352852975], [-75.59980314400002, 4.476886882852973], [-75.59987785700002, 4.477132964852957], [-75.59995822299999, 4.47734469785296], [-75.60010727100001, 4.477619349852928], [-75.600376536, 4.4780198498529264], [-75.60050832299999, 4.4782258268529205], [-75.600685881, 4.478466116852884], [-75.60100649600002, 4.47882079085287], [-75.601321128, 4.479020923852876], [-75.601452725, 4.4791181448528485], [-75.60163590899998, 4.479306915852861], [-75.60177337099998, 4.479489990852848], [-75.60187667399998, 4.479747501852867], [-75.60194572299997, 4.4800222068528415], [-75.60204403900002, 4.480697568852801], [-75.60204425900002, 4.480823496852839], [-75.601993209, 4.481041039852795], [-75.601839321, 4.481270099852833], [-75.60171951000001, 4.481378933852824], [-75.60153686299998, 4.481499257852787], [-75.60134283600001, 4.481648207852819], [-75.60122869000003, 4.481728416852791], [-75.60100612100001, 4.481894557852811], [-75.60070936699998, 4.4821179868527645], [-75.60053252300003, 4.48228982085277], [-75.60038995399998, 4.482455907852792], [-75.60031023200003, 4.482616231852765], [-75.60022481599998, 4.482788004852741], [-75.60008852700003, 4.48328035585277], [-75.60003176100003, 4.483497902852736], [-75.59998078000001, 4.483755513852728], [-75.59998679199998, 4.483927228852738], [-75.600004383, 4.48418479485269], [-75.60003912399998, 4.484448074852694], [-75.60006226799999, 4.484614053852719], [-75.60011981899999, 4.484848698852686], [-75.60029789599997, 4.485386635852664], [-75.600521647, 4.485901644852671], [-75.600670864, 4.486273604852657], [-75.60071709300001, 4.4865712198526095], [-75.60068896899998, 4.486828816852631], [-75.60057516900002, 4.487109364852601], [-75.60042691400002, 4.487292628852633], [-75.60015858899999, 4.487435901852625], [-75.600027259, 4.487493227852616], [-75.59974163300001, 4.487544928852631], [-75.59953590800001, 4.487539337852582], [-75.59917583700002, 4.48749950385263], [-75.59893000400001, 4.48743097785263], [-75.598752789, 4.48739102385259], [-75.598581212, 4.487305276852631], [-75.59806597300002, 4.486756111852662], [-75.59792847400001, 4.486550138852612], [-75.59764206599999, 4.486149646852641], [-75.59747019100001, 4.485892181852648], [-75.59721817799999, 4.485554630852689], [-75.59701783100002, 4.485354422852667], [-75.59683465699999, 4.485171375852664], [-75.596674312, 4.484971140852705], [-75.59654779499999, 4.484507583852733], [-75.59653577099999, 4.484164154852695], [-75.59652388799998, 4.483900861852711], [-75.59653468300002, 4.4835345208527615], [-75.596551094, 4.48311093885278], [-75.596573347, 4.482761762852747], [-75.59657298000002, 4.482549976852786], [-75.59657218900003, 4.482092062852765], [-75.59657728799999, 4.481737173852786], [-75.59651931399998, 4.481256400852806], [-75.595979371, 4.479636873852855], [-75.59581873799999, 4.47927064485286], [-75.59552055699999, 4.478669823852904], [-75.595256989, 4.478257871852884], [-75.59496470300002, 4.477760076852953], [-75.59478128299997, 4.477433931852934], [-75.59454051300003, 4.476987620852928], [-75.594282523, 4.476495528852941], [-75.59406459000002, 4.476037753852983], [-75.59392680500002, 4.475665787853011], [-75.59379471599999, 4.475282368853017], [-75.59345656699998, 4.474698745853032], [-75.59317596900001, 4.474349767853065], [-75.59287263200002, 4.474069491853058], [-75.59255785599998, 4.473783498853028], [-75.59219729, 4.473451742853063], [-75.59196254199998, 4.47318286985309], [-75.59175068299999, 4.472931152853074], [-75.59153873399998, 4.472627920853124], [-75.591372519, 4.472336107853078], [-75.59118891399999, 4.471901207853135], [-75.59110835199999, 4.47157499485315], [-75.591084921, 4.471243021853149], [-75.59114143099998, 4.470876654853132], [-75.59122091500001, 4.470578957853132], [-75.59135738999998, 4.470195366853144], [-75.59147679400002, 4.469851851853163], [-75.5916646, 4.469410987853188], [-75.59180108499999, 4.469033119853212], [-75.59200037800002, 4.468626589853209], [-75.59206862000002, 4.468437657853258], [-75.59224521300001, 4.468122725853226], [-75.592376064, 4.46779065185327], [-75.59246104300001, 4.46736702485325], [-75.59256882800003, 4.466914764853293], [-75.59267674199998, 4.466536913853312], [-75.59276759400001, 4.466204866853287], [-75.59289852400002, 4.4659185838533215], [-75.59306366700002, 4.465592211853317], [-75.59322892099999, 4.4653288028533105], [-75.593371456, 4.465145544853321], [-75.59356525999999, 4.46487066885334], [-75.59376478799999, 4.464601513853336], [-75.593924356, 4.464355279853368], [-75.59399836099999, 4.464194960853339], [-75.59407797199998, 4.463971675853397], [-75.594191846, 4.463736918853366], [-75.59431162499999, 4.463610913853401], [-75.59455123999999, 4.463393247853382], [-75.59473949599999, 4.463215680853407], [-75.594944828, 4.4629980368533815], [-75.59508728200001, 4.462768986853419], [-75.59518990800001, 4.462637268853446], [-75.59528669999997, 4.462436865853446], [-75.59533773999999, 4.462213598853427], [-75.59541162300002, 4.461984593853438], [-75.59563376699998, 4.4615780468534405], [-75.596147051, 4.461011037853457], [-75.59625534000003, 4.460850696853484], [-75.59640356800003, 4.460655984853498], [-75.596808501, 4.460214973853488], [-75.59692243400002, 4.460014560853481], [-75.59699637900002, 4.459819896853495], [-75.59708173199999, 4.459613778853508], [-75.59714406799998, 4.459316091853523], [-75.59721763499999, 4.458903918853562], [-75.59743348299997, 4.458165386853573], [-75.59761010199998, 4.457867624853578], [-75.59777538100002, 4.45762138485356], [-75.59803774900001, 4.4573464618535725], [-75.59828317400002, 4.457186027853621], [-75.59861984399998, 4.4569225028535895], [-75.59895078199997, 4.456647534853615], [-75.59935598099997, 4.456361066853616], [-75.59970993399997, 4.456177664853612], [-75.60001824400001, 4.45603436085361], [-75.600446369, 4.455787945853626], [-75.600663253, 4.455644702853666], [-75.60082871100002, 4.455501492853638], [-75.601119638, 4.455220824853692], [-75.601302078, 4.454986021853681], [-75.60139304199998, 4.454722657853656], [-75.60149529400002, 4.454379151853686], [-75.60157443999998, 4.453892561853725], [-75.60162518499999, 4.453503298853689], [-75.60169319300002, 4.4531827108537385], [-75.601818391, 4.452890704853755], [-75.60197203000001, 4.452524267853738], [-75.60217716400001, 4.4521978648537734], [-75.60244507200002, 4.451825627853768], [-75.602650246, 4.451522119853774], [-75.60275246700002, 4.451161441853786], [-75.60271759, 4.450823750853773], [-75.60262003999998, 4.450589132853812], [-75.60247683799997, 4.450388890853806], [-75.60223652799999, 4.450205884853829], [-75.60197913600001, 4.450057233853819], [-75.601573191, 4.449914406853828], [-75.60128750899997, 4.449926047853843], [-75.601139074, 4.45000055785383], [-75.60099637500002, 4.45008651185381], [-75.60083089699998, 4.450218274853815], [-75.60043710100001, 4.450487564853814], [-75.60011181099998, 4.45072246485382], [-75.59982073600003, 4.450917272853817], [-75.59947818500001, 4.451083495853819], [-75.59912416499998, 4.451226830853778], [-75.598758648, 4.451330104853797], [-75.59849013799999, 4.4513589038538015], [-75.59808438200002, 4.451324829853759], [-75.59764991700001, 4.451210638853802], [-75.597421155, 4.451096312853786], [-75.59720367300002, 4.450896118853794], [-75.59704894499998, 4.450638642853803], [-75.59693986899998, 4.4503467938538], [-75.59689935199998, 4.450049173853839], [-75.59692171900002, 4.449768686853851], [-75.59698989700001, 4.449545406853859], [-75.59704634799999, 4.449150416853855], [-75.596931488, 4.448818502853849], [-75.596788247, 4.448595364853891], [-75.59660463099999, 4.448154742853868], [-75.59650115, 4.447794202853903], [-75.59642627699998, 4.447456538853887], [-75.59635736000001, 4.447256245853919], [-75.596333765, 4.4468326898539425], [-75.59633871, 4.446391941853937], [-75.59625789400002, 4.445922631853983], [-75.596143015, 4.4455792708539565], [-75.59589696400002, 4.445379095853994], [-75.59566826499997, 4.4452991118539655], [-75.595451164, 4.4453164278539905], [-75.59523409299999, 4.445350915853976], [-75.59494855499997, 4.445442688853977], [-75.59470305299999, 4.445557329853959], [-75.59442901099999, 4.445689162853965], [-75.59412075699998, 4.44586108585394], [-75.593806847, 4.446067354853985], [-75.59328752300001, 4.446439753853929], [-75.59299070499998, 4.446617393853925], [-75.59275670099998, 4.446772093853916], [-75.59257402399999, 4.446869520853929], [-75.59231711299998, 4.446995617853944], [-75.592025751, 4.447024428853937], [-75.591757094, 4.44696736685394], [-75.59161409500001, 4.446881600853906], [-75.59140239999999, 4.446721469853931], [-75.59127632299999, 4.446509767853943], [-75.59121879499997, 4.446286571853972], [-75.59133228799999, 4.445834306853948], [-75.59144621000002, 4.445628168853949], [-75.59160024800002, 4.445490692853992], [-75.59182859700002, 4.445370339853992], [-75.592068385, 4.445255702853971], [-75.59233665099998, 4.445089531853984], [-75.59265621499998, 4.4448489148540204], [-75.59282159000003, 4.4446599148539905], [-75.592998335, 4.44443656585399], [-75.59320356900002, 4.444167404853993], [-75.59341447600002, 4.4438753438540175], [-75.593636732, 4.443537483854027], [-75.59383629000001, 4.4432912218540785], [-75.59400173699999, 4.443142290854066], [-75.59413870100002, 4.443044891854045], [-75.59433853899998, 4.442958900854059], [-75.59457260200003, 4.442838542854055], [-75.59486375400002, 4.44268952585405], [-75.59509784599999, 4.442586339854062], [-75.59522341399997, 4.442506120854079], [-75.59535467400002, 4.442414450854067], [-75.595645746, 4.4422196418540745], [-75.59597094999998, 4.441938951854078], [-75.59615919100003, 4.441755660854102], [-75.59634735100002, 4.441526576854099], [-75.596529847, 4.441326115854139], [-75.596843723, 4.441102673854097], [-75.59708921200001, 4.440982305854149], [-75.597391872, 4.4408790718540985], [-75.597734478, 4.440747192854131], [-75.59801430099998, 4.440655421854153], [-75.59837409900001, 4.440552148854121], [-75.59857397799999, 4.440489051854112], [-75.59881945500001, 4.440362959854163], [-75.59902491700001, 4.440225447854125], [-75.59916751499998, 4.440082252854171], [-75.59933853199999, 4.439853179854163], [-75.59946953100001, 4.439612685854143], [-75.59966325200003, 4.439297737854175], [-75.599760119, 4.4391431248541755], [-75.59985117999997, 4.438937000854191], [-75.59995345800002, 4.438610667854227], [-75.600004442, 4.438358777854219], [-75.60004970199998, 4.438101169854198], [-75.60011768599998, 4.4377691338542355], [-75.600231382, 4.437437066854257], [-75.60037939199998, 4.437122149854241], [-75.60057899700001, 4.436904504854228], [-75.60077866199998, 4.436721202854252], [-75.60101251100002, 4.436480638854291], [-75.60113225200001, 4.436337457854299], [-75.60116642499997, 4.436274470854267], [-75.601240394, 4.436096978854298], [-75.601331485, 4.435908026854274], [-75.60138827200001, 4.435707648854286], [-75.60145630599999, 4.435404231854299], [-75.601455853, 4.435146654854299], [-75.60142682999998, 4.4348890968543175], [-75.60135216600003, 4.434671635854349], [-75.60123182199999, 4.434471377854345], [-75.601065737, 4.43425397885435], [-75.60095120800003, 4.434110957854367], [-75.60084808599998, 4.433956479854363], [-75.60082495799998, 4.433801949854328], [-75.600830341, 4.433613054854391], [-75.600875659, 4.433389789854349], [-75.60090965, 4.433223771854396], [-75.60092054500001, 4.432920393854396], [-75.60091454000002, 4.432754402854382], [-75.60086856700002, 4.4326056108543845], [-75.600811136, 4.432439654854395], [-75.60065655800003, 4.432268040854394], [-75.60058215700002, 4.43219940385442], [-75.60040488599998, 4.43211938685441], [-75.60026188799998, 4.432033624854395], [-75.60002165399999, 4.431890688854419], [-75.599878595, 4.431770581854435], [-75.59980414400002, 4.431673324854444], [-75.59979250499998, 4.431553130854416], [-75.59981495800002, 4.4313241558544565], [-75.59986598, 4.431095162854453], [-75.59991136000002, 4.4309062418544425], [-75.599985339, 4.430734471854435], [-75.60008785600002, 4.430545511854449], [-75.60015059900002, 4.430482504854453], [-75.60024196900002, 4.430453823854447], [-75.60048193099999, 4.430442214854494], [-75.60069904900001, 4.430436342854467], [-75.600933268, 4.430407563854475], [-75.60133305699998, 4.430304261854463], [-75.60165279199998, 4.430166668854489], [-75.60202959600002, 4.429988970854478], [-75.602286477, 4.429851420854507], [-75.60249768, 4.429731073854505], [-75.602760165, 4.4295305568545205], [-75.60299407999997, 4.429330057854509], [-75.60332494, 4.429020737854529], [-75.60356450799998, 4.42878589185453], [-75.603792709, 4.428585396854533], [-75.60418643100002, 4.428281756854517], [-75.60463719, 4.427920837854523], [-75.60521350099998, 4.427473973854567], [-75.60549315700001, 4.427290614854573], [-75.60581848200002, 4.4270843288546], [-75.60618949000002, 4.426860837854566], [-75.60648632700003, 4.4267003618546115], [-75.60670320999998, 4.426562838854579], [-75.60712551900002, 4.426270624854574], [-75.60759349800003, 4.425955483854595], [-75.60790739599997, 4.425749203854621], [-75.60832410199998, 4.425519956854629], [-75.60881500599999, 4.425244866854643], [-75.60935731500001, 4.424958291854637], [-75.60984821900001, 4.424683200854645], [-75.610424739, 4.424356532854645], [-75.610772887, 4.424133055854693], [-75.61113242300002, 4.423886675854674], [-75.611514753, 4.423605933854716], [-75.611857074, 4.423319495854673], [-75.612273545, 4.422958594854725], [-75.61256440099999, 4.4226492958546935], [-75.612912161, 4.422208303854712], [-75.61320279400002, 4.421773077854751], [-75.613442082, 4.421383678854734], [-75.61377248500003, 4.42082249585481], [-75.61404603599999, 4.420421624854808], [-75.61432521799998, 4.419974956854827], [-75.61454736299999, 4.4195855688548145], [-75.61470674899999, 4.419247740854825], [-75.61501998699998, 4.418675121854872], [-75.61520809400002, 4.4184231328548345], [-75.61553904599998, 4.418171042854845], [-75.61581311600003, 4.418062094854852], [-75.616093073, 4.418050449854883], [-75.61629310699999, 4.418078928854861], [-75.61643031099999, 4.418118899854892], [-75.61657330899999, 4.418204659854884], [-75.61672789900001, 4.418381994854864], [-75.61684247099998, 4.418547909854828], [-75.61698007400003, 4.418811118854841], [-75.61716922300002, 4.4191429778548645], [-75.617392962, 4.419646531854819], [-75.61763393400003, 4.420201590854829], [-75.61776007899999, 4.420447634854807], [-75.618052283, 4.420893900854782], [-75.618292715, 4.42114558885476], [-75.618527309, 4.421328590854782], [-75.61889905700002, 4.42152294485475], [-75.61927068300002, 4.421648611854771], [-75.61980789699999, 4.421711195854746], [-75.620236498, 4.421745236854731], [-75.62064218299997, 4.42174494785478], [-75.62107646599998, 4.421761812854738], [-75.62135089499998, 4.421853201854768], [-75.62159121500002, 4.422041924854713], [-75.62181455899997, 4.422322242854731], [-75.622032117, 4.422562497854712], [-75.62235835000001, 4.422865639854712], [-75.622638833, 4.423145916854703], [-75.622822455, 4.4235808128546905], [-75.62286289399998, 4.423826915854682], [-75.62290398800002, 4.4244393578546335], [-75.62303620799997, 4.424885737854648], [-75.62328824399998, 4.425234723854642], [-75.62352263700001, 4.425303245854632], [-75.623699767, 4.425303119854655], [-75.62395102400001, 4.425217079854625], [-75.62420212799998, 4.425045180854613], [-75.624378982, 4.424890505854649], [-75.62450439999998, 4.424730143854673], [-75.62465819099998, 4.424461005854661], [-75.62474349000001, 4.4242319828547005], [-75.62485114999998, 4.4237281918546865], [-75.62487361500001, 4.423510662854697], [-75.62489599899999, 4.4232473408546795], [-75.62495851099999, 4.423058403854727], [-75.62504965699998, 4.42290379085472], [-75.62525507800001, 4.422749093854701], [-75.62544349299998, 4.422668822854703], [-75.62575767300001, 4.422622806854703], [-75.62614630899998, 4.422674044854726], [-75.62628925000001, 4.422725459854699], [-75.62651226499997, 4.4228226078547035], [-75.626781301, 4.423091444854715], [-75.62698125600002, 4.4230741298546805], [-75.62712400999999, 4.423022511854696], [-75.62723808200002, 4.422907948854692], [-75.627266486, 4.422816343854729], [-75.62725456499999, 4.422541598854722], [-75.627162495, 4.422181050854729], [-75.62706474100003, 4.421837678854765], [-75.626938419, 4.421494327854755], [-75.62681784099999, 4.421168143854751], [-75.62665133500002, 4.420721788854812], [-75.62649632, 4.420309768854829], [-75.62634140799997, 4.419954989854818], [-75.62629506899998, 4.4196058568548455], [-75.62632297099998, 4.4192337758548295], [-75.626436598, 4.418873079854868], [-75.62659610200001, 4.418603935854861], [-75.62680121300002, 4.418277517854886], [-75.62694374, 4.418099969854886], [-75.62712039500002, 4.417836537854896], [-75.62729134599999, 4.417578833854867], [-75.62749634400001, 4.417189451854899], [-75.62771861700003, 4.4168744698548865], [-75.627941158, 4.416708311854943], [-75.62823239800002, 4.41661651785493], [-75.62850662099999, 4.416593423854905], [-75.62879812, 4.416644730854934], [-75.62894693700002, 4.416787723854931], [-75.62907884100002, 4.417056657854884], [-75.629136722, 4.417468746854877], [-75.62922291500001, 4.417737714854871], [-75.62934357699999, 4.418109689854861], [-75.62933861699997, 4.418527548854829], [-75.6292934, 4.418802336854834], [-75.62932252600001, 4.419111411854846], [-75.62941434200002, 4.419328860854831], [-75.62957469999998, 4.4195348108548345], [-75.62969491899997, 4.419660651854822], [-75.62982678100002, 4.419906689854812], [-75.629913026, 4.420204278854819], [-75.629999075, 4.420393109854817], [-75.63016495199997, 4.420490298854784], [-75.63035352999998, 4.420501610854808], [-75.630627672, 4.420432723854817], [-75.63089597599998, 4.420295152854785], [-75.63111867399999, 4.420214855854768], [-75.631255775, 4.420197583854792], [-75.63146154600003, 4.420237502854812], [-75.631753253, 4.420403289854824], [-75.63199363899997, 4.420626353854764], [-75.632285637, 4.420952411854795], [-75.632549116, 4.42130711185478], [-75.63277260900003, 4.42166756485476], [-75.63297279099999, 4.421776176854777], [-75.63325284400003, 4.421816040854743], [-75.63346420699997, 4.421787268854738], [-75.63377263199999, 4.421718355854736], [-75.63406394700002, 4.4216666278547825], [-75.63442389099998, 4.421649193854755], [-75.63481251899998, 4.421694703854756], [-75.63504129199998, 4.421814742854771], [-75.63536153000001, 4.421957610854727], [-75.63555587399998, 4.421997537854766], [-75.63569298700003, 4.421985988854749], [-75.63587570800001, 4.421917166854749], [-75.63599555299999, 4.421836943854748], [-75.63607532999998, 4.421716679854721], [-75.63609207799999, 4.421499153854758], [-75.635908954, 4.42134473685479], [-75.63578288600002, 4.4211444868547645], [-75.63576535200002, 4.420926986854747], [-75.63590188299997, 4.420594891854786], [-75.63601023000001, 4.420474607854799], [-75.63619285599998, 4.420354268854765], [-75.636352606, 4.420222498854777], [-75.63653506600002, 4.4200105748548015], [-75.63668881199999, 4.419718534854829], [-75.63674556799998, 4.419506704854829], [-75.636790657, 4.419163227854837], [-75.63680722700002, 4.4188483918548185], [-75.636823768, 4.418516384854831], [-75.63687461, 4.418195799854838], [-75.63693142800003, 4.418018311854886], [-75.63704521599999, 4.417749198854898], [-75.637124911, 4.417583141854896], [-75.63718738900002, 4.417377028854912], [-75.63722701299997, 4.417170933854913], [-75.63722656700003, 4.4169248018548934], [-75.637214734, 4.416701571854938], [-75.637174072, 4.416335261854947], [-75.637104798, 4.415946075854956], [-75.63708712900001, 4.415654161854957], [-75.63712098500002, 4.415419450854951], [-75.63718902099998, 4.415127472854947], [-75.637297263, 4.41494994785499], [-75.63746270500002, 4.414806724854984], [-75.63763398600003, 4.414732186855009], [-75.63786820000001, 4.414703393854997], [-75.63825670099999, 4.414680211854985], [-75.63851384399999, 4.414691470855004], [-75.63884531999997, 4.414731295854992], [-75.639011116, 4.414782689854959], [-75.63921128800001, 4.414885575854988], [-75.63940585, 4.415045706854962], [-75.63949764699998, 4.415251705854955], [-75.63949232800002, 4.415469223854944], [-75.639418444, 4.415686791854924], [-75.639241771, 4.415938780854963], [-75.63909919499997, 4.4160877128549565], [-75.638945358, 4.416328235854953], [-75.63882575000002, 4.416540114854894], [-75.63870061799997, 4.416855029854935], [-75.63867246500001, 4.417084012854928], [-75.638672901, 4.417324423854907], [-75.63869634899999, 4.41765067785486], [-75.63870810999998, 4.417833839854893], [-75.63866276200002, 4.418034215854901], [-75.63860031399997, 4.4182574988548575], [-75.63852659600002, 4.418566652854883], [-75.63849279099998, 4.418829983854856], [-75.63848181899999, 4.419081851854811], [-75.63843086100002, 4.419339470854828], [-75.638368549, 4.41963716885482], [-75.63838030900001, 4.419820329854805], [-75.63847754900002, 4.419877499854797], [-75.638717595, 4.419911667854806], [-75.63891183499999, 4.41989435385482], [-75.63919175500001, 4.419859803854807], [-75.63935739499999, 4.41982533685483], [-75.63958578299997, 4.41973358485483], [-75.63972275100002, 4.419641898854815], [-75.63986532799998, 4.419492967854808], [-75.639984986, 4.41930970985482], [-75.640110214, 4.419046309854835], [-75.64026949499998, 4.41865695585486], [-75.64036621499997, 4.418427921854834], [-75.64051988599999, 4.418095812854852], [-75.64066228600001, 4.417849573854879], [-75.640799023, 4.417631957854894], [-75.640929922, 4.4173456578548835], [-75.64107772099999, 4.41692769185491], [-75.641242519, 4.416429575854911], [-75.64131639300001, 4.416206282854935], [-75.641493137, 4.415994360854939], [-75.64165869300001, 4.415914100854944], [-75.64185285999997, 4.415856717854931], [-75.642098567, 4.415862258854934], [-75.64225880499998, 4.415999518854962], [-75.64231619499998, 4.416136854854926], [-75.64228804200002, 4.416365837854913], [-75.64221975700002, 4.416520438854931], [-75.64208870300001, 4.416720876854902], [-75.64195194500002, 4.416927045854919], [-75.64188365000001, 4.417075921854884], [-75.64187834199998, 4.4172991648548745], [-75.641952705, 4.417344902854906], [-75.64211841899998, 4.41735050385491], [-75.64226688500003, 4.417298876854907], [-75.64234678600002, 4.417247300854867], [-75.64247799700001, 4.417132722854913], [-75.642671893, 4.416926511854882], [-75.642808807, 4.416806205854906], [-75.642917184, 4.416703091854896], [-75.64315111899998, 4.416519748854895], [-75.64333938499999, 4.416359334854909], [-75.64349913199999, 4.416227561854944], [-75.64372171299999, 4.4160842958549384], [-75.643875767, 4.415963974854948], [-75.64420675399998, 4.415734766854949], [-75.64445794699998, 4.415614373854925], [-75.64473208700002, 4.415545480854931], [-75.644846374, 4.415551119854923], [-75.64499501799997, 4.415596801854934], [-75.64510371699998, 4.415671134854971], [-75.64517253399998, 4.415808460854925], [-75.64520706899998, 4.415945813854934], [-75.64523595200001, 4.416117514854929], [-75.64522493200002, 4.416340761854929], [-75.64515680400001, 4.416581223854941], [-75.64509984199998, 4.416678576854942], [-75.64502576000001, 4.4167873888548845], [-75.644888847, 4.416907695854918], [-75.64479180500001, 4.416959284854927], [-75.64461486200003, 4.417062449854908], [-75.64450067799999, 4.417114050854898], [-75.64424947600003, 4.417228719854925], [-75.64404394399997, 4.4173204578549035], [-75.64372995100001, 4.417469515854871], [-75.64351873499999, 4.417578430854871], [-75.64323329199999, 4.417716019854881], [-75.64297072400001, 4.41786503885487], [-75.64270821899999, 4.418048403854861], [-75.64256570600003, 4.418231680854875], [-75.64245172099999, 4.418392037854842], [-75.64239491400002, 4.41857525185484], [-75.642429531, 4.418758395854836], [-75.64247561799999, 4.418964426854832], [-75.64260743300002, 4.4191818458548475], [-75.64277900600001, 4.41926757885484], [-75.64296188200001, 4.419284616854849], [-75.64318469199998, 4.419267280854807], [-75.64352736900003, 4.4191811648548365], [-75.64381866399998, 4.419117983854861], [-75.644075768, 4.419106344854823], [-75.64433864900002, 4.419129046854849], [-75.644527208, 4.419128906854858], [-75.64474424299999, 4.41907722885482], [-75.64497264200003, 4.418991198854843], [-75.64573218200002, 4.418767394854827], [-75.646108965, 4.4185839448548725], [-75.64642297799998, 4.418446331854827], [-75.646948082, 4.418131115854852], [-75.64708495500003, 4.41798791285486], [-75.647210325, 4.417804647854895], [-75.64737540099998, 4.417461078854915], [-75.64758604999997, 4.41704306385489], [-75.64777393999998, 4.416676581854897], [-75.64795641799998, 4.416476102854904], [-75.64809914, 4.416407306854908], [-75.648287718, 4.416418613854929], [-75.64842495599999, 4.416475750854932], [-75.64845385000001, 4.416653175854929], [-75.648454447, 4.4169794498548915], [-75.648426411, 4.417271398854913], [-75.64834146700002, 4.41768932085489], [-75.648267584, 4.417906890854851], [-75.648216682, 4.418193133854839], [-75.64825714099999, 4.418444962854869], [-75.64831440500001, 4.418513609854842], [-75.64854890599997, 4.418639364854839], [-75.64878323800002, 4.41867353385484], [-75.64905179200002, 4.418673332854861], [-75.64916031400003, 4.4186503548548615], [-75.64946863400002, 4.418524193854841], [-75.64967977600003, 4.418375208854839], [-75.649822309, 4.418203379854888], [-75.64989066599998, 4.418088846854848], [-75.649964549, 4.417871276854894], [-75.650038327, 4.4175964638548715], [-75.65012908800003, 4.417235778854905], [-75.65021437799999, 4.417006749854888], [-75.65045873399998, 4.416273882854901], [-75.65054976900001, 4.416062022854933], [-75.65066925500003, 4.415787176854974], [-75.65080025600003, 4.415558114854961], [-75.65094283000002, 4.415409180854926], [-75.65111405800002, 4.415306018854977], [-75.65126830100002, 4.415288729854946], [-75.65139975199997, 4.415305802854984], [-75.65150848299999, 4.415397306854933], [-75.65160033699999, 4.415631925854954], [-75.65161213200003, 4.415832260854934], [-75.65160680700001, 4.416044055854914], [-75.65160722600001, 4.416273018854941], [-75.65159065099999, 4.416582132854938], [-75.651585388, 4.416828272854928], [-75.65155749000002, 4.417194636854922], [-75.65150650599998, 4.41743508685489], [-75.65143840100001, 4.417686998854897], [-75.65135893000001, 4.417973263854882], [-75.65129652799999, 4.418219446854873], [-75.65119981100003, 4.418448481854835], [-75.65115444499997, 4.418637412854853], [-75.65115473999998, 4.418797686854841], [-75.65122937699999, 4.418992248854826], [-75.651309529, 4.419078051854816], [-75.651498247, 4.419163769854846], [-75.65165828699998, 4.41919227085482], [-75.651732632, 4.419226559854861], [-75.651835661, 4.419323791854831], [-75.651875931, 4.4194725878548455], [-75.651858946, 4.419558462854811], [-75.651779057, 4.419615762854844], [-75.65164201699997, 4.419667381854815], [-75.65150495500001, 4.419707554854822], [-75.65140214799999, 4.419730526854826], [-75.65120797999998, 4.419787913854795], [-75.65088821900002, 4.419908359854836], [-75.650648413, 4.4200058498548], [-75.65036874499998, 4.420177782854788], [-75.65016328500002, 4.420309590854775], [-75.64984372499998, 4.420538792854783], [-75.64959843399998, 4.420762217854778], [-75.64943322300002, 4.4210313728547765], [-75.64933087499998, 4.421306205854765], [-75.64925124500002, 4.421506607854772], [-75.64914305799999, 4.421712756854775], [-75.64902906100002, 4.421867391854766], [-75.648892085, 4.42195335585476], [-75.64868080399998, 4.422027925854735], [-75.64846388400002, 4.422142568854754], [-75.648178492, 4.422308781854751], [-75.64787027400001, 4.4224921828546995], [-75.647516355, 4.4226813398547185], [-75.64713951800002, 4.422836171854735], [-75.64683111199997, 4.42291653685471], [-75.64652839799999, 4.422985451854689], [-75.64617991099999, 4.4230200548547005], [-75.64587142200003, 4.423054628854682], [-75.64540875, 4.423140832854693], [-75.64508306599998, 4.423146797854713], [-75.64448308300001, 4.4231357948547165], [-75.64403170399999, 4.423147576854714], [-75.64368325700002, 4.423205075854692], [-75.643243515, 4.423331328854707], [-75.64299225799999, 4.4234173758546715], [-75.64247272799997, 4.423658169854696], [-75.642233035, 4.423818620854694], [-75.64205632, 4.4240477138546614], [-75.64182832300003, 4.424356981854673], [-75.64156598199997, 4.424631929854631], [-75.641303714, 4.424946947854656], [-75.64100727499999, 4.4253249538546555], [-75.64089309899998, 4.425382277854604], [-75.64065322900001, 4.425445418854658], [-75.64037906300001, 4.425502860854618], [-75.64015627200001, 4.425531643854613], [-75.639767786, 4.425566273854628], [-75.63952781199998, 4.42557217385465], [-75.639253521, 4.425560926854615], [-75.63901347400002, 4.425526758854605], [-75.63883051599998, 4.425463926854642], [-75.63866458199999, 4.42533811885464], [-75.63847557700001, 4.42509212185467], [-75.63838370799999, 4.424846054854636], [-75.63834331599998, 4.424628569854644], [-75.638308639, 4.424411080854682], [-75.63829676400002, 4.424164955854698], [-75.63829054299998, 4.423884479854706], [-75.638290273, 4.42373565385467], [-75.63831834400003, 4.423460879854691], [-75.63831808499998, 4.423317778854705], [-75.63824340000002, 4.4230945948547165], [-75.63816893199999, 4.422991615854697], [-75.63806022300002, 4.422911557854718], [-75.63778023100002, 4.422906039854704], [-75.63760892699997, 4.422969127854683], [-75.63734635700001, 4.423118146854733], [-75.637180881, 4.423244196854674], [-75.63699276900002, 4.423490468854695], [-75.63686748700002, 4.423725245854688], [-75.63671378100003, 4.424040181854672], [-75.63654869999999, 4.424383745854651], [-75.63644646, 4.42472153885467], [-75.63639572900001, 4.425105087854648], [-75.63640208499999, 4.425459974854654], [-75.63642551999999, 4.425780505854637], [-75.63651210900002, 4.426266986854619], [-75.63659262200002, 4.426553130854591], [-75.63671319500003, 4.426873591854575], [-75.63685108499999, 4.427291346854563], [-75.637046199, 4.427754852854561], [-75.63723554500001, 4.428189743854548], [-75.63741912699999, 4.428596017854532], [-75.637642572, 4.428927850854546], [-75.63794055800003, 4.429402729854493], [-75.63821035699999, 4.430089420854471], [-75.638359718, 4.430530065854483], [-75.63848035199999, 4.430884869854455], [-75.63858941699999, 4.431159545854447], [-75.63877316399999, 4.4316574048544375], [-75.63888821, 4.4320809008544195], [-75.63888880100001, 4.432407171854418], [-75.63884351299998, 4.432641892854376], [-75.63874110799998, 4.432888100854387], [-75.63864424899998, 4.433042720854381], [-75.63857013299997, 4.433134360854363], [-75.63825051200001, 4.433334935854365], [-75.638073534, 4.433420924854379], [-75.63793650100001, 4.43347826485439], [-75.63763373199998, 4.433518553854355], [-75.63730803499999, 4.433518790854349], [-75.63707373, 4.433501786854378], [-75.63684513999999, 4.433484781854359], [-75.636530838, 4.433467835854344], [-75.636216725, 4.433553925854366], [-75.63598268800001, 4.433685748854372], [-75.63589722699999, 4.433823187854378], [-75.63585183499998, 4.434000666854374], [-75.63589218499999, 4.434195254854361], [-75.63596103200001, 4.434349753854318], [-75.63609280399999, 4.4345442768543215], [-75.636247454, 4.434750230854336], [-75.636424949, 4.434950444854347], [-75.63655668199999, 4.435122071854325], [-75.63676866899999, 4.435436739854305], [-75.63692910399999, 4.4356827578542815], [-75.63715266399998, 4.436077556854261], [-75.63731328799997, 4.436426608854296], [-75.63739958600002, 4.436752816854277], [-75.63742299900002, 4.437061898854269], [-75.63737782599998, 4.437359582854229], [-75.63730956699999, 4.437531353854224], [-75.63717271000002, 4.437686001854252], [-75.63705286999999, 4.43777194985424], [-75.63676737700001, 4.4378866368542464], [-75.63658461, 4.43793256285423], [-75.63632768600002, 4.438047227854235], [-75.63609359600002, 4.43815043085421], [-75.63575093999998, 4.438253711854221], [-75.63544259000003, 4.438368414854219], [-75.63503136600002, 4.438471743854228], [-75.63476295100003, 4.438552073854173], [-75.63462029599998, 4.43866093385418], [-75.63457480099999, 4.438781171854202], [-75.63451792900003, 4.438930038854201], [-75.63448959599998, 4.439061711854198], [-75.63444415200001, 4.439210568854192], [-75.63427361700002, 4.439702960854191], [-75.63419991199999, 4.440023559854141], [-75.63414884500003, 4.440223938854166], [-75.63413231099997, 4.44056166985416], [-75.63421258599999, 4.440716161854134], [-75.634321349, 4.440824839854131], [-75.63449880299999, 4.441002158854112], [-75.63469918599998, 4.44121952785409], [-75.63490538600001, 4.441494134854136], [-75.63514025900002, 4.441825960854105], [-75.63525509800002, 4.442134976854111], [-75.63528984499999, 4.442392533854099], [-75.635267392, 4.442615787854082], [-75.63523930500003, 4.442884838854054], [-75.63519973899997, 4.443125276854032], [-75.63514886899998, 4.4434344128540175], [-75.63508098, 4.443812248854055], [-75.63495598100002, 4.444207297854001], [-75.63487076400003, 4.444482113853987], [-75.63470565400002, 4.4448142268539925], [-75.634648884, 4.445020332853996], [-75.63463223600002, 4.445295098854003], [-75.63466112600003, 4.44547252485399], [-75.63466136199997, 4.445604176853977], [-75.63458753200001, 4.445856088853984], [-75.63451360900001, 4.446056484853943], [-75.63442839300001, 4.446331298853959], [-75.634434435, 4.44651446385396], [-75.63446906899998, 4.446709057853948], [-75.63457795599999, 4.446886424853936], [-75.634663945, 4.447040912853949], [-75.63469849699999, 4.447189712853926], [-75.63467022399999, 4.447355729853939], [-75.63461328900001, 4.447470252853916], [-75.634550569, 4.447544708853913], [-75.6344479, 4.447647816853923], [-75.63434520999999, 4.4477394748539], [-75.63427682700001, 4.447842555853912], [-75.63420856699997, 4.448014327853891], [-75.634220303, 4.448186040853874], [-75.634272028, 4.44835199985388], [-75.63434084400001, 4.448489328853864], [-75.63440399799998, 4.448655280853884], [-75.63441059500002, 4.449147544853876], [-75.63434805899999, 4.449325033853873], [-75.63425123799999, 4.449502548853837], [-75.63404602399999, 4.449777449853833], [-75.63377783099997, 4.449983706853831], [-75.633509462, 4.450092655853809], [-75.63313823099998, 4.450195952853816], [-75.632875249, 4.450121727853831], [-75.63265208000001, 4.449944441853836], [-75.632583275, 4.449812836853862], [-75.63246863299997, 4.449612576853827], [-75.632262433, 4.449337969853839], [-75.632090651, 4.449137750853878], [-75.63193607300002, 4.44897186385385], [-75.63183307499997, 4.448891799853881], [-75.631512902, 4.448788995853887], [-75.63126129699998, 4.44868614185386], [-75.63090110399997, 4.4485719178539025], [-75.63068390699999, 4.448537727853896], [-75.63042672199998, 4.448509289853878], [-75.63010096699998, 4.448480900853863], [-75.629815243, 4.448469654853876], [-75.62959803500001, 4.448429741853851], [-75.629374961, 4.448303969853866], [-75.62928336200002, 4.448206726853904], [-75.62920886299997, 4.448086574853884], [-75.62905401900002, 4.447771861853921], [-75.62894501099998, 4.447525805853895], [-75.62879611800003, 4.447342742853897], [-75.62859585899997, 4.4471940598539375], [-75.62846429199999, 4.447114015853925], [-75.62825846200002, 4.447045473853922], [-75.62809257100002, 4.446942557853917], [-75.62797231899998, 4.44679954285393], [-75.627926247, 4.446599233853958], [-75.62791451300001, 4.446427521853966], [-75.62785696200001, 4.446198600853945], [-75.62771939499999, 4.445958288853936], [-75.62757062499998, 4.44584391285394], [-75.62734195000002, 4.44578111085394], [-75.62701619699999, 4.445752719853943], [-75.62685042800001, 4.445718493853971], [-75.626650262, 4.445621326853999], [-75.62657006199998, 4.445506902853998], [-75.626426605, 4.445169284854003], [-75.62638050499999, 4.444951805854], [-75.62633433100001, 4.444694256853979], [-75.626116615, 4.444368140853994], [-75.625973477, 4.444207969853996], [-75.62575032299998, 4.444036404854041], [-75.62560152200001, 4.443904857854023], [-75.62550973999998, 4.443704581854042], [-75.62544640499999, 4.443435596854066], [-75.62534876500001, 4.443155188854032], [-75.625205526, 4.442937776854057], [-75.625011003, 4.442800536854046], [-75.624839511, 4.442760589854042], [-75.62464521300001, 4.442749278854063], [-75.62443952000001, 4.442755147854068], [-75.624245314, 4.44279535285407], [-75.62395413299998, 4.442927210854037], [-75.62383430099999, 4.443018878854084], [-75.62369191099998, 4.443276559854065], [-75.62360672199998, 4.443568545854034], [-75.62355002100003, 4.443814716854041], [-75.62349328800002, 4.444043718854003], [-75.62341938399999, 4.444255557854025], [-75.62322581000001, 4.444650652854001], [-75.623089112, 4.444896881854021], [-75.62288966099999, 4.44520039385397], [-75.62276422899998, 4.44535503185399], [-75.62255897199998, 4.445607031853972], [-75.62248505500003, 4.445813147853982], [-75.62251970699998, 4.446019189853972], [-75.622588592, 4.446196585853941], [-75.62277788099999, 4.446602857853946], [-75.62293820999997, 4.446791637853912], [-75.623235717, 4.44700321785395], [-75.623481647, 4.447128973853935], [-75.623847571, 4.447254645853893], [-75.62418482300001, 4.447323097853941], [-75.624390672, 4.447403090853926], [-75.62453935000002, 4.447465949853892], [-75.62465394899999, 4.447643313853907], [-75.62465422399998, 4.447797861853917], [-75.62458021700002, 4.447952462853874], [-75.62447753800001, 4.4480498438539176], [-75.624340502, 4.4481071808539046], [-75.62422063999998, 4.448181675853878], [-75.62403804399997, 4.448324903853886], [-75.62394117000002, 4.448473796853899], [-75.62378187000002, 4.448863142853847], [-75.62365101699999, 4.4491837798538505], [-75.62359988600002, 4.449349812853879], [-75.623491919, 4.449687604853844], [-75.623429493, 4.449928056853857], [-75.62341279999998, 4.450179925853802], [-75.623418963, 4.450431778853799], [-75.62343677799998, 4.450809550853828], [-75.623483244, 4.4512330968537865], [-75.62352947699998, 4.451524989853777], [-75.623558629, 4.451851237853787], [-75.623564923, 4.452177501853743], [-75.623536882, 4.452475171853739], [-75.62346347599998, 4.4529674888537345], [-75.62337262, 4.4532880968537105], [-75.62324771300001, 4.4537403828537325], [-75.62309988099997, 4.454152614853692], [-75.62291778299999, 4.454576318853694], [-75.62282668199998, 4.454759550853668], [-75.62255327899999, 4.455252006853669], [-75.62238222299999, 4.455458189853654], [-75.62223399099997, 4.455647186853657], [-75.62198889400003, 4.455990797853654], [-75.62177223499998, 4.456259976853629], [-75.62153294199999, 4.456655099853587], [-75.621321997, 4.456924275853595], [-75.62113970399997, 4.4572392228535795], [-75.62100876599999, 4.457514066853565], [-75.62091794000003, 4.457851845853553], [-75.62089550899998, 4.458092270853568], [-75.620918722, 4.458292594853549], [-75.62098188300001, 4.458464271853568], [-75.621182181, 4.458635852853526], [-75.621388104, 4.458755914853529], [-75.62155966099999, 4.458830206853551], [-75.62194283399998, 4.459013109853532], [-75.622251672, 4.459167443853536], [-75.62284645099999, 4.45945323185351], [-75.62322390000003, 4.459630414853509], [-75.623595647, 4.459813324853536], [-75.62373293899998, 4.459899088853482], [-75.62405911399998, 4.460162166853513], [-75.62428245500001, 4.460436763853504], [-75.62442581800002, 4.460722866853498], [-75.624534632, 4.460860167853486], [-75.62479782899999, 4.461054598853497], [-75.62519839200002, 4.461374865853491], [-75.62546165999998, 4.461609367853433], [-75.62565049300002, 4.461758059853473], [-75.626096566, 4.46196381485343], [-75.62630235799998, 4.462009462853452], [-75.626502405, 4.462037942853422], [-75.62684528599999, 4.462054875853462], [-75.62698242599998, 4.462054779853453], [-75.62725677899999, 4.462094657853449], [-75.62748547899997, 4.462168909853437], [-75.627731402, 4.462288940853427], [-75.62796596099997, 4.462443326853441], [-75.62824631299998, 4.462643469853407], [-75.62843516599997, 4.462803610853439], [-75.628755722, 4.4631182078534275], [-75.629007494, 4.463312647853397], [-75.62933357100002, 4.463518484853399], [-75.62952248599998, 4.463712969853399], [-75.629700087, 4.463970425853375], [-75.62983210499999, 4.464302326853347], [-75.62986671800002, 4.46448547285338], [-75.62988444199999, 4.4648117298533565], [-75.62996528899998, 4.465286767853331], [-75.63004597100002, 4.465670220853299], [-75.63010394999998, 4.466139550853331], [-75.630173593, 4.466740526853301], [-75.63022002100001, 4.4671411758532615], [-75.63015809299998, 4.467662106853278], [-75.63005561300002, 4.467873968853224], [-75.62998147100001, 4.4679541578532405], [-75.62983308499997, 4.46805729285325], [-75.62964459699998, 4.468103217853253], [-75.62942750600001, 4.468131990853245], [-75.62907325399999, 4.468149410853252], [-75.62869615599999, 4.468172570853265], [-75.628416158, 4.468172764853259], [-75.62806747799999, 4.46811004385325], [-75.62782725599999, 4.467984282853261], [-75.62760412699998, 4.467829890853256], [-75.62727236500001, 4.467641228853236], [-75.626912247, 4.4675727908532705], [-75.626598065, 4.467630250853256], [-75.62626691499997, 4.467785029853268], [-75.62606153899998, 4.467974065853257], [-75.625793316, 4.468168867853259], [-75.62562197, 4.46821477985322], [-75.6254333, 4.468157670853212], [-75.62515293500002, 4.467951799853223], [-75.62486098300002, 4.4676543538532405], [-75.62466061800001, 4.467448427853268], [-75.62436873600001, 4.4671910498532625], [-75.62394516400002, 4.466784937853271], [-75.62365317000001, 4.46646459585327], [-75.62332124800002, 4.466184349853296], [-75.62294371500002, 4.4659613728533385], [-75.62266921899999, 4.465841357853289], [-75.622274737, 4.465727150853327], [-75.62202897600002, 4.465698700853325], [-75.62191470099998, 4.4657045028533044], [-75.62181184600001, 4.46570457385329], [-75.62157762499999, 4.465739079853305], [-75.62124066000001, 4.465836621853298], [-75.62094929599999, 4.465871166853303], [-75.62064639300002, 4.465842754853296], [-75.620463417, 4.465774192853329], [-75.62034902200003, 4.465711306853308], [-75.62025748399998, 4.465648406853324], [-75.62016589400002, 4.465556884853339], [-75.62007418299999, 4.4653966758533405], [-75.61999931100002, 4.465064735853326], [-75.61990190699998, 4.464915977853363], [-75.61971884000002, 4.464795898853375], [-75.61961590300001, 4.464750178853369], [-75.619524447, 4.464733069853377], [-75.61943870200002, 4.464715955853369], [-75.61934146099998, 4.464658782853356], [-75.61927269900002, 4.464550073853346], [-75.61920381300001, 4.464372676853331], [-75.61900322999998, 4.464040821853389], [-75.61884882700002, 4.463972240853397], [-75.61860883100002, 4.463972404853368], [-75.61836886600003, 4.463989742853385], [-75.618065973, 4.463967054853388], [-75.61759146499998, 4.4638357278533745], [-75.617431296, 4.463738529853384], [-75.61729961700001, 4.4635955198534], [-75.61722481700002, 4.46330364585339], [-75.61721295500001, 4.463057522853376], [-75.61726968099998, 4.462822799853436], [-75.617326429, 4.4625995238534015], [-75.617457247, 4.4622559948534475], [-75.61759374899998, 4.461895288853425], [-75.61771884299998, 4.461546038853436], [-75.61786120099998, 4.46126546485346], [-75.61800917099998, 4.460927646853477], [-75.61821409100003, 4.460481032853498], [-75.61829938800003, 4.460246290853472], [-75.618407391, 4.4599256718535045], [-75.61848124900001, 4.459685212853515], [-75.61855510599997, 4.459444753853523], [-75.61862314899997, 4.45914705785352], [-75.618616928, 4.45886086085355], [-75.618564934, 4.458540352853542], [-75.618535958, 4.4583114118535585], [-75.61835812100003, 4.457916578853599], [-75.618266511, 4.4578136098535905], [-75.61814062899998, 4.4577163888535605], [-75.61801470400002, 4.457596270853583], [-75.61786007900002, 4.457401761853609], [-75.61770551400002, 4.45724159585361], [-75.61764244699998, 4.457121434853576], [-75.61750447700001, 4.456652161853622], [-75.61745263400002, 4.456417513853631], [-75.61744089199999, 4.456240077853637], [-75.61744056700002, 4.456056908853616], [-75.61748018999998, 4.455845094853611], [-75.61755419000002, 4.455684770853633], [-75.61763963800001, 4.455535887853633], [-75.61776503499999, 4.455358357853665], [-75.617901818, 4.455157921853672], [-75.61800440899998, 4.45500902785367], [-75.61815259000002, 4.4547914138536715], [-75.618215212, 4.454659717853693], [-75.61832908899999, 4.454430678853665], [-75.618431649, 4.45426461185366], [-75.618517107, 4.454121452853724], [-75.61864841800002, 4.4540583968536795], [-75.61878548599998, 4.4540182348536765], [-75.61888256499998, 4.4539838238536795], [-75.61903115199999, 4.453995168853702], [-75.61932283499999, 4.454143791853719], [-75.61955151000001, 4.454206597853674], [-75.61967149600002, 4.454200789853711], [-75.619871461, 4.454183479853681], [-75.62006569900001, 4.454160447853679], [-75.62029419200002, 4.4541202218536675], [-75.62051128799999, 4.454097175853703], [-75.62065980400001, 4.454068451853699], [-75.62074545399997, 4.4540340478536775], [-75.62089381800001, 4.453919465853706], [-75.62097929599997, 4.453787753853729], [-75.62101912100002, 4.453690417853716], [-75.62107604900001, 4.453570174853696], [-75.62112708000001, 4.45334690185374], [-75.621131929, 4.452860357853748], [-75.621114562, 4.452734441853751], [-75.62110291099998, 4.452608520853744], [-75.62106833000001, 4.452442547853778], [-75.62100515999998, 4.452265146853745], [-75.62096484699998, 4.452087730853774], [-75.62091296300002, 4.451830186853756], [-75.620843885, 4.451544033853769], [-75.620809275, 4.451360889853775], [-75.620774573, 4.451126229853792], [-75.62073421899998, 4.450925917853801], [-75.620585124, 4.450628372853782], [-75.620522015, 4.450485315853837], [-75.620373083, 4.450279354853839], [-75.62022426300001, 4.450136356853847], [-75.620081228, 4.450033424853847], [-75.61992679500003, 4.449947671853839], [-75.61983528899998, 4.449901942853819], [-75.61972087599997, 4.449827610853825], [-75.61965790800002, 4.449764689853833], [-75.619583422, 4.449650261853817], [-75.61951455899998, 4.449484313853861], [-75.61943433800002, 4.449358440853864], [-75.61927414000002, 4.449244071853855], [-75.619142565, 4.449158303853836], [-75.61889095200002, 4.449049721853844], [-75.61874226600003, 4.448981137853885], [-75.61858215000001, 4.448912559853861], [-75.61846188099997, 4.448758094853888], [-75.61841026100001, 4.448649374853871], [-75.61841571999997, 4.448506269853875], [-75.61847267799999, 4.448403199853859], [-75.61855252200002, 4.448317282853881], [-75.61864378500002, 4.44822563485386], [-75.618757792, 4.448071008853881], [-75.61886037, 4.447916388853896], [-75.61889434900002, 4.447744644853906], [-75.61893973600002, 4.447561445853918], [-75.61899072599999, 4.447315277853938], [-75.61903608300003, 4.447114905853952], [-75.619127101, 4.446885882853925], [-75.619224057, 4.44678278185395], [-75.619355358, 4.446714002853945], [-75.619509585, 4.446685275853923], [-75.61978947199998, 4.44662784085395], [-75.62000661600001, 4.446633413853958], [-75.620195148, 4.4466161098539185], [-75.62034362399999, 4.446564490853946], [-75.62046344499998, 4.446467097853977], [-75.620509035, 4.446398378853962], [-75.620526025, 4.446312506853969], [-75.62055996200002, 4.446117866853948], [-75.62055980999997, 4.446032006853941], [-75.62057647300003, 4.445762966853972], [-75.62058198400001, 4.445648480853952], [-75.620553046, 4.445442438853957], [-75.62052968199998, 4.445156253853968], [-75.62051207100001, 4.444892960853985], [-75.62042005500001, 4.444561032854016], [-75.62033960100001, 4.444303507854032], [-75.62023616800002, 4.4439773108540495], [-75.62012727500002, 4.443794218854016], [-75.62005847199998, 4.443662614854032], [-75.61998395699999, 4.443531014854057], [-75.61990336899999, 4.4431990788540645], [-75.61990305400002, 4.443021633854051], [-75.61991414599999, 4.442832732854054], [-75.61993672699998, 4.4426781698540925], [-75.61995946000002, 4.44260946585409], [-75.619959257, 4.442494985854055], [-75.61994191100001, 4.442380516854087], [-75.61991883000002, 4.4422546038541055], [-75.61956338099998, 4.441590867854097], [-75.61944878499997, 4.441413502854084], [-75.61935696299997, 4.4411903308540905], [-75.61933361799998, 4.440915594854102], [-75.61935030199999, 4.440658002854147], [-75.619344109, 4.440388978854124], [-75.61932101899998, 4.440257342854132], [-75.61921795299997, 4.440137209854138], [-75.61913213100001, 4.440074305854138], [-75.61900628000001, 4.439994257854168], [-75.61884613699999, 4.439908509854162], [-75.61861178100003, 4.439862880854171], [-75.61842898399999, 4.4398916278541565], [-75.618200527, 4.4399490278541585], [-75.61807486999999, 4.439977734854171], [-75.61786923699998, 4.440017946854156], [-75.617560519, 4.4399265768541545], [-75.61741746500002, 4.439812196854144], [-75.61725149699998, 4.439663487854175], [-75.61715417599999, 4.439560523854167], [-75.61698825600001, 4.439440435854154], [-75.61674798299998, 4.439280330854197], [-75.61662793900001, 4.439251793854151], [-75.61641652200001, 4.439251939854196], [-75.616267978, 4.43926349185419], [-75.61604519399998, 4.439297990854168], [-75.61581089100002, 4.439280981854192], [-75.61558219900002, 4.439206727854167], [-75.61539335499998, 4.439046586854191], [-75.61505011899999, 4.438823587854183], [-75.614907168, 4.438766447854224], [-75.614621398, 4.43872657685421], [-75.61446711100001, 4.438720960854199], [-75.614352871, 4.438743935854179], [-75.61403884700002, 4.4388815298542], [-75.61366218199998, 4.4391393688541605], [-75.61349673000001, 4.439282583854186], [-75.61338271400001, 4.439431486854149], [-75.61334858200001, 4.439517370854191], [-75.61330887899999, 4.439683392854164], [-75.613309082, 4.439797873854185], [-75.61331492699998, 4.439872280854178], [-75.613349475, 4.440021080854152], [-75.61338402299998, 4.440169881854168], [-75.61344730299999, 4.440410244854156], [-75.61351627599998, 4.440639157854144], [-75.613550814, 4.440782233854109], [-75.61363145899998, 4.44114851385414], [-75.61373506000001, 4.441572017854094], [-75.61376404599997, 4.441806681854091], [-75.61374731000001, 4.442035652854089], [-75.613667588, 4.442190256854077], [-75.613605027, 4.4423562958540925], [-75.61351968299999, 4.442562418854084], [-75.61346281599998, 4.442717005854071], [-75.61337197, 4.44304333585407], [-75.613201704, 4.443695988854028], [-75.613162031, 4.443879183854059], [-75.61305414399999, 4.444262765854026], [-75.61292919499999, 4.444692150854026], [-75.612673422, 4.445459342853957], [-75.61257138799999, 4.445923056853983], [-75.61236702899998, 4.446684487853953], [-75.612270599, 4.447085232853919], [-75.61219115900002, 4.447400107853925], [-75.61215136300001, 4.447514614853897], [-75.61195201800001, 4.447881086853884], [-75.61159906300003, 4.448625447853848], [-75.61143396300002, 4.448968999853844], [-75.61130878900002, 4.449272456853858], [-75.61112682700002, 4.449776290853816], [-75.61103585799998, 4.4500339338538035], [-75.61091065400001, 4.45032021885381], [-75.61079669499998, 4.450503463853821], [-75.61069981999998, 4.450652353853809], [-75.61050024100001, 4.45088717285381], [-75.61029501899998, 4.451162064853801], [-75.61016396899998, 4.451373941853765], [-75.60986805900001, 4.452066744853792], [-75.60979991300002, 4.452307198853772], [-75.609748749, 4.452456056853757], [-75.60970906300003, 4.452633528853771], [-75.60964091800003, 4.452873981853764], [-75.60952724100002, 4.453217496853747], [-75.609453341, 4.453435058853735], [-75.60941354300002, 4.453549566853695], [-75.60937382700001, 4.453709865853707], [-75.60925424499999, 4.453944628853679], [-75.60917446899998, 4.454070611853712], [-75.60877551099998, 4.454654727853661], [-75.60863870700001, 4.4548437118536865], [-75.60845065400002, 4.455135762853654], [-75.608268458, 4.455507944853675], [-75.608160645, 4.455937315853654], [-75.60810960100002, 4.456154861853633], [-75.60791048200002, 4.4566529838536315], [-75.607631196, 4.457053850853606], [-75.606958722, 4.4580731708535914], [-75.60689603700001, 4.458170521853551], [-75.60679382500001, 4.458536924853525], [-75.60669722799997, 4.458846084853548], [-75.60653789600002, 4.459223974853514], [-75.60628142399997, 4.459601929853537], [-75.606099024, 4.459859629853492], [-75.605950968, 4.460151652853521], [-75.60556947700002, 4.460924645853494], [-75.60538151200001, 4.4612682108534685], [-75.60524502499999, 4.46164035985344], [-75.60515400899999, 4.461875103853448], [-75.60506312500002, 4.462184258853458], [-75.60496649599997, 4.462476245853419], [-75.60488694899999, 4.462733877853411], [-75.60483024899997, 4.462985769853395], [-75.6047906, 4.463186135853391], [-75.60474531800003, 4.463432297853377], [-75.60471151299998, 4.463707070853366], [-75.60462115899998, 4.464319595853357], [-75.60457000100001, 4.46447417685336], [-75.60445613899998, 4.464714658853327], [-75.60434790099998, 4.464903622853341], [-75.60422812500002, 4.465029629853341], [-75.60399988799998, 4.465218673853359], [-75.60384574699998, 4.465298912853356], [-75.60367437299999, 4.465327644853332], [-75.60350872200002, 4.465362098853331], [-75.60252619800002, 4.46554019685332], [-75.601463007, 4.465334837853323], [-75.60112589300002, 4.465346509853343], [-75.60092597800002, 4.465392433853355], [-75.60073770000002, 4.465558553853303], [-75.600566764, 4.4658391418533085], [-75.60049278000002, 4.466010908853285], [-75.600470282, 4.466216985853307], [-75.60047045200002, 4.466314293853271], [-75.60048218999998, 4.4664917288532795], [-75.60056276699999, 4.466823664853275], [-75.60058038800003, 4.467098403853282], [-75.60056348299997, 4.4672357888532375], [-75.60046667300003, 4.467424743853289], [-75.600386834, 4.467516378853278], [-75.60024999299998, 4.467688188853256], [-75.60015883699998, 4.46784279585326], [-75.60011342199999, 4.468014543853272], [-75.600102343, 4.468214890853235], [-75.60011410999999, 4.46840949785326], [-75.600188753, 4.468615510853219], [-75.60025749200003, 4.468712772853217], [-75.60042919699998, 4.4688729308532364], [-75.600566405, 4.468912907853203], [-75.60073794099998, 4.468975757853213], [-75.60099515799999, 4.4690213788532365], [-75.60110372700001, 4.469021307853192], [-75.60138372199998, 4.469021122853215], [-75.60168083000002, 4.4690037548532295], [-75.601875071, 4.468980729853214], [-75.60219500400001, 4.468946173853208], [-75.602469256, 4.4689288208532325], [-75.60272634299997, 4.468900030853191], [-75.602977727, 4.468876968853221], [-75.603286293, 4.4688767638532285], [-75.60364059099999, 4.468887975853234], [-75.60389207600002, 4.468922151853214], [-75.604057866, 4.468967833853224], [-75.60436083799999, 4.469036319853196], [-75.604658105, 4.469110534853236], [-75.604886782, 4.4691733458531955], [-75.605184071, 4.469259006853208], [-75.60538992099998, 4.4693390048531985], [-75.60560724999999, 4.469447614853176], [-75.605767388, 4.469527644853219], [-75.60603637399998, 4.469767872853204], [-75.60612236899999, 4.469928085853164], [-75.60616839199997, 4.470105498853176], [-75.606169023, 4.470466108853131], [-75.60612942400002, 4.470695094853153], [-75.60607820500002, 4.470815330853133], [-75.60597555099997, 4.470929879853175], [-75.60579291599998, 4.471055927853139], [-75.605610232, 4.471153357853121], [-75.60531326400002, 4.47125086285316], [-75.60503335700002, 4.471302564853104], [-75.60482769599997, 4.471331320853112], [-75.604416404, 4.4714060068531145], [-75.60422221099998, 4.471457650853109], [-75.60399946799998, 4.471520762853126], [-75.60364533699999, 4.471606856853108], [-75.603382554, 4.471647098853126], [-75.60309121900002, 4.471698806853121], [-75.60272562099999, 4.471762013853098], [-75.602337224, 4.471859577853142], [-75.60193751100002, 4.47202011185311], [-75.60174908099998, 4.47210037185311], [-75.60158929300002, 4.4722206808531135], [-75.60141820500002, 4.472415409853102], [-75.60133842699997, 4.47254138885311], [-75.601253171, 4.4728047478530755], [-75.601259255, 4.473016528853083], [-75.60128797599998, 4.473102370853061], [-75.601362489, 4.473233972853068], [-75.60148839200002, 4.473342644853077], [-75.60164850799998, 4.473411226853057], [-75.60185437000001, 4.47349694985309], [-75.60284305800002, 4.473570707853077], [-75.60308301399999, 4.47354765485307], [-75.60334009399998, 4.473513139853085], [-75.60348290899998, 4.4734901498530375], [-75.60378574200001, 4.473478500853057], [-75.60404855600001, 4.473455430853059], [-75.60447699399998, 4.47338073585309], [-75.604842593, 4.473317529853045], [-75.60519116, 4.473317297853051], [-75.60547115600002, 4.473317111853089], [-75.605648347, 4.473345613853053], [-75.605831282, 4.47339128285308], [-75.605985686, 4.473459869853061], [-75.60623168699999, 4.473625700853063], [-75.60640917900002, 4.473825921853054], [-75.60644937799998, 4.4739403738530426], [-75.60648421299999, 4.474255168853042], [-75.606473155, 4.4744669638530175], [-75.60642764099998, 4.4745814728530275], [-75.60633641300001, 4.474696013853048], [-75.60624514599999, 4.474787658853037], [-75.60605680600003, 4.4749194338530325], [-75.60585129399999, 4.475034050853038], [-75.60570849800001, 4.475068489853022], [-75.60546285700002, 4.47510872085304], [-75.605280021, 4.4751202888530335], [-75.60496010399999, 4.47516629285298], [-75.60469733899998, 4.475217982853006], [-75.604251809, 4.475321310853018], [-75.60384054399998, 4.475413164853024], [-75.60360634, 4.475459111853008], [-75.60320076, 4.475533792853008], [-75.60288652700001, 4.475562618853013], [-75.60254943799998, 4.475591462852995], [-75.60224654400002, 4.475568766853025], [-75.60183517000002, 4.475597656852979], [-75.60157805, 4.475609273853016], [-75.60121235899999, 4.4756209628529735], [-75.60065802899999, 4.475592707853018], [-75.60044098899999, 4.475650089852986]]]}, "properties": {"OBJECTID": 456, "DXF_TEXT": "Ri1", "COD": "Ri1", "SHAPE.AREA": 0.00301689376820645, "SHAPE.LEN": 0.882871501442215}}, {"type": "Feature", "id": 445, "geometry": {"type": "Polygon", "coordinates": [[[-75.65241148799998, 4.481832390852802], [-75.652417947, 4.481824734852763], [-75.652668904, 4.481561243852775], [-75.65290283299998, 4.481360730852808], [-75.65304546499999, 4.481234696852805], [-75.65314818899998, 4.481160209852797], [-75.65347917999998, 4.480913831852819], [-75.65356479299999, 4.480856529852806], [-75.653987336, 4.480678774852831], [-75.65410724499998, 4.480627169852824], [-75.654387106, 4.48054682985281], [-75.654609833, 4.48047225385284], [-75.65488965200001, 4.480369015852839], [-75.655220837, 4.480231395852866], [-75.65555206599998, 4.480116671852861], [-75.65590046699998, 4.4800191088528605], [-75.65630594999999, 4.479887157852857], [-75.65678583599998, 4.479818116852837], [-75.65703722699999, 4.479795036852834], [-75.657271621, 4.479852105852865], [-75.65752311799997, 4.47988626685284], [-75.657797346, 4.479851719852855], [-75.65815139900002, 4.4797198058528505], [-75.65851683, 4.479559262852863], [-75.65863103499998, 4.479513385852876], [-75.65892796600002, 4.479392961852892], [-75.659076373, 4.479301266852863], [-75.65918479099997, 4.479215325852848], [-75.65931031999997, 4.479112198852866], [-75.65948713400002, 4.478928896852891], [-75.65956694800002, 4.47882580485288], [-75.65962959900003, 4.478711276852895], [-75.65967517799999, 4.478636828852882], [-75.65973218699997, 4.4785623738528795], [-75.65973246099998, 4.478562182852903], [-75.65979485700001, 4.4784592938529055], [-75.659840218, 4.478264639852933], [-75.65985148200002, 4.478173047852886], [-75.65983983400002, 4.478052849852903], [-75.659828, 4.477829617852908], [-75.65982761499998, 4.4776178258529615], [-75.65982725999999, 4.477423206852953], [-75.65983840799998, 4.477268647852944], [-75.65986669900002, 4.477114074852913], [-75.65990042300001, 4.476804948852944], [-75.65994565900002, 4.476541606852964], [-75.65998531600002, 4.476352681852999], [-75.66010478800001, 4.476060663852966], [-75.660247271, 4.475854490852995], [-75.66039547999998, 4.475654036853023], [-75.660617935, 4.475430633853017], [-75.66073763399999, 4.475264544853023], [-75.66086307900002, 4.475115625852997], [-75.66099993199998, 4.474955248853016], [-75.66114249999998, 4.474794868853015], [-75.66129078099999, 4.474634481853027], [-75.66152455999998, 4.474353828853029], [-75.66159863799999, 4.474239290853042], [-75.66163823099998, 4.474016021853045], [-75.66162653200001, 4.473867202853053], [-75.661569095, 4.473706969853082], [-75.66152867699998, 4.473478035853086], [-75.66157978299998, 4.473300549853049], [-75.661699462, 4.473123013853081], [-75.66177931700003, 4.47304281785309], [-75.6618762, 4.472899642853086], [-75.66200721299998, 4.472670579853085], [-75.66201840000002, 4.47253891785309], [-75.662006733, 4.472407271853099], [-75.66198349899997, 4.472201220853088], [-75.66195449899999, 4.471966553853125], [-75.66194261099997, 4.471714701853112], [-75.66197076499998, 4.4714857158531505], [-75.66199911899997, 4.471365488853125], [-75.66199882500001, 4.471205213853144], [-75.66200974200001, 4.470924724853124], [-75.66197483000002, 4.4705813028531765], [-75.66192873900002, 4.470375269853142], [-75.66176823699999, 4.470100631853203], [-75.66170520200001, 4.47000336785317], [-75.66152779599997, 4.469860396853172], [-75.66139051699997, 4.4697860858531815], [-75.661110463, 4.46975767285319], [-75.66086474600002, 4.4697578548532], [-75.66068766500001, 4.469792330853195], [-75.66045915400002, 4.469826845853173], [-75.66018493899998, 4.469867117853207], [-75.65980209999998, 4.469878850853157], [-75.65956783299998, 4.469890471853156], [-75.65925926, 4.469890699853192], [-75.65903070799999, 4.4699023168531715], [-75.65871627400003, 4.469822412853159], [-75.65848179, 4.469713827853196], [-75.65832151699999, 4.469565118853171], [-75.65815533400001, 4.4693076568532035], [-75.65795446800001, 4.468832704853227], [-75.65783381099999, 4.468472174853216], [-75.65763338400001, 4.468237634853215], [-75.65738159900002, 4.468043201853231], [-75.657267241, 4.468003217853218], [-75.656970097, 4.468003435853243], [-75.65674158600001, 4.468037949853236], [-75.656404495, 4.468066817853251], [-75.656353056, 4.468061132853234], [-75.65623294099998, 4.467998254853242], [-75.65618143, 4.4679524998532685], [-75.65615836400002, 4.467838034853249], [-75.656083765, 4.467666367853231], [-75.655929157, 4.467489033853246], [-75.65579762499999, 4.4674318898532634], [-75.65563767600003, 4.467460629853262], [-75.65550635099999, 4.467517965853262], [-75.65538078100002, 4.467598195853239], [-75.65528949999998, 4.467678399853264], [-75.65515248100002, 4.467747189853264], [-75.655021073, 4.467758734853272], [-75.65495239799998, 4.467701543853273], [-75.65490651599998, 4.467609992853252], [-75.65481475399997, 4.467426889853276], [-75.65474588199999, 4.467260941853268], [-75.654637175, 4.4671866068532395], [-75.65445988699997, 4.467106600853285], [-75.65420276399999, 4.467118237853284], [-75.654071429, 4.467169850853263], [-75.65399161699997, 4.467272943853264], [-75.65391755899998, 4.467398926853234], [-75.65387229100003, 4.467645095853262], [-75.65379824399997, 4.467776804853277], [-75.65374118400001, 4.467822639853258], [-75.65359830699998, 4.46781129685327], [-75.65352399, 4.467794178853265], [-75.65338670099999, 4.467714140853245], [-75.653249453, 4.467657001853264], [-75.65311802500003, 4.467657096853227], [-75.653020965, 4.467702961853234], [-75.652969703, 4.467794583853243], [-75.65294714700002, 4.467960600853265], [-75.652987333, 4.468063604853242], [-75.65308471499998, 4.468195186853231], [-75.65321064800003, 4.468315299853206], [-75.65346293900001, 4.468790214853228], [-75.65346900600002, 4.468984829853219], [-75.65345787799998, 4.4691508368531805], [-75.65341814800001, 4.469299693853168], [-75.65337277600003, 4.469488620853174], [-75.65332181500003, 4.4697462418531675], [-75.65332786099998, 4.469929408853151], [-75.65340820300003, 4.470118244853155], [-75.65354003800002, 4.470341388853166], [-75.65361469700002, 4.470547400853139], [-75.653677846, 4.470707630853139], [-75.65371257700002, 4.470953740853165], [-75.653678448, 4.471039626853125], [-75.65358149000002, 4.471142730853127], [-75.65352439899999, 4.471171392853162], [-75.65342153099999, 4.471165744853152], [-75.65327287500003, 4.471120060853162], [-75.65291270699998, 4.47102873785312], [-75.65269547000003, 4.470977379853166], [-75.65245537599998, 4.47092603885315], [-75.652198086, 4.470846088853169], [-75.651872174, 4.470737569853136], [-75.65162052699998, 4.470617546853179], [-75.651397439, 4.47049177985314], [-75.65108281099998, 4.470303114853149], [-75.65087108199998, 4.470137269853182], [-75.65060211500003, 4.4699199498532005], [-75.650258656, 4.469588203853174], [-75.64999530199998, 4.4693136398532], [-75.64972050799997, 4.469033358853188], [-75.64942294100001, 4.4687988868532145], [-75.649171191, 4.468621623853202], [-75.64886228900002, 4.468438676853225], [-75.648433366, 4.468244369853216], [-75.64794161600003, 4.468067279853255], [-75.64672341099998, 4.46747858185327], [-75.646362925, 4.4672098128532785], [-75.64602539100002, 4.466992541853291], [-75.64546492900001, 4.4667353638532745], [-75.64509338699997, 4.466672666853301], [-75.64442535400002, 4.466970800853279], [-75.64431148199998, 4.467199845853295], [-75.64426624200001, 4.46746318585324], [-75.64427215299997, 4.46757193885324], [-75.64431821800002, 4.467766523853259], [-75.64434121900001, 4.467846643853267], [-75.64444447800003, 4.468069807853238], [-75.64457623599998, 4.468252883853215], [-75.64474802500001, 4.468453103853222], [-75.64494844900003, 4.468687645853203], [-75.64514318699997, 4.468939364853194], [-75.64529222300001, 4.469196840853185], [-75.645343879, 4.469322732853212], [-75.64534431099997, 4.469563142853214], [-75.64535048099998, 4.46981499785319], [-75.64541376, 4.470049639853192], [-75.64548830500001, 4.470192687853168], [-75.645637164, 4.470352854853154], [-75.64587757800001, 4.470581643853151], [-75.64632969799999, 4.47096483085315], [-75.646816054, 4.471319371853119], [-75.64709639699998, 4.471508064853154], [-75.64734817599998, 4.471702500853104], [-75.64770301200002, 4.472005620853107], [-75.647920495, 4.472194357853129], [-75.64804648, 4.4723430938530955], [-75.648201159, 4.472560494853074], [-75.64841334300002, 4.4729781998530775], [-75.648528032, 4.473201355853077], [-75.64861407799998, 4.473384463853057], [-75.64862590000001, 4.473601970853055], [-75.648552129, 4.473888227853071], [-75.64840373200002, 4.473985645853065], [-75.64831801700001, 4.4739857078530365], [-75.64816373000002, 4.4739858178530625], [-75.64783224799999, 4.473957437853061], [-75.64756361299999, 4.473923286853042], [-75.647357876, 4.473911986853059], [-75.646923587, 4.473912299853045], [-75.64675218899998, 4.473929596853046], [-75.64640950400002, 4.474027152853056], [-75.64623810500001, 4.474044448853066], [-75.645975185, 4.474010293853029], [-75.64582077400001, 4.473941715853065], [-75.64558045199999, 4.473764443853039], [-75.64514564000001, 4.473472828853066], [-75.644974117, 4.473421434853044], [-75.644448523, 4.473490499853092], [-75.64426577900002, 4.473553595853049], [-75.64392878899997, 4.4736397008530835], [-75.64361444000002, 4.47360558185307], [-75.64337432500002, 4.47354278785304], [-75.64316276199997, 4.473468525853043], [-75.64303122899997, 4.473411379853081], [-75.64266532800002, 4.4733086088530865], [-75.64251676600003, 4.473314439853096], [-75.64207723800001, 4.473578060853072], [-75.64199764799997, 4.473807080853074], [-75.64197510999998, 4.473984542853017], [-75.64202107099999, 4.4741218868530686], [-75.64207834799998, 4.474196258853035], [-75.64229585099997, 4.474396445853046], [-75.642461814, 4.474533704853028], [-75.64263347000002, 4.474659511853041], [-75.64285665800003, 4.474842521853033], [-75.64302839499999, 4.475014120853036], [-75.64318873600001, 4.475202900852998], [-75.643320443, 4.475357355853018], [-75.64339485300002, 4.475425991852998], [-75.64355506999999, 4.475546081852991], [-75.64390975100002, 4.475763342852974], [-75.64417857000001, 4.475900526853011], [-75.64445886099998, 4.476060600852958], [-75.64486505299999, 4.476323617852953], [-75.645202579, 4.476535165852983], [-75.64578030500002, 4.476855297852927], [-75.64631801000002, 4.477164012852938], [-75.646741356, 4.477432739852924], [-75.647164702, 4.4777014668529045], [-75.64764522399997, 4.477987323852947], [-75.64828021099999, 4.478370379852903], [-75.64840618400001, 4.478513390852879], [-75.64858383400002, 4.478793741852884], [-75.64885863, 4.479074022852893], [-75.64905897300002, 4.479262773852883], [-75.64925363399999, 4.47946870085284], [-75.649259524, 4.479566004852843], [-75.64921973899999, 4.479686239852841], [-75.64915692300002, 4.479709181852886], [-75.64897417600002, 4.479772277852841], [-75.64880860400001, 4.479852534852879], [-75.64866028799997, 4.4799957428528705], [-75.648632077, 4.480196106852835], [-75.64864382600001, 4.480373544852862], [-75.64870694199999, 4.480516601852856], [-75.64902170800002, 4.480779681852822], [-75.649210386, 4.480836787852803], [-75.64935329600002, 4.480865303852844], [-75.64968483400003, 4.480922305852849], [-75.65015350700003, 4.480973483852824], [-75.650427869, 4.481013354852833], [-75.65069658099998, 4.4810875738528315], [-75.650936709, 4.481156088852834], [-75.65114257099998, 4.481236077852812], [-75.651417079, 4.481356083852838], [-75.65166870899998, 4.48146465885279], [-75.652017608, 4.481641853852771], [-75.65241148799998, 4.481832390852802]]]}, "properties": {"OBJECTID": 445, "DXF_TEXT": "Strc1", "COD": "Strc1", "SHAPE.AREA": 0.000172033061245098, "SHAPE.LEN": 0.07352795895635039}}, {"type": "Feature", "id": 443, "geometry": {"type": "Polygon", "coordinates": [[[-75.59935598099997, 4.456361066853616], [-75.59895078199997, 4.456647534853615], [-75.59861984399998, 4.4569225028535895], [-75.59828317400002, 4.457186027853621], [-75.59803774900001, 4.4573464618535725], [-75.59777538100002, 4.45762138485356], [-75.59761010199998, 4.457867624853578], [-75.59743348299997, 4.458165386853573], [-75.59721763499999, 4.458903918853562], [-75.59714406799998, 4.459316091853523], [-75.59708173199999, 4.459613778853508], [-75.59699637900002, 4.459819896853495], [-75.59692243400002, 4.460014560853481], [-75.596808501, 4.460214973853488], [-75.59640356800003, 4.460655984853498], [-75.59625534000003, 4.460850696853484], [-75.596147051, 4.461011037853457], [-75.59563376699998, 4.4615780468534405], [-75.59541162300002, 4.461984593853438], [-75.59533773999999, 4.462213598853427], [-75.59528669999997, 4.462436865853446], [-75.59518990800001, 4.462637268853446], [-75.59508728200001, 4.462768986853419], [-75.594944828, 4.4629980368533815], [-75.59473949599999, 4.463215680853407], [-75.59455123999999, 4.463393247853382], [-75.59431162499999, 4.463610913853401], [-75.594191846, 4.463736918853366], [-75.59407797199998, 4.463971675853397], [-75.59399836099999, 4.464194960853339], [-75.593924356, 4.464355279853368], [-75.59376478799999, 4.464601513853336], [-75.59356525999999, 4.46487066885334], [-75.593371456, 4.465145544853321], [-75.59322892099999, 4.4653288028533105], [-75.59306366700002, 4.465592211853317], [-75.59289852400002, 4.4659185838533215], [-75.59276759400001, 4.466204866853287], [-75.59267674199998, 4.466536913853312], [-75.59256882800003, 4.466914764853293], [-75.59246104300001, 4.46736702485325], [-75.592376064, 4.46779065185327], [-75.59224521300001, 4.468122725853226], [-75.59206862000002, 4.468437657853258], [-75.59200037800002, 4.468626589853209], [-75.59180108499999, 4.469033119853212], [-75.5916646, 4.469410987853188], [-75.59147679400002, 4.469851851853163], [-75.59135738999998, 4.470195366853144], [-75.59122091500001, 4.470578957853132], [-75.59114143099998, 4.470876654853132], [-75.591084921, 4.471243021853149], [-75.59110835199999, 4.47157499485315], [-75.59118891399999, 4.471901207853135], [-75.591372519, 4.472336107853078], [-75.59153873399998, 4.472627920853124], [-75.59175068299999, 4.472931152853074], [-75.59196254199998, 4.47318286985309], [-75.59219729, 4.473451742853063], [-75.59255785599998, 4.473783498853028], [-75.59287263200002, 4.474069491853058], [-75.59317596900001, 4.474349767853065], [-75.59345656699998, 4.474698745853032], [-75.59379471599999, 4.475282368853017], [-75.59392680500002, 4.475665787853011], [-75.59406459000002, 4.476037753852983], [-75.594282523, 4.476495528852941], [-75.59454051300003, 4.476987620852928], [-75.59478128299997, 4.477433931852934], [-75.59496470300002, 4.477760076852953], [-75.595256989, 4.478257871852884], [-75.59552055699999, 4.478669823852904], [-75.59581873799999, 4.47927064485286], [-75.595979371, 4.479636873852855], [-75.59651931399998, 4.481256400852806], [-75.59657728799999, 4.481737173852786], [-75.59657218900003, 4.482092062852765], [-75.59657298000002, 4.482549976852786], [-75.596573347, 4.482761762852747], [-75.596551094, 4.48311093885278], [-75.59653468300002, 4.4835345208527615], [-75.59652388799998, 4.483900861852711], [-75.59653577099999, 4.484164154852695], [-75.59654779499999, 4.484507583852733], [-75.596674312, 4.484971140852705], [-75.59683465699999, 4.485171375852664], [-75.59701783100002, 4.485354422852667], [-75.59721817799999, 4.485554630852689], [-75.59747019100001, 4.485892181852648], [-75.59764206599999, 4.486149646852641], [-75.59792847400001, 4.486550138852612], [-75.59806597300002, 4.486756111852662], [-75.598581212, 4.487305276852631], [-75.598752789, 4.48739102385259], [-75.59893000400001, 4.48743097785263], [-75.59917583700002, 4.48749950385263], [-75.59953590800001, 4.487539337852582], [-75.59974163300001, 4.487544928852631], [-75.600027259, 4.487493227852616], [-75.60015858899999, 4.487435901852625], [-75.60042691400002, 4.487292628852633], [-75.60057516900002, 4.487109364852601], [-75.60068896899998, 4.486828816852631], [-75.60071709300001, 4.4865712198526095], [-75.600670864, 4.486273604852657], [-75.600521647, 4.485901644852671], [-75.60029789599997, 4.485386635852664], [-75.60011981899999, 4.484848698852686], [-75.60006226799999, 4.484614053852719], [-75.60003912399998, 4.484448074852694], [-75.600004383, 4.48418479485269], [-75.59998679199998, 4.483927228852738], [-75.59998078000001, 4.483755513852728], [-75.60003176100003, 4.483497902852736], [-75.60008852700003, 4.48328035585277], [-75.60022481599998, 4.482788004852741], [-75.60031023200003, 4.482616231852765], [-75.60038995399998, 4.482455907852792], [-75.60053252300003, 4.48228982085277], [-75.60070936699998, 4.4821179868527645], [-75.60100612100001, 4.481894557852811], [-75.60122869000003, 4.481728416852791], [-75.60134283600001, 4.481648207852819], [-75.60153686299998, 4.481499257852787], [-75.60171951000001, 4.481378933852824], [-75.601839321, 4.481270099852833], [-75.601993209, 4.481041039852795], [-75.60204425900002, 4.480823496852839], [-75.60204403900002, 4.480697568852801], [-75.60194572299997, 4.4800222068528415], [-75.60187667399998, 4.479747501852867], [-75.60177337099998, 4.479489990852848], [-75.60163590899998, 4.479306915852861], [-75.601452725, 4.4791181448528485], [-75.601321128, 4.479020923852876], [-75.60100649600002, 4.47882079085287], [-75.600685881, 4.478466116852884], [-75.60050832299999, 4.4782258268529205], [-75.600376536, 4.4780198498529264], [-75.60010727100001, 4.477619349852928], [-75.59995822299999, 4.47734469785296], [-75.59987785700002, 4.477132964852957], [-75.59980314400002, 4.476886882852973], [-75.59978544400002, 4.476566352852975], [-75.59983641500003, 4.4763030168529845], [-75.59988759499998, 4.4761598858529785], [-75.60011562699998, 4.475850641852995], [-75.60025828300002, 4.475736069852974], [-75.60044098899999, 4.475650089852986], [-75.60065802899999, 4.475592707853018], [-75.60121235899999, 4.4756209628529735], [-75.60157805, 4.475609273853016], [-75.60183517000002, 4.475597656852979], [-75.60224654400002, 4.475568766853025], [-75.60254943799998, 4.475591462852995], [-75.60288652700001, 4.475562618853013], [-75.60320076, 4.475533792853008], [-75.60360634, 4.475459111853008], [-75.60384054399998, 4.475413164853024], [-75.604251809, 4.475321310853018], [-75.60469733899998, 4.475217982853006], [-75.60496010399999, 4.47516629285298], [-75.605280021, 4.4751202888530335], [-75.60546285700002, 4.47510872085304], [-75.60570849800001, 4.475068489853022], [-75.60585129399999, 4.475034050853038], [-75.60605680600003, 4.4749194338530325], [-75.60624514599999, 4.474787658853037], [-75.60633641300001, 4.474696013853048], [-75.60642764099998, 4.4745814728530275], [-75.606473155, 4.4744669638530175], [-75.60648421299999, 4.474255168853042], [-75.60644937799998, 4.4739403738530426], [-75.60640917900002, 4.473825921853054], [-75.60623168699999, 4.473625700853063], [-75.605985686, 4.473459869853061], [-75.605831282, 4.47339128285308], [-75.605648347, 4.473345613853053], [-75.60547115600002, 4.473317111853089], [-75.60519116, 4.473317297853051], [-75.604842593, 4.473317529853045], [-75.60447699399998, 4.47338073585309], [-75.60404855600001, 4.473455430853059], [-75.60378574200001, 4.473478500853057], [-75.60348290899998, 4.4734901498530375], [-75.60334009399998, 4.473513139853085], [-75.60308301399999, 4.47354765485307], [-75.60284305800002, 4.473570707853077], [-75.60185437000001, 4.47349694985309], [-75.60164850799998, 4.473411226853057], [-75.60148839200002, 4.473342644853077], [-75.601362489, 4.473233972853068], [-75.60128797599998, 4.473102370853061], [-75.601259255, 4.473016528853083], [-75.601253171, 4.4728047478530755], [-75.60133842699997, 4.47254138885311], [-75.60141820500002, 4.472415409853102], [-75.60158929300002, 4.4722206808531135], [-75.60174908099998, 4.47210037185311], [-75.60193751100002, 4.47202011185311], [-75.602337224, 4.471859577853142], [-75.60272562099999, 4.471762013853098], [-75.60309121900002, 4.471698806853121], [-75.603382554, 4.471647098853126], [-75.60364533699999, 4.471606856853108], [-75.60399946799998, 4.471520762853126], [-75.60422221099998, 4.471457650853109], [-75.604416404, 4.4714060068531145], [-75.60482769599997, 4.471331320853112], [-75.60503335700002, 4.471302564853104], [-75.60531326400002, 4.47125086285316], [-75.605610232, 4.471153357853121], [-75.60579291599998, 4.471055927853139], [-75.60597555099997, 4.470929879853175], [-75.60607820500002, 4.470815330853133], [-75.60612942400002, 4.470695094853153], [-75.606169023, 4.470466108853131], [-75.60616839199997, 4.470105498853176], [-75.60612236899999, 4.469928085853164], [-75.60603637399998, 4.469767872853204], [-75.605767388, 4.469527644853219], [-75.60560724999999, 4.469447614853176], [-75.60538992099998, 4.4693390048531985], [-75.605184071, 4.469259006853208], [-75.604886782, 4.4691733458531955], [-75.604658105, 4.469110534853236], [-75.60436083799999, 4.469036319853196], [-75.604057866, 4.468967833853224], [-75.60389207600002, 4.468922151853214], [-75.60364059099999, 4.468887975853234], [-75.603286293, 4.4688767638532285], [-75.602977727, 4.468876968853221], [-75.60272634299997, 4.468900030853191], [-75.602469256, 4.4689288208532325], [-75.60219500400001, 4.468946173853208], [-75.601875071, 4.468980729853214], [-75.60168083000002, 4.4690037548532295], [-75.60138372199998, 4.469021122853215], [-75.60110372700001, 4.469021307853192], [-75.60099515799999, 4.4690213788532365], [-75.60073794099998, 4.468975757853213], [-75.600566405, 4.468912907853203], [-75.60042919699998, 4.4688729308532364], [-75.60025749200003, 4.468712772853217], [-75.600188753, 4.468615510853219], [-75.60011410999999, 4.46840949785326], [-75.600102343, 4.468214890853235], [-75.60011342199999, 4.468014543853272], [-75.60015883699998, 4.46784279585326], [-75.60024999299998, 4.467688188853256], [-75.600386834, 4.467516378853278], [-75.60046667300003, 4.467424743853289], [-75.60056348299997, 4.4672357888532375], [-75.60058038800003, 4.467098403853282], [-75.60056276699999, 4.466823664853275], [-75.60048218999998, 4.4664917288532795], [-75.60047045200002, 4.466314293853271], [-75.600470282, 4.466216985853307], [-75.60049278000002, 4.466010908853285], [-75.600566764, 4.4658391418533085], [-75.60073770000002, 4.465558553853303], [-75.60092597800002, 4.465392433853355], [-75.60112589300002, 4.465346509853343], [-75.601463007, 4.465334837853323], [-75.60252619800002, 4.46554019685332], [-75.60350872200002, 4.465362098853331], [-75.60367437299999, 4.465327644853332], [-75.60384574699998, 4.465298912853356], [-75.60399988799998, 4.465218673853359], [-75.60422812500002, 4.465029629853341], [-75.60434790099998, 4.464903622853341], [-75.60445613899998, 4.464714658853327], [-75.60457000100001, 4.46447417685336], [-75.60462115899998, 4.464319595853357], [-75.60471151299998, 4.463707070853366], [-75.60474531800003, 4.463432297853377], [-75.6047906, 4.463186135853391], [-75.60483024899997, 4.462985769853395], [-75.60488694899999, 4.462733877853411], [-75.60496649599997, 4.462476245853419], [-75.60506312500002, 4.462184258853458], [-75.60515400899999, 4.461875103853448], [-75.60524502499999, 4.46164035985344], [-75.60538151200001, 4.4612682108534685], [-75.60556947700002, 4.460924645853494], [-75.605950968, 4.460151652853521], [-75.606099024, 4.459859629853492], [-75.60628142399997, 4.459601929853537], [-75.60653789600002, 4.459223974853514], [-75.60669722799997, 4.458846084853548], [-75.60679382500001, 4.458536924853525], [-75.60689603700001, 4.458170521853551], [-75.606958722, 4.4580731708535914], [-75.607631196, 4.457053850853606], [-75.60791048200002, 4.4566529838536315], [-75.60810960100002, 4.456154861853633], [-75.608160645, 4.455937315853654], [-75.608268458, 4.455507944853675], [-75.60845065400002, 4.455135762853654], [-75.60863870700001, 4.4548437118536865], [-75.60877551099998, 4.454654727853661], [-75.60917446899998, 4.454070611853712], [-75.60925424499999, 4.453944628853679], [-75.60937382700001, 4.453709865853707], [-75.60941354300002, 4.453549566853695], [-75.609453341, 4.453435058853735], [-75.60952724100002, 4.453217496853747], [-75.60964091800003, 4.452873981853764], [-75.60970906300003, 4.452633528853771], [-75.609748749, 4.452456056853757], [-75.60979991300002, 4.452307198853772], [-75.60986805900001, 4.452066744853792], [-75.61016396899998, 4.451373941853765], [-75.61029501899998, 4.451162064853801], [-75.61050024100001, 4.45088717285381], [-75.61069981999998, 4.450652353853809], [-75.61079669499998, 4.450503463853821], [-75.61091065400001, 4.45032021885381], [-75.61103585799998, 4.4500339338538035], [-75.61112682700002, 4.449776290853816], [-75.61130878900002, 4.449272456853858], [-75.61143396300002, 4.448968999853844], [-75.61159906300003, 4.448625447853848], [-75.61195201800001, 4.447881086853884], [-75.61215136300001, 4.447514614853897], [-75.61219115900002, 4.447400107853925], [-75.612270599, 4.447085232853919], [-75.61236702899998, 4.446684487853953], [-75.61257138799999, 4.445923056853983], [-75.612673422, 4.445459342853957], [-75.61292919499999, 4.444692150854026], [-75.61305414399999, 4.444262765854026], [-75.613162031, 4.443879183854059], [-75.613201704, 4.443695988854028], [-75.61337197, 4.44304333585407], [-75.61346281599998, 4.442717005854071], [-75.61351968299999, 4.442562418854084], [-75.613605027, 4.4423562958540925], [-75.613667588, 4.442190256854077], [-75.61374731000001, 4.442035652854089], [-75.61376404599997, 4.441806681854091], [-75.61373506000001, 4.441572017854094], [-75.61363145899998, 4.44114851385414], [-75.613550814, 4.440782233854109], [-75.61351627599998, 4.440639157854144], [-75.61344730299999, 4.440410244854156], [-75.61338402299998, 4.440169881854168], [-75.613349475, 4.440021080854152], [-75.61331492699998, 4.439872280854178], [-75.613309082, 4.439797873854185], [-75.61330887899999, 4.439683392854164], [-75.61334858200001, 4.439517370854191], [-75.61338271400001, 4.439431486854149], [-75.61349673000001, 4.439282583854186], [-75.61366218199998, 4.4391393688541605], [-75.61403884700002, 4.4388815298542], [-75.614352871, 4.438743935854179], [-75.61446711100001, 4.438720960854199], [-75.614621398, 4.43872657685421], [-75.614907168, 4.438766447854224], [-75.61505011899999, 4.438823587854183], [-75.61539335499998, 4.439046586854191], [-75.61558219900002, 4.439206727854167], [-75.61581089100002, 4.439280981854192], [-75.61604519399998, 4.439297990854168], [-75.616267978, 4.43926349185419], [-75.61641652200001, 4.439251939854196], [-75.61662793900001, 4.439251793854151], [-75.61674798299998, 4.439280330854197], [-75.61698825600001, 4.439440435854154], [-75.61715417599999, 4.439560523854167], [-75.61725149699998, 4.439663487854175], [-75.61741746500002, 4.439812196854144], [-75.617560519, 4.4399265768541545], [-75.61786923699998, 4.440017946854156], [-75.61807486999999, 4.439977734854171], [-75.618200527, 4.4399490278541585], [-75.61842898399999, 4.4398916278541565], [-75.61861178100003, 4.439862880854171], [-75.61884613699999, 4.439908509854162], [-75.61900628000001, 4.439994257854168], [-75.61913213100001, 4.440074305854138], [-75.61921795299997, 4.440137209854138], [-75.61932101899998, 4.440257342854132], [-75.619344109, 4.440388978854124], [-75.61935030199999, 4.440658002854147], [-75.61933361799998, 4.440915594854102], [-75.61935696299997, 4.4411903308540905], [-75.61944878499997, 4.441413502854084], [-75.61956338099998, 4.441590867854097], [-75.61991883000002, 4.4422546038541055], [-75.61994191100001, 4.442380516854087], [-75.619959257, 4.442494985854055], [-75.61995946000002, 4.44260946585409], [-75.61993672699998, 4.4426781698540925], [-75.61991414599999, 4.442832732854054], [-75.61990305400002, 4.443021633854051], [-75.61990336899999, 4.4431990788540645], [-75.61998395699999, 4.443531014854057], [-75.62005847199998, 4.443662614854032], [-75.62012727500002, 4.443794218854016], [-75.62023616800002, 4.4439773108540495], [-75.62033960100001, 4.444303507854032], [-75.62042005500001, 4.444561032854016], [-75.62051207100001, 4.444892960853985], [-75.62052968199998, 4.445156253853968], [-75.620553046, 4.445442438853957], [-75.62058198400001, 4.445648480853952], [-75.62057647300003, 4.445762966853972], [-75.62055980999997, 4.446032006853941], [-75.62055996200002, 4.446117866853948], [-75.620526025, 4.446312506853969], [-75.620509035, 4.446398378853962], [-75.62046344499998, 4.446467097853977], [-75.62034362399999, 4.446564490853946], [-75.620195148, 4.4466161098539185], [-75.62000661600001, 4.446633413853958], [-75.61978947199998, 4.44662784085395], [-75.619509585, 4.446685275853923], [-75.619355358, 4.446714002853945], [-75.619224057, 4.44678278185395], [-75.619127101, 4.446885882853925], [-75.61903608300003, 4.447114905853952], [-75.61899072599999, 4.447315277853938], [-75.61893973600002, 4.447561445853918], [-75.61889434900002, 4.447744644853906], [-75.61886037, 4.447916388853896], [-75.618757792, 4.448071008853881], [-75.61864378500002, 4.44822563485386], [-75.61855252200002, 4.448317282853881], [-75.61847267799999, 4.448403199853859], [-75.61841571999997, 4.448506269853875], [-75.61841026100001, 4.448649374853871], [-75.61846188099997, 4.448758094853888], [-75.61858215000001, 4.448912559853861], [-75.61874226600003, 4.448981137853885], [-75.61889095200002, 4.449049721853844], [-75.619142565, 4.449158303853836], [-75.61927414000002, 4.449244071853855], [-75.61943433800002, 4.449358440853864], [-75.61951455899998, 4.449484313853861], [-75.619583422, 4.449650261853817], [-75.61965790800002, 4.449764689853833], [-75.61972087599997, 4.449827610853825], [-75.61983528899998, 4.449901942853819], [-75.61992679500003, 4.449947671853839], [-75.620081228, 4.450033424853847], [-75.62022426300001, 4.450136356853847], [-75.620373083, 4.450279354853839], [-75.620522015, 4.450485315853837], [-75.620585124, 4.450628372853782], [-75.62073421899998, 4.450925917853801], [-75.620774573, 4.451126229853792], [-75.620809275, 4.451360889853775], [-75.620843885, 4.451544033853769], [-75.62091296300002, 4.451830186853756], [-75.62096484699998, 4.452087730853774], [-75.62100515999998, 4.452265146853745], [-75.62106833000001, 4.452442547853778], [-75.62110291099998, 4.452608520853744], [-75.621114562, 4.452734441853751], [-75.621131929, 4.452860357853748], [-75.62112708000001, 4.45334690185374], [-75.62107604900001, 4.453570174853696], [-75.62101912100002, 4.453690417853716], [-75.62097929599997, 4.453787753853729], [-75.62089381800001, 4.453919465853706], [-75.62074545399997, 4.4540340478536775], [-75.62065980400001, 4.454068451853699], [-75.62051128799999, 4.454097175853703], [-75.62029419200002, 4.4541202218536675], [-75.62006569900001, 4.454160447853679], [-75.619871461, 4.454183479853681], [-75.61967149600002, 4.454200789853711], [-75.61955151000001, 4.454206597853674], [-75.61932283499999, 4.454143791853719], [-75.61903115199999, 4.453995168853702], [-75.61888256499998, 4.4539838238536795], [-75.61878548599998, 4.4540182348536765], [-75.61864841800002, 4.4540583968536795], [-75.618517107, 4.454121452853724], [-75.618431649, 4.45426461185366], [-75.61832908899999, 4.454430678853665], [-75.618215212, 4.454659717853693], [-75.61815259000002, 4.4547914138536715], [-75.61800440899998, 4.45500902785367], [-75.617901818, 4.455157921853672], [-75.61776503499999, 4.455358357853665], [-75.61763963800001, 4.455535887853633], [-75.61755419000002, 4.455684770853633], [-75.61748018999998, 4.455845094853611], [-75.61744056700002, 4.456056908853616], [-75.61744089199999, 4.456240077853637], [-75.61745263400002, 4.456417513853631], [-75.61750447700001, 4.456652161853622], [-75.61764244699998, 4.457121434853576], [-75.61770551400002, 4.45724159585361], [-75.61786007900002, 4.457401761853609], [-75.61801470400002, 4.457596270853583], [-75.61814062899998, 4.4577163888535605], [-75.618266511, 4.4578136098535905], [-75.61835812100003, 4.457916578853599], [-75.618535958, 4.4583114118535585], [-75.618564934, 4.458540352853542], [-75.618616928, 4.45886086085355], [-75.61862314899997, 4.45914705785352], [-75.61855510599997, 4.459444753853523], [-75.61848124900001, 4.459685212853515], [-75.618407391, 4.4599256718535045], [-75.61829938800003, 4.460246290853472], [-75.61821409100003, 4.460481032853498], [-75.61800917099998, 4.460927646853477], [-75.61786120099998, 4.46126546485346], [-75.61771884299998, 4.461546038853436], [-75.61759374899998, 4.461895288853425], [-75.617457247, 4.4622559948534475], [-75.617326429, 4.4625995238534015], [-75.61726968099998, 4.462822799853436], [-75.61721295500001, 4.463057522853376], [-75.61722481700002, 4.46330364585339], [-75.61729961700001, 4.4635955198534], [-75.617431296, 4.463738529853384], [-75.61759146499998, 4.4638357278533745], [-75.618065973, 4.463967054853388], [-75.61836886600003, 4.463989742853385], [-75.61860883100002, 4.463972404853368], [-75.61884882700002, 4.463972240853397], [-75.61900322999998, 4.464040821853389], [-75.61920381300001, 4.464372676853331], [-75.61927269900002, 4.464550073853346], [-75.61934146099998, 4.464658782853356], [-75.61943870200002, 4.464715955853369], [-75.619524447, 4.464733069853377], [-75.61961590300001, 4.464750178853369], [-75.61971884000002, 4.464795898853375], [-75.61990190699998, 4.464915977853363], [-75.61999931100002, 4.465064735853326], [-75.62007418299999, 4.4653966758533405], [-75.62016589400002, 4.465556884853339], [-75.62025748399998, 4.465648406853324], [-75.62034902200003, 4.465711306853308], [-75.620463417, 4.465774192853329], [-75.62064639300002, 4.465842754853296], [-75.62094929599999, 4.465871166853303], [-75.62124066000001, 4.465836621853298], [-75.62157762499999, 4.465739079853305], [-75.62181184600001, 4.46570457385329], [-75.62191470099998, 4.4657045028533044], [-75.62202897600002, 4.465698700853325], [-75.622274737, 4.465727150853327], [-75.62266921899999, 4.465841357853289], [-75.62294371500002, 4.4659613728533385], [-75.62332124800002, 4.466184349853296], [-75.62365317000001, 4.46646459585327], [-75.62394516400002, 4.466784937853271], [-75.62436873600001, 4.4671910498532625], [-75.62466061800001, 4.467448427853268], [-75.62486098300002, 4.4676543538532405], [-75.62515293500002, 4.467951799853223], [-75.6254333, 4.468157670853212], [-75.62562197, 4.46821477985322], [-75.625793316, 4.468168867853259], [-75.62606153899998, 4.467974065853257], [-75.62626691499997, 4.467785029853268], [-75.626598065, 4.467630250853256], [-75.626912247, 4.4675727908532705], [-75.62727236500001, 4.467641228853236], [-75.62760412699998, 4.467829890853256], [-75.62782725599999, 4.467984282853261], [-75.62806747799999, 4.46811004385325], [-75.628416158, 4.468172764853259], [-75.62869615599999, 4.468172570853265], [-75.62907325399999, 4.468149410853252], [-75.62942750600001, 4.468131990853245], [-75.62964459699998, 4.468103217853253], [-75.62983308499997, 4.46805729285325], [-75.62998147100001, 4.4679541578532405], [-75.63005561300002, 4.467873968853224], [-75.63015809299998, 4.467662106853278], [-75.63022002100001, 4.4671411758532615], [-75.630173593, 4.466740526853301], [-75.63010394999998, 4.466139550853331], [-75.63004597100002, 4.465670220853299], [-75.62996528899998, 4.465286767853331], [-75.62988444199999, 4.4648117298533565], [-75.62986671800002, 4.46448547285338], [-75.62983210499999, 4.464302326853347], [-75.629700087, 4.463970425853375], [-75.62952248599998, 4.463712969853399], [-75.62933357100002, 4.463518484853399], [-75.629007494, 4.463312647853397], [-75.628755722, 4.4631182078534275], [-75.62843516599997, 4.462803610853439], [-75.62824631299998, 4.462643469853407], [-75.62796596099997, 4.462443326853441], [-75.627731402, 4.462288940853427], [-75.62748547899997, 4.462168909853437], [-75.62725677899999, 4.462094657853449], [-75.62698242599998, 4.462054779853453], [-75.62684528599999, 4.462054875853462], [-75.626502405, 4.462037942853422], [-75.62630235799998, 4.462009462853452], [-75.626096566, 4.46196381485343], [-75.62565049300002, 4.461758059853473], [-75.62546165999998, 4.461609367853433], [-75.62519839200002, 4.461374865853491], [-75.62479782899999, 4.461054598853497], [-75.624534632, 4.460860167853486], [-75.62442581800002, 4.460722866853498], [-75.62428245500001, 4.460436763853504], [-75.62405911399998, 4.460162166853513], [-75.62373293899998, 4.459899088853482], [-75.623595647, 4.459813324853536], [-75.62322390000003, 4.459630414853509], [-75.62284645099999, 4.45945323185351], [-75.622251672, 4.459167443853536], [-75.62194283399998, 4.459013109853532], [-75.62155966099999, 4.458830206853551], [-75.621388104, 4.458755914853529], [-75.621182181, 4.458635852853526], [-75.62098188300001, 4.458464271853568], [-75.620918722, 4.458292594853549], [-75.62089550899998, 4.458092270853568], [-75.62091794000003, 4.457851845853553], [-75.62100876599999, 4.457514066853565], [-75.62113970399997, 4.4572392228535795], [-75.621321997, 4.456924275853595], [-75.62153294199999, 4.456655099853587], [-75.62177223499998, 4.456259976853629], [-75.62198889400003, 4.455990797853654], [-75.62223399099997, 4.455647186853657], [-75.62238222299999, 4.455458189853654], [-75.62255327899999, 4.455252006853669], [-75.62282668199998, 4.454759550853668], [-75.62291778299999, 4.454576318853694], [-75.62309988099997, 4.454152614853692], [-75.62324771300001, 4.4537403828537325], [-75.62337262, 4.4532880968537105], [-75.62346347599998, 4.4529674888537345], [-75.623536882, 4.452475171853739], [-75.623564923, 4.452177501853743], [-75.623558629, 4.451851237853787], [-75.62352947699998, 4.451524989853777], [-75.623483244, 4.4512330968537865], [-75.62343677799998, 4.450809550853828], [-75.623418963, 4.450431778853799], [-75.62341279999998, 4.450179925853802], [-75.623429493, 4.449928056853857], [-75.623491919, 4.449687604853844], [-75.62359988600002, 4.449349812853879], [-75.62365101699999, 4.4491837798538505], [-75.62378187000002, 4.448863142853847], [-75.62394117000002, 4.448473796853899], [-75.62403804399997, 4.448324903853886], [-75.62422063999998, 4.448181675853878], [-75.624340502, 4.4481071808539046], [-75.62447753800001, 4.4480498438539176], [-75.62458021700002, 4.447952462853874], [-75.62465422399998, 4.447797861853917], [-75.62465394899999, 4.447643313853907], [-75.62453935000002, 4.447465949853892], [-75.624390672, 4.447403090853926], [-75.62418482300001, 4.447323097853941], [-75.623847571, 4.447254645853893], [-75.623481647, 4.447128973853935], [-75.623235717, 4.44700321785395], [-75.62293820999997, 4.446791637853912], [-75.62277788099999, 4.446602857853946], [-75.622588592, 4.446196585853941], [-75.62251970699998, 4.446019189853972], [-75.62248505500003, 4.445813147853982], [-75.62255897199998, 4.445607031853972], [-75.62276422899998, 4.44535503185399], [-75.62288966099999, 4.44520039385397], [-75.623089112, 4.444896881854021], [-75.62322581000001, 4.444650652854001], [-75.62341938399999, 4.444255557854025], [-75.62349328800002, 4.444043718854003], [-75.62355002100003, 4.443814716854041], [-75.62360672199998, 4.443568545854034], [-75.62369191099998, 4.443276559854065], [-75.62383430099999, 4.443018878854084], [-75.62395413299998, 4.442927210854037], [-75.624245314, 4.44279535285407], [-75.62443952000001, 4.442755147854068], [-75.62464521300001, 4.442749278854063], [-75.624839511, 4.442760589854042], [-75.625011003, 4.442800536854046], [-75.625205526, 4.442937776854057], [-75.62534876500001, 4.443155188854032], [-75.62544640499999, 4.443435596854066], [-75.62550973999998, 4.443704581854042], [-75.62560152200001, 4.443904857854023], [-75.62575032299998, 4.444036404854041], [-75.625973477, 4.444207969853996], [-75.626116615, 4.444368140853994], [-75.62633433100001, 4.444694256853979], [-75.62638050499999, 4.444951805854], [-75.626426605, 4.445169284854003], [-75.62657006199998, 4.445506902853998], [-75.626650262, 4.445621326853999], [-75.62685042800001, 4.445718493853971], [-75.62701619699999, 4.445752719853943], [-75.62734195000002, 4.44578111085394], [-75.62757062499998, 4.44584391285394], [-75.62771939499999, 4.445958288853936], [-75.62785696200001, 4.446198600853945], [-75.62791451300001, 4.446427521853966], [-75.627926247, 4.446599233853958], [-75.62797231899998, 4.44679954285393], [-75.62809257100002, 4.446942557853917], [-75.62825846200002, 4.447045473853922], [-75.62846429199999, 4.447114015853925], [-75.62859585899997, 4.4471940598539375], [-75.62879611800003, 4.447342742853897], [-75.62894501099998, 4.447525805853895], [-75.62905401900002, 4.447771861853921], [-75.62920886299997, 4.448086574853884], [-75.62928336200002, 4.448206726853904], [-75.629374961, 4.448303969853866], [-75.62959803500001, 4.448429741853851], [-75.629815243, 4.448469654853876], [-75.63010096699998, 4.448480900853863], [-75.63042672199998, 4.448509289853878], [-75.63068390699999, 4.448537727853896], [-75.63090110399997, 4.4485719178539025], [-75.63126129699998, 4.44868614185386], [-75.631512902, 4.448788995853887], [-75.63183307499997, 4.448891799853881], [-75.63193607300002, 4.44897186385385], [-75.632090651, 4.449137750853878], [-75.632262433, 4.449337969853839], [-75.63246863299997, 4.449612576853827], [-75.632583275, 4.449812836853862], [-75.63265208000001, 4.449944441853836], [-75.632875249, 4.450121727853831], [-75.63313823099998, 4.450195952853816], [-75.633509462, 4.450092655853809], [-75.63377783099997, 4.449983706853831], [-75.63404602399999, 4.449777449853833], [-75.63425123799999, 4.449502548853837], [-75.63434805899999, 4.449325033853873], [-75.63441059500002, 4.449147544853876], [-75.63440399799998, 4.448655280853884], [-75.63434084400001, 4.448489328853864], [-75.634272028, 4.44835199985388], [-75.634220303, 4.448186040853874], [-75.63420856699997, 4.448014327853891], [-75.63427682700001, 4.447842555853912], [-75.63434520999999, 4.4477394748539], [-75.6344479, 4.447647816853923], [-75.634550569, 4.447544708853913], [-75.63461328900001, 4.447470252853916], [-75.63467022399999, 4.447355729853939], [-75.63469849699999, 4.447189712853926], [-75.634663945, 4.447040912853949], [-75.63457795599999, 4.446886424853936], [-75.63446906899998, 4.446709057853948], [-75.634434435, 4.44651446385396], [-75.63442839300001, 4.446331298853959], [-75.63451360900001, 4.446056484853943], [-75.63458753200001, 4.445856088853984], [-75.63466136199997, 4.445604176853977], [-75.63466112600003, 4.44547252485399], [-75.63463223600002, 4.445295098854003], [-75.634648884, 4.445020332853996], [-75.63470565400002, 4.4448142268539925], [-75.63487076400003, 4.444482113853987], [-75.63495598100002, 4.444207297854001], [-75.63508098, 4.443812248854055], [-75.63514886899998, 4.4434344128540175], [-75.63519973899997, 4.443125276854032], [-75.63523930500003, 4.442884838854054], [-75.635267392, 4.442615787854082], [-75.63528984499999, 4.442392533854099], [-75.63525509800002, 4.442134976854111], [-75.63514025900002, 4.441825960854105], [-75.63490538600001, 4.441494134854136], [-75.63469918599998, 4.44121952785409], [-75.63449880299999, 4.441002158854112], [-75.634321349, 4.440824839854131], [-75.63421258599999, 4.440716161854134], [-75.63413231099997, 4.44056166985416], [-75.63414884500003, 4.440223938854166], [-75.63419991199999, 4.440023559854141], [-75.63427361700002, 4.439702960854191], [-75.63444415200001, 4.439210568854192], [-75.63448959599998, 4.439061711854198], [-75.63451792900003, 4.438930038854201], [-75.63457480099999, 4.438781171854202], [-75.63462029599998, 4.43866093385418], [-75.63476295100003, 4.438552073854173], [-75.63503136600002, 4.438471743854228], [-75.63544259000003, 4.438368414854219], [-75.63575093999998, 4.438253711854221], [-75.63609359600002, 4.43815043085421], [-75.63632768600002, 4.438047227854235], [-75.63658461, 4.43793256285423], [-75.63676737700001, 4.4378866368542464], [-75.63705286999999, 4.43777194985424], [-75.63717271000002, 4.437686001854252], [-75.63730956699999, 4.437531353854224], [-75.63737782599998, 4.437359582854229], [-75.63742299900002, 4.437061898854269], [-75.63739958600002, 4.436752816854277], [-75.63731328799997, 4.436426608854296], [-75.63715266399998, 4.436077556854261], [-75.63692910399999, 4.4356827578542815], [-75.63676866899999, 4.435436739854305], [-75.63655668199999, 4.435122071854325], [-75.636424949, 4.434950444854347], [-75.636247454, 4.434750230854336], [-75.63609280399999, 4.4345442768543215], [-75.63596103200001, 4.434349753854318], [-75.63589218499999, 4.434195254854361], [-75.63585183499998, 4.434000666854374], [-75.63589722699999, 4.433823187854378], [-75.63598268800001, 4.433685748854372], [-75.636216725, 4.433553925854366], [-75.636530838, 4.433467835854344], [-75.63684513999999, 4.433484781854359], [-75.63707373, 4.433501786854378], [-75.63730803499999, 4.433518790854349], [-75.63763373199998, 4.433518553854355], [-75.63793650100001, 4.43347826485439], [-75.638073534, 4.433420924854379], [-75.63825051200001, 4.433334935854365], [-75.63857013299997, 4.433134360854363], [-75.63864424899998, 4.433042720854381], [-75.63874110799998, 4.432888100854387], [-75.63884351299998, 4.432641892854376], [-75.63888880100001, 4.432407171854418], [-75.63888821, 4.4320809008544195], [-75.63877316399999, 4.4316574048544375], [-75.63858941699999, 4.431159545854447], [-75.63848035199999, 4.430884869854455], [-75.638359718, 4.430530065854483], [-75.63821035699999, 4.430089420854471], [-75.63794055800003, 4.429402729854493], [-75.637642572, 4.428927850854546], [-75.63741912699999, 4.428596017854532], [-75.63723554500001, 4.428189743854548], [-75.637046199, 4.427754852854561], [-75.63685108499999, 4.427291346854563], [-75.63671319500003, 4.426873591854575], [-75.63659262200002, 4.426553130854591], [-75.63651210900002, 4.426266986854619], [-75.63642551999999, 4.425780505854637], [-75.63640208499999, 4.425459974854654], [-75.63639572900001, 4.425105087854648], [-75.63644646, 4.42472153885467], [-75.63654869999999, 4.424383745854651], [-75.63671378100003, 4.424040181854672], [-75.63686748700002, 4.423725245854688], [-75.63699276900002, 4.423490468854695], [-75.637180881, 4.423244196854674], [-75.63734635700001, 4.423118146854733], [-75.63760892699997, 4.422969127854683], [-75.63778023100002, 4.422906039854704], [-75.63806022300002, 4.422911557854718], [-75.63816893199999, 4.422991615854697], [-75.63824340000002, 4.4230945948547165], [-75.63831808499998, 4.423317778854705], [-75.63831834400003, 4.423460879854691], [-75.638290273, 4.42373565385467], [-75.63829054299998, 4.423884479854706], [-75.63829676400002, 4.424164955854698], [-75.638308639, 4.424411080854682], [-75.63834331599998, 4.424628569854644], [-75.63838370799999, 4.424846054854636], [-75.63847557700001, 4.42509212185467], [-75.63866458199999, 4.42533811885464], [-75.63883051599998, 4.425463926854642], [-75.63901347400002, 4.425526758854605], [-75.639253521, 4.425560926854615], [-75.63952781199998, 4.42557217385465], [-75.639767786, 4.425566273854628], [-75.64015627200001, 4.425531643854613], [-75.64037906300001, 4.425502860854618], [-75.64065322900001, 4.425445418854658], [-75.64089309899998, 4.425382277854604], [-75.64100727499999, 4.4253249538546555], [-75.641303714, 4.424946947854656], [-75.64156598199997, 4.424631929854631], [-75.64182832300003, 4.424356981854673], [-75.64205632, 4.4240477138546614], [-75.642233035, 4.423818620854694], [-75.64247272799997, 4.423658169854696], [-75.64299225799999, 4.4234173758546715], [-75.643243515, 4.423331328854707], [-75.64368325700002, 4.423205075854692], [-75.64403170399999, 4.423147576854714], [-75.64448308300001, 4.4231357948547165], [-75.64508306599998, 4.423146797854713], [-75.64540875, 4.423140832854693], [-75.64587142200003, 4.423054628854682], [-75.64617991099999, 4.4230200548547005], [-75.64652839799999, 4.422985451854689], [-75.64683111199997, 4.42291653685471], [-75.64713951800002, 4.422836171854735], [-75.647516355, 4.4226813398547185], [-75.64787027400001, 4.4224921828546995], [-75.648178492, 4.422308781854751], [-75.64846388400002, 4.422142568854754], [-75.64868080399998, 4.422027925854735], [-75.648892085, 4.42195335585476], [-75.64902906100002, 4.421867391854766], [-75.64914305799999, 4.421712756854775], [-75.64925124500002, 4.421506607854772], [-75.64933087499998, 4.421306205854765], [-75.64943322300002, 4.4210313728547765], [-75.64959843399998, 4.420762217854778], [-75.64984372499998, 4.420538792854783], [-75.65016328500002, 4.420309590854775], [-75.65036874499998, 4.420177782854788], [-75.650648413, 4.4200058498548], [-75.65088821900002, 4.419908359854836], [-75.65120797999998, 4.419787913854795], [-75.65140214799999, 4.419730526854826], [-75.65150495500001, 4.419707554854822], [-75.65164201699997, 4.419667381854815], [-75.651779057, 4.419615762854844], [-75.651858946, 4.419558462854811], [-75.651875931, 4.4194725878548455], [-75.651835661, 4.419323791854831], [-75.651732632, 4.419226559854861], [-75.65165828699998, 4.41919227085482], [-75.651498247, 4.419163769854846], [-75.651309529, 4.419078051854816], [-75.65122937699999, 4.418992248854826], [-75.65115473999998, 4.418797686854841], [-75.65115444499997, 4.418637412854853], [-75.65119981100003, 4.418448481854835], [-75.65129652799999, 4.418219446854873], [-75.65135893000001, 4.417973263854882], [-75.65143840100001, 4.417686998854897], [-75.65150650599998, 4.41743508685489], [-75.65155749000002, 4.417194636854922], [-75.651585388, 4.416828272854928], [-75.65159065099999, 4.416582132854938], [-75.65160722600001, 4.416273018854941], [-75.65160680700001, 4.416044055854914], [-75.65161213200003, 4.415832260854934], [-75.65160033699999, 4.415631925854954], [-75.65150848299999, 4.415397306854933], [-75.65139975199997, 4.415305802854984], [-75.65126830100002, 4.415288729854946], [-75.65111405800002, 4.415306018854977], [-75.65094283000002, 4.415409180854926], [-75.65080025600003, 4.415558114854961], [-75.65066925500003, 4.415787176854974], [-75.65054976900001, 4.416062022854933], [-75.65045873399998, 4.416273882854901], [-75.65021437799999, 4.417006749854888], [-75.65012908800003, 4.417235778854905], [-75.650038327, 4.4175964638548715], [-75.649964549, 4.417871276854894], [-75.64989066599998, 4.418088846854848], [-75.649822309, 4.418203379854888], [-75.64967977600003, 4.418375208854839], [-75.64946863400002, 4.418524193854841], [-75.64916031400003, 4.4186503548548615], [-75.64905179200002, 4.418673332854861], [-75.64878323800002, 4.41867353385484], [-75.64854890599997, 4.418639364854839], [-75.64831440500001, 4.418513609854842], [-75.64825714099999, 4.418444962854869], [-75.648216682, 4.418193133854839], [-75.648267584, 4.417906890854851], [-75.64834146700002, 4.41768932085489], [-75.648426411, 4.417271398854913], [-75.648454447, 4.4169794498548915], [-75.64845385000001, 4.416653175854929], [-75.64842495599999, 4.416475750854932], [-75.648287718, 4.416418613854929], [-75.64809914, 4.416407306854908], [-75.64795641799998, 4.416476102854904], [-75.64777393999998, 4.416676581854897], [-75.64758604999997, 4.41704306385489], [-75.64737540099998, 4.417461078854915], [-75.647210325, 4.417804647854895], [-75.64708495500003, 4.41798791285486], [-75.646948082, 4.418131115854852], [-75.64642297799998, 4.418446331854827], [-75.646108965, 4.4185839448548725], [-75.64573218200002, 4.418767394854827], [-75.64497264200003, 4.418991198854843], [-75.64474424299999, 4.41907722885482], [-75.644527208, 4.419128906854858], [-75.64433864900002, 4.419129046854849], [-75.644075768, 4.419106344854823], [-75.64381866399998, 4.419117983854861], [-75.64352736900003, 4.4191811648548365], [-75.64318469199998, 4.419267280854807], [-75.64296188200001, 4.419284616854849], [-75.64277900600001, 4.41926757885484], [-75.64260743300002, 4.4191818458548475], [-75.64247561799999, 4.418964426854832], [-75.642429531, 4.418758395854836], [-75.64239491400002, 4.41857525185484], [-75.64245172099999, 4.418392037854842], [-75.64256570600003, 4.418231680854875], [-75.64270821899999, 4.418048403854861], [-75.64297072400001, 4.41786503885487], [-75.64323329199999, 4.417716019854881], [-75.64351873499999, 4.417578430854871], [-75.64372995100001, 4.417469515854871], [-75.64404394399997, 4.4173204578549035], [-75.64424947600003, 4.417228719854925], [-75.64450067799999, 4.417114050854898], [-75.64461486200003, 4.417062449854908], [-75.64479180500001, 4.416959284854927], [-75.644888847, 4.416907695854918], [-75.64502576000001, 4.4167873888548845], [-75.64509984199998, 4.416678576854942], [-75.64515680400001, 4.416581223854941], [-75.64522493200002, 4.416340761854929], [-75.64523595200001, 4.416117514854929], [-75.64520706899998, 4.415945813854934], [-75.64517253399998, 4.415808460854925], [-75.64510371699998, 4.415671134854971], [-75.64499501799997, 4.415596801854934], [-75.644846374, 4.415551119854923], [-75.64473208700002, 4.415545480854931], [-75.64445794699998, 4.415614373854925], [-75.64420675399998, 4.415734766854949], [-75.643875767, 4.415963974854948], [-75.64372171299999, 4.4160842958549384], [-75.64349913199999, 4.416227561854944], [-75.64333938499999, 4.416359334854909], [-75.64315111899998, 4.416519748854895], [-75.642917184, 4.416703091854896], [-75.642808807, 4.416806205854906], [-75.642671893, 4.416926511854882], [-75.64247799700001, 4.417132722854913], [-75.64234678600002, 4.417247300854867], [-75.64226688500003, 4.417298876854907], [-75.64211841899998, 4.41735050385491], [-75.641952705, 4.417344902854906], [-75.64187834199998, 4.4172991648548745], [-75.64188365000001, 4.417075921854884], [-75.64195194500002, 4.416927045854919], [-75.64208870300001, 4.416720876854902], [-75.64221975700002, 4.416520438854931], [-75.64228804200002, 4.416365837854913], [-75.64231619499998, 4.416136854854926], [-75.64225880499998, 4.415999518854962], [-75.642098567, 4.415862258854934], [-75.64185285999997, 4.415856717854931], [-75.64165869300001, 4.415914100854944], [-75.641493137, 4.415994360854939], [-75.64131639300001, 4.416206282854935], [-75.641242519, 4.416429575854911], [-75.64107772099999, 4.41692769185491], [-75.640929922, 4.4173456578548835], [-75.640799023, 4.417631957854894], [-75.64066228600001, 4.417849573854879], [-75.64051988599999, 4.418095812854852], [-75.64036621499997, 4.418427921854834], [-75.64026949499998, 4.41865695585486], [-75.640110214, 4.419046309854835], [-75.639984986, 4.41930970985482], [-75.63986532799998, 4.419492967854808], [-75.63972275100002, 4.419641898854815], [-75.63958578299997, 4.41973358485483], [-75.63935739499999, 4.41982533685483], [-75.63919175500001, 4.419859803854807], [-75.63891183499999, 4.41989435385482], [-75.638717595, 4.419911667854806], [-75.63847754900002, 4.419877499854797], [-75.63838030900001, 4.419820329854805], [-75.638368549, 4.41963716885482], [-75.63843086100002, 4.419339470854828], [-75.63848181899999, 4.419081851854811], [-75.63849279099998, 4.418829983854856], [-75.63852659600002, 4.418566652854883], [-75.63860031399997, 4.4182574988548575], [-75.63866276200002, 4.418034215854901], [-75.63870810999998, 4.417833839854893], [-75.63869634899999, 4.41765067785486], [-75.638672901, 4.417324423854907], [-75.63867246500001, 4.417084012854928], [-75.63870061799997, 4.416855029854935], [-75.63882575000002, 4.416540114854894], [-75.638945358, 4.416328235854953], [-75.63909919499997, 4.4160877128549565], [-75.639241771, 4.415938780854963], [-75.639418444, 4.415686791854924], [-75.63949232800002, 4.415469223854944], [-75.63949764699998, 4.415251705854955], [-75.63940585, 4.415045706854962], [-75.63921128800001, 4.414885575854988], [-75.639011116, 4.414782689854959], [-75.63884531999997, 4.414731295854992], [-75.63851384399999, 4.414691470855004], [-75.63825670099999, 4.414680211854985], [-75.63786820000001, 4.414703393854997], [-75.63763398600003, 4.414732186855009], [-75.63746270500002, 4.414806724854984], [-75.637297263, 4.41494994785499], [-75.63718902099998, 4.415127472854947], [-75.63712098500002, 4.415419450854951], [-75.63708712900001, 4.415654161854957], [-75.637104798, 4.415946075854956], [-75.637174072, 4.416335261854947], [-75.637214734, 4.416701571854938], [-75.63722656700003, 4.4169248018548934], [-75.63722701299997, 4.417170933854913], [-75.63718738900002, 4.417377028854912], [-75.637124911, 4.417583141854896], [-75.63704521599999, 4.417749198854898], [-75.63693142800003, 4.418018311854886], [-75.63687461, 4.418195799854838], [-75.636823768, 4.418516384854831], [-75.63680722700002, 4.4188483918548185], [-75.636790657, 4.419163227854837], [-75.63674556799998, 4.419506704854829], [-75.63668881199999, 4.419718534854829], [-75.63653506600002, 4.4200105748548015], [-75.636352606, 4.420222498854777], [-75.63619285599998, 4.420354268854765], [-75.63601023000001, 4.420474607854799], [-75.63590188299997, 4.420594891854786], [-75.63576535200002, 4.420926986854747], [-75.63578288600002, 4.4211444868547645], [-75.635908954, 4.42134473685479], [-75.63609207799999, 4.421499153854758], [-75.63607532999998, 4.421716679854721], [-75.63599555299999, 4.421836943854748], [-75.63587570800001, 4.421917166854749], [-75.63569298700003, 4.421985988854749], [-75.63555587399998, 4.421997537854766], [-75.63536153000001, 4.421957610854727], [-75.63504129199998, 4.421814742854771], [-75.63481251899998, 4.421694703854756], [-75.63442389099998, 4.421649193854755], [-75.63406394700002, 4.4216666278547825], [-75.63377263199999, 4.421718355854736], [-75.63346420699997, 4.421787268854738], [-75.63325284400003, 4.421816040854743], [-75.63297279099999, 4.421776176854777], [-75.63277260900003, 4.42166756485476], [-75.632549116, 4.42130711185478], [-75.632285637, 4.420952411854795], [-75.63199363899997, 4.420626353854764], [-75.631753253, 4.420403289854824], [-75.63146154600003, 4.420237502854812], [-75.631255775, 4.420197583854792], [-75.63111867399999, 4.420214855854768], [-75.63089597599998, 4.420295152854785], [-75.630627672, 4.420432723854817], [-75.63035352999998, 4.420501610854808], [-75.63016495199997, 4.420490298854784], [-75.629999075, 4.420393109854817], [-75.629913026, 4.420204278854819], [-75.62982678100002, 4.419906689854812], [-75.62969491899997, 4.419660651854822], [-75.62957469999998, 4.4195348108548345], [-75.62941434200002, 4.419328860854831], [-75.62932252600001, 4.419111411854846], [-75.6292934, 4.418802336854834], [-75.62933861699997, 4.418527548854829], [-75.62934357699999, 4.418109689854861], [-75.62922291500001, 4.417737714854871], [-75.629136722, 4.417468746854877], [-75.62907884100002, 4.417056657854884], [-75.62894693700002, 4.416787723854931], [-75.62879812, 4.416644730854934], [-75.62850662099999, 4.416593423854905], [-75.62823239800002, 4.41661651785493], [-75.627941158, 4.416708311854943], [-75.62771861700003, 4.4168744698548865], [-75.62749634400001, 4.417189451854899], [-75.62729134599999, 4.417578833854867], [-75.62712039500002, 4.417836537854896], [-75.62694374, 4.418099969854886], [-75.62680121300002, 4.418277517854886], [-75.62659610200001, 4.418603935854861], [-75.626436598, 4.418873079854868], [-75.62632297099998, 4.4192337758548295], [-75.62629506899998, 4.4196058568548455], [-75.62634140799997, 4.419954989854818], [-75.62649632, 4.420309768854829], [-75.62665133500002, 4.420721788854812], [-75.62681784099999, 4.421168143854751], [-75.626938419, 4.421494327854755], [-75.62706474100003, 4.421837678854765], [-75.627162495, 4.422181050854729], [-75.62725456499999, 4.422541598854722], [-75.627266486, 4.422816343854729], [-75.62723808200002, 4.422907948854692], [-75.62712400999999, 4.423022511854696], [-75.62698125600002, 4.4230741298546805], [-75.626781301, 4.423091444854715], [-75.62651226499997, 4.4228226078547035], [-75.62628925000001, 4.422725459854699], [-75.62614630899998, 4.422674044854726], [-75.62575767300001, 4.422622806854703], [-75.62544349299998, 4.422668822854703], [-75.62525507800001, 4.422749093854701], [-75.62504965699998, 4.42290379085472], [-75.62495851099999, 4.423058403854727], [-75.62489599899999, 4.4232473408546795], [-75.62487361500001, 4.423510662854697], [-75.62485114999998, 4.4237281918546865], [-75.62474349000001, 4.4242319828547005], [-75.62465819099998, 4.424461005854661], [-75.62450439999998, 4.424730143854673], [-75.624378982, 4.424890505854649], [-75.62420212799998, 4.425045180854613], [-75.62395102400001, 4.425217079854625], [-75.623699767, 4.425303119854655], [-75.62352263700001, 4.425303245854632], [-75.62328824399998, 4.425234723854642], [-75.62303620799997, 4.424885737854648], [-75.62290398800002, 4.4244393578546335], [-75.62286289399998, 4.423826915854682], [-75.622822455, 4.4235808128546905], [-75.622638833, 4.423145916854703], [-75.62235835000001, 4.422865639854712], [-75.622032117, 4.422562497854712], [-75.62181455899997, 4.422322242854731], [-75.62159121500002, 4.422041924854713], [-75.62135089499998, 4.421853201854768], [-75.62107646599998, 4.421761812854738], [-75.62064218299997, 4.42174494785478], [-75.620236498, 4.421745236854731], [-75.61980789699999, 4.421711195854746], [-75.61927068300002, 4.421648611854771], [-75.61889905700002, 4.42152294485475], [-75.618527309, 4.421328590854782], [-75.618292715, 4.42114558885476], [-75.618052283, 4.420893900854782], [-75.61776007899999, 4.420447634854807], [-75.61763393400003, 4.420201590854829], [-75.617392962, 4.419646531854819], [-75.61716922300002, 4.4191429778548645], [-75.61698007400003, 4.418811118854841], [-75.61684247099998, 4.418547909854828], [-75.61672789900001, 4.418381994854864], [-75.61657330899999, 4.418204659854884], [-75.61643031099999, 4.418118899854892], [-75.61629310699999, 4.418078928854861], [-75.616093073, 4.418050449854883], [-75.61581311600003, 4.418062094854852], [-75.61553904599998, 4.418171042854845], [-75.61520809400002, 4.4184231328548345], [-75.61501998699998, 4.418675121854872], [-75.61470674899999, 4.419247740854825], [-75.61454736299999, 4.4195855688548145], [-75.61432521799998, 4.419974956854827], [-75.61404603599999, 4.420421624854808], [-75.61377248500003, 4.42082249585481], [-75.613442082, 4.421383678854734], [-75.61320279400002, 4.421773077854751], [-75.612912161, 4.422208303854712], [-75.61256440099999, 4.4226492958546935], [-75.612273545, 4.422958594854725], [-75.611857074, 4.423319495854673], [-75.611514753, 4.423605933854716], [-75.61113242300002, 4.423886675854674], [-75.610772887, 4.424133055854693], [-75.610424739, 4.424356532854645], [-75.60984821900001, 4.424683200854645], [-75.60935731500001, 4.424958291854637], [-75.60881500599999, 4.425244866854643], [-75.60832410199998, 4.425519956854629], [-75.60790739599997, 4.425749203854621], [-75.60759349800003, 4.425955483854595], [-75.60712551900002, 4.426270624854574], [-75.60670320999998, 4.426562838854579], [-75.60648632700003, 4.4267003618546115], [-75.60618949000002, 4.426860837854566], [-75.60581848200002, 4.4270843288546], [-75.60549315700001, 4.427290614854573], [-75.60521350099998, 4.427473973854567], [-75.60463719, 4.427920837854523], [-75.60418643100002, 4.428281756854517], [-75.603792709, 4.428585396854533], [-75.60356450799998, 4.42878589185453], [-75.60332494, 4.429020737854529], [-75.60299407999997, 4.429330057854509], [-75.602760165, 4.4295305568545205], [-75.60249768, 4.429731073854505], [-75.602286477, 4.429851420854507], [-75.60202959600002, 4.429988970854478], [-75.60165279199998, 4.430166668854489], [-75.60133305699998, 4.430304261854463], [-75.600933268, 4.430407563854475], [-75.60069904900001, 4.430436342854467], [-75.60048193099999, 4.430442214854494], [-75.60024196900002, 4.430453823854447], [-75.60015059900002, 4.430482504854453], [-75.60008785600002, 4.430545511854449], [-75.599985339, 4.430734471854435], [-75.59991136000002, 4.4309062418544425], [-75.59986598, 4.431095162854453], [-75.59981495800002, 4.4313241558544565], [-75.59979250499998, 4.431553130854416], [-75.59980414400002, 4.431673324854444], [-75.599878595, 4.431770581854435], [-75.60002165399999, 4.431890688854419], [-75.60026188799998, 4.432033624854395], [-75.60040488599998, 4.43211938685441], [-75.60058215700002, 4.43219940385442], [-75.60065655800003, 4.432268040854394], [-75.600811136, 4.432439654854395], [-75.60086856700002, 4.4326056108543845], [-75.60091454000002, 4.432754402854382], [-75.60092054500001, 4.432920393854396], [-75.60090965, 4.433223771854396], [-75.600875659, 4.433389789854349], [-75.600830341, 4.433613054854391], [-75.60082495799998, 4.433801949854328], [-75.60084808599998, 4.433956479854363], [-75.60095120800003, 4.434110957854367], [-75.601065737, 4.43425397885435], [-75.60123182199999, 4.434471377854345], [-75.60135216600003, 4.434671635854349], [-75.60142682999998, 4.4348890968543175], [-75.601455853, 4.435146654854299], [-75.60145630599999, 4.435404231854299], [-75.60138827200001, 4.435707648854286], [-75.601331485, 4.435908026854274], [-75.601240394, 4.436096978854298], [-75.60116642499997, 4.436274470854267], [-75.60113225200001, 4.436337457854299], [-75.60101251100002, 4.436480638854291], [-75.60077866199998, 4.436721202854252], [-75.60057899700001, 4.436904504854228], [-75.60037939199998, 4.437122149854241], [-75.600231382, 4.437437066854257], [-75.60011768599998, 4.4377691338542355], [-75.60004970199998, 4.438101169854198], [-75.600004442, 4.438358777854219], [-75.59995345800002, 4.438610667854227], [-75.59985117999997, 4.438937000854191], [-75.599760119, 4.4391431248541755], [-75.59966325200003, 4.439297737854175], [-75.59946953100001, 4.439612685854143], [-75.59933853199999, 4.439853179854163], [-75.59916751499998, 4.440082252854171], [-75.59902491700001, 4.440225447854125], [-75.59881945500001, 4.440362959854163], [-75.59857397799999, 4.440489051854112], [-75.59837409900001, 4.440552148854121], [-75.59801430099998, 4.440655421854153], [-75.597734478, 4.440747192854131], [-75.597391872, 4.4408790718540985], [-75.59708921200001, 4.440982305854149], [-75.596843723, 4.441102673854097], [-75.596529847, 4.441326115854139], [-75.59634735100002, 4.441526576854099], [-75.59615919100003, 4.441755660854102], [-75.59597094999998, 4.441938951854078], [-75.595645746, 4.4422196418540745], [-75.59535467400002, 4.442414450854067], [-75.59522341399997, 4.442506120854079], [-75.59509784599999, 4.442586339854062], [-75.59486375400002, 4.44268952585405], [-75.59457260200003, 4.442838542854055], [-75.59433853899998, 4.442958900854059], [-75.59413870100002, 4.443044891854045], [-75.59400173699999, 4.443142290854066], [-75.59383629000001, 4.4432912218540785], [-75.593636732, 4.443537483854027], [-75.59341447600002, 4.4438753438540175], [-75.59320356900002, 4.444167404853993], [-75.592998335, 4.44443656585399], [-75.59282159000003, 4.4446599148539905], [-75.59265621499998, 4.4448489148540204], [-75.59233665099998, 4.445089531853984], [-75.592068385, 4.445255702853971], [-75.59182859700002, 4.445370339853992], [-75.59160024800002, 4.445490692853992], [-75.59144621000002, 4.445628168853949], [-75.59133228799999, 4.445834306853948], [-75.59121879499997, 4.446286571853972], [-75.59127632299999, 4.446509767853943], [-75.59140239999999, 4.446721469853931], [-75.59161409500001, 4.446881600853906], [-75.591757094, 4.44696736685394], [-75.592025751, 4.447024428853937], [-75.59231711299998, 4.446995617853944], [-75.59257402399999, 4.446869520853929], [-75.59275670099998, 4.446772093853916], [-75.59299070499998, 4.446617393853925], [-75.59328752300001, 4.446439753853929], [-75.593806847, 4.446067354853985], [-75.59412075699998, 4.44586108585394], [-75.59442901099999, 4.445689162853965], [-75.59470305299999, 4.445557329853959], [-75.59494855499997, 4.445442688853977], [-75.59523409299999, 4.445350915853976], [-75.595451164, 4.4453164278539905], [-75.59566826499997, 4.4452991118539655], [-75.59589696400002, 4.445379095853994], [-75.596143015, 4.4455792708539565], [-75.59625789400002, 4.445922631853983], [-75.59633871, 4.446391941853937], [-75.596333765, 4.4468326898539425], [-75.59635736000001, 4.447256245853919], [-75.59642627699998, 4.447456538853887], [-75.59650115, 4.447794202853903], [-75.59660463099999, 4.448154742853868], [-75.596788247, 4.448595364853891], [-75.596931488, 4.448818502853849], [-75.59704634799999, 4.449150416853855], [-75.59698989700001, 4.449545406853859], [-75.59692171900002, 4.449768686853851], [-75.59689935199998, 4.450049173853839], [-75.59693986899998, 4.4503467938538], [-75.59704894499998, 4.450638642853803], [-75.59720367300002, 4.450896118853794], [-75.597421155, 4.451096312853786], [-75.59764991700001, 4.451210638853802], [-75.59808438200002, 4.451324829853759], [-75.59849013799999, 4.4513589038538015], [-75.598758648, 4.451330104853797], [-75.59912416499998, 4.451226830853778], [-75.59947818500001, 4.451083495853819], [-75.59982073600003, 4.450917272853817], [-75.60011181099998, 4.45072246485382], [-75.60043710100001, 4.450487564853814], [-75.60083089699998, 4.450218274853815], [-75.60099637500002, 4.45008651185381], [-75.601139074, 4.45000055785383], [-75.60128750899997, 4.449926047853843], [-75.601573191, 4.449914406853828], [-75.60197913600001, 4.450057233853819], [-75.60223652799999, 4.450205884853829], [-75.60247683799997, 4.450388890853806], [-75.60262003999998, 4.450589132853812], [-75.60271759, 4.450823750853773], [-75.60275246700002, 4.451161441853786], [-75.602650246, 4.451522119853774], [-75.60244507200002, 4.451825627853768], [-75.60217716400001, 4.4521978648537734], [-75.60197203000001, 4.452524267853738], [-75.601818391, 4.452890704853755], [-75.60169319300002, 4.4531827108537385], [-75.60162518499999, 4.453503298853689], [-75.60157443999998, 4.453892561853725], [-75.60149529400002, 4.454379151853686], [-75.60139304199998, 4.454722657853656], [-75.601302078, 4.454986021853681], [-75.601119638, 4.455220824853692], [-75.60082871100002, 4.455501492853638], [-75.600663253, 4.455644702853666], [-75.600446369, 4.455787945853626], [-75.60001824400001, 4.45603436085361], [-75.59970993399997, 4.456177664853612], [-75.59935598099997, 4.456361066853616]]]}, "properties": {"OBJECTID": 443, "DXF_TEXT": "Stv1", "COD": "Stv1", "SHAPE.AREA": 0.00140076688381808, "SHAPE.LEN": 0.415029884627347}}, {"type": "Feature", "id": 550, "geometry": {"type": "Polygon", "coordinates": [[[-75.59106320199999, 4.423971493854677], [-75.59097986799998, 4.423957640854695], [-75.59079690599998, 4.423889074854656], [-75.59063677, 4.423803323854691], [-75.59014480299999, 4.423471662854681], [-75.58997319899999, 4.423363021854688], [-75.58983023500002, 4.423294429854697], [-75.58957872799999, 4.423237356854712], [-75.58943587300001, 4.423231728854711], [-75.58930445599998, 4.423231816854691], [-75.589178763, 4.423237624854713], [-75.58892754599998, 4.423346546854693], [-75.58874486500002, 4.423438250854687], [-75.58852224700001, 4.423564324854666], [-75.588402487, 4.423696055854668], [-75.58824285100002, 4.423896498854703], [-75.58810624, 4.424194233854701], [-75.58796423400003, 4.42467513985463], [-75.587879214, 4.425070145854642], [-75.58780558400002, 4.425442250854618], [-75.587754749, 4.4257799968546205], [-75.58775541799997, 4.426163498854589], [-75.58776727499998, 4.426409620854601], [-75.58779653200003, 4.426804551854612], [-75.58786593600001, 4.427285316854558], [-75.58791229500002, 4.427657341854534], [-75.58796434800001, 4.428017915854533], [-75.58798764199997, 4.428269753854521], [-75.588028608, 4.428824947854522], [-75.58805188100001, 4.429065336854514], [-75.58810375399997, 4.429322879854478], [-75.58825835800002, 4.429511667854472], [-75.58835570100001, 4.429631805854468], [-75.58859608199998, 4.429860603854481], [-75.58880215900001, 4.430077977854462], [-75.58899110599998, 4.430301084854466], [-75.58911144500001, 4.4305013438544565], [-75.589220388, 4.430718780854458], [-75.58930078999998, 4.43095340985442], [-75.58933552299999, 4.4312109638544435], [-75.58934154500002, 4.431388401854416], [-75.58926208999998, 4.431697547854411], [-75.58917098799998, 4.431880772854408], [-75.58906844799998, 4.4320582818544265], [-75.588880389, 4.432344603854383], [-75.588663812, 4.432659563854398], [-75.588498517, 4.43289435285438], [-75.58835600999998, 4.433089061854408], [-75.58819640000002, 4.4333066758543485], [-75.58806524099998, 4.433455583854369], [-75.58795118299997, 4.4335815868543555], [-75.58780848599997, 4.433667538854357], [-75.58767711600001, 4.433696244854379], [-75.58746577400001, 4.433736451854366], [-75.58732876099998, 4.433805229854378], [-75.58711202299997, 4.434028604854332], [-75.58703250399998, 4.434303405854366], [-75.58709001199998, 4.434515154854321], [-75.58725645099997, 4.434938614854342], [-75.58741710700002, 4.435322012854326], [-75.58753199099999, 4.4356710968543025], [-75.58760676899999, 4.435957244854287], [-75.58769874799998, 4.4362777248543], [-75.58775638600002, 4.436563882854289], [-75.58777973899998, 4.436850063854253], [-75.58781466800002, 4.437222096854261], [-75.58782083, 4.437479669854256], [-75.587747724, 4.43815514185424], [-75.587651015, 4.438401333854197], [-75.58757693400003, 4.438515860854186], [-75.58744570300001, 4.438624700854183], [-75.587280158, 4.438716392854186], [-75.587108871, 4.438790916854201], [-75.58687466999999, 4.438831137854202], [-75.58668619100001, 4.438877052854194], [-75.586463498, 4.4389630568542175], [-75.586143768, 4.439106364854175], [-75.58593251299999, 4.43919808585416], [-75.585806935, 4.439272578854154], [-75.58569290600002, 4.439415751854176], [-75.58559615799999, 4.439639047854166], [-75.58551096399998, 4.439936746854149], [-75.585414205, 4.44015431985413], [-75.585317326, 4.4403032038541195], [-75.58523176800003, 4.440389118854121], [-75.58506046999997, 4.440457917854132], [-75.58490053899999, 4.440492365854134], [-75.58468912500001, 4.440492504854145], [-75.58448907799999, 4.440458289854122], [-75.58434617099999, 4.440424038854133], [-75.58418032899999, 4.440344012854155], [-75.58345956400001, 4.4398751198541735], [-75.58328220599998, 4.4397435848541384], [-75.583099162, 4.439629226854181], [-75.58294474899998, 4.439549191854189], [-75.58283612499997, 4.439514918854146], [-75.58269894099999, 4.439486387854148], [-75.58253897200001, 4.439497939854196], [-75.58237906300002, 4.439543833854181], [-75.58220784399998, 4.439658424854173], [-75.58207666099997, 4.439795881854156], [-75.58191697000001, 4.439967703854181], [-75.58184871899999, 4.440150912854178], [-75.58179196600003, 4.440374182854161], [-75.58177519200001, 4.440585978854123], [-75.58182707200001, 4.440849244854113], [-75.58187312899997, 4.441049552854147], [-75.581936498, 4.441347154854127], [-75.58196557100001, 4.441639055854086], [-75.58196597699998, 4.441873735854084], [-75.581960788, 4.442177106854106], [-75.58193819899998, 4.442331665854056], [-75.58190991599997, 4.442497678854058], [-75.58188159399998, 4.442640794854056], [-75.58184183399999, 4.442778193854094], [-75.58174493500002, 4.4429156318540555], [-75.58145400900003, 4.443196290854042], [-75.58119700100002, 4.4432651438540605], [-75.58102562300002, 4.443288149854051], [-75.580854284, 4.443334051854058], [-75.58071720999999, 4.443368483854068], [-75.58048881000002, 4.443460212854022], [-75.58035186400002, 4.443569055854036], [-75.58021505599999, 4.44375803385402], [-75.58014679500002, 4.443935518854005], [-75.580089972, 4.444118718854038], [-75.58007316499999, 4.444313343854037], [-75.58010781600001, 4.444525106854014], [-75.58015950700002, 4.444679618854001], [-75.580205465, 4.444822686853995], [-75.58024572800002, 4.444977206854018], [-75.58026314699998, 4.445137464854005], [-75.58022925900002, 4.445366442853986], [-75.58022938699997, 4.445440852853958], [-75.58025258800001, 4.4456411748539635], [-75.580287247, 4.445858661853938], [-75.58029330699998, 4.446058994853951], [-75.58028786900002, 4.44621926785395], [-75.58025393999998, 4.446425350853964], [-75.58021415000002, 4.446545577853926], [-75.58011169399998, 4.446774599853959], [-75.58004331500001, 4.446883397853949], [-75.57996354599999, 4.447015099853913], [-75.579883876, 4.447204039853897], [-75.57986696199998, 4.447335699853915], [-75.57986742399999, 4.447604723853884], [-75.57989641900002, 4.447850833853902], [-75.579942663, 4.448159894853893], [-75.57996591300002, 4.448388836853864], [-75.57998338099998, 4.448577713853883], [-75.57998933099998, 4.448715083853891], [-75.57993817200003, 4.448869662853849], [-75.57990391800001, 4.4488868558538694], [-75.57953291400003, 4.44912177485384], [-75.57943583600002, 4.449156179853842], [-75.57927030899998, 4.449259315853855], [-75.57918477700002, 4.4493624008538255], [-75.57904225300001, 4.449551381853823], [-75.57896812899997, 4.449643010853823], [-75.57887687300001, 4.449740375853861], [-75.578791282, 4.449809116853815], [-75.57869993700001, 4.449854966853858], [-75.57860864100002, 4.449929435853827], [-75.57855165900003, 4.450021055853851], [-75.57851180900002, 4.450106939853838], [-75.57847223599998, 4.4503530928538035], [-75.57847851999998, 4.450685073853783], [-75.578524802, 4.451017031853775], [-75.57857110499998, 4.451360435853805], [-75.57861731899999, 4.451652325853764], [-75.578669365, 4.452012898853773], [-75.578692811, 4.452356316853762], [-75.578727577, 4.452636766853745], [-75.57873941899999, 4.452877162853715], [-75.57877424399999, 4.453191954853746], [-75.57881458700001, 4.45339226685375], [-75.57882631000001, 4.453563976853699], [-75.57874774999999, 4.454399716853685], [-75.57864503500002, 4.4544799168537], [-75.57861081099998, 4.454514281853672], [-75.57855371, 4.454537213853711], [-75.57842809200002, 4.454588809853703], [-75.57830241300002, 4.454606061853664], [-75.578142431, 4.4546118878536705], [-75.57796532600003, 4.4546291708537025], [-75.57782821900003, 4.454646429853705], [-75.577725386, 4.454657942853651], [-75.577365601, 4.45477264985367], [-75.57717725499998, 4.454898694853667], [-75.57710311199997, 4.454978876853639], [-75.576949275, 4.455236549853656], [-75.57688098199998, 4.455396860853651], [-75.57681837400003, 4.45553999885364], [-75.57639098200002, 4.456215690853639], [-75.576322511, 4.456272971853644], [-75.576225491, 4.456341719853635], [-75.575894275, 4.456456407853625], [-75.57568288599998, 4.456473712853601], [-75.57548285600001, 4.4564509438536], [-75.57527139799998, 4.456428181853645], [-75.57494566999998, 4.456411215853612], [-75.57485419699998, 4.456382653853601], [-75.57465987299997, 4.4563541578536325], [-75.57454551400002, 4.456308437853632], [-75.574499763, 4.4562855708536455], [-75.57444250499998, 4.456216920853656], [-75.57440806400001, 4.456125359853619], [-75.57439066699999, 4.455976549853635], [-75.57439050099998, 4.455879243853652], [-75.57439016699999, 4.455684632853622], [-75.574401351, 4.455541527853673], [-75.57445254100003, 4.455404121853658], [-75.57450380099999, 4.455306783853673], [-75.57457440399997, 4.455245351853675], [-75.57414394599999, 4.455381419853632], [-75.57374411299998, 4.455467529853672], [-75.57347567400001, 4.455536386853648], [-75.57291608399998, 4.455759969853619], [-75.57267624299999, 4.455845979853635], [-75.57245356300001, 4.455943424853619], [-75.57200242099998, 4.456098253853612], [-75.571676744, 4.4561099048536335], [-75.57138529999997, 4.456092914853628], [-75.570985291, 4.4560759938536325], [-75.57071101999998, 4.456076165853632], [-75.57055681999998, 4.456122053853625], [-75.57035704499998, 4.456248103853621], [-75.570231874, 4.456562994853626], [-75.57022111999999, 4.456957949853608], [-75.57027325899998, 4.4573757608535685], [-75.57030797300001, 4.457627588853608], [-75.57032006399999, 4.458016806853549], [-75.57032622700001, 4.4582801008535755], [-75.570280965, 4.458543427853537], [-75.57013869999997, 4.458886949853557], [-75.569887956, 4.45928205285351], [-75.56963141099999, 4.459625645853523], [-75.569500301, 4.459808891853521], [-75.569380609, 4.459986406853473], [-75.56924951799999, 4.460181099853492], [-75.56917566499999, 4.460432996853484], [-75.56912468600001, 4.460696325853491], [-75.56909662300001, 4.460993984853488], [-75.56901725099999, 4.461360362853439], [-75.56888649000001, 4.461749667853426], [-75.56870998900001, 4.462121828853445], [-75.56849911400002, 4.462442496853408], [-75.56818540699999, 4.462774675853399], [-75.56789458499998, 4.4631240118533855], [-75.56756957599998, 4.463530607853371], [-75.56740422799999, 4.463742492853364], [-75.567159049, 4.464051733853381], [-75.56682260000002, 4.464452611853356], [-75.56658301800002, 4.464693162853342], [-75.56633191999998, 4.464882203853338], [-75.56601794900001, 4.465059837853339], [-75.56574955399998, 4.465157307853356], [-75.565367014, 4.46533498385331], [-75.565058765, 4.465518335853322], [-75.564687876, 4.465827652853338], [-75.56452251799999, 4.466033811853284], [-75.56439138500002, 4.466205608853286], [-75.56407460700001, 4.466500923853287], [-75.56409208600002, 4.475424761852988], [-75.56456788000003, 4.475958966852979], [-75.564900035, 4.47639377985299], [-75.56523224799997, 4.476862933852945], [-75.565489936, 4.4771890378529555], [-75.56584498799998, 4.4776467298529345], [-75.566274459, 4.478184513852933], [-75.56664658400001, 4.478602129852908], [-75.56696712000002, 4.4789224698528765], [-75.56743077099998, 4.479397268852875], [-75.56779142200003, 4.47978627185287], [-75.56828372299998, 4.480306843852819], [-75.568575668, 4.480615754852805], [-75.56911956300002, 4.481233600852801], [-75.56951468599999, 4.48173133585279], [-75.569772618, 4.482200535852772], [-75.56988751199998, 4.482561070852788], [-75.56991086400001, 4.4828529728527355], [-75.56991125299999, 4.483081928852731], [-75.56994064600002, 4.483568440852724], [-75.56998132500001, 4.483969086852713], [-75.570033276, 4.484278144852735], [-75.57013656800001, 4.484535655852695], [-75.57031994599998, 4.484844632852713], [-75.57058346000002, 4.485233695852703], [-75.570858381, 4.485611303852646], [-75.57110460799998, 4.485914518852664], [-75.571345022, 4.486160497852656], [-75.57172849599999, 4.486526590852612], [-75.57196315700003, 4.486749679852633], [-75.57220914099997, 4.4869097968526335], [-75.57263256800002, 4.487247245852596], [-75.57284435399998, 4.487458899852585], [-75.57303335099999, 4.487710634852585], [-75.57329113200001, 4.488088252852592], [-75.573617679, 4.48858030785257], [-75.57384108899998, 4.488906430852536], [-75.57410461500001, 4.489301217852525], [-75.57433364100001, 4.489570100852567], [-75.57449978199998, 4.489821848852541], [-75.57462598299998, 4.49010796585251], [-75.574734923, 4.490325405852531], [-75.57490679799997, 4.4905885998525275], [-75.57506719600002, 4.490823179852504], [-75.575645426, 4.491463899852463], [-75.57592596, 4.491778539852448], [-75.576235124, 4.492127507852468], [-75.576561432, 4.492476465852472], [-75.57693918799998, 4.492836837852453], [-75.577231084, 4.493111404852399], [-75.57755729500002, 4.493403121852434], [-75.57779769400003, 4.493637652852411], [-75.57818103900001, 4.493923609852423], [-75.57852425599998, 4.494135182852422], [-75.57893040200003, 4.494386782852367], [-75.579279257, 4.494552559852364], [-75.57978830799999, 4.494832716852376], [-75.580514806, 4.495290177852365], [-75.58208775899999, 4.49617640585234], [-75.58247668400003, 4.496382224852312], [-75.583020014, 4.496656632852303], [-75.583626224, 4.496942449852306], [-75.58404366299999, 4.4971139068523245], [-75.584826959, 4.497365269852273], [-75.58526740500002, 4.4976225708522986], [-75.585747889, 4.49790274085229], [-75.58606824600002, 4.4981086008522775], [-75.58689180800002, 4.498514482852253], [-75.58749798100001, 4.4987774028522605], [-75.588138442, 4.499040298852239], [-75.58871025100001, 4.499257448852249], [-75.58933347099997, 4.499463116852222], [-75.58980242199999, 4.499680329852201], [-75.59031125799999, 4.49982883085221], [-75.59090343600002, 4.499934745852211], [-75.59106320199999, 4.423971493854677]]]}, "properties": {"OBJECTID": 550, "DXF_TEXT": "Ri1", "COD": "Ri1", "SHAPE.AREA": 0.0011220676945549201, "SHAPE.LEN": 0.18911682735465898}}, {"type": "Feature", "id": 454, "geometry": {"type": "Polygon", "coordinates": [[[-75.64626280599998, 4.5044147308520515], [-75.66043015600002, 4.504443192852037], [-75.660253297, 4.504383437852047], [-75.660173149, 4.5043033588520665], [-75.66010436699997, 4.504188927852084], [-75.66008712899998, 4.504137421852051], [-75.66010982199998, 4.504045820852046], [-75.66023535699998, 4.503942694852049], [-75.6603667, 4.503891082852054], [-75.66047525599998, 4.503879555852089], [-75.660600967, 4.503873739852088], [-75.66072668800001, 4.5038736488520845], [-75.66094956699999, 4.503879210852106], [-75.66112100499998, 4.503879085852062], [-75.66129819999998, 4.50390185385207], [-75.66153250899998, 4.50390740685206], [-75.66180104199998, 4.503878591852053], [-75.66212666000001, 4.503815387852099], [-75.66231512799999, 4.5037522848521006], [-75.66241790800001, 4.503706418852109], [-75.66253207599999, 4.5036376448521045], [-75.662657475, 4.503460106852113], [-75.66270872000001, 4.503357033852068], [-75.66277713, 4.503265399852067], [-75.66295976800001, 4.503139334852115], [-75.66311977599997, 4.503139218852087], [-75.66330266400001, 4.503150531852109], [-75.663508369, 4.503138933852094], [-75.66357120800001, 4.5031274408521025], [-75.66369116300001, 4.503098731852112], [-75.66380530999999, 4.503018510852096], [-75.66387944299998, 4.50293259485211], [-75.66387928900002, 4.502846732852126], [-75.663879071, 4.502726526852106], [-75.66392455800002, 4.502600561852115], [-75.66403864199998, 4.5024859968521245], [-75.66426718500003, 4.502462932852125], [-75.66449004399999, 4.502457044852145], [-75.664650042, 4.502451204852127], [-75.66484421299998, 4.502382372852112], [-75.66496407400001, 4.502302146852147], [-75.665026415, 4.502015894852139], [-75.66502042000002, 4.501861348852162], [-75.66508295800003, 4.501683854852155], [-75.66519132799999, 4.501569292852136], [-75.665351138, 4.501460417852173], [-75.66551678899998, 4.501420226852137], [-75.665779639, 4.501408585852176], [-75.66599112, 4.501431325852139], [-75.66624836, 4.501476930852168], [-75.666539897, 4.501528232852142], [-75.66679140299999, 4.501562391852132], [-75.66718584300003, 4.501636515852165], [-75.66742012100002, 4.501624893852128], [-75.66758568900002, 4.501538909852177], [-75.66776830600003, 4.501401395852162], [-75.66793954500002, 4.5012925118521805], [-75.668419519, 4.501263535852169], [-75.66868824, 4.501337752852129], [-75.66901988400002, 4.501446263852133], [-75.669351425, 4.501497536852129], [-75.66977444999998, 4.501577360852136], [-75.67007734600003, 4.501588585852174], [-75.67038585099999, 4.501542562852139], [-75.67067713799997, 4.501456484852157], [-75.67104828499998, 4.501290208852149], [-75.67139077399997, 4.5010781638521475], [-75.67173319099999, 4.500826045852163], [-75.67209278299998, 4.500591088852194], [-75.67251532699999, 4.500407602852173], [-75.67285800500002, 4.500298588852203], [-75.67306372000002, 4.500292710852177], [-75.67337811700003, 4.5003439928521916], [-75.67361256100003, 4.500423955852203], [-75.67399000699999, 4.500578225852198], [-75.674293122, 4.500709654852154], [-75.67451048599997, 4.500823974852178], [-75.67481366300001, 4.500989748852151], [-75.67505961199998, 4.50110977185217], [-75.675374051, 4.501183950852137], [-75.67564829899999, 4.501155124852187], [-75.675785367, 4.50110922785218], [-75.67585959500002, 4.5010748278521735], [-75.67599082100003, 4.500960246852192], [-75.67608772699998, 4.500828519852204], [-75.67616167199998, 4.500639565852201], [-75.676258244, 4.500324666852164], [-75.67634951000002, 4.500233011852218], [-75.67654372200002, 4.500187071852207], [-75.67666948499999, 4.500209875852179], [-75.676766665, 4.500226973852184], [-75.67689824799999, 4.500307013852171], [-75.677041239, 4.500375594852167], [-75.67727034699999, 4.5006616308522], [-75.67779104800002, 4.501027583852153], [-75.67807697799998, 4.501136128852138], [-75.67821993799998, 4.501187537852178], [-75.67846012000001, 4.501278943852133], [-75.67865442800002, 4.50128452185215], [-75.67895694600003, 4.501089672852196], [-75.67919672699998, 4.500963560852163], [-75.67947076600001, 4.500820250852169], [-75.67974480499998, 4.500676938852191], [-75.68006451000002, 4.5005049738522045], [-75.68025298600003, 4.5004475898522065], [-75.680464373, 4.500418808852184], [-75.68070437699998, 4.500412903852157], [-75.681030174, 4.500447001852176], [-75.68147608200002, 4.500538250852206], [-75.681824726, 4.5005666088521545], [-75.682196282, 4.500623567852163], [-75.68262475199998, 4.5005545538522025], [-75.68295038100001, 4.5004970648521745], [-75.683241742, 4.500451049852163], [-75.68341885299998, 4.500428018852211], [-75.683875801, 4.500307463852194], [-75.68413278000003, 4.500209956852174], [-75.684406819, 4.500066644852206], [-75.68459512599998, 4.49991767285223], [-75.684766174, 4.49970574785221], [-75.68502290999999, 4.499476584852245], [-75.68522844699999, 4.499373393852195], [-75.68539406500003, 4.499316026852244], [-75.68555407500003, 4.499315904852225], [-75.685731154, 4.49927569885223], [-75.685896614, 4.499132468852244], [-75.686044719, 4.49887476885223], [-75.68615277800001, 4.498594200852245], [-75.686226519, 4.498296487852248], [-75.686277528, 4.498067481852273], [-75.68632264399997, 4.4977411708522474], [-75.686322115, 4.497454960852299], [-75.686321491, 4.497117235852302], [-75.68634350399998, 4.49665928585232], [-75.68637722, 4.496350154852337], [-75.68653651, 4.495960788852313], [-75.68686709000002, 4.4954911538523294], [-75.68705520600003, 4.495239145852371], [-75.68748864700001, 4.494769430852383], [-75.68791080699998, 4.494379861852401], [-75.68829315300002, 4.494093359852417], [-75.68869266600001, 4.493818292852407], [-75.689132202, 4.493554641852407], [-75.68965163399997, 4.493233686852407], [-75.69016533199999, 4.492901288852405], [-75.690570665, 4.49268345585244], [-75.690896098, 4.492522925852438], [-75.69134701799999, 4.492236368852465], [-75.69193473799999, 4.491760805852473], [-75.692180114, 4.491571717852463], [-75.692322671, 4.491405605852482], [-75.69251089, 4.491210837852462], [-75.692733396, 4.4910160428524915], [-75.69291037900001, 4.490924317852495], [-75.69320161799999, 4.490815330852521], [-75.693435841, 4.490775080852482], [-75.69371008799999, 4.490746245852519], [-75.69398428199997, 4.490688789852477], [-75.69433267800002, 4.49058548385252], [-75.69458385399997, 4.49044218285254], [-75.694726473, 4.49031041485253], [-75.69485184199999, 4.490121418852511], [-75.69498848, 4.489846551852548], [-75.69517632499998, 4.489451434852522], [-75.69538119700002, 4.488993338852551], [-75.69547224600001, 4.48878719785258], [-75.69573978699998, 4.488226017852556], [-75.695916351, 4.487911048852583], [-75.69620698199998, 4.4874757828525915], [-75.696457942, 4.487217996852634], [-75.69672014999998, 4.486862891852602], [-75.69758707300002, 4.485957787852671], [-75.69769548, 4.48586611585267], [-75.69784391799999, 4.485791583852689], [-75.69806089999997, 4.485699825852639], [-75.69823796499998, 4.485653893852665], [-75.69842639500001, 4.4855736068526655], [-75.69854615499997, 4.485441855852693], [-75.698603021, 4.485292981852654], [-75.69860281799998, 4.4851842228526575], [-75.69860263700002, 4.485086910852684], [-75.69862526100002, 4.484960960852704], [-75.698670816, 4.484875060852721], [-75.69886481100002, 4.484714629852682], [-75.698984741, 4.484674467852685], [-75.69908183500002, 4.484645769852686], [-75.69926461400001, 4.484599832852706], [-75.69940164500002, 4.484536757852694], [-75.69952725799999, 4.484479416852693], [-75.699664257, 4.484399168852736], [-75.699801256, 4.484318922852698], [-75.69994389499999, 4.484198601852708], [-75.70067949600002, 4.483356561852727], [-75.70111290900002, 4.482881109852755], [-75.70123253899999, 4.482680667852764], [-75.70131213600001, 4.482463084852779], [-75.701351826, 4.482297051852757], [-75.70136296700002, 4.482142488852794], [-75.70131703599998, 4.482028040852769], [-75.70124254299998, 4.481919339852779], [-75.70119665599998, 4.481827788852818], [-75.70116788000001, 4.481719052852803], [-75.70119052199999, 4.481604549852783], [-75.701287477, 4.481501436852826], [-75.70137880200002, 4.481444122852821], [-75.701504435, 4.481398229852831], [-75.701727162, 4.481323638852788], [-75.70180711199998, 4.481294953852834], [-75.70205261000001, 4.481174549852801], [-75.70225233899998, 4.481025562852822], [-75.702389251, 4.480899520852847], [-75.70251459600001, 4.480699073852798], [-75.70261709099998, 4.480504369852842], [-75.70265093900002, 4.480269649852869], [-75.70265057400002, 4.480075026852848], [-75.70261612500002, 4.479989190852866], [-75.70261598500002, 4.479914776852832], [-75.70261574, 4.47978311985284], [-75.70269552799999, 4.47966857185284], [-75.70282664899997, 4.479502465852853], [-75.70293474300001, 4.479244789852868], [-75.70302001900001, 4.4790100288528745], [-75.70301967500001, 4.47882685485291], [-75.70302492799999, 4.478580708852926], [-75.70303018099997, 4.478334564852914], [-75.70305846299999, 4.478179987852937], [-75.70307542400002, 4.478082662852931], [-75.70318358999998, 4.477865055852907], [-75.70333182399997, 4.477681763852942], [-75.703440022, 4.477481329852923], [-75.70352511800002, 4.477149256852952], [-75.70351330099999, 4.476943194852939], [-75.70344448999998, 4.476817317852933], [-75.70333003899998, 4.476731545852956], [-75.703284215, 4.476674339852954], [-75.703283957, 4.476536958852952], [-75.703323582, 4.476336578852991], [-75.70348315899997, 4.476107482853001], [-75.70369410900003, 4.475849726853014], [-75.70392238800002, 4.4756892648530195], [-75.70410488599998, 4.475494495853012], [-75.70424171100001, 4.475322659853023], [-75.704327159, 4.4751794858530065], [-75.70444660300001, 4.474881732853036], [-75.70444618300002, 4.4746584868530235], [-75.70443435599998, 4.474446700853012], [-75.704427877, 4.474040285853039], [-75.70442745700001, 4.4738170428530495], [-75.70447848999999, 4.473605205853059], [-75.704552293, 4.4733475558530875], [-75.70463743900001, 4.473044104853062], [-75.70478544399998, 4.472740602853068], [-75.70491070000003, 4.4724943608530685], [-75.70512724500003, 4.47217363185313], [-75.70536669199998, 4.471875779853118], [-75.70568042500003, 4.471577868853112], [-75.70582292, 4.471383130853118], [-75.705868151, 4.471125503853128], [-75.70582212199997, 4.470959539853165], [-75.705759113, 4.470879449853136], [-75.70562754000002, 4.470805141853167], [-75.70544465699999, 4.470793839853152], [-75.705278883, 4.47076535185315], [-75.70513586200002, 4.470679603853153], [-75.705049885, 4.470542290853171], [-75.70504960599999, 4.470393460853177], [-75.70508937, 4.47026749585319], [-75.705134913, 4.4701758728531855], [-75.705385981, 4.469981047853202], [-75.70553439499997, 4.469895064853187], [-75.70569992999998, 4.469797620853186], [-75.70591107400003, 4.469642895853172], [-75.70603661899997, 4.46955120785318], [-75.70621920000002, 4.469402231853191], [-75.70643013799997, 4.4691387468531945], [-75.70659533700001, 4.468863850853196], [-75.70661779599999, 4.468652036853248], [-75.706571843, 4.468526141853198], [-75.70648593200002, 4.4684231748532275], [-75.70633138400001, 4.468285917853224], [-75.70620548300002, 4.468188707853251], [-75.70612531900002, 4.468102908853219], [-75.70607372799998, 4.468017085853222], [-75.70608480099997, 4.467828178853227], [-75.70619314800001, 4.467707881853264], [-75.70626734899997, 4.467662028853254], [-75.70641009100001, 4.467598946853254], [-75.706512745, 4.467490104853282], [-75.706569414, 4.467238192853278], [-75.70653497699999, 4.467158081853299], [-75.70652338500003, 4.467072227853278], [-75.70652884100002, 4.466934841853277], [-75.70662542500003, 4.466637103853258], [-75.706693793, 4.466528289853279], [-75.70691045400002, 4.466270523853283], [-75.70706439700001, 4.466087224853329], [-75.70733244500002, 4.4658065208533015], [-75.70758914999999, 4.465571619853319], [-75.70786310599999, 4.465393948853306], [-75.70820576599999, 4.465284910853358], [-75.70849705, 4.465204536853314], [-75.70882836599998, 4.465141301853345], [-75.70912538599998, 4.465072370853361], [-75.70943952599998, 4.4649919768533515], [-75.70990776100001, 4.464808421853326], [-75.71026745500001, 4.46464212685334], [-75.71047859599997, 4.464487400853343], [-75.71073526800001, 4.464235325853356], [-75.71092340899997, 4.464006203853364], [-75.71100861500003, 4.463737094853378], [-75.71100835700003, 4.463599713853385], [-75.71100806200002, 4.4634451598533875], [-75.71097345099997, 4.463273460853424], [-75.71084156500001, 4.463033150853397], [-75.71074427899998, 4.462958814853381], [-75.71059555300002, 4.4628787968533805], [-75.71045826599999, 4.462804492853436], [-75.710372345, 4.462695802853392], [-75.71036074300002, 4.462604223853432], [-75.71037193299998, 4.462478281853426], [-75.71042311299999, 4.462346583853418], [-75.71049145799998, 4.462226317853403], [-75.71055981400002, 4.462111777853449], [-75.71067370100002, 4.461899887853444], [-75.71079320400003, 4.461636476853464], [-75.71090696099998, 4.461355894853454], [-75.71094654799998, 4.461138343853471], [-75.71100319300001, 4.460874982853472], [-75.71105393900001, 4.460514312853463], [-75.711087749, 4.4602624188535], [-75.711104165, 4.459878882853495], [-75.71113209700002, 4.459541130853495], [-75.711194347, 4.459220521853537], [-75.71134236699999, 4.458928464853525], [-75.71149610100002, 4.458636403853554], [-75.71162689099998, 4.458298567853535], [-75.71176330899999, 4.45791493285356], [-75.71183150000002, 4.457714527853575], [-75.71197382700001, 4.457433923853569], [-75.71213905399998, 4.457176197853614], [-75.71228731299999, 4.4570100738535805], [-75.71250991199997, 4.456872509853588], [-75.71269268399999, 4.456826566853617], [-75.712909851, 4.456837837853626], [-75.71309279799999, 4.456883480853582], [-75.71320709499997, 4.456889112853591], [-75.71339566900002, 4.456888957853584], [-75.713504209, 4.456871696853606], [-75.713606981, 4.456825817853639], [-75.713664005, 4.456762803853602], [-75.71378368, 4.456590979853604], [-75.71379486900003, 4.456465036853604], [-75.71375436800002, 4.456201753853631], [-75.71374241699999, 4.455927000853653], [-75.71370719499998, 4.455434744853639], [-75.713615135, 4.45510281485364], [-75.71348872300001, 4.454736565853685], [-75.713408189, 4.454456143853688], [-75.71337340299999, 4.454192857853688], [-75.71340702499998, 4.453843651853693], [-75.71346371099997, 4.453603187853697], [-75.71369162000002, 4.453253821853747], [-75.71395404399999, 4.453024635853744], [-75.71413098199997, 4.452915729853702], [-75.714336435, 4.452778179853732], [-75.71471882700001, 4.452531721853755], [-75.71500418300002, 4.452342585853734], [-75.71528371699998, 4.452096213853758], [-75.71541479799998, 4.451912930853744], [-75.715505844, 4.451712505853751], [-75.71567116699998, 4.451506296853761], [-75.71584808199998, 4.451385942853775], [-75.71603646900002, 4.451288473853814], [-75.71619053799998, 4.451173861853806], [-75.71636143199999, 4.450893232853793], [-75.71650406100002, 4.4507729058538015], [-75.716760867, 4.450595241853828], [-75.71712589600003, 4.450234311853848], [-75.71745083600001, 4.449827620853833], [-75.717535983, 4.449529888853869], [-75.71757559999998, 4.449329507853856], [-75.71758662500002, 4.44911770285387], [-75.71754604400002, 4.448814349853887], [-75.71747689400001, 4.448511021853865], [-75.717424832, 4.44817905785388], [-75.71745289, 4.447909994853872], [-75.717532366, 4.447635164853916], [-75.71766335699999, 4.447406085853919], [-75.71783421700002, 4.447108282853901], [-75.71810223099999, 4.446816123853943], [-75.71851881700002, 4.446523840853927], [-75.718741411, 4.446386273853967], [-75.71896958899998, 4.446180010853977], [-75.719112118, 4.44600816485398], [-75.71919183300002, 4.44585926685397], [-75.719328539, 4.445630184854002], [-75.719419781, 4.445532795853984], [-75.719608134, 4.445418153853954], [-75.719950858, 4.445349176854005], [-75.72028794699997, 4.445320274853957], [-75.72052221000001, 4.445308629853985], [-75.720916408, 4.445262507853967], [-75.721070693, 4.4452623798539594], [-75.72136774900002, 4.445216337854012], [-75.72158482499998, 4.445181811853975], [-75.72186466, 4.44509571285399], [-75.72207585899997, 4.444975326854004], [-75.72226416699999, 4.444837785853994], [-75.72244666199998, 4.444648732854012], [-75.72264042199998, 4.444373806853993], [-75.72282833399998, 4.444030193854015], [-75.72290794999998, 4.443829776854047], [-75.72299897099998, 4.443617902854056], [-75.72311265299999, 4.443302973854053], [-75.723209279, 4.4430338508540554], [-75.72335720299998, 4.442695995854072], [-75.72344252099998, 4.442489850854086], [-75.723579191, 4.442243592854087], [-75.72373872899999, 4.442003038854079], [-75.723887004, 4.441848358854099], [-75.72410951799998, 4.441670719854089], [-75.72440633100001, 4.441498742854118], [-75.72493155799998, 4.44124643285412], [-75.725382776, 4.441137290854144], [-75.726257879, 4.441005688854132], [-75.72630788800001, 4.414165151855004], [-75.705085661, 4.414125130854985], [-75.70496626699997, 4.4143362058549656], [-75.70490933299999, 4.414445013855009], [-75.70474972300002, 4.4146454938549935], [-75.70462418900001, 4.414737183854969], [-75.70448147000002, 4.414805991855005], [-75.70427027, 4.414920651854953], [-75.70420752500002, 4.414977946854979], [-75.70414493200002, 4.415115378854952], [-75.70411104099998, 4.415321477854971], [-75.70406581999998, 4.4155791058549445], [-75.70400923400001, 4.415871087854955], [-75.70398101400002, 4.416054285854953], [-75.70392987100001, 4.416203157854902], [-75.70385583900003, 4.416334875854933], [-75.70375877700002, 4.4163750258549515], [-75.70364450699998, 4.416380844854917], [-75.70352440300002, 4.416323700854938], [-75.70330705399999, 4.416209394854941], [-75.70287806699997, 4.415980778854935], [-75.70272944800001, 4.415952280854925], [-75.70250667699997, 4.415992532854943], [-75.70233544199999, 4.416089985854912], [-75.70217577599999, 4.416261843854946], [-75.70210187499998, 4.416462251854896], [-75.70205081799998, 4.416656915854934], [-75.70203428600001, 4.416977486854902], [-75.70202937699997, 4.417401082854911], [-75.702035352, 4.417538459854888], [-75.701967067, 4.417687344854876], [-75.70189293800001, 4.417767544854878], [-75.70178445699997, 4.417813427854868], [-75.70164153000002, 4.417773475854862], [-75.70137281900003, 4.417693556854885], [-75.70109860100001, 4.417722401854863], [-75.70093878099999, 4.417814120854868], [-75.70083613600002, 4.417922964854877], [-75.700727874, 4.418083330854861], [-75.70063113700002, 4.418295206854891], [-75.70059135600002, 4.418409723854875], [-75.70051159899998, 4.418535721854856], [-75.70041458999998, 4.418604491854835], [-75.70032891300002, 4.418621734854839], [-75.700186041, 4.418610402854857], [-75.699940261, 4.418570534854864], [-75.69968885399999, 4.4185764638548655], [-75.69948335599997, 4.418685390854846], [-75.69923240499998, 4.41893173785487], [-75.69901025299998, 4.419298267854812], [-75.69882229799998, 4.419618977854834], [-75.69866849700003, 4.419870967854814], [-75.698457728, 4.420214592854827], [-75.698275389, 4.420483778854784], [-75.69800177600001, 4.420833178854778], [-75.69785379500001, 4.4211424068547585], [-75.69769457199999, 4.42154895385476], [-75.69752387699998, 4.421932615854734], [-75.69737592899997, 4.422259015854731], [-75.69721081799997, 4.422573980854749], [-75.69706852899998, 4.422871755854716], [-75.69692040799998, 4.423106567854687], [-75.69670960399998, 4.423433018854708], [-75.69648160600002, 4.423730862854689], [-75.69626497899998, 4.424000075854705], [-75.69611687899999, 4.4242463358546775], [-75.69594603000002, 4.424549856854648], [-75.69584943199999, 4.424836145854668], [-75.69579865499998, 4.4251796378546135], [-75.69571949099998, 4.425620466854616], [-75.69566298799998, 4.425958240854604], [-75.69560646399998, 4.426284565854596], [-75.69551575100002, 4.426662435854606], [-75.69538504000002, 4.427040338854548], [-75.69529419999998, 4.427349519854572], [-75.69517488399998, 4.427710240854559], [-75.69506700699998, 4.428076676854521], [-75.69495928200001, 4.428523250854532], [-75.69490825499997, 4.428735087854517], [-75.69485732499999, 4.428998441854539], [-75.694800875, 4.42936483685448], [-75.694750096, 4.42970832885448], [-75.69469923899999, 4.430011752854459], [-75.69464819199999, 4.430212141854499], [-75.69458569199998, 4.430401089854443], [-75.694454657, 4.430607265854445], [-75.694294996, 4.4307848448544584], [-75.69409543299997, 4.431013973854445], [-75.69386734300002, 4.431266021854432], [-75.693662142, 4.431535224854434], [-75.69345701700001, 4.431844495854418], [-75.69326914099997, 4.432210995854385], [-75.69316100399999, 4.432440049854427], [-75.69304723800002, 4.432714902854373], [-75.69291662199998, 4.433144320854362], [-75.69281464, 4.433608063854359], [-75.69275252699998, 4.434003082854346], [-75.69268484100002, 4.43447252085431], [-75.69263407099999, 4.434821737854307], [-75.69259481400002, 4.435216737854318], [-75.69256127199998, 4.435611734854304], [-75.69255046900003, 4.435943745854311], [-75.69255102800003, 4.436241403854263], [-75.69251750699999, 4.436647848854261], [-75.69248949600001, 4.4369455298542615], [-75.69246167799997, 4.437346244854257], [-75.69244538599997, 4.437798468854197], [-75.69242874899999, 4.438067519854218], [-75.69244061900002, 4.4383022018542], [-75.69244143499998, 4.438737239854219], [-75.69243610900003, 4.438943314854205], [-75.69241373599999, 4.439200921854176], [-75.69236267399998, 4.4393955858541645], [-75.69225456700002, 4.439641810854165], [-75.69199242600001, 4.440019817854154], [-75.69179872299998, 4.4403290778541376], [-75.69159930799998, 4.4406383438541175], [-75.69150825700001, 4.440838762854115], [-75.69136608999997, 4.4412052238541], [-75.69122963699999, 4.441571680854128], [-75.691121829, 4.441978183854082], [-75.69099127300001, 4.4424419478540855], [-75.690894883, 4.442842716854078], [-75.69082111300003, 4.443117537854079], [-75.690736045, 4.443461055854029], [-75.69066796700002, 4.443724422854024], [-75.69061684000002, 4.4438847408540045], [-75.690475177, 4.444520237854005], [-75.69040125700002, 4.444714919854021], [-75.69031037600001, 4.445006924853965], [-75.69024227800003, 4.445258843854007], [-75.6901742, 4.4455222108540005], [-75.69014027999998, 4.445716858853983], [-75.69012364000002, 4.445985908853958], [-75.69010705599999, 4.446283580853939], [-75.690107485, 4.446512546853938], [-75.690067795, 4.446678578853922], [-75.68998813000002, 4.446856092853943], [-75.68982862399997, 4.447119531853909], [-75.68970328500001, 4.447319976853923], [-75.68961792599998, 4.447508942853914], [-75.68948119100003, 4.4477265688538985], [-75.68936736699999, 4.44797279885391], [-75.68933331699998, 4.448098758853895], [-75.689305176, 4.4483277498538625], [-75.689288546, 4.44860252285385], [-75.689203454, 4.448934592853854], [-75.68915240000001, 4.449134979853851], [-75.68905001500002, 4.449386923853862], [-75.68901043199998, 4.449610198853845], [-75.68894789699999, 4.449781973853861], [-75.688930959, 4.449890745853828], [-75.68884547900001, 4.450016745853843], [-75.688799873, 4.450074024853817], [-75.688697091, 4.450114173853847], [-75.688634256, 4.450125670853846], [-75.688531377, 4.4501143038538356], [-75.68839411800002, 4.450051446853848], [-75.68827398000002, 4.449977126853841], [-75.68809641000001, 4.449748300853836], [-75.688027627, 4.449633870853849], [-75.688021569, 4.449450700853836], [-75.68802115300002, 4.449227458853836], [-75.688032324, 4.449090069853874], [-75.68809487099998, 4.448924018853868], [-75.68813453799999, 4.448746536853845], [-75.688151264, 4.448523281853877], [-75.68813354399998, 4.448214190853866], [-75.68810999099998, 4.447842136853913], [-75.68810960500002, 4.447636065853881], [-75.68810888799999, 4.447252547853916], [-75.68812456500001, 4.446468321853934], [-75.68812390099998, 4.446113422853944], [-75.68814577299997, 4.445586780853949], [-75.68817896600001, 4.445002887853966], [-75.68821277, 4.44474527285402], [-75.68825230800002, 4.4444991018540145], [-75.688303308, 4.444270094853995], [-75.68837134400002, 4.443983831854043], [-75.68845645599998, 4.443663209854047], [-75.68854733699999, 4.4433712038540625], [-75.68866096699998, 4.443021939854052], [-75.688780323, 4.442678393854053], [-75.68887118100002, 4.442374938854072], [-75.68898478900002, 4.4420142258541215], [-75.68912129699999, 4.441676390854092], [-75.68938868200001, 4.441046517854128], [-75.68951400899999, 4.440840347854119], [-75.68971348999997, 4.440565428854141], [-75.689844574, 4.440382150854138], [-75.69039745100002, 4.439637567854189], [-75.690728078, 4.439213714854177], [-75.69085346700001, 4.439041887854202], [-75.69105840499998, 4.438629582854221], [-75.69111520199999, 4.438446363854217], [-75.691171871, 4.438194453854196], [-75.691165533, 4.437862456854217], [-75.691113514, 4.437547667854216], [-75.69103854299999, 4.437181378854227], [-75.69094045700001, 4.4366777278542715], [-75.69092869399998, 4.436500286854271], [-75.690899737, 4.436294239854273], [-75.690830737, 4.436065327854269], [-75.69074473400002, 4.435910843854264], [-75.69067017100002, 4.435762073854313], [-75.69058403000002, 4.435533174854292], [-75.69054922999999, 4.435258440854287], [-75.690548756, 4.435006576854342], [-75.690559614, 4.434703185854303], [-75.69058171799998, 4.434302475854364], [-75.69059821600001, 4.433959011854352], [-75.69061507800001, 4.433810168854388], [-75.69062622799999, 4.4336613308543615], [-75.69062594799999, 4.433512500854361], [-75.690619782, 4.433272090854364], [-75.69061964299999, 4.43319767685439], [-75.69059072699997, 4.4330145258544045], [-75.69056775299998, 4.432951577854358], [-75.69041881999999, 4.432757074854376], [-75.69024137999997, 4.432596939854394], [-75.690109817, 4.432522628854405], [-75.68992109999999, 4.432442641854412], [-75.689669444, 4.4323169088544105], [-75.68957216400003, 4.4322425728544035], [-75.68947474499998, 4.432093821854428], [-75.68950820100002, 4.4316530328544035], [-75.68965624100002, 4.431372428854457], [-75.68981013500002, 4.431166234854418], [-75.68991265599999, 4.430988703854467], [-75.68995807699997, 4.4308341158544815], [-75.68997497200002, 4.430702443854477], [-75.68997431700001, 4.43035326985448], [-75.68992807699999, 4.43007282185448], [-75.68985919599999, 4.429906874854458], [-75.68970428, 4.4295692708544845], [-75.68964674300003, 4.429357522854523], [-75.68964653799998, 4.429248763854527], [-75.68968060700001, 4.4291342528544835], [-75.68972616799999, 4.429054076854501], [-75.68980601499999, 4.42897387385452], [-75.68987453099999, 4.42894519885451], [-75.69002870399999, 4.428887834854533], [-75.69024006000001, 4.428853318854501], [-75.69056000500001, 4.4288301668545245], [-75.69090853300003, 4.428812715854501], [-75.69113133899998, 4.4287896398545135], [-75.69123990600002, 4.428789553854509], [-75.69135985899999, 4.428766559854507], [-75.69153114199997, 4.428692007854508], [-75.691599613, 4.428640435854546], [-75.69173073500002, 4.428480052854515], [-75.69185024699999, 4.428222369854556], [-75.69188420699999, 4.42805061585455], [-75.69189522599999, 4.427833087854557], [-75.69182612899999, 4.427552657854591], [-75.69170537899998, 4.427152060854585], [-75.691619237, 4.426923161854565], [-75.69149289199999, 4.42658553685459], [-75.69143545999998, 4.426431029854603], [-75.69138364600002, 4.426224999854587], [-75.69135471999999, 4.426036124854601], [-75.69133145400002, 4.425818623854602], [-75.69133694099997, 4.425698410854606], [-75.691393716, 4.425503743854651], [-75.691490509, 4.425320490854617], [-75.69155321199997, 4.425240301854652], [-75.69169000599999, 4.425057018854649], [-75.691764041, 4.424925301854667], [-75.69180374799998, 4.424770716854653], [-75.691803424, 4.424598990854637], [-75.691803274, 4.424518852854653], [-75.691740084, 4.424341452854676], [-75.69165979600001, 4.424186964854658], [-75.69156245200003, 4.424078283854691], [-75.69146522800003, 4.424032567854648], [-75.69128230199999, 4.423992645854664], [-75.691093674, 4.423958451854701], [-75.690927934, 4.4239414118546545], [-75.69069360399999, 4.423912978854702], [-75.69054499600003, 4.423890201854672], [-75.69040212300001, 4.423878867854656], [-75.69016778299999, 4.423844710854698], [-75.68996760800002, 4.423747559854667], [-75.68992178899998, 4.423690354854712], [-75.68985302599998, 4.4235873758546935], [-75.68981834300001, 4.423375606854723], [-75.68981812700002, 4.42326112385472], [-75.68988626599997, 4.423032100854701], [-75.69000015799998, 4.422825940854696], [-75.690159903, 4.422694154854709], [-75.69036542499998, 4.4225966798547525], [-75.69080525499999, 4.422516186854712], [-75.69122782400001, 4.4223727428547095], [-75.69155893599998, 4.422212199854726], [-75.69206128600001, 4.42195420585475], [-75.69230672999998, 4.42181662785473], [-75.69268343499999, 4.421593080854783], [-75.69302015300002, 4.421375289854774], [-75.69340822100003, 4.421117386854754], [-75.69404741400001, 4.4207047288548065], [-75.69450386699998, 4.42034945885482], [-75.694812033, 4.420143138854805], [-75.69513164, 4.419942531854806], [-75.695531071, 4.419650273854811], [-75.69582211900001, 4.419455415854828], [-75.69621008600001, 4.4191459938548485], [-75.69672902399998, 4.418596047854838], [-75.696957215, 4.418401239854842], [-75.697202441, 4.418149175854856], [-75.697487448, 4.417782592854909], [-75.69772123500002, 4.417524813854874], [-75.69798922899997, 4.417226935854914], [-75.69825725599998, 4.416946231854897], [-75.698502502, 4.416705614854926], [-75.69875359399998, 4.416533682854931], [-75.69902761600002, 4.416401802854912], [-75.699301628, 4.41626419785495], [-75.69971828400003, 4.416017715854937], [-75.700049305, 4.415811372854942], [-75.700294757, 4.415679514854969], [-75.70060293199998, 4.415478915854939], [-75.70085400099998, 4.415295534854946], [-75.70129323999998, 4.414905927854971], [-75.70151002400002, 4.414722573854977], [-75.70177806999999, 4.414453315854983], [-75.702144648, 4.4141195378550195], [-75.69848031200002, 4.414112551855007], [-75.69825816100001, 4.414410405854991], [-75.69813860099998, 4.41463947085497], [-75.698007679, 4.414902891854958], [-75.69784820799998, 4.415177783854945], [-75.69765448599998, 4.415469877854968], [-75.69750638800002, 4.41571613785494], [-75.69732400700002, 4.415962427854939], [-75.69704469300001, 4.416317555854948], [-75.69672547900001, 4.41672423485492], [-75.696446208, 4.417102260854926], [-75.69614975100001, 4.417457401854915], [-75.69583610799998, 4.417789659854865], [-75.69560230100001, 4.4180359898548955], [-75.69518603199998, 4.4184885408548435], [-75.69498075000001, 4.418711949854841], [-75.69468411899999, 4.418975504854833], [-75.69447302399999, 4.41914740185486], [-75.69429612800002, 4.419273477854813], [-75.69397655400002, 4.4194912548548535], [-75.69368548599999, 4.419674664854818], [-75.69338296500001, 4.419846635854802], [-75.69310897399998, 4.41999568685479], [-75.692800686, 4.420139039854777], [-75.69255512500001, 4.420213652854821], [-75.69236099900002, 4.4202939468548035], [-75.69222964099998, 4.4203283988548225], [-75.69206395600003, 4.420339980854782], [-75.691915316, 4.420300030854814], [-75.69180650099997, 4.420168461854793], [-75.69172613699999, 4.419973903854822], [-75.69169140000002, 4.419733516854813], [-75.69165688999999, 4.419613335854816], [-75.69151940799998, 4.419430272854809], [-75.691387824, 4.41934451585485], [-75.691233415, 4.419275949854815], [-75.69110190599997, 4.41923026185482], [-75.69102182400002, 4.419184532854857], [-75.690958851, 4.419121616854807], [-75.69092993599997, 4.41893846585483], [-75.691003819, 4.4187266118548445], [-75.69111767800001, 4.418503276854868], [-75.691163109, 4.418354410854857], [-75.69114563300002, 4.418176974854863], [-75.691008237, 4.418039704854879], [-75.69092823199998, 4.418034045854875], [-75.69077972000002, 4.41806278585488], [-75.69061413399999, 4.418125884854861], [-75.69042575499998, 4.418223347854893], [-75.69025453900002, 4.4183322458548355], [-75.690077589, 4.418429698854861], [-75.689952043, 4.418515661854856], [-75.68980367299997, 4.418618816854833], [-75.68966093099999, 4.418676173854833], [-75.68951811199997, 4.418693461854871], [-75.68946093, 4.4186706108548295], [-75.68934655300001, 4.418619183854871], [-75.689209114, 4.4184590178548815], [-75.68912312499998, 4.4183102568548325], [-75.68917961800003, 4.417966761854867], [-75.68933322800001, 4.4176117368549], [-75.689595349, 4.4172280058549145], [-75.68989762799998, 4.416930104854914], [-75.69021711599999, 4.416666535854898], [-75.690650667, 4.416288389854904], [-75.69106155499998, 4.416013297854935], [-75.691341217, 4.415841345854927], [-75.69176922600002, 4.415554791854975], [-75.69208881999998, 4.415348461854953], [-75.692414117, 4.415136402854984], [-75.69256819999998, 4.415033243854993], [-75.69275074299998, 4.414872818854956], [-75.692910487, 4.414741033854948], [-75.693030297, 4.414643623854988], [-75.693172866, 4.414494679855008], [-75.693423505, 4.41410288085502], [-75.68697805, 4.41409050485499], [-75.68703589699999, 4.414413761854972], [-75.68705367400003, 4.414751472855002], [-75.687071301, 4.415009047854975], [-75.68708886299999, 4.4152322758549465], [-75.68722136000002, 4.415804588854947], [-75.68727915800002, 4.416153716854916], [-75.68729095100002, 4.416348330854922], [-75.68730281, 4.41657728885489], [-75.68733175699998, 4.416777611854887], [-75.68734934100002, 4.417012288854911], [-75.68738395899999, 4.417189710854888], [-75.68738995199999, 4.417338535854878], [-75.687355906, 4.4174644948548805], [-75.68731043000003, 4.417590462854892], [-75.687236429, 4.417739350854904], [-75.68715659499998, 4.417825278854881], [-75.687019717, 4.4179627668548775], [-75.68688275300002, 4.418054464854883], [-75.68663158499999, 4.418186320854876], [-75.68643173599997, 4.418260894854869], [-75.686203218, 4.418283974854872], [-75.686014656, 4.4182841258548695], [-75.685797471, 4.418255677854841], [-75.68543718799998, 4.418095688854853], [-75.685196814, 4.417889809854897], [-75.68501929299998, 4.417683880854899], [-75.68481893900002, 4.417489417854891], [-75.684641408, 4.417277764854888], [-75.68451544099997, 4.417140484854904], [-75.68441812200001, 4.417043251854888], [-75.68439765900001, 4.417021446854931], [-75.68433224, 4.416951732854925], [-75.68422345900001, 4.416837336854917], [-75.68414329199999, 4.416745812854892], [-75.684034511, 4.416631416854938], [-75.68395438700003, 4.41656278985492], [-75.68386854900001, 4.416494168854895], [-75.68373694399997, 4.416396961854947], [-75.68362828199997, 4.416345531854908], [-75.68350251099997, 4.4163112858549205], [-75.68337681399998, 4.416317109854951], [-75.683228412, 4.416403089854941], [-75.683148846, 4.416632121854929], [-75.683155064, 4.416901152854932], [-75.68322398599997, 4.417089995854918], [-75.68336723300001, 4.417301675854919], [-75.68348749500001, 4.417444684854913], [-75.68363070999999, 4.417639192854897], [-75.68377971400002, 4.417873765854892], [-75.68389437899998, 4.418079745854856], [-75.68394610600001, 4.418239981854857], [-75.68396918799999, 4.4183601688548455], [-75.683969413, 4.418480376854837], [-75.683878236, 4.418612106854854], [-75.683775567, 4.418709498854837], [-75.683661352, 4.418743933854873], [-75.68332431099998, 4.41878999585483], [-75.68303298500001, 4.418836019854864], [-75.68290166999998, 4.418893366854855], [-75.68278745499998, 4.4189278018548235], [-75.68259910699999, 4.4190424348548305], [-75.68243924500001, 4.4191112528548215], [-75.68228500999999, 4.419134271854848], [-75.68208505199999, 4.419151601854838], [-75.681942107, 4.419100197854857], [-75.681736049, 4.418911462854812], [-75.68163850299999, 4.418694021854864], [-75.68164347800001, 4.418299051854872], [-75.68171710600001, 4.417949817854889], [-75.68186502600003, 4.41760624985489], [-75.682001539, 4.4172741398549125], [-75.68213241299998, 4.4169821038549015], [-75.68220061599999, 4.416787427854932], [-75.68226854, 4.416443922854895], [-75.68226828299998, 4.416306543854935], [-75.682239391, 4.416134841854954], [-75.68208494200002, 4.416043376854926], [-75.68199349700001, 4.416032000854953], [-75.68178796699999, 4.416123750854922], [-75.681594152, 4.416370044854935], [-75.68128658400002, 4.4168969118549395], [-75.68107574700002, 4.417206183854906], [-75.680807748, 4.417504052854901], [-75.68038565199998, 4.4178993548548515], [-75.6800834, 4.418214422854858], [-75.679895257, 4.4184378138548706], [-75.67964994200003, 4.418644077854848], [-75.67943304599999, 4.418770180854864], [-75.67918750500002, 4.418856237854833], [-75.6788962, 4.418913708854823], [-75.678479186, 4.418971277854853], [-75.67821650299999, 4.419057348854851], [-75.67787392100001, 4.419194997854857], [-75.67761708, 4.419349752854838], [-75.67733746900001, 4.419550317854829], [-75.67713219400002, 4.419779444854835], [-75.676909722, 4.419979965854836], [-75.676738494, 4.420083134854832], [-75.67652150200001, 4.4201577198548225], [-75.676338676, 4.420169311854786], [-75.67618996300001, 4.420089290854811], [-75.67609821899998, 4.419917637854821], [-75.67611486999999, 4.419654312854843], [-75.67623434000001, 4.419373735854838], [-75.67645099200001, 4.41911597785482], [-75.67681609800002, 4.418800862854849], [-75.677112765, 4.418554490854864], [-75.67736381600002, 4.418359671854871], [-75.67750636599999, 4.418199283854893], [-75.67763158100001, 4.417935873854898], [-75.67777961000002, 4.417649549854911], [-75.67796217900002, 4.4175005758549], [-75.67813892800001, 4.417294366854909], [-75.67826970599998, 4.416950814854914], [-75.678366181, 4.416595840854922], [-75.678428542, 4.416332479854925], [-75.67854214599998, 4.41597176785496], [-75.67869592099998, 4.415702610854918], [-75.67885560000002, 4.415536483854922], [-75.67906680300001, 4.415421833854981], [-75.67947209800002, 4.415209719854968], [-75.67976329599998, 4.415095004854978], [-75.67998599999999, 4.415020414854982], [-75.68015158600002, 4.4149573178549755], [-75.68035712800003, 4.414871292854953], [-75.680522672, 4.41478529885499], [-75.68063107500001, 4.414699350855009], [-75.68079648999998, 4.414544666854956], [-75.68089340300003, 4.414424382854968], [-75.680944678, 4.414344203854964], [-75.68100164600003, 4.414252570855018], [-75.681155429, 4.414079275855002], [-75.65719692099998, 4.414032592855005], [-75.65706588699999, 4.414191038855], [-75.65692900699997, 4.414328520855008], [-75.65676921800002, 4.414437400854976], [-75.656626529, 4.414523369854969], [-75.656512314, 4.41455780185497], [-75.65631243299998, 4.414615194854998], [-75.656135377, 4.41465539885501], [-75.65586691800002, 4.414707117855004], [-75.655661291, 4.4147473438549545], [-75.65549573700002, 4.414827606854981], [-75.65541588899998, 4.414907805854946], [-75.65544492100003, 4.4151596438549925], [-75.65567948699999, 4.4153197408549785], [-75.65587386499999, 4.415376833854989], [-75.65611385900002, 4.415382376854977], [-75.65657654699999, 4.415307610854964], [-75.65689074800002, 4.4152730278549654], [-75.65714215000003, 4.415267112854991], [-75.65765029699998, 4.415054933854982], [-75.657970138, 4.414980275854969], [-75.65813569300002, 4.414900011854948], [-75.65835835600001, 4.414802532854976], [-75.658478242, 4.414745199855008], [-75.658666643, 4.414659194854994], [-75.65884369999998, 4.41461899085498], [-75.65905510300001, 4.414613105854977], [-75.65919223700001, 4.414613001854995], [-75.65936939900001, 4.41463003785497], [-75.65952381199997, 4.414704332854954], [-75.65964976100003, 4.414835891854961], [-75.659707217, 4.415007571854951], [-75.65970760800002, 4.415219363854957], [-75.65963355899999, 4.415345351854936], [-75.65949662499997, 4.415454213854972], [-75.65924558299997, 4.4156547488549425], [-75.65913153700001, 4.415780766854946], [-75.65897779900001, 4.4160728138549565], [-75.65894966299999, 4.416307523854916], [-75.65900163700002, 4.416605138854928], [-75.659099142, 4.416805407854926], [-75.65936251099998, 4.417091413854927], [-75.65952271200001, 4.417205772854879], [-75.65999158, 4.417382861854902], [-75.660437435, 4.4174741078549085], [-75.66082606600003, 4.417519602854907], [-75.661500268, 4.417496190854887], [-75.662134407, 4.41743846485487], [-75.66230005800003, 4.417409717854879], [-75.66269402299997, 4.417249138854873], [-75.66304790599997, 4.417042798854903], [-75.66329917000002, 4.416962468854912], [-75.66364198399998, 4.416950756854904], [-75.663887821, 4.41702498185489], [-75.66427663399998, 4.417167784854899], [-75.66460264599999, 4.417339258854912], [-75.66499152199998, 4.417516406854888], [-75.66524310400001, 4.417607799854871], [-75.66585486700001, 4.417807670854868], [-75.66625509699998, 4.417944741854848], [-75.66652366300002, 4.41795025885488], [-75.66702637200001, 4.417886905854853], [-75.66727767999998, 4.417829469854895], [-75.66759751199999, 4.417749083854861], [-75.66775748200001, 4.417737511854858], [-75.66796315200003, 4.417720179854883], [-75.66813454800001, 4.417708598854861], [-75.668271705, 4.417719940854853], [-75.66848332299998, 4.417828536854871], [-75.66857491500002, 4.417920050854886], [-75.66866105000003, 4.418148949854854], [-75.668724339, 4.41838359085487], [-75.66871321899998, 4.418549599854864], [-75.66867913700003, 4.418658384854865], [-75.66859366099999, 4.418784382854847], [-75.66837678600001, 4.418921928854865], [-75.668097079, 4.419070972854817], [-75.66782310500002, 4.419231459854823], [-75.66760052699999, 4.419374735854833], [-75.66744085300002, 4.4195465838548085], [-75.66725269699998, 4.4197642478547925], [-75.66712734999999, 4.419958962854809], [-75.66695637599997, 4.420199509854775], [-75.666842406, 4.420365597854784], [-75.66674545799998, 4.420468705854799], [-75.66652858200001, 4.420606252854805], [-75.66620888599999, 4.420761051854773], [-75.66590624899999, 4.4208700428547605], [-75.66552937, 4.421001988854765], [-75.66534658699999, 4.421036472854788], [-75.66503233899999, 4.4210481628547935], [-75.66471241099998, 4.421077030854752], [-75.66439816500002, 4.421088719854769], [-75.66421533800002, 4.421100308854764], [-75.66396969200002, 4.421129116854797], [-75.66386693499999, 4.421180712854782], [-75.663781373, 4.421260915854762], [-75.66377593599998, 4.421409748854777], [-75.66385048000001, 4.4215527948547795], [-75.66411931200003, 4.421701414854725], [-75.66438240899998, 4.421838592854771], [-75.66463980100002, 4.421981497854724], [-75.66488005299999, 4.422124415854714], [-75.66529186000002, 4.4223416168547], [-75.66548641100002, 4.422490295854702], [-75.665618118, 4.422644745854724], [-75.66569278200001, 4.422850755854719], [-75.66570472799998, 4.423131228854684], [-75.66566519600002, 4.423383121854715], [-75.66552860000002, 4.423675156854678], [-75.665374778, 4.4239214128547], [-75.66519242700002, 4.424190588854644], [-75.664867577, 4.424648766854665], [-75.66466803200001, 4.424889333854645], [-75.66440006599998, 4.4252100898546445], [-75.66420631900002, 4.425496445854642], [-75.664075298, 4.425714061854621], [-75.66394459399999, 4.426103402854625], [-75.663876609, 4.426418281854581], [-75.66384869400002, 4.426773197854565], [-75.66385501899998, 4.427105192854563], [-75.66387274300001, 4.427420006854586], [-75.663867536, 4.427694767854538], [-75.66387395800001, 4.428078278854518], [-75.66389158599998, 4.428341576854555], [-75.66392646999998, 4.428667825854502], [-75.66398405400003, 4.4289081938544905], [-75.664024444, 4.429119955854531], [-75.66408193199999, 4.429308807854478], [-75.66411080900002, 4.42947478585451], [-75.664110988, 4.4295720948545165], [-75.664059699, 4.429646548854476], [-75.66400835799999, 4.429692379854497], [-75.66388843599998, 4.429732540854511], [-75.66363142099999, 4.42979570285451], [-75.66332864200001, 4.429830278854472], [-75.66283159599999, 4.429870725854476], [-75.66250616000002, 4.430014077854482], [-75.66231781900001, 4.430134426854459], [-75.66219799200002, 4.43022610485445], [-75.66200388499999, 4.43031783785448], [-75.66178116399999, 4.430386695854499], [-75.66163264199997, 4.43040970685449], [-75.66125553699999, 4.4304214418544765], [-75.660958376, 4.430404494854472], [-75.66080972700001, 4.430358814854451], [-75.66054661800001, 4.4302159108544785], [-75.66036360200002, 4.430124463854497], [-75.66022629499997, 4.43003298085449], [-75.66002036999998, 4.429912932854506], [-75.65987744699999, 4.429872970854497], [-75.65975742, 4.429855889854485], [-75.65961460199998, 4.429873170854485], [-75.659500385, 4.429907601854493], [-75.65930646599998, 4.4301023688544765], [-75.659078379, 4.430360126854442], [-75.658964298, 4.4304689708544505], [-75.658775977, 4.430600768854486], [-75.658667536, 4.430669539854455], [-75.65849049799999, 4.4307211908544355], [-75.658410532, 4.430738422854436], [-75.65826763000001, 4.430709910854467], [-75.65807329900002, 4.43068143685443], [-75.65787886499999, 4.430595722854476], [-75.65770720299997, 4.430464197854453], [-75.65748974500002, 4.430286914854482], [-75.65725509200001, 4.430081022854492], [-75.65699761500002, 4.429892320854496], [-75.65667160200002, 4.429720844854511], [-75.65630567300002, 4.4295951898544805], [-75.65609420300001, 4.429566728854481], [-75.655837072, 4.429566921854485], [-75.655619952, 4.429572808854476], [-75.65535146600001, 4.429613080854508], [-75.65512872599999, 4.429670488854485], [-75.655037354, 4.429699177854509], [-75.65497452099999, 4.4297106728544815], [-75.654928831, 4.429722155854512], [-75.654803227, 4.429779491854511], [-75.65471768399999, 4.429871140854465], [-75.65456956000003, 4.430111664854505], [-75.65444427099999, 4.43034072285444], [-75.65427926799998, 4.4307243618544385], [-75.65419409100002, 4.431016354854444], [-75.654125953, 4.431251093854444], [-75.65406349800003, 4.431468656854417], [-75.65402406499999, 4.4317777878544], [-75.65399581000003, 4.431949531854396], [-75.65401907400002, 4.432172753854434], [-75.65403091000002, 4.432395985854419], [-75.65403144499999, 4.43268791385438], [-75.65398605600001, 4.432865395854397], [-75.65388357, 4.433065815854392], [-75.65380376299998, 4.433168908854399], [-75.65369537499998, 4.433266298854402], [-75.65352419499999, 4.433398081854367], [-75.65333580999999, 4.433495533854344], [-75.65322732700002, 4.433541406854373], [-75.65309601899997, 4.433604469854337], [-75.65297040500002, 4.433656079854359], [-75.65289619599997, 4.43369620385436], [-75.65281636600002, 4.4337878498543475], [-75.65271384900001, 4.433971095854346], [-75.65263988999999, 4.434148599854362], [-75.65260579400001, 4.434251657854338], [-75.65256022800003, 4.43433182985436], [-75.65250320299998, 4.434394838854325], [-75.65238336499999, 4.434480788854354], [-75.65228059700001, 4.4345266578543185], [-75.65221777400001, 4.434543876854342], [-75.65209779000003, 4.4345496908543085], [-75.65193204100001, 4.434526916854362], [-75.65178339099998, 4.434481235854347], [-75.65164612000001, 4.4344069248543585], [-75.65108003400002, 4.434189830854374], [-75.65085714499997, 4.43416710085436], [-75.650771486, 4.434195784854327], [-75.6506402, 4.434270294854321], [-75.65054898400001, 4.434384844854347], [-75.65050927800002, 4.434545149854355], [-75.65048674600001, 4.434722611854303], [-75.65053844300002, 4.43487140085433], [-75.65061293500003, 4.434985826854312], [-75.65075605700002, 4.435134546854335], [-75.65087051500001, 4.435231771854317], [-75.65101353300003, 4.435323250854306], [-75.65119652800001, 4.435403250854331], [-75.65137379999999, 4.435477533854276], [-75.65151104099999, 4.435534670854326], [-75.65165410100002, 4.435649047854316], [-75.65187154900002, 4.43582060885431], [-75.65208892200002, 4.4359521008542915], [-75.65221477799997, 4.436032143854306], [-75.652352103, 4.436135074854258], [-75.652449461, 4.436255208854298], [-75.65251269200002, 4.436461228854243], [-75.65249020200002, 4.436661589854295], [-75.65242784899999, 4.436936392854245], [-75.65241114600002, 4.437176816854271], [-75.652434556, 4.437480176854238], [-75.65248068599999, 4.437709105854227], [-75.652503981, 4.4379495008542085], [-75.65249281400003, 4.43809261185421], [-75.65241883499999, 4.438258665854235], [-75.65221922900002, 4.43847060585422], [-75.65207094599998, 4.4386252668542205], [-75.65184843100002, 4.43880860285418], [-75.651683004, 4.438963275854168], [-75.65151772500002, 4.4391980878541935], [-75.651341194, 4.439530215854152], [-75.65124462799997, 4.439845112854154], [-75.65116501799997, 4.440056962854174], [-75.65104548, 4.440308910854134], [-75.65096579700003, 4.440480693854114], [-75.65086893900002, 4.440635314854146], [-75.65076068500002, 4.440807118854131], [-75.65070390900001, 4.441007504854136], [-75.65064721599998, 4.441253682854129], [-75.65057901300003, 4.441454074854136], [-75.65044793200002, 4.441643067854117], [-75.65019685800002, 4.441832147854098], [-75.64998569599999, 4.4419754068540644], [-75.64974597499997, 4.442124409854107], [-75.64946065700002, 4.44233641085407], [-75.64920401199998, 4.4426056328541], [-75.64899309999998, 4.442886269854037], [-75.64878810200003, 4.443275658854045], [-75.64865762400001, 4.443796646854035], [-75.648704711, 4.444552190854021], [-75.64879666600001, 4.444844051854006], [-75.64887133500002, 4.445055787853978], [-75.64891172799997, 4.4452732728539806], [-75.64890054, 4.445404935853964], [-75.64883225199998, 4.445559535853994], [-75.648769469, 4.4455996508539855], [-75.648552499, 4.4456913958539435], [-75.648261204, 4.445760298853995], [-75.64797565499998, 4.445846370853983], [-75.64791854499998, 4.445863584853948], [-75.647438808, 4.446001315853937], [-75.64730752999998, 4.446081548853942], [-75.646839419, 4.4463280268539425], [-75.64672531399998, 4.446425419853978], [-75.64649156399997, 4.446717519853933], [-75.646246469, 4.447055419853953], [-75.64609269699997, 4.447336012853899], [-75.645910571, 4.447736831853884], [-75.64575703700001, 4.448149077853865], [-75.64562632799999, 4.448544134853894], [-75.645541197, 4.448864744853846], [-75.64551892100002, 4.449185308853831], [-75.64551383899999, 4.449534481853834], [-75.64555421099999, 4.449740518853824], [-75.64566901299997, 4.4500266388538146], [-75.645760865, 4.450261258853825], [-75.64581905199998, 4.450839348853783], [-75.64580243900002, 4.451131288853782], [-75.64574003799999, 4.451383193853804], [-75.64568892199998, 4.45155495285381], [-75.64559786900003, 4.4517610858537475], [-75.64546673400002, 4.451921455853744], [-75.64526705899999, 4.452099047853743], [-75.645078834, 4.452288078853789], [-75.644953402, 4.452442720853761], [-75.64481084900001, 4.452608821853747], [-75.64468556100002, 4.452843599853728], [-75.64462306899998, 4.453043988853707], [-75.64459499399999, 4.453318764853731], [-75.644566817, 4.453536299853713], [-75.64452148700002, 4.453748122853735], [-75.64444175800003, 4.453897008853707], [-75.64433915000001, 4.454034459853704], [-75.64427082899999, 4.454171885853677], [-75.644208139, 4.454263518853681], [-75.644174174, 4.454440988853661], [-75.644157291, 4.454584102853678], [-75.64415762200002, 4.4547672728536885], [-75.64415212400002, 4.454887481853672], [-75.644049714, 4.455133691853664], [-75.64369078599998, 4.4557235318536215], [-75.64354253800002, 4.45590108485363], [-75.64334866899998, 4.456130187853604], [-75.64312063900002, 4.456428004853641], [-75.643018176, 4.456645593853619], [-75.64289294000002, 4.456908991853629], [-75.64281341600002, 4.457172356853588], [-75.64273974100001, 4.457510128853601], [-75.64266596300001, 4.457790662853604], [-75.64259774300001, 4.457985329853556], [-75.64249534200002, 4.458237262853562], [-75.64241000099997, 4.4584433908535575], [-75.64231314800003, 4.458603735853534], [-75.64221058200002, 4.458764082853547], [-75.64203382400001, 4.458976000853535], [-75.64183412599999, 4.459142141853549], [-75.64155441899999, 4.459302616853513], [-75.64141738000001, 4.459359957853518], [-75.64120612099998, 4.45945169385352], [-75.64104062400003, 4.459572018853528], [-75.64089228300003, 4.459698054853503], [-75.6407954, 4.459841225853495], [-75.64069861799999, 4.460041638853497], [-75.64063059400002, 4.460345062853472], [-75.64060829300001, 4.460654177853514], [-75.64058031899998, 4.460986193853453], [-75.640529561, 4.461358294853485], [-75.640489973, 4.4615872848534615], [-75.64039312, 4.46174762885345], [-75.640159466, 4.462096963853447], [-75.63987431100003, 4.462406267853416], [-75.63962904099998, 4.4626525768533885], [-75.63941793499998, 4.462830174853439], [-75.63921823499999, 4.462996315853395], [-75.63904706599999, 4.463139539853389], [-75.63881317200003, 4.463357219853369], [-75.638573689, 4.463643594853393], [-75.63837414300002, 4.463895595853363], [-75.63823164799999, 4.464096038853399], [-75.63810611000002, 4.464193436853372], [-75.63790057199998, 4.464290892853359], [-75.63752369899998, 4.464439987853333], [-75.63723811099999, 4.464508878853352], [-75.63698101199998, 4.464531958853356], [-75.63681530000002, 4.4645320768533585], [-75.63658679299999, 4.464566583853366], [-75.63647257899999, 4.464606733853323], [-75.63639841700001, 4.464675474853329], [-75.636335879, 4.464852964853321], [-75.636245025, 4.465173575853318], [-75.63603964200001, 4.465356891853317], [-75.63587418499998, 4.465500109853315], [-75.63567436099999, 4.465597560853302], [-75.635423129, 4.465706495853311], [-75.63522902900002, 4.465809666853284], [-75.63507500200001, 4.465952876853321], [-75.63492108600002, 4.466159051853324], [-75.63473305899998, 4.466462559853315], [-75.63463074499998, 4.466766006853275], [-75.63457406399999, 4.467023629853301], [-75.63454598499999, 4.467298402853242], [-75.63459219999999, 4.467578848853264], [-75.634615333, 4.467733381853262], [-75.634689966, 4.467927946853263], [-75.63489657999997, 4.468431515853239], [-75.63503436799999, 4.468792033853209], [-75.635132166, 4.469158303853222], [-75.635132892, 4.469564710853169], [-75.63509909800001, 4.4698394888531645], [-75.63507085399999, 4.470022677853201], [-75.635002611, 4.470205895853156], [-75.63492285500001, 4.470343328853169], [-75.63477459199999, 4.470515155853137], [-75.63450636900001, 4.470709961853153], [-75.63426073900001, 4.47075592785317], [-75.63392365700003, 4.470790509853121], [-75.633723739, 4.470836442853152], [-75.63328969999998, 4.470974125853135], [-75.63314127299998, 4.471054366853168], [-75.63302727400003, 4.471214719853115], [-75.63293624200003, 4.471438022853152], [-75.632851072, 4.471741455853139], [-75.63280010099999, 4.4719990748530964], [-75.632760459, 4.472199443853117], [-75.63268672499999, 4.472508593853069], [-75.632675694, 4.472731838853094], [-75.632676592, 4.473235552853068], [-75.63270559300003, 4.4734759428530495], [-75.63274586799997, 4.473630463853056], [-75.632820471, 4.473807856853048], [-75.63285496200001, 4.473922312853054], [-75.63288380699998, 4.474076841853035], [-75.63291271600002, 4.474265714853038], [-75.632907257, 4.4744088198530365], [-75.632867471, 4.474529052853055], [-75.63269641900001, 4.4747409628530095], [-75.63258796000002, 4.474804002852991], [-75.63246813400002, 4.474901394853035], [-75.63237683800003, 4.474975871853034], [-75.63229141, 4.475136204853027], [-75.63218921499998, 4.47550833885299], [-75.632166724, 4.475714419852967], [-75.63219572399998, 4.475954809853001], [-75.63220173399998, 4.4761208028529955], [-75.632259122, 4.476258139853003], [-75.632373755, 4.476452676852967], [-75.632482643, 4.476630045852987], [-75.63262010300002, 4.476807394852935], [-75.63274041900002, 4.476984754852936], [-75.63283782899998, 4.47713351185297], [-75.63290667500002, 4.477288012852964], [-75.63295854199998, 4.477534110852944], [-75.632947532, 4.477768804852909], [-75.63286799000002, 4.478026442852895], [-75.63275988800001, 4.478289822852923], [-75.63265182599997, 4.478576100852886], [-75.63258367100002, 4.478810834852885], [-75.63249268999999, 4.4790627558529055], [-75.63245316899997, 4.479331812852862], [-75.63245936200002, 4.479600838852864], [-75.63247137100001, 4.479927099852856], [-75.632506138, 4.480196106852828], [-75.63251803399999, 4.480459402852836], [-75.63254136, 4.480722693852835], [-75.63257039000001, 4.48098025385279], [-75.63257081799998, 4.481220663852788], [-75.63256559299998, 4.481495420852784], [-75.63253162199999, 4.481672889852824], [-75.63250326500003, 4.4817931158528035], [-75.63212718599999, 4.482394400852797], [-75.63201893000002, 4.482571922852789], [-75.631882233, 4.48282387485277], [-75.63179115999998, 4.483024279852751], [-75.63168290200002, 4.48320180085276], [-75.631557472, 4.483362159852751], [-75.63144337799997, 4.483470995852736], [-75.63130080399998, 4.483631369852747], [-75.63120397300003, 4.4838088808527425], [-75.63114147200002, 4.484009266852693], [-75.631124715, 4.484226790852737], [-75.631125091, 4.48443858085271], [-75.63114836599999, 4.48467324985271], [-75.63121175200001, 4.484970855852712], [-75.63131010799998, 4.485651947852668], [-75.63127610499998, 4.485812243852655], [-75.63113420100001, 4.486350400852626], [-75.63107750500001, 4.486602298852663], [-75.63108380900002, 4.486934287852611], [-75.631118673, 4.487260533852587], [-75.631170682, 4.487586767852633], [-75.63121126300001, 4.487913009852594], [-75.63117764700002, 4.488290820852606], [-75.63102998699998, 4.4888060848525875], [-75.63090478800001, 4.48909809685256], [-75.63076831199999, 4.489475978852567], [-75.63059209900001, 4.490002711852505], [-75.63037681899999, 4.491056081852497], [-75.63020719299999, 4.492075077852485], [-75.630150727, 4.492458626852465], [-75.63015147800002, 4.492882203852442], [-75.63012915799999, 4.493185591852396], [-75.63008395899999, 4.493477549852433], [-75.63005025000001, 4.49380384285243], [-75.63005071700002, 4.4940671468524025], [-75.630074213, 4.494427745852369], [-75.63012032400002, 4.494650950852354], [-75.63024187799999, 4.495526643852345], [-75.630243286, 4.496322283852292], [-75.63024393400002, 4.496688621852334], [-75.63027885899999, 4.497049211852276], [-75.63032512299998, 4.497358276852274], [-75.63037142500002, 4.497690238852286], [-75.63042332200001, 4.497953508852283], [-75.630853731, 4.498983537852238], [-75.63091685299997, 4.49913231985223], [-75.63104906699999, 4.499572979852198], [-75.63106672700002, 4.499864893852192], [-75.631055683, 4.5000824138522155], [-75.63102186100002, 4.500345742852215], [-75.630993633, 4.500540378852156], [-75.630891126, 4.500740790852176], [-75.63077707000002, 4.500872521852177], [-75.63062302200001, 4.501010004852175], [-75.63045182000002, 4.50114177485217], [-75.630337672, 4.5012219888521505], [-75.63024067700002, 4.501307915852129], [-75.630177979, 4.501399543852136], [-75.630127297, 4.501823156852129], [-75.63015062, 4.502086445852154], [-75.63025993399998, 4.5025042258521015], [-75.63036351400001, 4.502910560852125], [-75.63039225799997, 4.503007849852121], [-75.630467103, 4.503322619852096], [-75.63054201, 4.503671733852106], [-75.63058803899997, 4.503849147852047], [-75.63065681699999, 4.504383060852058], [-75.64287538000002, 4.50440788585208], [-75.642783839, 4.504093111852091], [-75.64278439600002, 4.503815593852077], [-75.64301603899997, 4.503214774852102], [-75.64343170799998, 4.502776212852117], [-75.64389406499998, 4.502037098852144], [-75.64456325700002, 4.501575920852132], [-75.64539394100001, 4.501022561852167], [-75.64583213999998, 4.500838434852166], [-75.64620107000002, 4.500723547852172], [-75.64626992299998, 4.500862444852169], [-75.646337663, 4.501556375852144], [-75.646473979, 4.5025279648521295], [-75.64645005599999, 4.502967319852085], [-75.64640216200002, 4.503869156852072], [-75.64626280599998, 4.5044147308520515]], [[-75.65102838799999, 4.492629222852436], [-75.65127775600001, 4.492827252852407], [-75.65149517499998, 4.4929759218524605], [-75.65158685300003, 4.493113233852446], [-75.65165017599998, 4.493370772852398], [-75.65171954300001, 4.493811476852412], [-75.65169729399997, 4.494149213852394], [-75.65169231099998, 4.494555627852381], [-75.65166476899998, 4.49512805685235], [-75.65164853099998, 4.495631787852368], [-75.65159801800002, 4.496141267852299], [-75.65154743199997, 4.496610679852314], [-75.65148541600001, 4.497080098852311], [-75.65141151900002, 4.497297665852297], [-75.65122922, 4.497612621852298], [-75.651069533, 4.497790182852277], [-75.650921192, 4.497921942852266], [-75.65056723100003, 4.498111091852251], [-75.65019037100001, 4.498277358852239], [-75.64984785899998, 4.498477946852276], [-75.64959676900003, 4.49867274485227], [-75.64929994300002, 4.498856126852246], [-75.64907156700002, 4.49897077185224], [-75.64851761800003, 4.499171508852237], [-75.64817495099999, 4.499286235852215], [-75.64778664099998, 4.499441061852236], [-75.64739264600001, 4.499613063852232], [-75.64696455900003, 4.499893846852217], [-75.64657646299997, 4.500168878852197], [-75.64647945000002, 4.500243359852202], [-75.64626840199998, 4.500461023852186], [-75.64607450699998, 4.500684400852183], [-75.645920359, 4.500764646852158], [-75.64572044200003, 4.500816304852176], [-75.64542898000002, 4.500805063852195], [-75.6450059, 4.5006908808522015], [-75.644525665, 4.500571015852166], [-75.64403953099998, 4.5003481188522105], [-75.64378780499999, 4.500188023852208], [-75.64338734, 4.499936446852182], [-75.643267181, 4.499850670852196], [-75.643095163, 4.49952451985224], [-75.64306036400001, 4.4992383418522355], [-75.643042525, 4.498849117852245], [-75.64313347699999, 4.498580022852237], [-75.64317305899999, 4.498345309852244], [-75.64317250599998, 4.498036208852288], [-75.64304609200002, 4.497647060852285], [-75.64283968500001, 4.4972636958522925], [-75.64278208000002, 4.497006152852269], [-75.64273573999998, 4.496657017852312], [-75.64266096099999, 4.496382314852318], [-75.64248849299997, 4.495804307852341], [-75.64232198500002, 4.495363671852347], [-75.642069709, 4.494894476852367], [-75.64182336300001, 4.494545482852403], [-75.64150853500001, 4.494248053852411], [-75.64133690699998, 4.494139416852381], [-75.64111386899998, 4.494042265852408], [-75.640850737, 4.493893625852383], [-75.640644813, 4.493779289852422], [-75.64033580199998, 4.493539095852414], [-75.64019266499997, 4.49338464685245], [-75.639940749, 4.49311579385243], [-75.639791785, 4.492898384852422], [-75.63968851499999, 4.492669494852413], [-75.63969950500001, 4.4924233528524375], [-75.63975043599999, 4.49214283885245], [-75.63977862899998, 4.491931028852463], [-75.63973251499999, 4.491707823852472], [-75.63962927699998, 4.491496105852473], [-75.63953184500002, 4.491335899852504], [-75.63950300699997, 4.491187094852475], [-75.63953700899998, 4.491026796852509], [-75.63957684600001, 4.490935184852508], [-75.639662359, 4.490820643852495], [-75.639793586, 4.490706069852488], [-75.63997056900001, 4.4906143608524935], [-75.640187626, 4.490562691852534], [-75.64036473300001, 4.490539669852488], [-75.64055896299999, 4.490505188852488], [-75.64066171000002, 4.490442151852528], [-75.64074152799998, 4.490339062852542], [-75.64075850799998, 4.490247464852497], [-75.64062624799999, 4.4897839108525535], [-75.64033403399998, 4.48934908685254], [-75.63993322599998, 4.488902893852536], [-75.63976152700002, 4.488754189852576], [-75.63943524299998, 4.4884395968526], [-75.63932062800001, 4.488256506852596], [-75.639160011, 4.4879131768525875], [-75.63911956999999, 4.487667070852575], [-75.639119069, 4.487386591852623], [-75.63919836500003, 4.4869915768526445], [-75.639334969, 4.486688105852612], [-75.63956294100001, 4.486350224852668], [-75.63980825200002, 4.486121089852637], [-75.64021915699999, 4.485823147852669], [-75.64056749000002, 4.485685524852679], [-75.64075603399999, 4.485668218852654], [-75.641076113, 4.485708061852677], [-75.64131058800001, 4.485810928852689], [-75.64159683000003, 4.486102653852638], [-75.64187763500001, 4.486548930852656], [-75.64210683699997, 4.486897936852612], [-75.64242768499997, 4.487367081852611], [-75.64272556200001, 4.487773278852604], [-75.64291456900003, 4.4880135558525875], [-75.64315525199999, 4.488391172852602], [-75.64348188600002, 4.488900382852548], [-75.64365965899998, 4.489249424852571], [-75.643848902, 4.489621354852537], [-75.643992175, 4.48985021485252], [-75.64420409000002, 4.490119094852529], [-75.64435873899998, 4.490319328852506], [-75.644662128, 4.490611041852521], [-75.644822379, 4.490748303852525], [-75.644994182, 4.490954248852523], [-75.64519453700001, 4.491148724852506], [-75.64533761299998, 4.4912688288524665], [-75.64545770000001, 4.4913145358524895], [-75.64564629699998, 4.4913258488525045], [-75.64572058599998, 4.491325795852493], [-75.64585771200001, 4.491314250852489], [-75.646086249, 4.491291191852491], [-75.646337593, 4.491239495852475], [-75.64665180499998, 4.49119347885249], [-75.64693174299998, 4.491153210852472], [-75.64718889199997, 4.491153026852482], [-75.64740032700001, 4.491152876852482], [-75.64753748499999, 4.491158501852509], [-75.647926213, 4.49123836185247], [-75.64812057500001, 4.491278289852508], [-75.64857239999998, 4.491489757852476], [-75.64875551900002, 4.491632727852481], [-75.64898435499998, 4.491775665852493], [-75.649195986, 4.491884272852444], [-75.64931037899999, 4.491941431852439], [-75.649447619, 4.491992850852482], [-75.64966486200001, 4.492044210852469], [-75.649779223, 4.492084197852441], [-75.64998503700002, 4.492135567852437], [-75.65016228899998, 4.492192679852477], [-75.650282334, 4.492215490852475], [-75.65081351499998, 4.492557672852465], [-75.65080294799998, 4.492547113852433], [-75.65080847799999, 4.4924440768524665], [-75.65088819200002, 4.4922837438524725], [-75.651002286, 4.492174904852464], [-75.65106503099997, 4.492111893852462], [-75.651139021, 4.49194584285246], [-75.651127159, 4.491705439852449], [-75.65107527499998, 4.491453617852454], [-75.65102905399999, 4.491173170852505], [-75.65102889000002, 4.491081584852506], [-75.65114841899998, 4.490818190852515], [-75.65139381199998, 4.4906348438525026], [-75.65158222399998, 4.490543122852517], [-75.65175928100001, 4.490491478852525], [-75.651999123, 4.490399720852533], [-75.65215328900001, 4.490330919852532], [-75.652387294, 4.490170476852513], [-75.652529835, 4.489992927852517], [-75.65266094700002, 4.4898153848525215], [-75.65278060100002, 4.489620679852509], [-75.65290011899998, 4.489351561852571], [-75.65295135299999, 4.489242766852561], [-75.65300818700001, 4.4890710028525485], [-75.65300211200002, 4.488870664852548], [-75.65277247, 4.48828124885259], [-75.652720606, 4.488040874852614], [-75.65269752, 4.487914962852576], [-75.652634218, 4.4876688718525735], [-75.65251380199999, 4.487439995852587], [-75.652393529, 4.487291255852607], [-75.65228478, 4.487194024852619], [-75.65196448199998, 4.487033981852637], [-75.651775853, 4.4870054978525955], [-75.65134717799998, 4.486954290852647], [-75.65112429300001, 4.486943004852624], [-75.65071841399998, 4.486857433852627], [-75.65055257099999, 4.486788864852625], [-75.65043229999998, 4.486640125852636], [-75.650374795, 4.486439823852641], [-75.65040296500001, 4.4862165648526515], [-75.65048264799998, 4.486039060852641], [-75.65055651199998, 4.485804319852664], [-75.65057888400003, 4.48553527285265], [-75.65058422700002, 4.485329200852696], [-75.65060090600002, 4.485071605852704], [-75.65062329, 4.484808280852726], [-75.6508222, 4.484201383852732], [-75.65095883999999, 4.483920805852741], [-75.65114113300001, 4.483605849852741], [-75.65138622299997, 4.483256503852746], [-75.65158575200002, 4.48299305085275], [-75.65180229999999, 4.48266089685278], [-75.65207011199999, 4.4822371208528], [-75.65241148799998, 4.481832390852802], [-75.652017608, 4.481641853852771], [-75.65166870899998, 4.48146465885279], [-75.651417079, 4.481356083852838], [-75.65114257099998, 4.481236077852812], [-75.650936709, 4.481156088852834], [-75.65069658099998, 4.4810875738528315], [-75.650427869, 4.481013354852833], [-75.65015350700003, 4.480973483852824], [-75.64968483400003, 4.480922305852849], [-75.64935329600002, 4.480865303852844], [-75.649210386, 4.480836787852803], [-75.64902170800002, 4.480779681852822], [-75.64870694199999, 4.480516601852856], [-75.64864382600001, 4.480373544852862], [-75.648632077, 4.480196106852835], [-75.64866028799997, 4.4799957428528705], [-75.64880860400001, 4.479852534852879], [-75.64897417600002, 4.479772277852841], [-75.64915692300002, 4.479709181852886], [-75.64921973899999, 4.479686239852841], [-75.649259524, 4.479566004852843], [-75.64925363399999, 4.47946870085284], [-75.64905897300002, 4.479262773852883], [-75.64885863, 4.479074022852893], [-75.64858383400002, 4.478793741852884], [-75.64840618400001, 4.478513390852879], [-75.64828021099999, 4.478370379852903], [-75.64764522399997, 4.477987323852947], [-75.647164702, 4.4777014668529045], [-75.646741356, 4.477432739852924], [-75.64631801000002, 4.477164012852938], [-75.64578030500002, 4.476855297852927], [-75.645202579, 4.476535165852983], [-75.64486505299999, 4.476323617852953], [-75.64445886099998, 4.476060600852958], [-75.64417857000001, 4.475900526853011], [-75.64390975100002, 4.475763342852974], [-75.64355506999999, 4.475546081852991], [-75.64339485300002, 4.475425991852998], [-75.643320443, 4.475357355853018], [-75.64318873600001, 4.475202900852998], [-75.64302839499999, 4.475014120853036], [-75.64285665800003, 4.474842521853033], [-75.64263347000002, 4.474659511853041], [-75.642461814, 4.474533704853028], [-75.64229585099997, 4.474396445853046], [-75.64207834799998, 4.474196258853035], [-75.64202107099999, 4.4741218868530686], [-75.64197510999998, 4.473984542853017], [-75.64199764799997, 4.473807080853074], [-75.64207723800001, 4.473578060853072], [-75.64251676600003, 4.473314439853096], [-75.64266532800002, 4.4733086088530865], [-75.64303122899997, 4.473411379853081], [-75.64316276199997, 4.473468525853043], [-75.64337432500002, 4.47354278785304], [-75.64361444000002, 4.47360558185307], [-75.64392878899997, 4.4736397008530835], [-75.64426577900002, 4.473553595853049], [-75.644448523, 4.473490499853092], [-75.644974117, 4.473421434853044], [-75.64514564000001, 4.473472828853066], [-75.64558045199999, 4.473764443853039], [-75.64582077400001, 4.473941715853065], [-75.645975185, 4.474010293853029], [-75.64623810500001, 4.474044448853066], [-75.64640950400002, 4.474027152853056], [-75.64675218899998, 4.473929596853046], [-75.646923587, 4.473912299853045], [-75.647357876, 4.473911986853059], [-75.64756361299999, 4.473923286853042], [-75.64783224799999, 4.473957437853061], [-75.64816373000002, 4.4739858178530625], [-75.64831801700001, 4.4739857078530365], [-75.64840373200002, 4.473985645853065], [-75.648552129, 4.473888227853071], [-75.64862590000001, 4.473601970853055], [-75.64861407799998, 4.473384463853057], [-75.648528032, 4.473201355853077], [-75.64841334300002, 4.4729781998530775], [-75.648201159, 4.472560494853074], [-75.64804648, 4.4723430938530955], [-75.647920495, 4.472194357853129], [-75.64770301200002, 4.472005620853107], [-75.64734817599998, 4.471702500853104], [-75.64709639699998, 4.471508064853154], [-75.646816054, 4.471319371853119], [-75.64632969799999, 4.47096483085315], [-75.64587757800001, 4.470581643853151], [-75.645637164, 4.470352854853154], [-75.64548830500001, 4.470192687853168], [-75.64541376, 4.470049639853192], [-75.64535048099998, 4.46981499785319], [-75.64534431099997, 4.469563142853214], [-75.645343879, 4.469322732853212], [-75.64529222300001, 4.469196840853185], [-75.64514318699997, 4.468939364853194], [-75.64494844900003, 4.468687645853203], [-75.64474802500001, 4.468453103853222], [-75.64457623599998, 4.468252883853215], [-75.64444447800003, 4.468069807853238], [-75.64434121900001, 4.467846643853267], [-75.64431821800002, 4.467766523853259], [-75.64427215299997, 4.46757193885324], [-75.64426624200001, 4.46746318585324], [-75.64431148199998, 4.467199845853295], [-75.64442535400002, 4.466970800853279], [-75.64509338699997, 4.466672666853301], [-75.64546492900001, 4.4667353638532745], [-75.64602539100002, 4.466992541853291], [-75.646362925, 4.4672098128532785], [-75.64672341099998, 4.46747858185327], [-75.64794161600003, 4.468067279853255], [-75.648433366, 4.468244369853216], [-75.64886228900002, 4.468438676853225], [-75.649171191, 4.468621623853202], [-75.64942294100001, 4.4687988868532145], [-75.64972050799997, 4.469033358853188], [-75.64999530199998, 4.4693136398532], [-75.650258656, 4.469588203853174], [-75.65060211500003, 4.4699199498532005], [-75.65087108199998, 4.470137269853182], [-75.65108281099998, 4.470303114853149], [-75.651397439, 4.47049177985314], [-75.65162052699998, 4.470617546853179], [-75.651872174, 4.470737569853136], [-75.652198086, 4.470846088853169], [-75.65245537599998, 4.47092603885315], [-75.65269547000003, 4.470977379853166], [-75.65291270699998, 4.47102873785312], [-75.65327287500003, 4.471120060853162], [-75.65342153099999, 4.471165744853152], [-75.65352439899999, 4.471171392853162], [-75.65358149000002, 4.471142730853127], [-75.653678448, 4.471039626853125], [-75.65371257700002, 4.470953740853165], [-75.653677846, 4.470707630853139], [-75.65361469700002, 4.470547400853139], [-75.65354003800002, 4.470341388853166], [-75.65340820300003, 4.470118244853155], [-75.65332786099998, 4.469929408853151], [-75.65332181500003, 4.4697462418531675], [-75.65337277600003, 4.469488620853174], [-75.65341814800001, 4.469299693853168], [-75.65345787799998, 4.4691508368531805], [-75.65346900600002, 4.468984829853219], [-75.65346293900001, 4.468790214853228], [-75.65321064800003, 4.468315299853206], [-75.65308471499998, 4.468195186853231], [-75.652987333, 4.468063604853242], [-75.65294714700002, 4.467960600853265], [-75.652969703, 4.467794583853243], [-75.653020965, 4.467702961853234], [-75.65311802500003, 4.467657096853227], [-75.653249453, 4.467657001853264], [-75.65338670099999, 4.467714140853245], [-75.65352399, 4.467794178853265], [-75.65359830699998, 4.46781129685327], [-75.65374118400001, 4.467822639853258], [-75.65379824399997, 4.467776804853277], [-75.65387229100003, 4.467645095853262], [-75.65391755899998, 4.467398926853234], [-75.65399161699997, 4.467272943853264], [-75.654071429, 4.467169850853263], [-75.65420276399999, 4.467118237853284], [-75.65445988699997, 4.467106600853285], [-75.654637175, 4.4671866068532395], [-75.65474588199999, 4.467260941853268], [-75.65481475399997, 4.467426889853276], [-75.65490651599998, 4.467609992853252], [-75.65495239799998, 4.467701543853273], [-75.655021073, 4.467758734853272], [-75.65515248100002, 4.467747189853264], [-75.65528949999998, 4.467678399853264], [-75.65538078100002, 4.467598195853239], [-75.65550635099999, 4.467517965853262], [-75.65563767600003, 4.467460629853262], [-75.65579762499999, 4.4674318898532634], [-75.655929157, 4.467489033853246], [-75.656083765, 4.467666367853231], [-75.65615836400002, 4.467838034853249], [-75.65618143, 4.4679524998532685], [-75.65623294099998, 4.467998254853242], [-75.656353056, 4.468061132853234], [-75.656404495, 4.468066817853251], [-75.65674158600001, 4.468037949853236], [-75.656970097, 4.468003435853243], [-75.657267241, 4.468003217853218], [-75.65738159900002, 4.468043201853231], [-75.65763338400001, 4.468237634853215], [-75.65783381099999, 4.468472174853216], [-75.65795446800001, 4.468832704853227], [-75.65815533400001, 4.4693076568532035], [-75.65832151699999, 4.469565118853171], [-75.65848179, 4.469713827853196], [-75.65871627400003, 4.469822412853159], [-75.65903070799999, 4.4699023168531715], [-75.65925926, 4.469890699853192], [-75.65956783299998, 4.469890471853156], [-75.65980209999998, 4.469878850853157], [-75.66018493899998, 4.469867117853207], [-75.66045915400002, 4.469826845853173], [-75.66068766500001, 4.469792330853195], [-75.66086474600002, 4.4697578548532], [-75.661110463, 4.46975767285319], [-75.66139051699997, 4.4697860858531815], [-75.66152779599997, 4.469860396853172], [-75.66170520200001, 4.47000336785317], [-75.66176823699999, 4.470100631853203], [-75.66192873900002, 4.470375269853142], [-75.66197483000002, 4.4705813028531765], [-75.66200974200001, 4.470924724853124], [-75.66199882500001, 4.471205213853144], [-75.66199911899997, 4.471365488853125], [-75.66197076499998, 4.4714857158531505], [-75.66194261099997, 4.471714701853112], [-75.66195449899999, 4.471966553853125], [-75.66198349899997, 4.472201220853088], [-75.662006733, 4.472407271853099], [-75.66201840000002, 4.47253891785309], [-75.66200721299998, 4.472670579853085], [-75.6618762, 4.472899642853086], [-75.66177931700003, 4.47304281785309], [-75.661699462, 4.473123013853081], [-75.66157978299998, 4.473300549853049], [-75.66152867699998, 4.473478035853086], [-75.661569095, 4.473706969853082], [-75.66162653200001, 4.473867202853053], [-75.66163823099998, 4.474016021853045], [-75.66159863799999, 4.474239290853042], [-75.66152455999998, 4.474353828853029], [-75.66129078099999, 4.474634481853027], [-75.66114249999998, 4.474794868853015], [-75.66099993199998, 4.474955248853016], [-75.66086307900002, 4.475115625852997], [-75.66073763399999, 4.475264544853023], [-75.660617935, 4.475430633853017], [-75.66039547999998, 4.475654036853023], [-75.660247271, 4.475854490852995], [-75.66010478800001, 4.476060663852966], [-75.65998531600002, 4.476352681852999], [-75.65994565900002, 4.476541606852964], [-75.65990042300001, 4.476804948852944], [-75.65986669900002, 4.477114074852913], [-75.65983840799998, 4.477268647852944], [-75.65982725999999, 4.477423206852953], [-75.65982761499998, 4.4776178258529615], [-75.659828, 4.477829617852908], [-75.65983983400002, 4.478052849852903], [-75.65985148200002, 4.478173047852886], [-75.659840218, 4.478264639852933], [-75.65979485700001, 4.4784592938529055], [-75.65973246099998, 4.478562182852903], [-75.65986345099998, 4.4784706918528725], [-75.66010329, 4.478378929852928], [-75.66033186499999, 4.4783787598529], [-75.660543443, 4.4784587428528795], [-75.66068646999997, 4.478550221852925], [-75.66086408500001, 4.478807676852913], [-75.66099022899999, 4.479042271852904], [-75.66105341000002, 4.47921967285287], [-75.66121402800002, 4.4795572758528515], [-75.66138585499999, 4.47977466485284], [-75.661586371, 4.480054997852862], [-75.66170674799997, 4.48026097785283], [-75.66181573799997, 4.480489861852846], [-75.661924677, 4.480690125852845], [-75.66202773499998, 4.480798806852816], [-75.66217641499998, 4.480855938852805], [-75.66233073500001, 4.480872997852819], [-75.66253066600001, 4.4808327798528405], [-75.66266201399998, 4.480786889852814], [-75.66277047300002, 4.480723844852829], [-75.66289603400003, 4.480637890852843], [-75.66306158499998, 4.480546181852843], [-75.66324433199998, 4.4804830808528235], [-75.66337574300002, 4.480471535852821], [-75.663530116, 4.480517214852855], [-75.663667449, 4.4806201468528615], [-75.66377640899998, 4.480831856852823], [-75.66387389900001, 4.4810206818528275], [-75.66405142100001, 4.481226618852797], [-75.664223031, 4.481323800852781], [-75.66439456900002, 4.481380915852785], [-75.66457172700001, 4.48138650685283], [-75.66467448200001, 4.481329189852801], [-75.66480574600001, 4.481237506852812], [-75.66491391300002, 4.4810141858528025], [-75.66489635200003, 4.480785233852821], [-75.664787193, 4.480464763852817], [-75.66460939900003, 4.4801100008528625], [-75.66453483999999, 4.479961229852869], [-75.66446558899997, 4.479589213852853], [-75.66445928899998, 4.479268665852869], [-75.66447024899998, 4.47901107385291], [-75.664475557, 4.478787828852889], [-75.66439525200002, 4.478621889852898], [-75.66424626999998, 4.47839875885292], [-75.66409722600002, 4.478141284852903], [-75.66401101999998, 4.477872314852934], [-75.663982196, 4.477734957852913], [-75.663964615, 4.477494557852922], [-75.663987013, 4.477242679852962], [-75.664055083, 4.476967870852952], [-75.66411194599999, 4.476813278852956], [-75.664260103, 4.476584201852989], [-75.66439122999998, 4.476418105852952], [-75.664528083, 4.476257729852962], [-75.66458508, 4.47617754885298], [-75.66465328700002, 4.475977153853003], [-75.664687334, 4.475845472852978], [-75.664692807, 4.475713814852998], [-75.66452638999999, 4.4753304228530055], [-75.66436002400002, 4.474975650853034], [-75.66427973100002, 4.474815434853006], [-75.66423946999998, 4.4746723628530525], [-75.66422775799998, 4.474517818853059], [-75.66430157500002, 4.474260179853028], [-75.66436400499998, 4.474025443853056], [-75.664528341, 4.473269737853065], [-75.66454514999998, 4.47308655285305], [-75.66457911200001, 4.472909079853105], [-75.66460723300003, 4.47266292185307], [-75.664572362, 4.472342396853082], [-75.664486291, 4.4721478408530855], [-75.66442881299997, 4.471964711853099], [-75.66440529699997, 4.471604109853111], [-75.66442759, 4.471294990853118], [-75.66448406299997, 4.470928604853131], [-75.66466580399998, 4.470315988853198], [-75.66477374700003, 4.469972460853174], [-75.66495008599998, 4.4695315708531975], [-75.66508095, 4.469222370853205], [-75.66530301300003, 4.468787169853204], [-75.665405609, 4.468643990853244], [-75.665804606, 4.468094175853267], [-75.66611816099999, 4.4676932528532465], [-75.66638615699998, 4.467378223853283], [-75.66673403800002, 4.46700017085327], [-75.66708766599999, 4.466639284853271], [-75.66732162800002, 4.466461660853279], [-75.66748708, 4.466318432853324], [-75.66776102099999, 4.466129329853309], [-75.66797790300001, 4.465986063853296], [-75.66814920600001, 4.465917244853329], [-75.66839482699999, 4.46586554285332], [-75.668657634, 4.465836723853299], [-75.668829115, 4.465865215853315], [-75.66902932699998, 4.465979547853318], [-75.66926973699998, 4.466202605853322], [-75.66941853100002, 4.466322700853323], [-75.66958433999997, 4.466374092853309], [-75.66974438400001, 4.466396868853289], [-75.66997295700003, 4.466396695853301], [-75.67012149800001, 4.466379411853276], [-75.67027569099997, 4.466327776853297], [-75.670384125, 4.466253281853328], [-75.670509546, 4.466092910853281], [-75.670566469, 4.465972659853283], [-75.67056611100003, 4.465778040853338], [-75.67053717099998, 4.465577717853344], [-75.670416676, 4.465308774853314], [-75.669815621, 4.464736814853334], [-75.66968392899997, 4.464593811853327], [-75.669534978, 4.464387855853331], [-75.669460388, 4.464221912853385], [-75.66943152099998, 4.46406165885335], [-75.669413958, 4.463832705853381], [-75.66946506, 4.463655219853403], [-75.669533274, 4.463460546853403], [-75.66970993400002, 4.463197103853412], [-75.66986380899999, 4.462973745853395], [-75.67002284099999, 4.462447003853432], [-75.67003951100003, 4.462189406853417], [-75.67004483599999, 4.461977608853415], [-75.66999279599997, 4.461645648853441], [-75.66994684000002, 4.461514028853452], [-75.66987769000002, 4.461199252853483], [-75.669866061, 4.4610905038534945], [-75.669877069, 4.460861529853463], [-75.66992822399999, 4.460712662853457], [-75.66995655300002, 4.4605809868535], [-75.66993331700002, 4.460374935853488], [-75.66984172000002, 4.460283417853515], [-75.669738725, 4.460209082853492], [-75.669647129, 4.460117565853508], [-75.66960688699999, 4.459985941853509], [-75.66959513199998, 4.459808501853501], [-75.66961771500002, 4.459659657853539], [-75.669611696, 4.45949366185352], [-75.66956581300002, 4.459402110853496], [-75.66945702100003, 4.4592819868535285], [-75.66934262000001, 4.459219108853529], [-75.66921688500003, 4.459207754853553], [-75.66887982700001, 4.459253803853538], [-75.66868565700003, 4.4593169158535035], [-75.66844004000001, 4.459368618853498], [-75.66826866399998, 4.459397369853497], [-75.66812012399998, 4.459414654853508], [-75.667937204, 4.459380447853512], [-75.66786280399998, 4.459317539853496], [-75.66780529300001, 4.459117238853551], [-75.66780493499999, 4.458922617853514], [-75.66780465199997, 4.458768065853547], [-75.66773000900002, 4.458573502853578], [-75.66763831700001, 4.458430467853568], [-75.66752381100002, 4.458310347853553], [-75.66736361300002, 4.458201710853583], [-75.66714060999999, 4.458121741853571], [-75.66698053699997, 4.458081793853571], [-75.66682049600001, 4.458059016853552], [-75.66663756600002, 4.458019086853598], [-75.66644318700003, 4.45796771785359], [-75.66635737899998, 4.4579162658535605], [-75.66628297800003, 4.457853355853561], [-75.666225499, 4.4576702258535805], [-75.66622512100002, 4.457464158853568], [-75.66630482599999, 4.457303822853607], [-75.66638459500001, 4.457177831853615], [-75.66643003399997, 4.457028969853613], [-75.66640688400003, 4.456868711853623], [-75.666332367, 4.45674283785363], [-75.66620645400002, 4.4566341738535975], [-75.66608060499999, 4.456559854853637], [-75.66594332599999, 4.456485544853642], [-75.66578869400001, 4.456296765853608], [-75.66573124799999, 4.456130809853618], [-75.665776741, 4.456010569853626], [-75.66584501800003, 4.455850241853633], [-75.66587346300003, 4.455781530853656], [-75.665850363, 4.45564989385362], [-75.66584426100002, 4.4554381058536245], [-75.66590122500003, 4.455340752853634], [-75.66608391199998, 4.455249026853639], [-75.66634669199999, 4.455208759853662], [-75.66668953599998, 4.455202777853661], [-75.66696392400002, 4.455259810853679], [-75.66720980500003, 4.455351210853649], [-75.66750153499999, 4.455516988853638], [-75.66771321499999, 4.455654208853636], [-75.66791347600002, 4.455797158853628], [-75.66814797, 4.455911464853616], [-75.66835377799998, 4.455962826853642], [-75.66852523699998, 4.455979867853619], [-75.668690949, 4.455979741853645], [-75.66885656699998, 4.455928099853629], [-75.66894212300002, 4.455842172853647], [-75.66899326700002, 4.4556875818536446], [-75.669044294, 4.455470026853646], [-75.669055249, 4.455212432853646], [-75.66905480700001, 4.454972018853692], [-75.66907735799998, 4.454806001853672], [-75.66911142200001, 4.454685769853709], [-75.66913408900001, 4.454582716853671], [-75.66916820699998, 4.454491106853711], [-75.66923641900001, 4.454296432853711], [-75.669264758, 4.454170480853699], [-75.66922983, 4.453821334853694], [-75.66921799099998, 4.453598101853716], [-75.669240753, 4.453546566853708], [-75.66942314300002, 4.453294566853724], [-75.669520138, 4.453214355853713], [-75.66969723699998, 4.453191324853702], [-75.66998866199998, 4.453191101853727], [-75.670257262, 4.453208069853743], [-75.670508772, 4.4532536708537505], [-75.67076603800001, 4.453322164853701], [-75.67092046099998, 4.453396460853733], [-75.67107496599999, 4.4535165498537355], [-75.67120101699999, 4.453699625853713], [-75.67133852699999, 4.453899865853677], [-75.67147037699999, 4.454128731853709], [-75.671602269, 4.45438049285366], [-75.671688373, 4.454592219853679], [-75.67178593699998, 4.454821110853676], [-75.67190055999998, 4.455004195853666], [-75.67199786100002, 4.455089983853651], [-75.672140823, 4.45514711685369], [-75.67226082100001, 4.455147024853636], [-75.67239216500002, 4.455101130853659], [-75.67254614199999, 4.454935013853673], [-75.67261440700003, 4.454768960853691], [-75.672631223, 4.454591499853678], [-75.67261944500001, 4.454402610853662], [-75.67267640900002, 4.454305256853673], [-75.67273916900001, 4.454253692853691], [-75.672887645, 4.454202061853675], [-75.67301333699999, 4.4541905178537124], [-75.67316194900002, 4.454213298853702], [-75.67333911200001, 4.4542246128536975], [-75.67349322799998, 4.454132907853717], [-75.67355598799998, 4.45408134285368], [-75.67359590299998, 4.454035519853696], [-75.67363565, 4.453898108853722], [-75.67361829499998, 4.453783639853686], [-75.67355503599998, 4.453566170853689], [-75.67345192699997, 4.4534288698536955], [-75.673446033, 4.453331563853717], [-75.67349721800002, 4.453199869853715], [-75.673594127, 4.453073864853746], [-75.673765269, 4.4529191818537495], [-75.67378807300003, 4.452890541853716], [-75.67382196699998, 4.452678723853752], [-75.673833162, 4.452552782853735], [-75.673775745, 4.452403999853749], [-75.67364985199998, 4.452306785853756], [-75.67343270100002, 4.452301227853766], [-75.67322144299999, 4.452392976853737], [-75.67297598599998, 4.452530542853768], [-75.67277618999998, 4.452639455853732], [-75.67251916599997, 4.45270261785373], [-75.67224486200001, 4.452691378853728], [-75.67199905500001, 4.452640050853747], [-75.67186753300001, 4.452588633853742], [-75.67171305900001, 4.4524857178537385], [-75.67162144100001, 4.452382752853743], [-75.67152389799998, 4.452165309853758], [-75.67146637500002, 4.451959284853746], [-75.671403032, 4.451696021853795], [-75.671345573, 4.4515243418538075], [-75.671248021, 4.451301174853811], [-75.671127684, 4.451118094853818], [-75.67097306199997, 4.450935039853787], [-75.67080141399998, 4.450814964853815], [-75.67066988300002, 4.4507578248537865], [-75.67050979999999, 4.450712152853794], [-75.67025820600003, 4.450620759853807], [-75.67012659, 4.450517824853836], [-75.67004640099998, 4.450414851853812], [-75.669948922, 4.45023175285385], [-75.66993129299999, 4.449968456853843], [-75.66995371799999, 4.449733749853846], [-75.66999334899998, 4.449533374853834], [-75.67003302, 4.4493558968538265], [-75.670088292, 4.449149906853847], [-75.67010894100002, 4.449054190853879], [-75.67016346399998, 4.448823451853872], [-75.67016882000001, 4.448628827853855], [-75.67015703200002, 4.4484342148539], [-75.67008240899997, 4.448251099853883], [-75.669984941, 4.448073726853903], [-75.669858955, 4.447924994853892], [-75.66977297800003, 4.447781956853917], [-75.66973836599999, 4.447604535853876], [-75.66977241799998, 4.447478577853926], [-75.670120435, 4.447180656853913], [-75.670605674, 4.446928423853952], [-75.67090835599998, 4.446836605853906], [-75.67114821400003, 4.446762008853933], [-75.67134238, 4.446698893853949], [-75.67151375200001, 4.446670141853956], [-75.67171943, 4.446652811853962], [-75.67191949, 4.446687003853948], [-75.67206816499998, 4.4467441308539435], [-75.67221675000002, 4.446839588853908], [-75.67213089299997, 4.4466753928539555], [-75.672033414, 4.446492294853929], [-75.67197004000002, 4.446211859853957], [-75.671946612, 4.445902774853942], [-75.671945967, 4.445553601853991], [-75.67197413600002, 4.445336063853984], [-75.67207647100003, 4.445055501853993], [-75.67212731699999, 4.4447406348540195], [-75.67217818400002, 4.4444372168539825], [-75.67221200199998, 4.444185327854025], [-75.67209104099999, 4.443664523854025], [-75.671936114, 4.443315469854069], [-75.67179295300002, 4.443149579854065], [-75.67159840900001, 4.443006625854054], [-75.67147258, 4.442943756854082], [-75.67126673299998, 4.442869501854072], [-75.67106658900002, 4.4427895168540585], [-75.67053489900002, 4.442641096854049], [-75.67022619800002, 4.442566919854065], [-75.669923127, 4.442446944854049], [-75.66955156, 4.442367091854062], [-75.66911717900001, 4.442310182854102], [-75.66887714400002, 4.442287470854068], [-75.668614262, 4.442270499854089], [-75.66815709899998, 4.4422536768540795], [-75.667899911, 4.442225251854096], [-75.66769988599998, 4.442208231854071], [-75.66751687499999, 4.442122510854065], [-75.667133627, 4.4419052858541], [-75.66693345300001, 4.441808127854086], [-75.66665877399998, 4.441590820854079], [-75.66641842199999, 4.441396383854081], [-75.66593231000002, 4.441173512854142], [-75.66558352700002, 4.441053570854118], [-75.66530913499997, 4.440990813854096], [-75.66499476299998, 4.4409395368541436], [-75.664417437, 4.440831216854109], [-75.66404594699998, 4.440791429854121], [-75.663794472, 4.440762999854136], [-75.66359435200002, 4.44069446285413], [-75.66347989100001, 4.440597239854127], [-75.663428264, 4.440488519854114], [-75.663422319, 4.440362593854161], [-75.66344495499999, 4.440242369854168], [-75.663518931, 4.440076313854159], [-75.66362731100003, 4.4399731978541785], [-75.663718663, 4.4399330598541455], [-75.66387288099997, 4.439898599854156], [-75.66401571199998, 4.439887040854179], [-75.66417570599998, 4.439886919854151], [-75.66434141600001, 4.439886793854175], [-75.66447855400003, 4.439886689854137], [-75.66460990600001, 4.439846520854153], [-75.6646955, 4.439783489854187], [-75.664723966, 4.4397262278541465], [-75.664758092, 4.439640339854152], [-75.66476355200001, 4.439502957854164], [-75.66474050699998, 4.439399939854161], [-75.66468877400001, 4.43923397985417], [-75.66457418800002, 4.439068067854166], [-75.66437381399999, 4.438862151854207], [-75.66417907099998, 4.438610437854209], [-75.66401863300001, 4.43837014585422], [-75.66388670399999, 4.438095488854191], [-75.66380619, 4.437815067854247], [-75.66366842999997, 4.437477449854256], [-75.66357641600001, 4.437156968854251], [-75.66342733200003, 4.4368765988542735], [-75.66330111799999, 4.436601937854288], [-75.66321499499998, 4.436378762854269], [-75.66322622400003, 4.436269995854296], [-75.663323047, 4.436098198854294], [-75.663448577, 4.436000792854291], [-75.663540023, 4.436012170854306], [-75.66369435600001, 4.436040674854298], [-75.66383730299998, 4.436092082854287], [-75.663991582, 4.436091965854272], [-75.664117229, 4.436057525854293], [-75.66421967100001, 4.435834206854321], [-75.66423088800002, 4.435719713854314], [-75.66423057200001, 4.43554799185431], [-75.66421314500002, 4.435393453854316], [-75.664213029, 4.435330487854283], [-75.66422981300002, 4.435135855854303], [-75.66428679500001, 4.435049949854322], [-75.664389438, 4.434935387854305], [-75.66456076499998, 4.434883741854332], [-75.66467504600001, 4.434883653854292], [-75.664783634, 4.434895019854317], [-75.66503512700001, 4.434934896854323], [-75.665137948, 4.434917644854308], [-75.66526352099999, 4.434843135854307], [-75.66537188699999, 4.434734294854327], [-75.66542309200003, 4.4346140498543285], [-75.66553130099999, 4.434419346854352], [-75.66561671699998, 4.434259006854322], [-75.66575919899998, 4.43405855185436], [-75.66590191300003, 4.433984028854337], [-75.66607901700002, 4.43396672185433], [-75.666193341, 4.433989529854377], [-75.66630774800001, 4.434058132854356], [-75.66641077100002, 4.43414963885434], [-75.66654235300001, 4.43423540185436], [-75.666771095, 4.434332535854337], [-75.66707970800002, 4.434360919854358], [-75.66729684199998, 4.434360753854349], [-75.66745680399998, 4.434343458854333], [-75.66763389800002, 4.4343204268543275], [-75.66783386999998, 4.4343088258543455], [-75.66803386200002, 4.434308672854319], [-75.66822814099999, 4.434308522854369], [-75.66839384899998, 4.4343083958543525], [-75.66855384299998, 4.434308273854333], [-75.668685267, 4.434308171854333], [-75.668776724, 4.434325273854342], [-75.66896550000001, 4.434439611854346], [-75.66923967999998, 4.434387884854314], [-75.669399526, 4.434307622854335], [-75.66963932700003, 4.434204403854359], [-75.669822082, 4.434152746854333], [-75.66999338699998, 4.434089648854334], [-75.67019328499998, 4.434037977854336], [-75.67049600399997, 4.433969054854329], [-75.67078729299999, 4.4339001408543375], [-75.671061453, 4.433836962854331], [-75.67140421200003, 4.433790904854381], [-75.67167271099999, 4.433756352854336], [-75.67196397999999, 4.4336759898543425], [-75.67236387100002, 4.43362416385434], [-75.67268959299997, 4.433635359854346], [-75.67290677, 4.43365808885437], [-75.67308403599998, 4.433726640854378], [-75.67331857699997, 4.4338695638543735], [-75.67345018200001, 4.433966771854373], [-75.67355330100003, 4.434109795854318], [-75.67365646299999, 4.434275714854354], [-75.673840111, 4.434704884854304], [-75.673937738, 4.434968119854326], [-75.674046858, 4.435265690854297], [-75.67416161800003, 4.43552318985433], [-75.674385158, 4.435895085854309], [-75.67449429999999, 4.436204104854282], [-75.67452326400002, 4.436415875854288], [-75.67463245800002, 4.4367535168542656], [-75.67483914399998, 4.437279978854224], [-75.675011364, 4.437709155854209], [-75.67514359699999, 4.438144088854209], [-75.67521825099999, 4.438344375854185], [-75.67542447, 4.438618975854185], [-75.67566495199998, 4.438882099854194], [-75.67598551600003, 4.439190955854187], [-75.67627173300002, 4.439465492854176], [-75.67651792999999, 4.439728612854162], [-75.67664964199997, 4.439883062854181], [-75.67678729199997, 4.4401577148541485], [-75.67692515300001, 4.440546850854157], [-75.67705156599999, 4.440924547854127], [-75.67725233800002, 4.441342254854112], [-75.67743569999999, 4.441616871854095], [-75.67752724399998, 4.441679765854093], [-75.677750404, 4.441845593854071], [-75.677996571, 4.442091540854114], [-75.678214293, 4.442406200854062], [-75.67828895999997, 4.442612212854093], [-75.67836369100002, 4.442852568854086], [-75.678427005, 4.443098658854042], [-75.67856498399999, 4.443550759854031], [-75.67869700699998, 4.443871209854024], [-75.678806033, 4.444117263854021], [-75.67894927999998, 4.444328946853991], [-75.67917253799999, 4.444546290854], [-75.67941272500002, 4.4446491388539835], [-75.67961851000001, 4.444689047853991], [-75.67990429299999, 4.444728894854024], [-75.68028729299999, 4.4448087348539795], [-75.68057313100002, 4.44487720185398], [-75.68079618600001, 4.444985785854013], [-75.68110510399998, 4.445174443853965], [-75.68154558499998, 4.445437410853977], [-75.68198036400003, 4.445706107853994], [-75.682340775, 4.44592906785396], [-75.682535325, 4.446072019853931], [-75.682964508, 4.446403685853943], [-75.68330208200001, 4.446638113853933], [-75.68355950900002, 4.446792463853929], [-75.683765499, 4.446941131853937], [-75.68423476800001, 4.447318557853923], [-75.68433211299998, 4.447427241853918], [-75.684469605, 4.447616031853895], [-75.68464152299998, 4.447879209853897], [-75.68494532599999, 4.448388422853866], [-75.68512874800001, 4.44869165885389], [-75.68526637000002, 4.448949139853892], [-75.68543834100001, 4.44924093785386], [-75.68563308300003, 4.44948692485382], [-75.68585053499999, 4.449652754853823], [-75.686142206, 4.449784182853857], [-75.68636523100002, 4.449875593853823], [-75.68652546599998, 4.450001398853807], [-75.686525679, 4.450115883853838], [-75.68646878300001, 4.45024758385383], [-75.68639460399999, 4.450304884853797], [-75.68633731900002, 4.4503049298538375], [-75.68658903800002, 4.4503848698538135], [-75.686697789, 4.45048209585379], [-75.68682946400003, 4.450613647853809], [-75.68696687300002, 4.450756644853812], [-75.68712712799999, 4.450893898853796], [-75.68726446199997, 4.450996825853793], [-75.687418864, 4.451059670853791], [-75.687750494, 4.4511681688538225], [-75.68796203900001, 4.451230968853786], [-75.68819070400002, 4.451282306853773], [-75.68822498999998, 4.451282279853773], [-75.68845938200002, 4.4513393368537635], [-75.68857944500002, 4.451373586853761], [-75.68875671500001, 4.451442136853798], [-75.688876865, 4.4515221818537976], [-75.68900278000001, 4.451630841853766], [-75.68910298899999, 4.451667239853778], [-75.68912857999999, 4.451676536853802], [-75.689277215, 4.451710763853754], [-75.68948301400002, 4.451756394853791], [-75.68960305600001, 4.451779196853784], [-75.68974028399998, 4.4518248818537565], [-75.689940476, 4.451927759853755], [-75.69008358999997, 4.4520650268537665], [-75.69065012599998, 4.45250534285373], [-75.69091327199999, 4.452659687853724], [-75.691176343, 4.452773962853768], [-75.69142789900002, 4.4528424538537426], [-75.691650713, 4.452819379853726], [-75.69179347300002, 4.45276774985376], [-75.69184481600001, 4.45272191585371], [-75.69192467599999, 4.452647438853716], [-75.69206713599999, 4.452435529853746], [-75.692198157, 4.45221790785378], [-75.69230643899999, 4.4520632688537685], [-75.69239191700001, 4.451937267853761], [-75.692545999, 4.4518283858537595], [-75.692660176, 4.451771053853778], [-75.69278008999999, 4.451725165853791], [-75.692922947, 4.4517250528537895], [-75.69306008900003, 4.451724942853765], [-75.69316863900002, 4.45171340785376], [-75.693237125, 4.451667560853796], [-75.69341957199998, 4.451449896853751], [-75.69353941100002, 4.4513639388537625], [-75.69404218, 4.451317745853764], [-75.694299387, 4.4513518848537945], [-75.69441948299999, 4.4514033078537985], [-75.69455094400001, 4.4514203748537815], [-75.69471099700002, 4.451448869853763], [-75.69488821499999, 4.451488797853798], [-75.694991233, 4.4515745788537835], [-75.695151426, 4.451677485853768], [-75.695260104, 4.451734641853788], [-75.695414454, 4.4517688648537925], [-75.695528739, 4.4517687728538], [-75.695671511, 4.451722865853784], [-75.695837074, 4.451642594853783], [-75.69598551600001, 4.451573785853758], [-75.696042659, 4.451573739853794], [-75.69627125199997, 4.451585006853781], [-75.69644860800003, 4.451699348853794], [-75.696608889, 4.451848050853783], [-75.69674063999997, 4.452019670853779], [-75.69684397100002, 4.452271452853742], [-75.696878664, 4.452488945853768], [-75.696879147, 4.452746533853769], [-75.69687386300001, 4.452975506853756], [-75.69679444500002, 4.453284675853737], [-75.69672064299999, 4.453542325853701], [-75.69660114800001, 4.453811457853721], [-75.69647590699998, 4.454063421853684], [-75.696407583, 4.454195133853666], [-75.696259344, 4.454372701853685], [-75.696099602, 4.454510209853704], [-75.69600254400001, 4.4545560808537035], [-75.69573408999997, 4.4546192608536845], [-75.69552275900003, 4.454670946853686], [-75.69531135099999, 4.4546825638536705], [-75.69509420700001, 4.454682735853667], [-75.694894197, 4.454677170853693], [-75.694694185, 4.454671606853701], [-75.69455701099997, 4.45465454285368], [-75.69439133899999, 4.454677570853671], [-75.694225818, 4.4547807378536834], [-75.69414019999999, 4.4548323228536795], [-75.69409471199998, 4.4549525678536845], [-75.69407792300001, 4.455141480853661], [-75.69407841600002, 4.455404792853665], [-75.69405581699999, 4.455542190853652], [-75.69398749200002, 4.455673901853643], [-75.69388485899998, 4.4557941918536255], [-75.693776437, 4.455874415853607], [-75.69361658700001, 4.455954680853615], [-75.69354806899997, 4.4559833568536185], [-75.69346248300002, 4.4560521138536195], [-75.69339410399999, 4.456155204853642], [-75.69339417999998, 4.45619527285362], [-75.69342864800001, 4.456292557853598], [-75.69345159099998, 4.456338332853639], [-75.69345177299999, 4.456435643853626], [-75.693406165, 4.456492922853607], [-75.693343373, 4.456527317853603], [-75.69312635799997, 4.456596179853633], [-75.69285226400001, 4.456699430853615], [-75.692726688, 4.456773945853607], [-75.692624067, 4.456899958853606], [-75.69255577500002, 4.457048841853605], [-75.692533099, 4.45714617185362], [-75.69255622399999, 4.457289256853605], [-75.69262507500002, 4.45743803185362], [-75.69274527900001, 4.457546696853583], [-75.69288257199997, 4.457626726853574], [-75.69313433399998, 4.457803977853596], [-75.69323158499998, 4.457861142853574], [-75.693431799, 4.457975467853543], [-75.693826505, 4.458198399853577], [-75.69404382099998, 4.45828981385357], [-75.69420971800002, 4.458386993853577], [-75.694421353, 4.45849558585358], [-75.69451295300001, 4.45858710085353], [-75.69466752900001, 4.458741529853546], [-75.69477653000001, 4.458970411853527], [-75.69492006500002, 4.459330922853508], [-75.69502329800002, 4.459531188853535], [-75.69511498499998, 4.4596684958535215], [-75.695298122, 4.459817178853541], [-75.69550973499997, 4.459914323853513], [-75.695681261, 4.459965703853515], [-75.69585277800002, 4.4600113628534785], [-75.69620137300001, 4.460022533853518], [-75.69642425400002, 4.460033804853522], [-75.69661282800001, 4.4600336558535085], [-75.69727577700002, 4.460078921853482], [-75.69754440399998, 4.460107327853496], [-75.69771012000001, 4.460107196853514], [-75.69783575000002, 4.460061302853481], [-75.69812693400002, 4.459929414853479], [-75.69834959999997, 4.459826200853509], [-75.69854367200003, 4.459711561853512], [-75.698749238, 4.459631258853509], [-75.69892062600002, 4.45960822485353], [-75.69914348499998, 4.4596080468535355], [-75.69934928700002, 4.45965367585353], [-75.699640794, 4.459693512853509], [-75.69990954100001, 4.4597848848534944], [-75.70013831799997, 4.459893462853521], [-75.70030995399998, 4.460002084853487], [-75.700567509, 4.460219398853477], [-75.70071658900002, 4.460488316853488], [-75.70080856700002, 4.460780178853459], [-75.70088342499997, 4.461083501853477], [-75.700900999, 4.4613124558534345], [-75.70095893899997, 4.461736000853468], [-75.70095930399998, 4.461930624853417], [-75.700783064, 4.462411598853433], [-75.70066331999999, 4.462549075853437], [-75.70048068599999, 4.462669430853413], [-75.700240823, 4.462744035853416], [-75.700103754, 4.4627842158534], [-75.69996678000001, 4.462875911853423], [-75.69994977699997, 4.462950339853424], [-75.69997848899999, 4.463024732853404], [-75.699967372, 4.463190743853374], [-75.69988762899999, 4.463328187853384], [-75.69972217100002, 4.463465700853411], [-75.69963084800003, 4.4635230158534], [-75.69945393900002, 4.463649089853373], [-75.69932830900001, 4.463694983853416], [-75.69918549200003, 4.463717993853358], [-75.69906544700001, 4.463695193853403], [-75.69884819399999, 4.463638124853371], [-75.698436662, 4.463586933853362], [-75.69827094599998, 4.463587066853378], [-75.69810527200002, 4.463610094853364], [-75.69787112099999, 4.463684695853355], [-75.69768838099998, 4.463747806853389], [-75.69756852900002, 4.46382804185337], [-75.69747737799997, 4.463976942853356], [-75.69740332700002, 4.4641029338533516], [-75.69727225000003, 4.464291936853348], [-75.69712967100003, 4.464440877853367], [-75.69696992600001, 4.464578387853359], [-75.69682730199997, 4.4647044328533605], [-75.69634193399997, 4.464893715853351], [-75.69617625000001, 4.464911019853337], [-75.696061961, 4.464911111853324], [-75.69593047799998, 4.464882593853361], [-75.69546732399999, 4.464728407853332], [-75.69533586199998, 4.464711338853367], [-75.695055878, 4.464723008853363], [-75.69477592800001, 4.4647518508533635], [-75.69464454000001, 4.4647748518533525], [-75.69445603000003, 4.464809345853327], [-75.694296135, 4.4648667138533265], [-75.69413616499997, 4.464884012853358], [-75.69394748299999, 4.464826920853344], [-75.69381028499998, 4.464798406853341], [-75.69359876800002, 4.464752780853366], [-75.69345013899999, 4.464724277853357], [-75.69333594900002, 4.464775884853342], [-75.693261801, 4.46485035885337], [-75.69325056600002, 4.464953400853343], [-75.693319384, 4.4650850048533295], [-75.69344534700002, 4.465216562853347], [-75.693571276, 4.465330945853324], [-75.69366296300001, 4.465468254853346], [-75.69375469300002, 4.465628458853337], [-75.69384652899998, 4.465845905853338], [-75.69387558300002, 4.466103471853289], [-75.69384753600002, 4.466383979853283], [-75.69380222699999, 4.466601534853284], [-75.693762472, 4.466733222853287], [-75.69377450000002, 4.467053767853305], [-75.69381491799999, 4.4672769788532865], [-75.693820942, 4.467442975853237], [-75.69373565400002, 4.467672010853244], [-75.693673074, 4.467820888853246], [-75.69361618800002, 4.467958314853226], [-75.69360521700003, 4.468204463853229], [-75.693616915, 4.4683475588532255], [-75.69365715100002, 4.46847345985321], [-75.69372069399998, 4.468839758853206], [-75.69368124900001, 4.469137446853189], [-75.69359618499999, 4.469486690853181], [-75.69347116300003, 4.469858860853155], [-75.69338030900002, 4.470168037853173], [-75.69326659799998, 4.47047723385315], [-75.69307877, 4.470878074853124], [-75.69291935500002, 4.471193030853128], [-75.69281683600002, 4.471376285853147], [-75.69228765999998, 4.472590228853083], [-75.69209991499997, 4.473036863853075], [-75.69203168400003, 4.473220090853048], [-75.69196342999999, 4.473391868853074], [-75.691883792, 4.473586554853055], [-75.69186692599999, 4.473735396853045], [-75.691878771, 4.473958630853066], [-75.69189055099997, 4.474147519853012], [-75.69190222499998, 4.474279166853059], [-75.691908442, 4.474548197853011], [-75.69187448500003, 4.474725674853027], [-75.69172650799999, 4.475046345853012], [-75.691555521, 4.475286894853021], [-75.69140156100002, 4.475464464853017], [-75.69121347499998, 4.475727923853001], [-75.69110528499999, 4.475934079852985], [-75.69106004899999, 4.47619170385295], [-75.69104889699997, 4.476340540852984], [-75.691106424, 4.476546566852979], [-75.69121545799999, 4.476792621852959], [-75.69133591899998, 4.477038666852934], [-75.69136472600002, 4.4771645768529424], [-75.69137074999998, 4.4773305738529485], [-75.69129111900003, 4.4775309818529525], [-75.69105173000003, 4.477863170852946], [-75.69088649000003, 4.478120887852893], [-75.69078399099999, 4.4783155908529215], [-75.690675736, 4.478487400852893], [-75.69059596900001, 4.478613394852925], [-75.69053327900002, 4.478705030852904], [-75.69051629500001, 4.478790906852911], [-75.69051650900002, 4.478905390852903], [-75.69052806500002, 4.478974070852872], [-75.69061392100002, 4.479048419852911], [-75.69074547100001, 4.479111282852894], [-75.690928471, 4.479185554852895], [-75.69110007699999, 4.479277007852868], [-75.69124320399999, 4.479420000852865], [-75.691335031, 4.479631723852871], [-75.69138687499998, 4.479854926852876], [-75.69140441399998, 4.480066707852833], [-75.69148498099997, 4.480370026852837], [-75.69155965300001, 4.480576038852862], [-75.69169144699998, 4.480770558852832], [-75.691817421, 4.480907841852847], [-75.69208065100003, 4.481102257852834], [-75.69221227700001, 4.481205190852823], [-75.69238970100002, 4.481353881852814], [-75.69251566700001, 4.481485439852781], [-75.692704639, 4.4816970868527815], [-75.692933783, 4.48200028985276], [-75.69312859799999, 4.482280622852789], [-75.693334854, 4.482566671852785], [-75.69350667200001, 4.482772608852761], [-75.69370129700002, 4.482949905852743], [-75.69395900400002, 4.483247361852732], [-75.69419952499999, 4.4835219358527265], [-75.69428541399998, 4.483613455852736], [-75.69437132299998, 4.483716423852757], [-75.69445742599999, 4.48392242685271], [-75.69450929300001, 4.484157077852723], [-75.69448680699998, 4.484357442852729], [-75.69436140699997, 4.484529266852736], [-75.69411035299999, 4.48473553385268], [-75.69391628199998, 4.4848558938527185], [-75.69368221100001, 4.484976284852707], [-75.69345966499998, 4.485148183852707], [-75.69327717200002, 4.48534867185267], [-75.692798036, 4.485824153852664], [-75.69259864399999, 4.486156311852647], [-75.69247329799998, 4.486356755852667], [-75.69224545999998, 4.4867576258526185], [-75.692012036, 4.487227191852595], [-75.69185275299998, 4.487616559852596], [-75.691687839, 4.488051724852578], [-75.691568217, 4.488257888852594], [-75.69141449799997, 4.488567115852588], [-75.691220756, 4.488864922852561], [-75.69094714900001, 4.489237206852526], [-75.69072472599998, 4.489477794852566], [-75.690502294, 4.489712657852507], [-75.69018855600001, 4.490016282852512], [-75.68989771899999, 4.490342786852487], [-75.68964104100002, 4.490600572852502], [-75.68933859399999, 4.490829773852523], [-75.689121737, 4.490990217852479], [-75.68876799700001, 4.491293871852511], [-75.68853404800001, 4.491482950852501], [-75.68830001700002, 4.491626234852485], [-75.68796895499997, 4.491832559852445], [-75.68772922800002, 4.4919872968524395], [-75.687518022, 4.4921133918524765], [-75.68743669700001, 4.492156546852435], [-75.68738067800001, 4.492179821852481], [-75.68726862199998, 4.492235730852445], [-75.68714679700003, 4.492233884852474], [-75.68708963099999, 4.492222479852467], [-75.68699816600002, 4.492205377852445], [-75.686906669, 4.492171101852445], [-75.68672357000003, 4.492045311852475], [-75.68657454800001, 4.491805010852464], [-75.68650568599998, 4.4916505128524955], [-75.686436657, 4.4914044258524575], [-75.68635059000002, 4.49121559385247], [-75.68625889200001, 4.49107255885246], [-75.686144453, 4.490992508852515], [-75.68602439400001, 4.490963979852494], [-75.685824384, 4.490964134852509], [-75.68566441899998, 4.490987154852523], [-75.68547020900002, 4.491033096852508], [-75.68526452700002, 4.491056149852511], [-75.68495001500003, 4.4909419088525055], [-75.68482965099997, 4.490747378852528], [-75.68478373300002, 4.49063865385251], [-75.68472072600002, 4.490558563852534], [-75.68459485800003, 4.49047852285249], [-75.68436060300002, 4.490501598852536], [-75.68410931099999, 4.490581929852529], [-75.68379534899998, 4.490765342852522], [-75.68352712500001, 4.490960168852493], [-75.683161859, 4.49121231085251], [-75.682802358, 4.4914930688524795], [-75.68255133999997, 4.491722227852489], [-75.68236302399998, 4.491865475852449], [-75.68208909399999, 4.492066028852458], [-75.68188921199999, 4.492134871852474], [-75.68178063599998, 4.492134954852442], [-75.68166603899999, 4.491969040852471], [-75.68167144699999, 4.491803035852489], [-75.68184221000001, 4.4914365598524935], [-75.68185933199999, 4.491425098852507], [-75.68190495300001, 4.491373547852489], [-75.68193328199999, 4.4912418688525095], [-75.68189315500001, 4.491173209852488], [-75.68178443099998, 4.491093154852476], [-75.68157862300001, 4.491047517852505], [-75.68145285000003, 4.491018992852509], [-75.68136703699997, 4.490967540852475], [-75.68132114100001, 4.490870264852512], [-75.681315343, 4.490824475852499], [-75.681389389, 4.49069276485251], [-75.68142920100001, 4.490589698852504], [-75.681417582, 4.490486672852528], [-75.681176918, 4.490131957852526], [-75.68099958900001, 4.490034782852525], [-75.68077645800003, 4.489891847852543], [-75.68057029099998, 4.489651589852532], [-75.680484078, 4.489382619852559], [-75.68033483599999, 4.489022111852543], [-75.68019721399997, 4.488764628852569], [-75.68011678900001, 4.488535724852595], [-75.680093467, 4.4882838808525545], [-75.680144423, 4.488026252852578], [-75.68026954099997, 4.487699880852623], [-75.680428946, 4.487373482852609], [-75.68059409900002, 4.487064252852647], [-75.68070238899998, 4.486909618852645], [-75.68099831900003, 4.486245389852673], [-75.681071922, 4.485873262852637], [-75.68109962800003, 4.485403861852673], [-75.68112772699999, 4.485146252852671], [-75.68112737799999, 4.484957354852695], [-75.68108109299999, 4.484648285852684], [-75.681040816, 4.484499488852679], [-75.680806045, 4.484242080852705], [-75.68057163600002, 4.484179294852702], [-75.68030305600001, 4.484179498852707], [-75.679965901, 4.484179756852707], [-75.67976590500001, 4.4841856318527045], [-75.679577316, 4.4841800518527135], [-75.67940581699997, 4.484145837852732], [-75.679274153, 4.484020006852745], [-75.67921084, 4.483773915852748], [-75.67919336, 4.483590755852751], [-75.679158282, 4.483161471852755], [-75.67912353000003, 4.482909634852752], [-75.67900874600002, 4.482640686852785], [-75.67887127099999, 4.482463342852782], [-75.678728229, 4.482366141852765], [-75.67839101200002, 4.482332053852764], [-75.67816254000002, 4.482389467852784], [-75.677728441, 4.482498557852745], [-75.67742002699998, 4.482590377852769], [-75.67708875699998, 4.482682215852772], [-75.67674036400001, 4.48278551485275], [-75.67647760300002, 4.482842955852774], [-75.67634049899999, 4.482865955852774], [-75.67606034200003, 4.482786030852751], [-75.67591730200002, 4.4826888268527725], [-75.67580271899999, 4.482528638852775], [-75.675676463, 4.482236802852759], [-75.67560735299998, 4.481944923852791], [-75.675549536, 4.48157862185277], [-75.67548602400001, 4.4812237728528235], [-75.67545120099999, 4.480931867852848], [-75.67539314099997, 4.480433910852814], [-75.67532387199998, 4.480056170852856], [-75.67530617099999, 4.479752803852845], [-75.67534575299999, 4.479523807852879], [-75.67568786099997, 4.479111408852865], [-75.675841897, 4.478973912852888], [-75.67608167200001, 4.478847799852872], [-75.67633298999999, 4.47878464485291], [-75.676578732, 4.478795905852907], [-75.676801754, 4.478881597852873], [-75.67698483700002, 4.479001665852873], [-75.67715076600001, 4.4791160228529], [-75.67739675199999, 4.4792589408528904], [-75.67755112600003, 4.4793046158528576], [-75.67785964299998, 4.4792700358528785], [-75.67825355899998, 4.479063665852884], [-75.67852165199997, 4.478800150852869], [-75.67872682400002, 4.4785023388528895], [-75.67888597299998, 4.478038559852926], [-75.67898833599997, 4.477769445852946], [-75.67914218300001, 4.477528914852924], [-75.67930182700002, 4.4773341708529335], [-75.67950137899999, 4.477087879852944], [-75.67964962600001, 4.476910317852975], [-75.67987780200002, 4.476692625852952], [-75.68030005700001, 4.476360300852972], [-75.680716512, 4.475982187852974], [-75.680996064, 4.47573583385297], [-75.68116151800001, 4.4755926028529895], [-75.681361132, 4.475380655853029], [-75.681508807, 4.474893988853031], [-75.68152556899997, 4.4746879068529966], [-75.68158794099998, 4.474424546853044], [-75.681701847, 4.474218389853018], [-75.68193575599997, 4.474012139853059], [-75.68210703, 4.473926143853063], [-75.68254676499998, 4.473776977853043], [-75.68282661299997, 4.473690900853055], [-75.68311220599998, 4.473621990853076], [-75.68336347000002, 4.473530209853043], [-75.68370597500001, 4.473335323853078], [-75.68391123800001, 4.473089026853096], [-75.683951078, 4.473003132853098], [-75.68398504800001, 4.472831382853113], [-75.68396170099999, 4.472568087853096], [-75.68389847100002, 4.4723677908531165], [-75.68374937700003, 4.472087421853125], [-75.68360601799998, 4.471818496853131], [-75.683485518, 4.471549553853106], [-75.68342216000002, 4.471280566853141], [-75.68341038199998, 4.471091678853125], [-75.683432804, 4.4708569708531405], [-75.68350104799998, 4.470679467853168], [-75.683620679, 4.470479029853141], [-75.68402581800001, 4.470163887853173], [-75.68424261299998, 4.4699748228531515], [-75.68438518599999, 4.469820158853186], [-75.68454482800001, 4.469625412853209], [-75.68465330499998, 4.469573812853201], [-75.6848875, 4.469522112853177], [-75.68500746000001, 4.469499122853184], [-75.68513890000003, 4.469504745853175], [-75.68533912700002, 4.469624797853176], [-75.68544790300001, 4.469733472853206], [-75.68555663699999, 4.469819251853165], [-75.68566527299998, 4.469853511853171], [-75.68583666199999, 4.46983048285319], [-75.685893626, 4.469733126853169], [-75.68591613199999, 4.469544212853199], [-75.68590443800002, 4.469401115853168], [-75.68592707200003, 4.469280890853184], [-75.68613256700002, 4.469160524853209], [-75.68637248599998, 4.4691145448532295], [-75.68652101700002, 4.46909153285319], [-75.68669237400002, 4.469051329853223], [-75.68684640700002, 4.468913828853187], [-75.68688626900001, 4.4688393838531875], [-75.68696591999998, 4.468650423853196], [-75.68701155000002, 4.468604596853244], [-75.687199996, 4.468535758853247], [-75.68745716400002, 4.468547006853211], [-75.687645804, 4.468581204853244], [-75.687880221, 4.468649712853217], [-75.68814315700001, 4.468689576853239], [-75.68837746899999, 4.4687008418532], [-75.68852028600003, 4.468677833853227], [-75.68862860299998, 4.468540369853253], [-75.68865678100002, 4.46832855285322], [-75.68858183399999, 4.4679737118532445], [-75.68845007300001, 4.467796364853274], [-75.688221252, 4.467664887853255], [-75.68792398699998, 4.467602153853277], [-75.68766674400001, 4.467550835853244], [-75.68722654700002, 4.467448144853254], [-75.68695784300002, 4.467379662853237], [-75.68660910599999, 4.46729407285327], [-75.686329038, 4.467259944853289], [-75.68607753200001, 4.467220072853292], [-75.68588309400002, 4.46714008485325], [-75.68575725099998, 4.467071491853276], [-75.68560266499998, 4.466911334853296], [-75.68549936900001, 4.466676724853298], [-75.68544172700001, 4.466407732853274], [-75.68536126700002, 4.466161656853288], [-75.685240841, 4.465932783853331], [-75.685069038, 4.4657325708533095], [-75.68486302299999, 4.4655724538533015], [-75.68467419400002, 4.4654352198533465], [-75.68454828699998, 4.465332282853338], [-75.68441653899998, 4.465160660853365], [-75.68424433299998, 4.464742929853353], [-75.68417541999997, 4.464559809853379], [-75.68408922700002, 4.464302288853351], [-75.68400849099999, 4.463907383853361], [-75.68393958000001, 4.463724263853391], [-75.68384775700002, 4.463512540853386], [-75.683778899, 4.463358041853373], [-75.68367589100001, 4.463277983853399], [-75.68355010099998, 4.463238010853383], [-75.68340725399997, 4.463243847853386], [-75.68332166699997, 4.463312603853407], [-75.68327609099998, 4.463387051853366], [-75.68328213299998, 4.463564496853373], [-75.683253901, 4.4637476928533975], [-75.68317980699999, 4.463850785853403], [-75.68299715, 4.463959685853383], [-75.68284290499997, 4.463982700853397], [-75.68264288199998, 4.46397140885338], [-75.68243127199997, 4.463874261853365], [-75.682225491, 4.463840075853374], [-75.68166572000001, 4.463966440853401], [-75.681271697, 4.464109848853377], [-75.68069489800001, 4.464299191853362], [-75.68028378499997, 4.4644712328533425], [-75.67990683, 4.4645745588533785], [-75.67962132500003, 4.4646892618533345], [-75.67913582900002, 4.464809842853355], [-75.67877598500002, 4.464895981853315], [-75.67858744300003, 4.464913299853318], [-75.678273155, 4.464913540853326], [-75.67799310999999, 4.4648908588533285], [-75.6776615, 4.464793802853367], [-75.6774499, 4.464702379853354], [-75.67722690300002, 4.464628136853332], [-75.67691828800002, 4.46460547685338], [-75.67670694200001, 4.464651430853346], [-75.67650144700002, 4.464771795853327], [-75.67639881299999, 4.464892081853353], [-75.67637059999998, 4.46508672385334], [-75.67646246300001, 4.4653213448533355], [-75.67667433700001, 4.465561595853312], [-75.67684609499997, 4.465738912853312], [-75.677035058, 4.4659505628532905], [-75.677298426, 4.466225119853292], [-75.677447358, 4.466419626853286], [-75.677544851, 4.4666084498533145], [-75.677579633, 4.4668774578532755], [-75.67751177000002, 4.467261027853264], [-75.67732949200001, 4.467575996853242], [-75.67705572099999, 4.467856689853269], [-75.67679880700001, 4.46798281785324], [-75.67658182100001, 4.468068844853248], [-75.67634767999999, 4.468149162853258], [-75.676056227, 4.468137937853227], [-75.67585625599997, 4.468155261853226], [-75.67562222100003, 4.46829281985322], [-75.675274248, 4.4686193618532455], [-75.67493231499998, 4.469123347853191], [-75.674824205, 4.469375291853193], [-75.67465908999998, 4.469701693853167], [-75.67439685099998, 4.470039617853163], [-75.67416309999999, 4.470331726853139], [-75.67410053700002, 4.470492051853157], [-75.67402086200002, 4.470669560853176], [-75.67386132299998, 4.470921543853174], [-75.67361044900002, 4.471225113853129], [-75.673290855, 4.471448597853129], [-75.672908414, 4.471677853853128], [-75.67267435600002, 4.471803961853144], [-75.67231467599998, 4.471981682853139], [-75.67214919100002, 4.472107739853123], [-75.67197245599999, 4.472331113853085], [-75.671813052, 4.472657510853113], [-75.67170505799999, 4.472972419853103], [-75.67156856499997, 4.473327418853059], [-75.671409213, 4.473682436853038], [-75.671261206, 4.473991650853055], [-75.671039081, 4.474392507853027], [-75.67083967500002, 4.474718934853025], [-75.67063457699999, 4.475056813853041], [-75.670412451, 4.47545766985303], [-75.67023010399998, 4.47573828985297], [-75.670007704, 4.475990318852988], [-75.66974542999998, 4.476311067852946], [-75.669380494, 4.476740651852951], [-75.669141024, 4.47703276285296], [-75.66892993699997, 4.477221815852939], [-75.66877021699997, 4.477376488852935], [-75.668576304, 4.477582701852932], [-75.66827983500002, 4.47795499385294], [-75.66803481800002, 4.478338691852932], [-75.66792104199999, 4.478619259852914], [-75.667824252, 4.478813952852875], [-75.66775064699999, 4.479186076852884], [-75.66770544500002, 4.479466591852864], [-75.66767752999999, 4.479827233852883], [-75.66762660400002, 4.480102028852873], [-75.66758142100002, 4.48039399285284], [-75.66746804299999, 4.48089207685284], [-75.66734305799997, 4.481292858852817], [-75.66724085700002, 4.481653554852777], [-75.66715001099999, 4.481974174852796], [-75.66704788300001, 4.482374938852788], [-75.66701967699998, 4.482575304852776], [-75.667008592, 4.482764208852743], [-75.66698039699997, 4.482970298852746], [-75.66694096100002, 4.483279430852772], [-75.666878655, 4.483582854852744], [-75.66678765299997, 4.483817612852712], [-75.66666240500001, 4.484075290852727], [-75.66654294400001, 4.484373033852693], [-75.66644612200002, 4.484550554852706], [-75.66634923700002, 4.484693728852714], [-75.66622950499999, 4.484842644852706], [-75.66602406700002, 4.484997350852695], [-75.66582427999998, 4.485117704852679], [-75.665601562, 4.485198006852694], [-75.66529312699998, 4.485278373852698], [-75.66500751900003, 4.485341550852656], [-75.664779066, 4.4854104098526575], [-75.66448780600001, 4.485507934852661], [-75.66431655000002, 4.485605371852676], [-75.66414539700003, 4.485760049852673], [-75.66394574399999, 4.485954817852638], [-75.66377474900003, 4.486195356852635], [-75.66358082199997, 4.486395844852648], [-75.66345537500001, 4.486544764852656], [-75.663284336, 4.486762407852637], [-75.66307330699999, 4.486985803852657], [-75.66289077699997, 4.487169109852641], [-75.66211422399999, 4.487507403852593], [-75.661754368, 4.487593530852623], [-75.661560253, 4.487690982852593], [-75.661349014, 4.487799896852601], [-75.66106928699998, 4.487954651852579], [-75.66088663099998, 4.4880692688525805], [-75.660561186, 4.488224059852578], [-75.66040701100002, 4.488287137852558], [-75.66021288399998, 4.488378866852577], [-75.65988732599999, 4.488470690852553], [-75.65954455100001, 4.488522457852552], [-75.65923601100002, 4.488545580852557], [-75.65893890000001, 4.488568694852599], [-75.65857317400003, 4.488568960852571], [-75.658310287, 4.48855770685256], [-75.65813883300001, 4.488546382852597], [-75.65793311200002, 4.488546531852559], [-75.65769312600003, 4.488558156852574], [-75.65748746700001, 4.488592650852547], [-75.65733326999998, 4.4886442798525845], [-75.65708777600003, 4.48877038985258], [-75.65690515099999, 4.4889021768525605], [-75.656619831, 4.489125624852543], [-75.65647156699998, 4.48929745585252], [-75.65631761600002, 4.489486462852535], [-75.65615786000001, 4.489623956852529], [-75.65602659199999, 4.489715637852548], [-75.65578112999998, 4.4898589178525175], [-75.65550134799997, 4.489985051852536], [-75.65528438400003, 4.490088243852517], [-75.655050308, 4.490208619852501], [-75.65465071900002, 4.490443595852491], [-75.65442816500001, 4.490615480852531], [-75.65435981799999, 4.490741460852531], [-75.65425163600003, 4.490959053852465], [-75.654137832, 4.491228168852499], [-75.65397825999997, 4.4914686958525065], [-75.65381861700001, 4.491669153852494], [-75.65365314500002, 4.491806651852444], [-75.65352758099999, 4.491892603852456], [-75.653213521, 4.492024485852451], [-75.65297926900001, 4.4920475508524405], [-75.65279646699997, 4.492082027852487], [-75.65259085899999, 4.49214513985245], [-75.652442356, 4.492185315852474], [-75.65233383200001, 4.492214014852459], [-75.65212822400002, 4.492277128852451], [-75.65199117999998, 4.492334468852467], [-75.65173992799998, 4.4924376818524525], [-75.65159147600002, 4.492506477852439], [-75.65142013299999, 4.492558117852418], [-75.65130019100002, 4.492592547852446], [-75.65119737200001, 4.492615518852469], [-75.65107738699999, 4.492627052852419], [-75.65102838799999, 4.492629222852436]], [[-75.68007536300001, 4.435329683854313], [-75.680201093, 4.435341033854283], [-75.680332626, 4.4353981728543195], [-75.68045282499997, 4.435506837854281], [-75.68055604099999, 4.435701378854316], [-75.68065378, 4.436021855854313], [-75.68082058700003, 4.436611313854268], [-75.680998408, 4.436977520854274], [-75.68106717, 4.437080502854251], [-75.681256356, 4.437412355854222], [-75.68136514700001, 4.4375324778542105], [-75.68170849699999, 4.437801244854234], [-75.68194872599997, 4.437926986854246], [-75.682297651, 4.438121335854213], [-75.68242361799997, 4.438258616854186], [-75.68252669600002, 4.438378742854195], [-75.68271667200003, 4.439134183854196], [-75.68266551300002, 4.43927732885417], [-75.682466062, 4.43956941885418], [-75.68239791899998, 4.439798438854175], [-75.68243839899998, 4.4400559938541315], [-75.68256425999999, 4.440136034854178], [-75.68278717599998, 4.440170203854171], [-75.68302711799998, 4.440141393854175], [-75.683209917, 4.440112630854126], [-75.68338120099997, 4.440038081854157], [-75.683484013, 4.440015103854154], [-75.68364407500002, 4.440049323854126], [-75.683815574, 4.440089256854164], [-75.68396428099999, 4.44016355585417], [-75.68401581500001, 4.440220755854124], [-75.68409620900002, 4.440432487854137], [-75.68407363, 4.440581332854153], [-75.68401103000002, 4.440718762854139], [-75.68397697, 4.440838997854133], [-75.68404595700002, 4.44106218585413], [-75.68413188300002, 4.441176600854116], [-75.684314949, 4.4412909418541355], [-75.68465805699998, 4.441428051854103], [-75.684835303, 4.44148515385413], [-75.68496686700001, 4.441559464854113], [-75.685069978, 4.441696763854125], [-75.68511596000002, 4.441839830854078], [-75.68511628099998, 4.4420115568540925], [-75.68504816000001, 4.442252025854086], [-75.68499699900002, 4.442395170854065], [-75.68490029700001, 4.442629937854053], [-75.68480369000002, 4.442916222854054], [-75.68471275299999, 4.443179605854049], [-75.68467335399998, 4.443500190854038], [-75.684645413, 4.443837939854002], [-75.68468037000002, 4.444198535854006], [-75.68469800499997, 4.444461832853999], [-75.68471012700002, 4.444833894853988], [-75.68471069399999, 4.445137276854], [-75.68469987499998, 4.445463561853969], [-75.68459177400001, 4.445715509853985], [-75.684454921, 4.445870169853937], [-75.68425516999997, 4.446001983853981], [-75.68396389600002, 4.446082348853952], [-75.68382675499998, 4.4460824568539445], [-75.683683857, 4.446059672853937], [-75.683552239, 4.445956741853984], [-75.68346631200001, 4.4458423248539605], [-75.68336882900002, 4.445659227853978], [-75.68328281700002, 4.445499017853995], [-75.68318526000002, 4.445275851853995], [-75.68302485700002, 4.445058459853973], [-75.682675534, 4.444652315853978], [-75.68252665699998, 4.444486431854031], [-75.682245776, 4.444011545854038], [-75.68201088699999, 4.443685451854052], [-75.68175328000001, 4.4434337908540655], [-75.68150715399997, 4.443210739854036], [-75.68031597499998, 4.441797801854089], [-75.68023005999999, 4.4416891088540815], [-75.68005258099998, 4.441506074854115], [-75.67984644500001, 4.44127726885412], [-75.679657399, 4.441019829854135], [-75.679577155, 4.440888236854146], [-75.67947945100002, 4.44058493185412], [-75.679444708, 4.440338820854155], [-75.67944425000002, 4.440092682854145], [-75.67944372800002, 4.439812196854144], [-75.679443429, 4.439651921854162], [-75.679454389, 4.439400049854195], [-75.67945398500001, 4.439182532854191], [-75.67944216199999, 4.4389707478541665], [-75.679366781, 4.438381217854224], [-75.679320545, 4.438100769854224], [-75.67926835100002, 4.437688670854222], [-75.679256667, 4.437551300854223], [-75.67929573800001, 4.437053267854248], [-75.67932928900001, 4.43665827385429], [-75.679493664, 4.435942625854272], [-75.67974431800002, 4.435530288854289], [-75.67992688099997, 4.435375593854299], [-75.68007536300001, 4.435329683854313]]]}, "properties": {"OBJECTID": 454, "DXF_TEXT": "Stv1", "COD": "Stv1", "SHAPE.AREA": 0.004432035574326741, "SHAPE.LEN": 0.9586686635122691}}], "_consulta": {"url": "https://srvags.sgc.gov.co/arcgis/rest/services/Geomecanica_Por_Regiones/Geomecanica_del_Departamento_del_Quindio/MapServer/19", "fecha": "2026-09-29"}}