{"type": "FeatureCollection", "features": [{"type": "Feature", "id": 1382, "geometry": {"type": "LineString", "coordinates": [[-75.55348243399999, 4.487125417852629], [-75.55533252499998, 4.4840454048527345], [-75.55623256899997, 4.482515397852743], [-75.558742698, 4.477685373852903], [-75.56006276599999, 4.475155361853015], [-75.56434300199999, 4.464965301853339], [-75.56836324599999, 4.453055223853757], [-75.56876326999998, 4.45184521585375], [-75.57255350100002, 4.440495140854123], [-75.57438361800001, 4.434315097854348], [-75.57966389699999, 4.423215037854727], [-75.583584094, 4.416035004854961], [-75.58389410900003, 4.41554500285493], [-75.58622422100001, 4.411854987855091], [-75.58894435000002, 4.407764972855192], [-75.59137446199998, 4.404474963855289], [-75.59631468999999, 4.39776494385555], [-75.60183494500001, 4.39028492085576], [-75.60595513200002, 4.384944906855925], [-75.61240543299999, 4.3757648768562465], [-75.617045652, 4.368954852856462], [-75.62014580300001, 4.363814831856643], [-75.622235908, 4.359944812856791], [-75.62614610600002, 4.3526747788569855], [-75.62987629100002, 4.346124748857234], [-75.63169638599999, 4.342304728857319], [-75.633516488, 4.337764701857504], [-75.63661666299998, 4.329934654857736], [-75.63862677999998, 4.324484620857936], [-75.64044688400003, 4.319654590858093], [-75.64180696599999, 4.3156545648581925], [-75.64418711899998, 4.3074645078584854], [-75.64764732600003, 4.29728444185879], [-75.65065750299999, 4.288914388859098], [-75.65239761499998, 4.28290434785926], [-75.65475774499998, 4.277264314859485], [-75.657767912, 4.2698142708596745], [-75.66031805300003, 4.2637142358599], [-75.662048142, 4.260254217860018], [-75.66486828500001, 4.254894191860184], [-75.66621834900002, 4.252874184860251], [-75.66758841299998, 4.250804177860336], [-75.67150859999998, 4.244714154860517], [-75.67331869100002, 4.24134413886061], [-75.675518796, 4.237944125860747], [-75.67649884500003, 4.2362041178607885], [-75.67822892800001, 4.233354105860871], [-75.68098905, 4.230204100861023], [-75.691049481, 4.220134093861329], [-75.69805977800002, 4.213444092861562], [-75.70951026699998, 4.202114085861903], [-75.719660713, 4.190584066862267], [-75.73061120099999, 4.177354037862699], [-75.738121541, 4.167624011863013], [-75.746091917, 4.155573967863428], [-75.75457234200002, 4.139903894863913], [-75.761512702, 4.125633820864417], [-75.769473113, 4.1095137388649565], [-75.78053365400001, 4.090473656865571], [-75.79252424100002, 4.069673565866242], [-75.80102465700003, 4.054963502866722], [-75.81283523000002, 4.035083418867351], [-75.82423577999998, 4.0162833418679895], [-75.82478580600002, 4.015343337867989], [-75.82526582999998, 4.014543334868018], [-75.83292619999997, 4.001753281868432], [-75.84016654700002, 3.989933233868811], [-75.847936903, 3.9792832018691633], [-75.859667409, 3.9668731868695684], [-75.87147790400002, 3.955983186869961], [-75.884868471, 3.9430331818703928], [-75.89014868800001, 3.9387031868704945], [-75.89174875100002, 3.9377231908705195], [-75.89728898300001, 3.9326331908706864], [-75.90171917100002, 3.9282431878708657], [-75.90408927200002, 3.9258831868709434]]}, "properties": {"OBJECTID": 1382, "AFGE_CODG_FGE": 30676, "APST_TIPO_FALLA": 100000, "APST_ACTV_FALLA": 0, "AFGE_ULTM_USUAR": "Jorge Gómez Tapias", "AFGE_ULTM_FECHA": 1184889600000, "EDA_CODG_EDAD": null, "NFG_CODG_NOMB": 527, "CODG_DANE": "76", "DEPARTAMENTO": "VALLE DEL CAUCA", "MUNICIPIO": "SEVILLA", "SHAPE.LEN": 0.669482161483351}}, {"type": "Feature", "id": 1391, "geometry": {"type": "LineString", "coordinates": [[-75.55348243399999, 4.487125417852629], [-75.55533252499998, 4.4840454048527345], [-75.55623256899997, 4.482515397852743], [-75.558742698, 4.477685373852903], [-75.56006276599999, 4.475155361853015], [-75.56434300199999, 4.464965301853339], [-75.56836324599999, 4.453055223853757], [-75.56876326999998, 4.45184521585375], [-75.57255350100002, 4.440495140854123], [-75.57438361800001, 4.434315097854348], [-75.57966389699999, 4.423215037854727], [-75.583584094, 4.416035004854961], [-75.58389410900003, 4.41554500285493], [-75.58622422100001, 4.411854987855091], [-75.58894435000002, 4.407764972855192], [-75.59137446199998, 4.404474963855289], [-75.59631468999999, 4.39776494385555], [-75.60183494500001, 4.39028492085576], [-75.60595513200002, 4.384944906855925], [-75.61240543299999, 4.3757648768562465], [-75.617045652, 4.368954852856462], [-75.62014580300001, 4.363814831856643], [-75.622235908, 4.359944812856791], [-75.62614610600002, 4.3526747788569855], [-75.62987629100002, 4.346124748857234], [-75.63169638599999, 4.342304728857319], [-75.633516488, 4.337764701857504], [-75.63661666299998, 4.329934654857736], [-75.63862677999998, 4.324484620857936], [-75.64044688400003, 4.319654590858093], [-75.64180696599999, 4.3156545648581925], [-75.64418711899998, 4.3074645078584854], [-75.64764732600003, 4.29728444185879], [-75.65065750299999, 4.288914388859098], [-75.65239761499998, 4.28290434785926], [-75.65475774499998, 4.277264314859485], [-75.657767912, 4.2698142708596745], [-75.66031805300003, 4.2637142358599], [-75.662048142, 4.260254217860018], [-75.66486828500001, 4.254894191860184], [-75.66621834900002, 4.252874184860251], [-75.66758841299998, 4.250804177860336], [-75.67150859999998, 4.244714154860517], [-75.67331869100002, 4.24134413886061], [-75.675518796, 4.237944125860747], [-75.67649884500003, 4.2362041178607885], [-75.67822892800001, 4.233354105860871], [-75.68098905, 4.230204100861023], [-75.691049481, 4.220134093861329], [-75.69805977800002, 4.213444092861562], [-75.70951026699998, 4.202114085861903], [-75.719660713, 4.190584066862267], [-75.73061120099999, 4.177354037862699], [-75.738121541, 4.167624011863013], [-75.746091917, 4.155573967863428], [-75.75457234200002, 4.139903894863913], [-75.761512702, 4.125633820864417], [-75.769473113, 4.1095137388649565], [-75.78053365400001, 4.090473656865571], [-75.79252424100002, 4.069673565866242], [-75.80102465700003, 4.054963502866722], [-75.81283523000002, 4.035083418867351], [-75.82423577999998, 4.0162833418679895], [-75.82478580600002, 4.015343337867989], [-75.82526582999998, 4.014543334868018], [-75.83292619999997, 4.001753281868432], [-75.84016654700002, 3.989933233868811], [-75.847936903, 3.9792832018691633], [-75.859667409, 3.9668731868695684], [-75.87147790400002, 3.955983186869961], [-75.884868471, 3.9430331818703928], [-75.89014868800001, 3.9387031868704945], [-75.89174875100002, 3.9377231908705195], [-75.89728898300001, 3.9326331908706864], [-75.90171917100002, 3.9282431878708657], [-75.90408927200002, 3.9258831868709434]]}, "properties": {"OBJECTID": 1391, "AFGE_CODG_FGE": 30676, "APST_TIPO_FALLA": 100000, "APST_ACTV_FALLA": 0, "AFGE_ULTM_USUAR": "Jorge Gómez Tapias", "AFGE_ULTM_FECHA": 1184889600000, "EDA_CODG_EDAD": null, "NFG_CODG_NOMB": 527, "CODG_DANE": "73", "DEPARTAMENTO": "TOLIMA", "MUNICIPIO": "CÓRDOBA", "SHAPE.LEN": 0.669482161483351}}, {"type": "Feature", "id": 8508, "geometry": {"type": "LineString", "coordinates": [[-75.56369342400001, 4.415344819854937], [-75.55268294799998, 4.42671482985457], [-75.538852341, 4.441974850854091], [-75.52882190100001, 4.453064867853739], [-75.51701138499999, 4.465824882853295], [-75.50918102399999, 4.476434914852998], [-75.50661089900001, 4.480614931852815], [-75.50403077300001, 4.48486494885268]]}, "properties": {"OBJECTID": 8508, "AFGE_CODG_FGE": 32242, "APST_TIPO_FALLA": 100000, "APST_ACTV_FALLA": 0, "AFGE_ULTM_USUAR": "Jorge Gómez Tapias", "AFGE_ULTM_FECHA": 1184889600000, "EDA_CODG_EDAD": null, "NFG_CODG_NOMB": 412, "CODG_DANE": "73", "DEPARTAMENTO": "TOLIMA", "MUNICIPIO": "CAJAMARCA", "SHAPE.LEN": 0.09182805797642801}}, {"type": "Feature", "id": 8844, "geometry": {"type": "LineString", "coordinates": [[-75.82526582999998, 4.014543334868018], [-75.80183486300001, 4.034083314867374], [-75.78382415499999, 4.045063261867022], [-75.76546341300002, 4.058673229866604], [-75.75732308900001, 4.0640832098663955], [-75.748952756, 4.069643188866212], [-75.73399214599999, 4.081363167865847], [-75.70802109599998, 4.100533120865238], [-75.69644061499997, 4.110653114864885], [-75.68684021799999, 4.118733106864659], [-75.66746944699997, 4.131623057864216], [-75.65139876699999, 4.146993060863694], [-75.64527851399998, 4.152243055863515], [-75.64411846600001, 4.153223054863519], [-75.643128413, 4.155383065863447], [-75.63530812200003, 4.1582330238633665], [-75.627087819, 4.1609529778632695], [-75.62686781100001, 4.161032976863242], [-75.62188762599999, 4.1628129498631825], [-75.61600738800001, 4.16721293886308], [-75.60795707, 4.172292915862888], [-75.59983670399998, 4.182642940862532], [-75.59807661399998, 4.186142957862439], [-75.59572648199998, 4.192052992862241], [-75.59221630399998, 4.198803024862039], [-75.58819614200002, 4.20168301586193], [-75.582685911, 4.206773014861772], [-75.574985621, 4.210002977861633], [-75.57066544600002, 4.213252969861533], [-75.56346515799999, 4.218202952861385], [-75.558644948, 4.223452958861199], [-75.54875454299997, 4.2313429448609545], [-75.536794053, 4.240902928860659], [-75.53019378099998, 4.246302920860466], [-75.52164342200001, 4.25420291886023], [-75.516603143, 4.2664429888597954], [-75.51204291300002, 4.275003028859536], [-75.50415254299998, 4.286513065859161], [-75.49667222900001, 4.2933630638589415], [-75.481341579, 4.308023064858441], [-75.47317123200003, 4.315953066858203], [-75.46650096500002, 4.320533049858046], [-75.45949069199997, 4.3245530248579165], [-75.43762981600003, 4.339682971857417], [-75.40758871100002, 4.349532794857117], [-75.37612753600001, 4.36175262685669], [-75.36518711000002, 4.368062587856485], [-75.35493672500002, 4.372322535856373], [-75.34444631999997, 4.377922493856196], [-75.332715887, 4.3819724258560475], [-75.33189585500003, 4.382432422856044], [-75.32438556300002, 4.386632393855895], [-75.31481519800002, 4.391302351855766], [-75.30309475400003, 4.396592294855571], [-75.294144415, 4.400632251855419], [-75.27979387099998, 4.407182183855245], [-75.27107353500003, 4.4118221478550765], [-75.26476329600001, 4.414662117855005], [-75.25180281399997, 4.419632046854815], [-75.23879233999997, 4.423451963854672], [-75.22923199600001, 4.4257818988546305], [-75.221161709, 4.42745184185455], [-75.212441394, 4.429781783854488], [-75.198190882, 4.433151685854354], [-75.194160738, 4.434101657854327], [-75.18526042600001, 4.435441589854287], [-75.17851018699997, 4.436611538854279], [-75.17174994599998, 4.438111491854235], [-75.16548972099997, 4.439601448854176], [-75.15840946200001, 4.441931405854073], [-75.151159199, 4.443931358853999], [-75.14506898399998, 4.445091313854014], [-75.13781872599998, 4.446591261853967], [-75.13007844999998, 4.44826120685386], [-75.12381821499997, 4.450911173853795], [-75.11689796500002, 4.452741127853751], [-75.103877506, 4.455071030853652], [-75.094167159, 4.4572409618536115], [-75.084116806, 4.458900885853521], [-75.07439645800002, 4.46123081785345], [-75.06566614000002, 4.463890762853374], [-75.05743583600002, 4.46688071485328], [-75.05166562199997, 4.469040682853217], [-75.04211529600002, 4.469550599853184], [-75.03518506, 4.469890539853175], [-75.02843481399998, 4.472040497853121], [-75.01871446899997, 4.4740404268530245], [-75.00899412400003, 4.4760403558529855], [-75.000263802, 4.479190304852855], [-74.99153348300001, 4.482020250852783], [-74.97967304100001, 4.486830185852648], [-74.96896263500003, 4.491970134852435], [-74.96139235599998, 4.4946200898523925], [-74.95423209400002, 4.4970300458523145], [-74.95299204899999, 4.497440038852311], [-74.94425174499997, 4.49860996885222], [-74.93618146199998, 4.499949906852175], [-74.93542143399998, 4.50014990185217], [-74.92679112399998, 4.502439842852113], [-74.91921085299998, 4.504269789852087], [-74.91460067700001, 4.506589768851998], [-74.91015050700003, 4.508909748851909], [-74.90504031299997, 4.511389724851843], [-74.89895006699999, 4.5158697098516924], [-74.89335983000001, 4.521329708851489], [-74.88759958499998, 4.526959706851323], [-74.882319376, 4.5304396898511925], [-74.87260895999998, 4.540369691850897], [-74.867668756, 4.544519683850778], [-74.861738527, 4.547829658850647], [-74.85432824200001, 4.551809626850527], [-74.848728021, 4.55544960885039], [-74.84460786300002, 4.557609589850357], [-74.83985769399999, 4.5587195568503045]]}, "properties": {"OBJECTID": 8844, "AFGE_CODG_FGE": 32865, "APST_TIPO_FALLA": 130000, "APST_ACTV_FALLA": 0, "AFGE_ULTM_USUAR": "Jorge Gómez Tapias", "AFGE_ULTM_FECHA": 1184889600000, "EDA_CODG_EDAD": null, "NFG_CODG_NOMB": 229, "CODG_DANE": "76", "DEPARTAMENTO": "VALLE DEL CAUCA", "MUNICIPIO": "ALVARADO", "SHAPE.LEN": 1.15852971816845}}, {"type": "Feature", "id": 1376, "geometry": {"type": "LineString", "coordinates": [[-75.55348243399999, 4.487125417852629], [-75.55533252499998, 4.4840454048527345], [-75.55623256899997, 4.482515397852743], [-75.558742698, 4.477685373852903], [-75.56006276599999, 4.475155361853015], [-75.56434300199999, 4.464965301853339], [-75.56836324599999, 4.453055223853757], [-75.56876326999998, 4.45184521585375], [-75.57255350100002, 4.440495140854123], [-75.57438361800001, 4.434315097854348], [-75.57966389699999, 4.423215037854727], [-75.583584094, 4.416035004854961], [-75.58389410900003, 4.41554500285493], [-75.58622422100001, 4.411854987855091], [-75.58894435000002, 4.407764972855192], [-75.59137446199998, 4.404474963855289], [-75.59631468999999, 4.39776494385555], [-75.60183494500001, 4.39028492085576], [-75.60595513200002, 4.384944906855925], [-75.61240543299999, 4.3757648768562465], [-75.617045652, 4.368954852856462], [-75.62014580300001, 4.363814831856643], [-75.622235908, 4.359944812856791], [-75.62614610600002, 4.3526747788569855], [-75.62987629100002, 4.346124748857234], [-75.63169638599999, 4.342304728857319], [-75.633516488, 4.337764701857504], [-75.63661666299998, 4.329934654857736], [-75.63862677999998, 4.324484620857936], [-75.64044688400003, 4.319654590858093], [-75.64180696599999, 4.3156545648581925], [-75.64418711899998, 4.3074645078584854], [-75.64764732600003, 4.29728444185879], [-75.65065750299999, 4.288914388859098], [-75.65239761499998, 4.28290434785926], [-75.65475774499998, 4.277264314859485], [-75.657767912, 4.2698142708596745], [-75.66031805300003, 4.2637142358599], [-75.662048142, 4.260254217860018], [-75.66486828500001, 4.254894191860184], [-75.66621834900002, 4.252874184860251], [-75.66758841299998, 4.250804177860336], [-75.67150859999998, 4.244714154860517], [-75.67331869100002, 4.24134413886061], [-75.675518796, 4.237944125860747], [-75.67649884500003, 4.2362041178607885], [-75.67822892800001, 4.233354105860871], [-75.68098905, 4.230204100861023], [-75.691049481, 4.220134093861329], [-75.69805977800002, 4.213444092861562], [-75.70951026699998, 4.202114085861903], [-75.719660713, 4.190584066862267], [-75.73061120099999, 4.177354037862699], [-75.738121541, 4.167624011863013], [-75.746091917, 4.155573967863428], [-75.75457234200002, 4.139903894863913], [-75.761512702, 4.125633820864417], [-75.769473113, 4.1095137388649565], [-75.78053365400001, 4.090473656865571], [-75.79252424100002, 4.069673565866242], [-75.80102465700003, 4.054963502866722], [-75.81283523000002, 4.035083418867351], [-75.82423577999998, 4.0162833418679895], [-75.82478580600002, 4.015343337867989], [-75.82526582999998, 4.014543334868018], [-75.83292619999997, 4.001753281868432], [-75.84016654700002, 3.989933233868811], [-75.847936903, 3.9792832018691633], [-75.859667409, 3.9668731868695684], [-75.87147790400002, 3.955983186869961], [-75.884868471, 3.9430331818703928], [-75.89014868800001, 3.9387031868704945], [-75.89174875100002, 3.9377231908705195], [-75.89728898300001, 3.9326331908706864], [-75.90171917100002, 3.9282431878708657], [-75.90408927200002, 3.9258831868709434]]}, "properties": {"OBJECTID": 1376, "AFGE_CODG_FGE": 30676, "APST_TIPO_FALLA": 100000, "APST_ACTV_FALLA": 0, "AFGE_ULTM_USUAR": "Jorge Gómez Tapias", "AFGE_ULTM_FECHA": 1184889600000, "EDA_CODG_EDAD": null, "NFG_CODG_NOMB": 527, "CODG_DANE": "63", "DEPARTAMENTO": "QUINDÍO", "MUNICIPIO": "CALARCÁ", "SHAPE.LEN": 0.669482161483351}}, {"type": "Feature", "id": 1388, "geometry": {"type": "LineString", "coordinates": [[-75.55348243399999, 4.487125417852629], [-75.55533252499998, 4.4840454048527345], [-75.55623256899997, 4.482515397852743], [-75.558742698, 4.477685373852903], [-75.56006276599999, 4.475155361853015], [-75.56434300199999, 4.464965301853339], [-75.56836324599999, 4.453055223853757], [-75.56876326999998, 4.45184521585375], [-75.57255350100002, 4.440495140854123], [-75.57438361800001, 4.434315097854348], [-75.57966389699999, 4.423215037854727], [-75.583584094, 4.416035004854961], [-75.58389410900003, 4.41554500285493], [-75.58622422100001, 4.411854987855091], [-75.58894435000002, 4.407764972855192], [-75.59137446199998, 4.404474963855289], [-75.59631468999999, 4.39776494385555], [-75.60183494500001, 4.39028492085576], [-75.60595513200002, 4.384944906855925], [-75.61240543299999, 4.3757648768562465], [-75.617045652, 4.368954852856462], [-75.62014580300001, 4.363814831856643], [-75.622235908, 4.359944812856791], [-75.62614610600002, 4.3526747788569855], [-75.62987629100002, 4.346124748857234], [-75.63169638599999, 4.342304728857319], [-75.633516488, 4.337764701857504], [-75.63661666299998, 4.329934654857736], [-75.63862677999998, 4.324484620857936], [-75.64044688400003, 4.319654590858093], [-75.64180696599999, 4.3156545648581925], [-75.64418711899998, 4.3074645078584854], [-75.64764732600003, 4.29728444185879], [-75.65065750299999, 4.288914388859098], [-75.65239761499998, 4.28290434785926], [-75.65475774499998, 4.277264314859485], [-75.657767912, 4.2698142708596745], [-75.66031805300003, 4.2637142358599], [-75.662048142, 4.260254217860018], [-75.66486828500001, 4.254894191860184], [-75.66621834900002, 4.252874184860251], [-75.66758841299998, 4.250804177860336], [-75.67150859999998, 4.244714154860517], [-75.67331869100002, 4.24134413886061], [-75.675518796, 4.237944125860747], [-75.67649884500003, 4.2362041178607885], [-75.67822892800001, 4.233354105860871], [-75.68098905, 4.230204100861023], [-75.691049481, 4.220134093861329], [-75.69805977800002, 4.213444092861562], [-75.70951026699998, 4.202114085861903], [-75.719660713, 4.190584066862267], [-75.73061120099999, 4.177354037862699], [-75.738121541, 4.167624011863013], [-75.746091917, 4.155573967863428], [-75.75457234200002, 4.139903894863913], [-75.761512702, 4.125633820864417], [-75.769473113, 4.1095137388649565], [-75.78053365400001, 4.090473656865571], [-75.79252424100002, 4.069673565866242], [-75.80102465700003, 4.054963502866722], [-75.81283523000002, 4.035083418867351], [-75.82423577999998, 4.0162833418679895], [-75.82478580600002, 4.015343337867989], [-75.82526582999998, 4.014543334868018], [-75.83292619999997, 4.001753281868432], [-75.84016654700002, 3.989933233868811], [-75.847936903, 3.9792832018691633], [-75.859667409, 3.9668731868695684], [-75.87147790400002, 3.955983186869961], [-75.884868471, 3.9430331818703928], [-75.89014868800001, 3.9387031868704945], [-75.89174875100002, 3.9377231908705195], [-75.89728898300001, 3.9326331908706864], [-75.90171917100002, 3.9282431878708657], [-75.90408927200002, 3.9258831868709434]]}, "properties": {"OBJECTID": 1388, "AFGE_CODG_FGE": 30676, "APST_TIPO_FALLA": 100000, "APST_ACTV_FALLA": 0, "AFGE_ULTM_USUAR": "Jorge Gómez Tapias", "AFGE_ULTM_FECHA": 1184889600000, "EDA_CODG_EDAD": null, "NFG_CODG_NOMB": 527, "CODG_DANE": "73", "DEPARTAMENTO": "TOLIMA", "MUNICIPIO": "GÉNOVA", "SHAPE.LEN": 0.669482161483351}}, {"type": "Feature", "id": 8839, "geometry": {"type": "LineString", "coordinates": [[-75.82526582999998, 4.014543334868018], [-75.80183486300001, 4.034083314867374], [-75.78382415499999, 4.045063261867022], [-75.76546341300002, 4.058673229866604], [-75.75732308900001, 4.0640832098663955], [-75.748952756, 4.069643188866212], [-75.73399214599999, 4.081363167865847], [-75.70802109599998, 4.100533120865238], [-75.69644061499997, 4.110653114864885], [-75.68684021799999, 4.118733106864659], [-75.66746944699997, 4.131623057864216], [-75.65139876699999, 4.146993060863694], [-75.64527851399998, 4.152243055863515], [-75.64411846600001, 4.153223054863519], [-75.643128413, 4.155383065863447], [-75.63530812200003, 4.1582330238633665], [-75.627087819, 4.1609529778632695], [-75.62686781100001, 4.161032976863242], [-75.62188762599999, 4.1628129498631825], [-75.61600738800001, 4.16721293886308], [-75.60795707, 4.172292915862888], [-75.59983670399998, 4.182642940862532], [-75.59807661399998, 4.186142957862439], [-75.59572648199998, 4.192052992862241], [-75.59221630399998, 4.198803024862039], [-75.58819614200002, 4.20168301586193], [-75.582685911, 4.206773014861772], [-75.574985621, 4.210002977861633], [-75.57066544600002, 4.213252969861533], [-75.56346515799999, 4.218202952861385], [-75.558644948, 4.223452958861199], [-75.54875454299997, 4.2313429448609545], [-75.536794053, 4.240902928860659], [-75.53019378099998, 4.246302920860466], [-75.52164342200001, 4.25420291886023], [-75.516603143, 4.2664429888597954], [-75.51204291300002, 4.275003028859536], [-75.50415254299998, 4.286513065859161], [-75.49667222900001, 4.2933630638589415], [-75.481341579, 4.308023064858441], [-75.47317123200003, 4.315953066858203], [-75.46650096500002, 4.320533049858046], [-75.45949069199997, 4.3245530248579165], [-75.43762981600003, 4.339682971857417], [-75.40758871100002, 4.349532794857117], [-75.37612753600001, 4.36175262685669], [-75.36518711000002, 4.368062587856485], [-75.35493672500002, 4.372322535856373], [-75.34444631999997, 4.377922493856196], [-75.332715887, 4.3819724258560475], [-75.33189585500003, 4.382432422856044], [-75.32438556300002, 4.386632393855895], [-75.31481519800002, 4.391302351855766], [-75.30309475400003, 4.396592294855571], [-75.294144415, 4.400632251855419], [-75.27979387099998, 4.407182183855245], [-75.27107353500003, 4.4118221478550765], [-75.26476329600001, 4.414662117855005], [-75.25180281399997, 4.419632046854815], [-75.23879233999997, 4.423451963854672], [-75.22923199600001, 4.4257818988546305], [-75.221161709, 4.42745184185455], [-75.212441394, 4.429781783854488], [-75.198190882, 4.433151685854354], [-75.194160738, 4.434101657854327], [-75.18526042600001, 4.435441589854287], [-75.17851018699997, 4.436611538854279], [-75.17174994599998, 4.438111491854235], [-75.16548972099997, 4.439601448854176], [-75.15840946200001, 4.441931405854073], [-75.151159199, 4.443931358853999], [-75.14506898399998, 4.445091313854014], [-75.13781872599998, 4.446591261853967], [-75.13007844999998, 4.44826120685386], [-75.12381821499997, 4.450911173853795], [-75.11689796500002, 4.452741127853751], [-75.103877506, 4.455071030853652], [-75.094167159, 4.4572409618536115], [-75.084116806, 4.458900885853521], [-75.07439645800002, 4.46123081785345], [-75.06566614000002, 4.463890762853374], [-75.05743583600002, 4.46688071485328], [-75.05166562199997, 4.469040682853217], [-75.04211529600002, 4.469550599853184], [-75.03518506, 4.469890539853175], [-75.02843481399998, 4.472040497853121], [-75.01871446899997, 4.4740404268530245], [-75.00899412400003, 4.4760403558529855], [-75.000263802, 4.479190304852855], [-74.99153348300001, 4.482020250852783], [-74.97967304100001, 4.486830185852648], [-74.96896263500003, 4.491970134852435], [-74.96139235599998, 4.4946200898523925], [-74.95423209400002, 4.4970300458523145], [-74.95299204899999, 4.497440038852311], [-74.94425174499997, 4.49860996885222], [-74.93618146199998, 4.499949906852175], [-74.93542143399998, 4.50014990185217], [-74.92679112399998, 4.502439842852113], [-74.91921085299998, 4.504269789852087], [-74.91460067700001, 4.506589768851998], [-74.91015050700003, 4.508909748851909], [-74.90504031299997, 4.511389724851843], [-74.89895006699999, 4.5158697098516924], [-74.89335983000001, 4.521329708851489], [-74.88759958499998, 4.526959706851323], [-74.882319376, 4.5304396898511925], [-74.87260895999998, 4.540369691850897], [-74.867668756, 4.544519683850778], [-74.861738527, 4.547829658850647], [-74.85432824200001, 4.551809626850527], [-74.848728021, 4.55544960885039], [-74.84460786300002, 4.557609589850357], [-74.83985769399999, 4.5587195568503045]]}, "properties": {"OBJECTID": 8839, "AFGE_CODG_FGE": 32865, "APST_TIPO_FALLA": 130000, "APST_ACTV_FALLA": 0, "AFGE_ULTM_USUAR": "Jorge Gómez Tapias", "AFGE_ULTM_FECHA": 1184889600000, "EDA_CODG_EDAD": null, "NFG_CODG_NOMB": 229, "CODG_DANE": "76", "DEPARTAMENTO": "VALLE DEL CAUCA", "MUNICIPIO": "PIEDRAS", "SHAPE.LEN": 1.15852971816845}}, {"type": "Feature", "id": 8841, "geometry": {"type": "LineString", "coordinates": [[-75.82526582999998, 4.014543334868018], [-75.80183486300001, 4.034083314867374], [-75.78382415499999, 4.045063261867022], [-75.76546341300002, 4.058673229866604], [-75.75732308900001, 4.0640832098663955], [-75.748952756, 4.069643188866212], [-75.73399214599999, 4.081363167865847], [-75.70802109599998, 4.100533120865238], [-75.69644061499997, 4.110653114864885], [-75.68684021799999, 4.118733106864659], [-75.66746944699997, 4.131623057864216], [-75.65139876699999, 4.146993060863694], [-75.64527851399998, 4.152243055863515], [-75.64411846600001, 4.153223054863519], [-75.643128413, 4.155383065863447], [-75.63530812200003, 4.1582330238633665], [-75.627087819, 4.1609529778632695], [-75.62686781100001, 4.161032976863242], [-75.62188762599999, 4.1628129498631825], [-75.61600738800001, 4.16721293886308], [-75.60795707, 4.172292915862888], [-75.59983670399998, 4.182642940862532], [-75.59807661399998, 4.186142957862439], [-75.59572648199998, 4.192052992862241], [-75.59221630399998, 4.198803024862039], [-75.58819614200002, 4.20168301586193], [-75.582685911, 4.206773014861772], [-75.574985621, 4.210002977861633], [-75.57066544600002, 4.213252969861533], [-75.56346515799999, 4.218202952861385], [-75.558644948, 4.223452958861199], [-75.54875454299997, 4.2313429448609545], [-75.536794053, 4.240902928860659], [-75.53019378099998, 4.246302920860466], [-75.52164342200001, 4.25420291886023], [-75.516603143, 4.2664429888597954], [-75.51204291300002, 4.275003028859536], [-75.50415254299998, 4.286513065859161], [-75.49667222900001, 4.2933630638589415], [-75.481341579, 4.308023064858441], [-75.47317123200003, 4.315953066858203], [-75.46650096500002, 4.320533049858046], [-75.45949069199997, 4.3245530248579165], [-75.43762981600003, 4.339682971857417], [-75.40758871100002, 4.349532794857117], [-75.37612753600001, 4.36175262685669], [-75.36518711000002, 4.368062587856485], [-75.35493672500002, 4.372322535856373], [-75.34444631999997, 4.377922493856196], [-75.332715887, 4.3819724258560475], [-75.33189585500003, 4.382432422856044], [-75.32438556300002, 4.386632393855895], [-75.31481519800002, 4.391302351855766], [-75.30309475400003, 4.396592294855571], [-75.294144415, 4.400632251855419], [-75.27979387099998, 4.407182183855245], [-75.27107353500003, 4.4118221478550765], [-75.26476329600001, 4.414662117855005], [-75.25180281399997, 4.419632046854815], [-75.23879233999997, 4.423451963854672], [-75.22923199600001, 4.4257818988546305], [-75.221161709, 4.42745184185455], [-75.212441394, 4.429781783854488], [-75.198190882, 4.433151685854354], [-75.194160738, 4.434101657854327], [-75.18526042600001, 4.435441589854287], [-75.17851018699997, 4.436611538854279], [-75.17174994599998, 4.438111491854235], [-75.16548972099997, 4.439601448854176], [-75.15840946200001, 4.441931405854073], [-75.151159199, 4.443931358853999], [-75.14506898399998, 4.445091313854014], [-75.13781872599998, 4.446591261853967], [-75.13007844999998, 4.44826120685386], [-75.12381821499997, 4.450911173853795], [-75.11689796500002, 4.452741127853751], [-75.103877506, 4.455071030853652], [-75.094167159, 4.4572409618536115], [-75.084116806, 4.458900885853521], [-75.07439645800002, 4.46123081785345], [-75.06566614000002, 4.463890762853374], [-75.05743583600002, 4.46688071485328], [-75.05166562199997, 4.469040682853217], [-75.04211529600002, 4.469550599853184], [-75.03518506, 4.469890539853175], [-75.02843481399998, 4.472040497853121], [-75.01871446899997, 4.4740404268530245], [-75.00899412400003, 4.4760403558529855], [-75.000263802, 4.479190304852855], [-74.99153348300001, 4.482020250852783], [-74.97967304100001, 4.486830185852648], [-74.96896263500003, 4.491970134852435], [-74.96139235599998, 4.4946200898523925], [-74.95423209400002, 4.4970300458523145], [-74.95299204899999, 4.497440038852311], [-74.94425174499997, 4.49860996885222], [-74.93618146199998, 4.499949906852175], [-74.93542143399998, 4.50014990185217], [-74.92679112399998, 4.502439842852113], [-74.91921085299998, 4.504269789852087], [-74.91460067700001, 4.506589768851998], [-74.91015050700003, 4.508909748851909], [-74.90504031299997, 4.511389724851843], [-74.89895006699999, 4.5158697098516924], [-74.89335983000001, 4.521329708851489], [-74.88759958499998, 4.526959706851323], [-74.882319376, 4.5304396898511925], [-74.87260895999998, 4.540369691850897], [-74.867668756, 4.544519683850778], [-74.861738527, 4.547829658850647], [-74.85432824200001, 4.551809626850527], [-74.848728021, 4.55544960885039], [-74.84460786300002, 4.557609589850357], [-74.83985769399999, 4.5587195568503045]]}, "properties": {"OBJECTID": 8841, "AFGE_CODG_FGE": 32865, "APST_TIPO_FALLA": 130000, "APST_ACTV_FALLA": 0, "AFGE_ULTM_USUAR": "Jorge Gómez Tapias", "AFGE_ULTM_FECHA": 1184889600000, "EDA_CODG_EDAD": null, "NFG_CODG_NOMB": 229, "CODG_DANE": "76", "DEPARTAMENTO": "VALLE DEL CAUCA", "MUNICIPIO": "ROVIRA", "SHAPE.LEN": 1.15852971816845}}, {"type": "Feature", "id": 1372, "geometry": {"type": "LineString", "coordinates": [[-75.55348243399999, 4.487125417852629], [-75.55533252499998, 4.4840454048527345], [-75.55623256899997, 4.482515397852743], [-75.558742698, 4.477685373852903], [-75.56006276599999, 4.475155361853015], [-75.56434300199999, 4.464965301853339], [-75.56836324599999, 4.453055223853757], [-75.56876326999998, 4.45184521585375], [-75.57255350100002, 4.440495140854123], [-75.57438361800001, 4.434315097854348], [-75.57966389699999, 4.423215037854727], [-75.583584094, 4.416035004854961], [-75.58389410900003, 4.41554500285493], [-75.58622422100001, 4.411854987855091], [-75.58894435000002, 4.407764972855192], [-75.59137446199998, 4.404474963855289], [-75.59631468999999, 4.39776494385555], [-75.60183494500001, 4.39028492085576], [-75.60595513200002, 4.384944906855925], [-75.61240543299999, 4.3757648768562465], [-75.617045652, 4.368954852856462], [-75.62014580300001, 4.363814831856643], [-75.622235908, 4.359944812856791], [-75.62614610600002, 4.3526747788569855], [-75.62987629100002, 4.346124748857234], [-75.63169638599999, 4.342304728857319], [-75.633516488, 4.337764701857504], [-75.63661666299998, 4.329934654857736], [-75.63862677999998, 4.324484620857936], [-75.64044688400003, 4.319654590858093], [-75.64180696599999, 4.3156545648581925], [-75.64418711899998, 4.3074645078584854], [-75.64764732600003, 4.29728444185879], [-75.65065750299999, 4.288914388859098], [-75.65239761499998, 4.28290434785926], [-75.65475774499998, 4.277264314859485], [-75.657767912, 4.2698142708596745], [-75.66031805300003, 4.2637142358599], [-75.662048142, 4.260254217860018], [-75.66486828500001, 4.254894191860184], [-75.66621834900002, 4.252874184860251], [-75.66758841299998, 4.250804177860336], [-75.67150859999998, 4.244714154860517], [-75.67331869100002, 4.24134413886061], [-75.675518796, 4.237944125860747], [-75.67649884500003, 4.2362041178607885], [-75.67822892800001, 4.233354105860871], [-75.68098905, 4.230204100861023], [-75.691049481, 4.220134093861329], [-75.69805977800002, 4.213444092861562], [-75.70951026699998, 4.202114085861903], [-75.719660713, 4.190584066862267], [-75.73061120099999, 4.177354037862699], [-75.738121541, 4.167624011863013], [-75.746091917, 4.155573967863428], [-75.75457234200002, 4.139903894863913], [-75.761512702, 4.125633820864417], [-75.769473113, 4.1095137388649565], [-75.78053365400001, 4.090473656865571], [-75.79252424100002, 4.069673565866242], [-75.80102465700003, 4.054963502866722], [-75.81283523000002, 4.035083418867351], [-75.82423577999998, 4.0162833418679895], [-75.82478580600002, 4.015343337867989], [-75.82526582999998, 4.014543334868018], [-75.83292619999997, 4.001753281868432], [-75.84016654700002, 3.989933233868811], [-75.847936903, 3.9792832018691633], [-75.859667409, 3.9668731868695684], [-75.87147790400002, 3.955983186869961], [-75.884868471, 3.9430331818703928], [-75.89014868800001, 3.9387031868704945], [-75.89174875100002, 3.9377231908705195], [-75.89728898300001, 3.9326331908706864], [-75.90171917100002, 3.9282431878708657], [-75.90408927200002, 3.9258831868709434]]}, "properties": {"OBJECTID": 1372, "AFGE_CODG_FGE": 30676, "APST_TIPO_FALLA": 100000, "APST_ACTV_FALLA": 0, "AFGE_ULTM_USUAR": "Jorge Gómez Tapias", "AFGE_ULTM_FECHA": 1184889600000, "EDA_CODG_EDAD": null, "NFG_CODG_NOMB": 527, "CODG_DANE": "63", "DEPARTAMENTO": "QUINDÍO", "MUNICIPIO": "GÉNOVA", "SHAPE.LEN": 0.669482161483351}}, {"type": "Feature", "id": 1377, "geometry": {"type": "LineString", "coordinates": [[-75.55348243399999, 4.487125417852629], [-75.55533252499998, 4.4840454048527345], [-75.55623256899997, 4.482515397852743], [-75.558742698, 4.477685373852903], [-75.56006276599999, 4.475155361853015], [-75.56434300199999, 4.464965301853339], [-75.56836324599999, 4.453055223853757], [-75.56876326999998, 4.45184521585375], [-75.57255350100002, 4.440495140854123], [-75.57438361800001, 4.434315097854348], [-75.57966389699999, 4.423215037854727], [-75.583584094, 4.416035004854961], [-75.58389410900003, 4.41554500285493], [-75.58622422100001, 4.411854987855091], [-75.58894435000002, 4.407764972855192], [-75.59137446199998, 4.404474963855289], [-75.59631468999999, 4.39776494385555], [-75.60183494500001, 4.39028492085576], [-75.60595513200002, 4.384944906855925], [-75.61240543299999, 4.3757648768562465], [-75.617045652, 4.368954852856462], [-75.62014580300001, 4.363814831856643], [-75.622235908, 4.359944812856791], [-75.62614610600002, 4.3526747788569855], [-75.62987629100002, 4.346124748857234], [-75.63169638599999, 4.342304728857319], [-75.633516488, 4.337764701857504], [-75.63661666299998, 4.329934654857736], [-75.63862677999998, 4.324484620857936], [-75.64044688400003, 4.319654590858093], [-75.64180696599999, 4.3156545648581925], [-75.64418711899998, 4.3074645078584854], [-75.64764732600003, 4.29728444185879], [-75.65065750299999, 4.288914388859098], [-75.65239761499998, 4.28290434785926], [-75.65475774499998, 4.277264314859485], [-75.657767912, 4.2698142708596745], [-75.66031805300003, 4.2637142358599], [-75.662048142, 4.260254217860018], [-75.66486828500001, 4.254894191860184], [-75.66621834900002, 4.252874184860251], [-75.66758841299998, 4.250804177860336], [-75.67150859999998, 4.244714154860517], [-75.67331869100002, 4.24134413886061], [-75.675518796, 4.237944125860747], [-75.67649884500003, 4.2362041178607885], [-75.67822892800001, 4.233354105860871], [-75.68098905, 4.230204100861023], [-75.691049481, 4.220134093861329], [-75.69805977800002, 4.213444092861562], [-75.70951026699998, 4.202114085861903], [-75.719660713, 4.190584066862267], [-75.73061120099999, 4.177354037862699], [-75.738121541, 4.167624011863013], [-75.746091917, 4.155573967863428], [-75.75457234200002, 4.139903894863913], [-75.761512702, 4.125633820864417], [-75.769473113, 4.1095137388649565], [-75.78053365400001, 4.090473656865571], [-75.79252424100002, 4.069673565866242], [-75.80102465700003, 4.054963502866722], [-75.81283523000002, 4.035083418867351], [-75.82423577999998, 4.0162833418679895], [-75.82478580600002, 4.015343337867989], [-75.82526582999998, 4.014543334868018], [-75.83292619999997, 4.001753281868432], [-75.84016654700002, 3.989933233868811], [-75.847936903, 3.9792832018691633], [-75.859667409, 3.9668731868695684], [-75.87147790400002, 3.955983186869961], [-75.884868471, 3.9430331818703928], [-75.89014868800001, 3.9387031868704945], [-75.89174875100002, 3.9377231908705195], [-75.89728898300001, 3.9326331908706864], [-75.90171917100002, 3.9282431878708657], [-75.90408927200002, 3.9258831868709434]]}, "properties": {"OBJECTID": 1377, "AFGE_CODG_FGE": 30676, "APST_TIPO_FALLA": 100000, "APST_ACTV_FALLA": 0, "AFGE_ULTM_USUAR": "Jorge Gómez Tapias", "AFGE_ULTM_FECHA": 1184889600000, "EDA_CODG_EDAD": null, "NFG_CODG_NOMB": 527, "CODG_DANE": "63", "DEPARTAMENTO": "QUINDÍO", "MUNICIPIO": "CAJAMARCA", "SHAPE.LEN": 0.669482161483351}}, {"type": "Feature", "id": 1380, "geometry": {"type": "LineString", "coordinates": [[-75.55348243399999, 4.487125417852629], [-75.55533252499998, 4.4840454048527345], [-75.55623256899997, 4.482515397852743], [-75.558742698, 4.477685373852903], [-75.56006276599999, 4.475155361853015], [-75.56434300199999, 4.464965301853339], [-75.56836324599999, 4.453055223853757], [-75.56876326999998, 4.45184521585375], [-75.57255350100002, 4.440495140854123], [-75.57438361800001, 4.434315097854348], [-75.57966389699999, 4.423215037854727], [-75.583584094, 4.416035004854961], [-75.58389410900003, 4.41554500285493], [-75.58622422100001, 4.411854987855091], [-75.58894435000002, 4.407764972855192], [-75.59137446199998, 4.404474963855289], [-75.59631468999999, 4.39776494385555], [-75.60183494500001, 4.39028492085576], [-75.60595513200002, 4.384944906855925], [-75.61240543299999, 4.3757648768562465], [-75.617045652, 4.368954852856462], [-75.62014580300001, 4.363814831856643], [-75.622235908, 4.359944812856791], [-75.62614610600002, 4.3526747788569855], [-75.62987629100002, 4.346124748857234], [-75.63169638599999, 4.342304728857319], [-75.633516488, 4.337764701857504], [-75.63661666299998, 4.329934654857736], [-75.63862677999998, 4.324484620857936], [-75.64044688400003, 4.319654590858093], [-75.64180696599999, 4.3156545648581925], [-75.64418711899998, 4.3074645078584854], [-75.64764732600003, 4.29728444185879], [-75.65065750299999, 4.288914388859098], [-75.65239761499998, 4.28290434785926], [-75.65475774499998, 4.277264314859485], [-75.657767912, 4.2698142708596745], [-75.66031805300003, 4.2637142358599], [-75.662048142, 4.260254217860018], [-75.66486828500001, 4.254894191860184], [-75.66621834900002, 4.252874184860251], [-75.66758841299998, 4.250804177860336], [-75.67150859999998, 4.244714154860517], [-75.67331869100002, 4.24134413886061], [-75.675518796, 4.237944125860747], [-75.67649884500003, 4.2362041178607885], [-75.67822892800001, 4.233354105860871], [-75.68098905, 4.230204100861023], [-75.691049481, 4.220134093861329], [-75.69805977800002, 4.213444092861562], [-75.70951026699998, 4.202114085861903], [-75.719660713, 4.190584066862267], [-75.73061120099999, 4.177354037862699], [-75.738121541, 4.167624011863013], [-75.746091917, 4.155573967863428], [-75.75457234200002, 4.139903894863913], [-75.761512702, 4.125633820864417], [-75.769473113, 4.1095137388649565], [-75.78053365400001, 4.090473656865571], [-75.79252424100002, 4.069673565866242], [-75.80102465700003, 4.054963502866722], [-75.81283523000002, 4.035083418867351], [-75.82423577999998, 4.0162833418679895], [-75.82478580600002, 4.015343337867989], [-75.82526582999998, 4.014543334868018], [-75.83292619999997, 4.001753281868432], [-75.84016654700002, 3.989933233868811], [-75.847936903, 3.9792832018691633], [-75.859667409, 3.9668731868695684], [-75.87147790400002, 3.955983186869961], [-75.884868471, 3.9430331818703928], [-75.89014868800001, 3.9387031868704945], [-75.89174875100002, 3.9377231908705195], [-75.89728898300001, 3.9326331908706864], [-75.90171917100002, 3.9282431878708657], [-75.90408927200002, 3.9258831868709434]]}, "properties": {"OBJECTID": 1380, "AFGE_CODG_FGE": 30676, "APST_TIPO_FALLA": 100000, "APST_ACTV_FALLA": 0, "AFGE_ULTM_USUAR": "Jorge Gómez Tapias", "AFGE_ULTM_FECHA": 1184889600000, "EDA_CODG_EDAD": null, "NFG_CODG_NOMB": 527, "CODG_DANE": "76", "DEPARTAMENTO": "VALLE DEL CAUCA", "MUNICIPIO": "GÉNOVA", "SHAPE.LEN": 0.669482161483351}}, {"type": "Feature", "id": 1381, "geometry": {"type": "LineString", "coordinates": [[-75.55348243399999, 4.487125417852629], [-75.55533252499998, 4.4840454048527345], [-75.55623256899997, 4.482515397852743], [-75.558742698, 4.477685373852903], [-75.56006276599999, 4.475155361853015], [-75.56434300199999, 4.464965301853339], [-75.56836324599999, 4.453055223853757], [-75.56876326999998, 4.45184521585375], [-75.57255350100002, 4.440495140854123], [-75.57438361800001, 4.434315097854348], [-75.57966389699999, 4.423215037854727], [-75.583584094, 4.416035004854961], [-75.58389410900003, 4.41554500285493], [-75.58622422100001, 4.411854987855091], [-75.58894435000002, 4.407764972855192], [-75.59137446199998, 4.404474963855289], [-75.59631468999999, 4.39776494385555], [-75.60183494500001, 4.39028492085576], [-75.60595513200002, 4.384944906855925], [-75.61240543299999, 4.3757648768562465], [-75.617045652, 4.368954852856462], [-75.62014580300001, 4.363814831856643], [-75.622235908, 4.359944812856791], [-75.62614610600002, 4.3526747788569855], [-75.62987629100002, 4.346124748857234], [-75.63169638599999, 4.342304728857319], [-75.633516488, 4.337764701857504], [-75.63661666299998, 4.329934654857736], [-75.63862677999998, 4.324484620857936], [-75.64044688400003, 4.319654590858093], [-75.64180696599999, 4.3156545648581925], [-75.64418711899998, 4.3074645078584854], [-75.64764732600003, 4.29728444185879], [-75.65065750299999, 4.288914388859098], [-75.65239761499998, 4.28290434785926], [-75.65475774499998, 4.277264314859485], [-75.657767912, 4.2698142708596745], [-75.66031805300003, 4.2637142358599], [-75.662048142, 4.260254217860018], [-75.66486828500001, 4.254894191860184], [-75.66621834900002, 4.252874184860251], [-75.66758841299998, 4.250804177860336], [-75.67150859999998, 4.244714154860517], [-75.67331869100002, 4.24134413886061], [-75.675518796, 4.237944125860747], [-75.67649884500003, 4.2362041178607885], [-75.67822892800001, 4.233354105860871], [-75.68098905, 4.230204100861023], [-75.691049481, 4.220134093861329], [-75.69805977800002, 4.213444092861562], [-75.70951026699998, 4.202114085861903], [-75.719660713, 4.190584066862267], [-75.73061120099999, 4.177354037862699], [-75.738121541, 4.167624011863013], [-75.746091917, 4.155573967863428], [-75.75457234200002, 4.139903894863913], [-75.761512702, 4.125633820864417], [-75.769473113, 4.1095137388649565], [-75.78053365400001, 4.090473656865571], [-75.79252424100002, 4.069673565866242], [-75.80102465700003, 4.054963502866722], [-75.81283523000002, 4.035083418867351], [-75.82423577999998, 4.0162833418679895], [-75.82478580600002, 4.015343337867989], [-75.82526582999998, 4.014543334868018], [-75.83292619999997, 4.001753281868432], [-75.84016654700002, 3.989933233868811], [-75.847936903, 3.9792832018691633], [-75.859667409, 3.9668731868695684], [-75.87147790400002, 3.955983186869961], [-75.884868471, 3.9430331818703928], [-75.89014868800001, 3.9387031868704945], [-75.89174875100002, 3.9377231908705195], [-75.89728898300001, 3.9326331908706864], [-75.90171917100002, 3.9282431878708657], [-75.90408927200002, 3.9258831868709434]]}, "properties": {"OBJECTID": 1381, "AFGE_CODG_FGE": 30676, "APST_TIPO_FALLA": 100000, "APST_ACTV_FALLA": 0, "AFGE_ULTM_USUAR": "Jorge Gómez Tapias", "AFGE_ULTM_FECHA": 1184889600000, "EDA_CODG_EDAD": null, "NFG_CODG_NOMB": 527, "CODG_DANE": "76", "DEPARTAMENTO": "VALLE DEL CAUCA", "MUNICIPIO": "PIJAO", "SHAPE.LEN": 0.669482161483351}}, {"type": "Feature", "id": 1384, "geometry": {"type": "LineString", "coordinates": [[-75.55348243399999, 4.487125417852629], [-75.55533252499998, 4.4840454048527345], [-75.55623256899997, 4.482515397852743], [-75.558742698, 4.477685373852903], [-75.56006276599999, 4.475155361853015], [-75.56434300199999, 4.464965301853339], [-75.56836324599999, 4.453055223853757], [-75.56876326999998, 4.45184521585375], [-75.57255350100002, 4.440495140854123], [-75.57438361800001, 4.434315097854348], [-75.57966389699999, 4.423215037854727], [-75.583584094, 4.416035004854961], [-75.58389410900003, 4.41554500285493], [-75.58622422100001, 4.411854987855091], [-75.58894435000002, 4.407764972855192], [-75.59137446199998, 4.404474963855289], [-75.59631468999999, 4.39776494385555], [-75.60183494500001, 4.39028492085576], [-75.60595513200002, 4.384944906855925], [-75.61240543299999, 4.3757648768562465], [-75.617045652, 4.368954852856462], [-75.62014580300001, 4.363814831856643], [-75.622235908, 4.359944812856791], [-75.62614610600002, 4.3526747788569855], [-75.62987629100002, 4.346124748857234], [-75.63169638599999, 4.342304728857319], [-75.633516488, 4.337764701857504], [-75.63661666299998, 4.329934654857736], [-75.63862677999998, 4.324484620857936], [-75.64044688400003, 4.319654590858093], [-75.64180696599999, 4.3156545648581925], [-75.64418711899998, 4.3074645078584854], [-75.64764732600003, 4.29728444185879], [-75.65065750299999, 4.288914388859098], [-75.65239761499998, 4.28290434785926], [-75.65475774499998, 4.277264314859485], [-75.657767912, 4.2698142708596745], [-75.66031805300003, 4.2637142358599], [-75.662048142, 4.260254217860018], [-75.66486828500001, 4.254894191860184], [-75.66621834900002, 4.252874184860251], [-75.66758841299998, 4.250804177860336], [-75.67150859999998, 4.244714154860517], [-75.67331869100002, 4.24134413886061], [-75.675518796, 4.237944125860747], [-75.67649884500003, 4.2362041178607885], [-75.67822892800001, 4.233354105860871], [-75.68098905, 4.230204100861023], [-75.691049481, 4.220134093861329], [-75.69805977800002, 4.213444092861562], [-75.70951026699998, 4.202114085861903], [-75.719660713, 4.190584066862267], [-75.73061120099999, 4.177354037862699], [-75.738121541, 4.167624011863013], [-75.746091917, 4.155573967863428], [-75.75457234200002, 4.139903894863913], [-75.761512702, 4.125633820864417], [-75.769473113, 4.1095137388649565], [-75.78053365400001, 4.090473656865571], [-75.79252424100002, 4.069673565866242], [-75.80102465700003, 4.054963502866722], [-75.81283523000002, 4.035083418867351], [-75.82423577999998, 4.0162833418679895], [-75.82478580600002, 4.015343337867989], [-75.82526582999998, 4.014543334868018], [-75.83292619999997, 4.001753281868432], [-75.84016654700002, 3.989933233868811], [-75.847936903, 3.9792832018691633], [-75.859667409, 3.9668731868695684], [-75.87147790400002, 3.955983186869961], [-75.884868471, 3.9430331818703928], [-75.89014868800001, 3.9387031868704945], [-75.89174875100002, 3.9377231908705195], [-75.89728898300001, 3.9326331908706864], [-75.90171917100002, 3.9282431878708657], [-75.90408927200002, 3.9258831868709434]]}, "properties": {"OBJECTID": 1384, "AFGE_CODG_FGE": 30676, "APST_TIPO_FALLA": 100000, "APST_ACTV_FALLA": 0, "AFGE_ULTM_USUAR": "Jorge Gómez Tapias", "AFGE_ULTM_FECHA": 1184889600000, "EDA_CODG_EDAD": null, "NFG_CODG_NOMB": 527, "CODG_DANE": "76", "DEPARTAMENTO": "VALLE DEL CAUCA", "MUNICIPIO": "CALARCÁ", "SHAPE.LEN": 0.669482161483351}}, {"type": "Feature", "id": 8847, "geometry": {"type": "LineString", "coordinates": [[-75.82526582999998, 4.014543334868018], [-75.80183486300001, 4.034083314867374], [-75.78382415499999, 4.045063261867022], [-75.76546341300002, 4.058673229866604], [-75.75732308900001, 4.0640832098663955], [-75.748952756, 4.069643188866212], [-75.73399214599999, 4.081363167865847], [-75.70802109599998, 4.100533120865238], [-75.69644061499997, 4.110653114864885], [-75.68684021799999, 4.118733106864659], [-75.66746944699997, 4.131623057864216], [-75.65139876699999, 4.146993060863694], [-75.64527851399998, 4.152243055863515], [-75.64411846600001, 4.153223054863519], [-75.643128413, 4.155383065863447], [-75.63530812200003, 4.1582330238633665], [-75.627087819, 4.1609529778632695], [-75.62686781100001, 4.161032976863242], [-75.62188762599999, 4.1628129498631825], [-75.61600738800001, 4.16721293886308], [-75.60795707, 4.172292915862888], [-75.59983670399998, 4.182642940862532], [-75.59807661399998, 4.186142957862439], [-75.59572648199998, 4.192052992862241], [-75.59221630399998, 4.198803024862039], [-75.58819614200002, 4.20168301586193], [-75.582685911, 4.206773014861772], [-75.574985621, 4.210002977861633], [-75.57066544600002, 4.213252969861533], [-75.56346515799999, 4.218202952861385], [-75.558644948, 4.223452958861199], [-75.54875454299997, 4.2313429448609545], [-75.536794053, 4.240902928860659], [-75.53019378099998, 4.246302920860466], [-75.52164342200001, 4.25420291886023], [-75.516603143, 4.2664429888597954], [-75.51204291300002, 4.275003028859536], [-75.50415254299998, 4.286513065859161], [-75.49667222900001, 4.2933630638589415], [-75.481341579, 4.308023064858441], [-75.47317123200003, 4.315953066858203], [-75.46650096500002, 4.320533049858046], [-75.45949069199997, 4.3245530248579165], [-75.43762981600003, 4.339682971857417], [-75.40758871100002, 4.349532794857117], [-75.37612753600001, 4.36175262685669], [-75.36518711000002, 4.368062587856485], [-75.35493672500002, 4.372322535856373], [-75.34444631999997, 4.377922493856196], [-75.332715887, 4.3819724258560475], [-75.33189585500003, 4.382432422856044], [-75.32438556300002, 4.386632393855895], [-75.31481519800002, 4.391302351855766], [-75.30309475400003, 4.396592294855571], [-75.294144415, 4.400632251855419], [-75.27979387099998, 4.407182183855245], [-75.27107353500003, 4.4118221478550765], [-75.26476329600001, 4.414662117855005], [-75.25180281399997, 4.419632046854815], [-75.23879233999997, 4.423451963854672], [-75.22923199600001, 4.4257818988546305], [-75.221161709, 4.42745184185455], [-75.212441394, 4.429781783854488], [-75.198190882, 4.433151685854354], [-75.194160738, 4.434101657854327], [-75.18526042600001, 4.435441589854287], [-75.17851018699997, 4.436611538854279], [-75.17174994599998, 4.438111491854235], [-75.16548972099997, 4.439601448854176], [-75.15840946200001, 4.441931405854073], [-75.151159199, 4.443931358853999], [-75.14506898399998, 4.445091313854014], [-75.13781872599998, 4.446591261853967], [-75.13007844999998, 4.44826120685386], [-75.12381821499997, 4.450911173853795], [-75.11689796500002, 4.452741127853751], [-75.103877506, 4.455071030853652], [-75.094167159, 4.4572409618536115], [-75.084116806, 4.458900885853521], [-75.07439645800002, 4.46123081785345], [-75.06566614000002, 4.463890762853374], [-75.05743583600002, 4.46688071485328], [-75.05166562199997, 4.469040682853217], [-75.04211529600002, 4.469550599853184], [-75.03518506, 4.469890539853175], [-75.02843481399998, 4.472040497853121], [-75.01871446899997, 4.4740404268530245], [-75.00899412400003, 4.4760403558529855], [-75.000263802, 4.479190304852855], [-74.99153348300001, 4.482020250852783], [-74.97967304100001, 4.486830185852648], [-74.96896263500003, 4.491970134852435], [-74.96139235599998, 4.4946200898523925], [-74.95423209400002, 4.4970300458523145], [-74.95299204899999, 4.497440038852311], [-74.94425174499997, 4.49860996885222], [-74.93618146199998, 4.499949906852175], [-74.93542143399998, 4.50014990185217], [-74.92679112399998, 4.502439842852113], [-74.91921085299998, 4.504269789852087], [-74.91460067700001, 4.506589768851998], [-74.91015050700003, 4.508909748851909], [-74.90504031299997, 4.511389724851843], [-74.89895006699999, 4.5158697098516924], [-74.89335983000001, 4.521329708851489], [-74.88759958499998, 4.526959706851323], [-74.882319376, 4.5304396898511925], [-74.87260895999998, 4.540369691850897], [-74.867668756, 4.544519683850778], [-74.861738527, 4.547829658850647], [-74.85432824200001, 4.551809626850527], [-74.848728021, 4.55544960885039], [-74.84460786300002, 4.557609589850357], [-74.83985769399999, 4.5587195568503045]]}, "properties": {"OBJECTID": 8847, "AFGE_CODG_FGE": 32865, "APST_TIPO_FALLA": 130000, "APST_ACTV_FALLA": 0, "AFGE_ULTM_USUAR": "Jorge Gómez Tapias", "AFGE_ULTM_FECHA": 1184889600000, "EDA_CODG_EDAD": null, "NFG_CODG_NOMB": 229, "CODG_DANE": "73", "DEPARTAMENTO": "TOLIMA", "MUNICIPIO": "ROVIRA", "SHAPE.LEN": 1.15852971816845}}, {"type": "Feature", "id": 1387, "geometry": {"type": "LineString", "coordinates": [[-75.55348243399999, 4.487125417852629], [-75.55533252499998, 4.4840454048527345], [-75.55623256899997, 4.482515397852743], [-75.558742698, 4.477685373852903], [-75.56006276599999, 4.475155361853015], [-75.56434300199999, 4.464965301853339], [-75.56836324599999, 4.453055223853757], [-75.56876326999998, 4.45184521585375], [-75.57255350100002, 4.440495140854123], [-75.57438361800001, 4.434315097854348], [-75.57966389699999, 4.423215037854727], [-75.583584094, 4.416035004854961], [-75.58389410900003, 4.41554500285493], [-75.58622422100001, 4.411854987855091], [-75.58894435000002, 4.407764972855192], [-75.59137446199998, 4.404474963855289], [-75.59631468999999, 4.39776494385555], [-75.60183494500001, 4.39028492085576], [-75.60595513200002, 4.384944906855925], [-75.61240543299999, 4.3757648768562465], [-75.617045652, 4.368954852856462], [-75.62014580300001, 4.363814831856643], [-75.622235908, 4.359944812856791], [-75.62614610600002, 4.3526747788569855], [-75.62987629100002, 4.346124748857234], [-75.63169638599999, 4.342304728857319], [-75.633516488, 4.337764701857504], [-75.63661666299998, 4.329934654857736], [-75.63862677999998, 4.324484620857936], [-75.64044688400003, 4.319654590858093], [-75.64180696599999, 4.3156545648581925], [-75.64418711899998, 4.3074645078584854], [-75.64764732600003, 4.29728444185879], [-75.65065750299999, 4.288914388859098], [-75.65239761499998, 4.28290434785926], [-75.65475774499998, 4.277264314859485], [-75.657767912, 4.2698142708596745], [-75.66031805300003, 4.2637142358599], [-75.662048142, 4.260254217860018], [-75.66486828500001, 4.254894191860184], [-75.66621834900002, 4.252874184860251], [-75.66758841299998, 4.250804177860336], [-75.67150859999998, 4.244714154860517], [-75.67331869100002, 4.24134413886061], [-75.675518796, 4.237944125860747], [-75.67649884500003, 4.2362041178607885], [-75.67822892800001, 4.233354105860871], [-75.68098905, 4.230204100861023], [-75.691049481, 4.220134093861329], [-75.69805977800002, 4.213444092861562], [-75.70951026699998, 4.202114085861903], [-75.719660713, 4.190584066862267], [-75.73061120099999, 4.177354037862699], [-75.738121541, 4.167624011863013], [-75.746091917, 4.155573967863428], [-75.75457234200002, 4.139903894863913], [-75.761512702, 4.125633820864417], [-75.769473113, 4.1095137388649565], [-75.78053365400001, 4.090473656865571], [-75.79252424100002, 4.069673565866242], [-75.80102465700003, 4.054963502866722], [-75.81283523000002, 4.035083418867351], [-75.82423577999998, 4.0162833418679895], [-75.82478580600002, 4.015343337867989], [-75.82526582999998, 4.014543334868018], [-75.83292619999997, 4.001753281868432], [-75.84016654700002, 3.989933233868811], [-75.847936903, 3.9792832018691633], [-75.859667409, 3.9668731868695684], [-75.87147790400002, 3.955983186869961], [-75.884868471, 3.9430331818703928], [-75.89014868800001, 3.9387031868704945], [-75.89174875100002, 3.9377231908705195], [-75.89728898300001, 3.9326331908706864], [-75.90171917100002, 3.9282431878708657], [-75.90408927200002, 3.9258831868709434]]}, "properties": {"OBJECTID": 1387, "AFGE_CODG_FGE": 30676, "APST_TIPO_FALLA": 100000, "APST_ACTV_FALLA": 0, "AFGE_ULTM_USUAR": "Jorge Gómez Tapias", "AFGE_ULTM_FECHA": 1184889600000, "EDA_CODG_EDAD": null, "NFG_CODG_NOMB": 527, "CODG_DANE": "73", "DEPARTAMENTO": "TOLIMA", "MUNICIPIO": "TULUÁ", "SHAPE.LEN": 0.669482161483351}}, {"type": "Feature", "id": 8961, "geometry": {"type": "LineString", "coordinates": [[-75.330325507, 4.4153027168549395], [-75.33291562800002, 4.411602704855091], [-75.33302563299998, 4.411402704855089], [-75.33315563899998, 4.411212703855076], [-75.33328564499999, 4.411032702855092], [-75.33340565100002, 4.410842702855116], [-75.33351565700002, 4.410652701855105], [-75.33364566300003, 4.4104527008551155], [-75.333765669, 4.410272700855124], [-75.33388567399999, 4.410082699855106], [-75.33401568, 4.409892698855153], [-75.33413568600002, 4.4097026988551224], [-75.334255692, 4.409512697855161], [-75.33436569700001, 4.409312696855174], [-75.33446570299998, 4.409112695855188], [-75.33458570800002, 4.40892269485517], [-75.33471571400003, 4.408742694855175], [-75.33483572, 4.408552693855164], [-75.33496572600001, 4.4083526928551695], [-75.335075732, 4.408162692855205], [-75.33519573799998, 4.407972691855191], [-75.33531574300002, 4.407772690855197], [-75.33542574900002, 4.4075826898552375], [-75.335545755, 4.407382689855235], [-75.33565576000001, 4.407192688855221], [-75.33576576600001, 4.407002687855206], [-75.33589577200001, 4.406812686855252], [-75.33600577700003, 4.406612686855253], [-75.336105782, 4.406412685855261], [-75.336215788, 4.406212684855274], [-75.33633579399998, 4.406022683855257], [-75.33644579899999, 4.405832682855293], [-75.33655580499999, 4.405632681855253], [-75.33665581000002, 4.4054226808552865], [-75.336755815, 4.405222679855298], [-75.33683581999998, 4.405012678855276], [-75.33692582499998, 4.404802677855315], [-75.33702583000002, 4.404602676855326], [-75.337125835, 4.40440267585533], [-75.33722583999997, 4.4042026748553464], [-75.33733584599997, 4.403992673855323], [-75.33743585100001, 4.403792672855331], [-75.33754585600002, 4.403602671855318], [-75.33765586200002, 4.403402670855325], [-75.33776586699997, 4.403202669855341], [-75.33786587200001, 4.4030026688553505], [-75.33798587799998, 4.402802668855354], [-75.33809588399998, 4.402612667855389], [-75.33821589000001, 4.4024226668553785], [-75.33832589500003, 4.4022226658553825], [-75.33843589999998, 4.40203266485537], [-75.33854590599998, 4.40183266485537], [-75.33865591099999, 4.40163266385538], [-75.338745916, 4.401422662855418], [-75.33882592100002, 4.401212660855407], [-75.338925926, 4.401012659855415], [-75.339035932, 4.400812658855426], [-75.33914593700001, 4.400612658855428], [-75.33924594199999, 4.400412657855435], [-75.339335947, 4.400212655855463], [-75.339405951, 4.400052655855469], [-75.33943595199997, 4.400002654855442], [-75.339515957, 4.399792653855478], [-75.33959596199998, 4.399582652855452], [-75.33967596600002, 4.399372651855496], [-75.33974597100001, 4.399152649855507], [-75.33983597500003, 4.398952648855518], [-75.34979642000002, 4.386952625855868], [-75.360786878, 4.377292634856204], [-75.37612753600001, 4.36175262685669]]}, "properties": {"OBJECTID": 8961, "AFGE_CODG_FGE": 35984, "APST_TIPO_FALLA": 120000, "APST_ACTV_FALLA": 0, "AFGE_ULTM_USUAR": "Jorge Gómez Tapias", "AFGE_ULTM_FECHA": 1184889600000, "EDA_CODG_EDAD": null, "NFG_CODG_NOMB": null, "CODG_DANE": "73", "DEPARTAMENTO": "TOLIMA", "MUNICIPIO": "IBAGUÉ", "SHAPE.LEN": 0.0710347147784796}}, {"type": "Feature", "id": 1375, "geometry": {"type": "LineString", "coordinates": [[-75.55348243399999, 4.487125417852629], [-75.55533252499998, 4.4840454048527345], [-75.55623256899997, 4.482515397852743], [-75.558742698, 4.477685373852903], [-75.56006276599999, 4.475155361853015], [-75.56434300199999, 4.464965301853339], [-75.56836324599999, 4.453055223853757], [-75.56876326999998, 4.45184521585375], [-75.57255350100002, 4.440495140854123], [-75.57438361800001, 4.434315097854348], [-75.57966389699999, 4.423215037854727], [-75.583584094, 4.416035004854961], [-75.58389410900003, 4.41554500285493], [-75.58622422100001, 4.411854987855091], [-75.58894435000002, 4.407764972855192], [-75.59137446199998, 4.404474963855289], [-75.59631468999999, 4.39776494385555], [-75.60183494500001, 4.39028492085576], [-75.60595513200002, 4.384944906855925], [-75.61240543299999, 4.3757648768562465], [-75.617045652, 4.368954852856462], [-75.62014580300001, 4.363814831856643], [-75.622235908, 4.359944812856791], [-75.62614610600002, 4.3526747788569855], [-75.62987629100002, 4.346124748857234], [-75.63169638599999, 4.342304728857319], [-75.633516488, 4.337764701857504], [-75.63661666299998, 4.329934654857736], [-75.63862677999998, 4.324484620857936], [-75.64044688400003, 4.319654590858093], [-75.64180696599999, 4.3156545648581925], [-75.64418711899998, 4.3074645078584854], [-75.64764732600003, 4.29728444185879], [-75.65065750299999, 4.288914388859098], [-75.65239761499998, 4.28290434785926], [-75.65475774499998, 4.277264314859485], [-75.657767912, 4.2698142708596745], [-75.66031805300003, 4.2637142358599], [-75.662048142, 4.260254217860018], [-75.66486828500001, 4.254894191860184], [-75.66621834900002, 4.252874184860251], [-75.66758841299998, 4.250804177860336], [-75.67150859999998, 4.244714154860517], [-75.67331869100002, 4.24134413886061], [-75.675518796, 4.237944125860747], [-75.67649884500003, 4.2362041178607885], [-75.67822892800001, 4.233354105860871], [-75.68098905, 4.230204100861023], [-75.691049481, 4.220134093861329], [-75.69805977800002, 4.213444092861562], [-75.70951026699998, 4.202114085861903], [-75.719660713, 4.190584066862267], [-75.73061120099999, 4.177354037862699], [-75.738121541, 4.167624011863013], [-75.746091917, 4.155573967863428], [-75.75457234200002, 4.139903894863913], [-75.761512702, 4.125633820864417], [-75.769473113, 4.1095137388649565], [-75.78053365400001, 4.090473656865571], [-75.79252424100002, 4.069673565866242], [-75.80102465700003, 4.054963502866722], [-75.81283523000002, 4.035083418867351], [-75.82423577999998, 4.0162833418679895], [-75.82478580600002, 4.015343337867989], [-75.82526582999998, 4.014543334868018], [-75.83292619999997, 4.001753281868432], [-75.84016654700002, 3.989933233868811], [-75.847936903, 3.9792832018691633], [-75.859667409, 3.9668731868695684], [-75.87147790400002, 3.955983186869961], [-75.884868471, 3.9430331818703928], [-75.89014868800001, 3.9387031868704945], [-75.89174875100002, 3.9377231908705195], [-75.89728898300001, 3.9326331908706864], [-75.90171917100002, 3.9282431878708657], [-75.90408927200002, 3.9258831868709434]]}, "properties": {"OBJECTID": 1375, "AFGE_CODG_FGE": 30676, "APST_TIPO_FALLA": 100000, "APST_ACTV_FALLA": 0, "AFGE_ULTM_USUAR": "Jorge Gómez Tapias", "AFGE_ULTM_FECHA": 1184889600000, "EDA_CODG_EDAD": null, "NFG_CODG_NOMB": 527, "CODG_DANE": "63", "DEPARTAMENTO": "QUINDÍO", "MUNICIPIO": "CÓRDOBA", "SHAPE.LEN": 0.669482161483351}}, {"type": "Feature", "id": 1390, "geometry": {"type": "LineString", "coordinates": [[-75.55348243399999, 4.487125417852629], [-75.55533252499998, 4.4840454048527345], [-75.55623256899997, 4.482515397852743], [-75.558742698, 4.477685373852903], [-75.56006276599999, 4.475155361853015], [-75.56434300199999, 4.464965301853339], [-75.56836324599999, 4.453055223853757], [-75.56876326999998, 4.45184521585375], [-75.57255350100002, 4.440495140854123], [-75.57438361800001, 4.434315097854348], [-75.57966389699999, 4.423215037854727], [-75.583584094, 4.416035004854961], [-75.58389410900003, 4.41554500285493], [-75.58622422100001, 4.411854987855091], [-75.58894435000002, 4.407764972855192], [-75.59137446199998, 4.404474963855289], [-75.59631468999999, 4.39776494385555], [-75.60183494500001, 4.39028492085576], [-75.60595513200002, 4.384944906855925], [-75.61240543299999, 4.3757648768562465], [-75.617045652, 4.368954852856462], [-75.62014580300001, 4.363814831856643], [-75.622235908, 4.359944812856791], [-75.62614610600002, 4.3526747788569855], [-75.62987629100002, 4.346124748857234], [-75.63169638599999, 4.342304728857319], [-75.633516488, 4.337764701857504], [-75.63661666299998, 4.329934654857736], [-75.63862677999998, 4.324484620857936], [-75.64044688400003, 4.319654590858093], [-75.64180696599999, 4.3156545648581925], [-75.64418711899998, 4.3074645078584854], [-75.64764732600003, 4.29728444185879], [-75.65065750299999, 4.288914388859098], [-75.65239761499998, 4.28290434785926], [-75.65475774499998, 4.277264314859485], [-75.657767912, 4.2698142708596745], [-75.66031805300003, 4.2637142358599], [-75.662048142, 4.260254217860018], [-75.66486828500001, 4.254894191860184], [-75.66621834900002, 4.252874184860251], [-75.66758841299998, 4.250804177860336], [-75.67150859999998, 4.244714154860517], [-75.67331869100002, 4.24134413886061], [-75.675518796, 4.237944125860747], [-75.67649884500003, 4.2362041178607885], [-75.67822892800001, 4.233354105860871], [-75.68098905, 4.230204100861023], [-75.691049481, 4.220134093861329], [-75.69805977800002, 4.213444092861562], [-75.70951026699998, 4.202114085861903], [-75.719660713, 4.190584066862267], [-75.73061120099999, 4.177354037862699], [-75.738121541, 4.167624011863013], [-75.746091917, 4.155573967863428], [-75.75457234200002, 4.139903894863913], [-75.761512702, 4.125633820864417], [-75.769473113, 4.1095137388649565], [-75.78053365400001, 4.090473656865571], [-75.79252424100002, 4.069673565866242], [-75.80102465700003, 4.054963502866722], [-75.81283523000002, 4.035083418867351], [-75.82423577999998, 4.0162833418679895], [-75.82478580600002, 4.015343337867989], [-75.82526582999998, 4.014543334868018], [-75.83292619999997, 4.001753281868432], [-75.84016654700002, 3.989933233868811], [-75.847936903, 3.9792832018691633], [-75.859667409, 3.9668731868695684], [-75.87147790400002, 3.955983186869961], [-75.884868471, 3.9430331818703928], [-75.89014868800001, 3.9387031868704945], [-75.89174875100002, 3.9377231908705195], [-75.89728898300001, 3.9326331908706864], [-75.90171917100002, 3.9282431878708657], [-75.90408927200002, 3.9258831868709434]]}, "properties": {"OBJECTID": 1390, "AFGE_CODG_FGE": 30676, "APST_TIPO_FALLA": 100000, "APST_ACTV_FALLA": 0, "AFGE_ULTM_USUAR": "Jorge Gómez Tapias", "AFGE_ULTM_FECHA": 1184889600000, "EDA_CODG_EDAD": null, "NFG_CODG_NOMB": 527, "CODG_DANE": "73", "DEPARTAMENTO": "TOLIMA", "MUNICIPIO": "SEVILLA", "SHAPE.LEN": 0.669482161483351}}, {"type": "Feature", "id": 1393, "geometry": {"type": "LineString", "coordinates": [[-75.55348243399999, 4.487125417852629], [-75.55533252499998, 4.4840454048527345], [-75.55623256899997, 4.482515397852743], [-75.558742698, 4.477685373852903], [-75.56006276599999, 4.475155361853015], [-75.56434300199999, 4.464965301853339], [-75.56836324599999, 4.453055223853757], [-75.56876326999998, 4.45184521585375], [-75.57255350100002, 4.440495140854123], [-75.57438361800001, 4.434315097854348], [-75.57966389699999, 4.423215037854727], [-75.583584094, 4.416035004854961], [-75.58389410900003, 4.41554500285493], [-75.58622422100001, 4.411854987855091], [-75.58894435000002, 4.407764972855192], [-75.59137446199998, 4.404474963855289], [-75.59631468999999, 4.39776494385555], [-75.60183494500001, 4.39028492085576], [-75.60595513200002, 4.384944906855925], [-75.61240543299999, 4.3757648768562465], [-75.617045652, 4.368954852856462], [-75.62014580300001, 4.363814831856643], [-75.622235908, 4.359944812856791], [-75.62614610600002, 4.3526747788569855], [-75.62987629100002, 4.346124748857234], [-75.63169638599999, 4.342304728857319], [-75.633516488, 4.337764701857504], [-75.63661666299998, 4.329934654857736], [-75.63862677999998, 4.324484620857936], [-75.64044688400003, 4.319654590858093], [-75.64180696599999, 4.3156545648581925], [-75.64418711899998, 4.3074645078584854], [-75.64764732600003, 4.29728444185879], [-75.65065750299999, 4.288914388859098], [-75.65239761499998, 4.28290434785926], [-75.65475774499998, 4.277264314859485], [-75.657767912, 4.2698142708596745], [-75.66031805300003, 4.2637142358599], [-75.662048142, 4.260254217860018], [-75.66486828500001, 4.254894191860184], [-75.66621834900002, 4.252874184860251], [-75.66758841299998, 4.250804177860336], [-75.67150859999998, 4.244714154860517], [-75.67331869100002, 4.24134413886061], [-75.675518796, 4.237944125860747], [-75.67649884500003, 4.2362041178607885], [-75.67822892800001, 4.233354105860871], [-75.68098905, 4.230204100861023], [-75.691049481, 4.220134093861329], [-75.69805977800002, 4.213444092861562], [-75.70951026699998, 4.202114085861903], [-75.719660713, 4.190584066862267], [-75.73061120099999, 4.177354037862699], [-75.738121541, 4.167624011863013], [-75.746091917, 4.155573967863428], [-75.75457234200002, 4.139903894863913], [-75.761512702, 4.125633820864417], [-75.769473113, 4.1095137388649565], [-75.78053365400001, 4.090473656865571], [-75.79252424100002, 4.069673565866242], [-75.80102465700003, 4.054963502866722], [-75.81283523000002, 4.035083418867351], [-75.82423577999998, 4.0162833418679895], [-75.82478580600002, 4.015343337867989], [-75.82526582999998, 4.014543334868018], [-75.83292619999997, 4.001753281868432], [-75.84016654700002, 3.989933233868811], [-75.847936903, 3.9792832018691633], [-75.859667409, 3.9668731868695684], [-75.87147790400002, 3.955983186869961], [-75.884868471, 3.9430331818703928], [-75.89014868800001, 3.9387031868704945], [-75.89174875100002, 3.9377231908705195], [-75.89728898300001, 3.9326331908706864], [-75.90171917100002, 3.9282431878708657], [-75.90408927200002, 3.9258831868709434]]}, "properties": {"OBJECTID": 1393, "AFGE_CODG_FGE": 30676, "APST_TIPO_FALLA": 100000, "APST_ACTV_FALLA": 0, "AFGE_ULTM_USUAR": "Jorge Gómez Tapias", "AFGE_ULTM_FECHA": 1184889600000, "EDA_CODG_EDAD": null, "NFG_CODG_NOMB": 527, "CODG_DANE": "73", "DEPARTAMENTO": "TOLIMA", "MUNICIPIO": "CAJAMARCA", "SHAPE.LEN": 0.669482161483351}}, {"type": "Feature", "id": 8840, "geometry": {"type": "LineString", "coordinates": [[-75.82526582999998, 4.014543334868018], [-75.80183486300001, 4.034083314867374], [-75.78382415499999, 4.045063261867022], [-75.76546341300002, 4.058673229866604], [-75.75732308900001, 4.0640832098663955], [-75.748952756, 4.069643188866212], [-75.73399214599999, 4.081363167865847], [-75.70802109599998, 4.100533120865238], [-75.69644061499997, 4.110653114864885], [-75.68684021799999, 4.118733106864659], [-75.66746944699997, 4.131623057864216], [-75.65139876699999, 4.146993060863694], [-75.64527851399998, 4.152243055863515], [-75.64411846600001, 4.153223054863519], [-75.643128413, 4.155383065863447], [-75.63530812200003, 4.1582330238633665], [-75.627087819, 4.1609529778632695], [-75.62686781100001, 4.161032976863242], [-75.62188762599999, 4.1628129498631825], [-75.61600738800001, 4.16721293886308], [-75.60795707, 4.172292915862888], [-75.59983670399998, 4.182642940862532], [-75.59807661399998, 4.186142957862439], [-75.59572648199998, 4.192052992862241], [-75.59221630399998, 4.198803024862039], [-75.58819614200002, 4.20168301586193], [-75.582685911, 4.206773014861772], [-75.574985621, 4.210002977861633], [-75.57066544600002, 4.213252969861533], [-75.56346515799999, 4.218202952861385], [-75.558644948, 4.223452958861199], [-75.54875454299997, 4.2313429448609545], [-75.536794053, 4.240902928860659], [-75.53019378099998, 4.246302920860466], [-75.52164342200001, 4.25420291886023], [-75.516603143, 4.2664429888597954], [-75.51204291300002, 4.275003028859536], [-75.50415254299998, 4.286513065859161], [-75.49667222900001, 4.2933630638589415], [-75.481341579, 4.308023064858441], [-75.47317123200003, 4.315953066858203], [-75.46650096500002, 4.320533049858046], [-75.45949069199997, 4.3245530248579165], [-75.43762981600003, 4.339682971857417], [-75.40758871100002, 4.349532794857117], [-75.37612753600001, 4.36175262685669], [-75.36518711000002, 4.368062587856485], [-75.35493672500002, 4.372322535856373], [-75.34444631999997, 4.377922493856196], [-75.332715887, 4.3819724258560475], [-75.33189585500003, 4.382432422856044], [-75.32438556300002, 4.386632393855895], [-75.31481519800002, 4.391302351855766], [-75.30309475400003, 4.396592294855571], [-75.294144415, 4.400632251855419], [-75.27979387099998, 4.407182183855245], [-75.27107353500003, 4.4118221478550765], [-75.26476329600001, 4.414662117855005], [-75.25180281399997, 4.419632046854815], [-75.23879233999997, 4.423451963854672], [-75.22923199600001, 4.4257818988546305], [-75.221161709, 4.42745184185455], [-75.212441394, 4.429781783854488], [-75.198190882, 4.433151685854354], [-75.194160738, 4.434101657854327], [-75.18526042600001, 4.435441589854287], [-75.17851018699997, 4.436611538854279], [-75.17174994599998, 4.438111491854235], [-75.16548972099997, 4.439601448854176], [-75.15840946200001, 4.441931405854073], [-75.151159199, 4.443931358853999], [-75.14506898399998, 4.445091313854014], [-75.13781872599998, 4.446591261853967], [-75.13007844999998, 4.44826120685386], [-75.12381821499997, 4.450911173853795], [-75.11689796500002, 4.452741127853751], [-75.103877506, 4.455071030853652], [-75.094167159, 4.4572409618536115], [-75.084116806, 4.458900885853521], [-75.07439645800002, 4.46123081785345], [-75.06566614000002, 4.463890762853374], [-75.05743583600002, 4.46688071485328], [-75.05166562199997, 4.469040682853217], [-75.04211529600002, 4.469550599853184], [-75.03518506, 4.469890539853175], [-75.02843481399998, 4.472040497853121], [-75.01871446899997, 4.4740404268530245], [-75.00899412400003, 4.4760403558529855], [-75.000263802, 4.479190304852855], [-74.99153348300001, 4.482020250852783], [-74.97967304100001, 4.486830185852648], [-74.96896263500003, 4.491970134852435], [-74.96139235599998, 4.4946200898523925], [-74.95423209400002, 4.4970300458523145], [-74.95299204899999, 4.497440038852311], [-74.94425174499997, 4.49860996885222], [-74.93618146199998, 4.499949906852175], [-74.93542143399998, 4.50014990185217], [-74.92679112399998, 4.502439842852113], [-74.91921085299998, 4.504269789852087], [-74.91460067700001, 4.506589768851998], [-74.91015050700003, 4.508909748851909], [-74.90504031299997, 4.511389724851843], [-74.89895006699999, 4.5158697098516924], [-74.89335983000001, 4.521329708851489], [-74.88759958499998, 4.526959706851323], [-74.882319376, 4.5304396898511925], [-74.87260895999998, 4.540369691850897], [-74.867668756, 4.544519683850778], [-74.861738527, 4.547829658850647], [-74.85432824200001, 4.551809626850527], [-74.848728021, 4.55544960885039], [-74.84460786300002, 4.557609589850357], [-74.83985769399999, 4.5587195568503045]]}, "properties": {"OBJECTID": 8840, "AFGE_CODG_FGE": 32865, "APST_TIPO_FALLA": 130000, "APST_ACTV_FALLA": 0, "AFGE_ULTM_USUAR": "Jorge Gómez Tapias", "AFGE_ULTM_FECHA": 1184889600000, "EDA_CODG_EDAD": null, "NFG_CODG_NOMB": 229, "CODG_DANE": "76", "DEPARTAMENTO": "VALLE DEL CAUCA", "MUNICIPIO": "RONCESVALLES", "SHAPE.LEN": 1.15852971816845}}, {"type": "Feature", "id": 8845, "geometry": {"type": "LineString", "coordinates": [[-75.82526582999998, 4.014543334868018], [-75.80183486300001, 4.034083314867374], [-75.78382415499999, 4.045063261867022], [-75.76546341300002, 4.058673229866604], [-75.75732308900001, 4.0640832098663955], [-75.748952756, 4.069643188866212], [-75.73399214599999, 4.081363167865847], [-75.70802109599998, 4.100533120865238], [-75.69644061499997, 4.110653114864885], [-75.68684021799999, 4.118733106864659], [-75.66746944699997, 4.131623057864216], [-75.65139876699999, 4.146993060863694], [-75.64527851399998, 4.152243055863515], [-75.64411846600001, 4.153223054863519], [-75.643128413, 4.155383065863447], [-75.63530812200003, 4.1582330238633665], [-75.627087819, 4.1609529778632695], [-75.62686781100001, 4.161032976863242], [-75.62188762599999, 4.1628129498631825], [-75.61600738800001, 4.16721293886308], [-75.60795707, 4.172292915862888], [-75.59983670399998, 4.182642940862532], [-75.59807661399998, 4.186142957862439], [-75.59572648199998, 4.192052992862241], [-75.59221630399998, 4.198803024862039], [-75.58819614200002, 4.20168301586193], [-75.582685911, 4.206773014861772], [-75.574985621, 4.210002977861633], [-75.57066544600002, 4.213252969861533], [-75.56346515799999, 4.218202952861385], [-75.558644948, 4.223452958861199], [-75.54875454299997, 4.2313429448609545], [-75.536794053, 4.240902928860659], [-75.53019378099998, 4.246302920860466], [-75.52164342200001, 4.25420291886023], [-75.516603143, 4.2664429888597954], [-75.51204291300002, 4.275003028859536], [-75.50415254299998, 4.286513065859161], [-75.49667222900001, 4.2933630638589415], [-75.481341579, 4.308023064858441], [-75.47317123200003, 4.315953066858203], [-75.46650096500002, 4.320533049858046], [-75.45949069199997, 4.3245530248579165], [-75.43762981600003, 4.339682971857417], [-75.40758871100002, 4.349532794857117], [-75.37612753600001, 4.36175262685669], [-75.36518711000002, 4.368062587856485], [-75.35493672500002, 4.372322535856373], [-75.34444631999997, 4.377922493856196], [-75.332715887, 4.3819724258560475], [-75.33189585500003, 4.382432422856044], [-75.32438556300002, 4.386632393855895], [-75.31481519800002, 4.391302351855766], [-75.30309475400003, 4.396592294855571], [-75.294144415, 4.400632251855419], [-75.27979387099998, 4.407182183855245], [-75.27107353500003, 4.4118221478550765], [-75.26476329600001, 4.414662117855005], [-75.25180281399997, 4.419632046854815], [-75.23879233999997, 4.423451963854672], [-75.22923199600001, 4.4257818988546305], [-75.221161709, 4.42745184185455], [-75.212441394, 4.429781783854488], [-75.198190882, 4.433151685854354], [-75.194160738, 4.434101657854327], [-75.18526042600001, 4.435441589854287], [-75.17851018699997, 4.436611538854279], [-75.17174994599998, 4.438111491854235], [-75.16548972099997, 4.439601448854176], [-75.15840946200001, 4.441931405854073], [-75.151159199, 4.443931358853999], [-75.14506898399998, 4.445091313854014], [-75.13781872599998, 4.446591261853967], [-75.13007844999998, 4.44826120685386], [-75.12381821499997, 4.450911173853795], [-75.11689796500002, 4.452741127853751], [-75.103877506, 4.455071030853652], [-75.094167159, 4.4572409618536115], [-75.084116806, 4.458900885853521], [-75.07439645800002, 4.46123081785345], [-75.06566614000002, 4.463890762853374], [-75.05743583600002, 4.46688071485328], [-75.05166562199997, 4.469040682853217], [-75.04211529600002, 4.469550599853184], [-75.03518506, 4.469890539853175], [-75.02843481399998, 4.472040497853121], [-75.01871446899997, 4.4740404268530245], [-75.00899412400003, 4.4760403558529855], [-75.000263802, 4.479190304852855], [-74.99153348300001, 4.482020250852783], [-74.97967304100001, 4.486830185852648], [-74.96896263500003, 4.491970134852435], [-74.96139235599998, 4.4946200898523925], [-74.95423209400002, 4.4970300458523145], [-74.95299204899999, 4.497440038852311], [-74.94425174499997, 4.49860996885222], [-74.93618146199998, 4.499949906852175], [-74.93542143399998, 4.50014990185217], [-74.92679112399998, 4.502439842852113], [-74.91921085299998, 4.504269789852087], [-74.91460067700001, 4.506589768851998], [-74.91015050700003, 4.508909748851909], [-74.90504031299997, 4.511389724851843], [-74.89895006699999, 4.5158697098516924], [-74.89335983000001, 4.521329708851489], [-74.88759958499998, 4.526959706851323], [-74.882319376, 4.5304396898511925], [-74.87260895999998, 4.540369691850897], [-74.867668756, 4.544519683850778], [-74.861738527, 4.547829658850647], [-74.85432824200001, 4.551809626850527], [-74.848728021, 4.55544960885039], [-74.84460786300002, 4.557609589850357], [-74.83985769399999, 4.5587195568503045]]}, "properties": {"OBJECTID": 8845, "AFGE_CODG_FGE": 32865, "APST_TIPO_FALLA": 130000, "APST_ACTV_FALLA": 0, "AFGE_ULTM_USUAR": "Jorge Gómez Tapias", "AFGE_ULTM_FECHA": 1184889600000, "EDA_CODG_EDAD": null, "NFG_CODG_NOMB": 229, "CODG_DANE": "73", "DEPARTAMENTO": "TOLIMA", "MUNICIPIO": "PIEDRAS", "SHAPE.LEN": 1.15852971816845}}, {"type": "Feature", "id": 1371, "geometry": {"type": "LineString", "coordinates": [[-75.55348243399999, 4.487125417852629], [-75.55533252499998, 4.4840454048527345], [-75.55623256899997, 4.482515397852743], [-75.558742698, 4.477685373852903], [-75.56006276599999, 4.475155361853015], [-75.56434300199999, 4.464965301853339], [-75.56836324599999, 4.453055223853757], [-75.56876326999998, 4.45184521585375], [-75.57255350100002, 4.440495140854123], [-75.57438361800001, 4.434315097854348], [-75.57966389699999, 4.423215037854727], [-75.583584094, 4.416035004854961], [-75.58389410900003, 4.41554500285493], [-75.58622422100001, 4.411854987855091], [-75.58894435000002, 4.407764972855192], [-75.59137446199998, 4.404474963855289], [-75.59631468999999, 4.39776494385555], [-75.60183494500001, 4.39028492085576], [-75.60595513200002, 4.384944906855925], [-75.61240543299999, 4.3757648768562465], [-75.617045652, 4.368954852856462], [-75.62014580300001, 4.363814831856643], [-75.622235908, 4.359944812856791], [-75.62614610600002, 4.3526747788569855], [-75.62987629100002, 4.346124748857234], [-75.63169638599999, 4.342304728857319], [-75.633516488, 4.337764701857504], [-75.63661666299998, 4.329934654857736], [-75.63862677999998, 4.324484620857936], [-75.64044688400003, 4.319654590858093], [-75.64180696599999, 4.3156545648581925], [-75.64418711899998, 4.3074645078584854], [-75.64764732600003, 4.29728444185879], [-75.65065750299999, 4.288914388859098], [-75.65239761499998, 4.28290434785926], [-75.65475774499998, 4.277264314859485], [-75.657767912, 4.2698142708596745], [-75.66031805300003, 4.2637142358599], [-75.662048142, 4.260254217860018], [-75.66486828500001, 4.254894191860184], [-75.66621834900002, 4.252874184860251], [-75.66758841299998, 4.250804177860336], [-75.67150859999998, 4.244714154860517], [-75.67331869100002, 4.24134413886061], [-75.675518796, 4.237944125860747], [-75.67649884500003, 4.2362041178607885], [-75.67822892800001, 4.233354105860871], [-75.68098905, 4.230204100861023], [-75.691049481, 4.220134093861329], [-75.69805977800002, 4.213444092861562], [-75.70951026699998, 4.202114085861903], [-75.719660713, 4.190584066862267], [-75.73061120099999, 4.177354037862699], [-75.738121541, 4.167624011863013], [-75.746091917, 4.155573967863428], [-75.75457234200002, 4.139903894863913], [-75.761512702, 4.125633820864417], [-75.769473113, 4.1095137388649565], [-75.78053365400001, 4.090473656865571], [-75.79252424100002, 4.069673565866242], [-75.80102465700003, 4.054963502866722], [-75.81283523000002, 4.035083418867351], [-75.82423577999998, 4.0162833418679895], [-75.82478580600002, 4.015343337867989], [-75.82526582999998, 4.014543334868018], [-75.83292619999997, 4.001753281868432], [-75.84016654700002, 3.989933233868811], [-75.847936903, 3.9792832018691633], [-75.859667409, 3.9668731868695684], [-75.87147790400002, 3.955983186869961], [-75.884868471, 3.9430331818703928], [-75.89014868800001, 3.9387031868704945], [-75.89174875100002, 3.9377231908705195], [-75.89728898300001, 3.9326331908706864], [-75.90171917100002, 3.9282431878708657], [-75.90408927200002, 3.9258831868709434]]}, "properties": {"OBJECTID": 1371, "AFGE_CODG_FGE": 30676, "APST_TIPO_FALLA": 100000, "APST_ACTV_FALLA": 0, "AFGE_ULTM_USUAR": "Jorge Gómez Tapias", "AFGE_ULTM_FECHA": 1184889600000, "EDA_CODG_EDAD": null, "NFG_CODG_NOMB": 527, "CODG_DANE": "63", "DEPARTAMENTO": "QUINDÍO", "MUNICIPIO": "TULUÁ", "SHAPE.LEN": 0.669482161483351}}, {"type": "Feature", "id": 1379, "geometry": {"type": "LineString", "coordinates": [[-75.55348243399999, 4.487125417852629], [-75.55533252499998, 4.4840454048527345], [-75.55623256899997, 4.482515397852743], [-75.558742698, 4.477685373852903], [-75.56006276599999, 4.475155361853015], [-75.56434300199999, 4.464965301853339], [-75.56836324599999, 4.453055223853757], [-75.56876326999998, 4.45184521585375], [-75.57255350100002, 4.440495140854123], [-75.57438361800001, 4.434315097854348], [-75.57966389699999, 4.423215037854727], [-75.583584094, 4.416035004854961], [-75.58389410900003, 4.41554500285493], [-75.58622422100001, 4.411854987855091], [-75.58894435000002, 4.407764972855192], [-75.59137446199998, 4.404474963855289], [-75.59631468999999, 4.39776494385555], [-75.60183494500001, 4.39028492085576], [-75.60595513200002, 4.384944906855925], [-75.61240543299999, 4.3757648768562465], [-75.617045652, 4.368954852856462], [-75.62014580300001, 4.363814831856643], [-75.622235908, 4.359944812856791], [-75.62614610600002, 4.3526747788569855], [-75.62987629100002, 4.346124748857234], [-75.63169638599999, 4.342304728857319], [-75.633516488, 4.337764701857504], [-75.63661666299998, 4.329934654857736], [-75.63862677999998, 4.324484620857936], [-75.64044688400003, 4.319654590858093], [-75.64180696599999, 4.3156545648581925], [-75.64418711899998, 4.3074645078584854], [-75.64764732600003, 4.29728444185879], [-75.65065750299999, 4.288914388859098], [-75.65239761499998, 4.28290434785926], [-75.65475774499998, 4.277264314859485], [-75.657767912, 4.2698142708596745], [-75.66031805300003, 4.2637142358599], [-75.662048142, 4.260254217860018], [-75.66486828500001, 4.254894191860184], [-75.66621834900002, 4.252874184860251], [-75.66758841299998, 4.250804177860336], [-75.67150859999998, 4.244714154860517], [-75.67331869100002, 4.24134413886061], [-75.675518796, 4.237944125860747], [-75.67649884500003, 4.2362041178607885], [-75.67822892800001, 4.233354105860871], [-75.68098905, 4.230204100861023], [-75.691049481, 4.220134093861329], [-75.69805977800002, 4.213444092861562], [-75.70951026699998, 4.202114085861903], [-75.719660713, 4.190584066862267], [-75.73061120099999, 4.177354037862699], [-75.738121541, 4.167624011863013], [-75.746091917, 4.155573967863428], [-75.75457234200002, 4.139903894863913], [-75.761512702, 4.125633820864417], [-75.769473113, 4.1095137388649565], [-75.78053365400001, 4.090473656865571], [-75.79252424100002, 4.069673565866242], [-75.80102465700003, 4.054963502866722], [-75.81283523000002, 4.035083418867351], [-75.82423577999998, 4.0162833418679895], [-75.82478580600002, 4.015343337867989], [-75.82526582999998, 4.014543334868018], [-75.83292619999997, 4.001753281868432], [-75.84016654700002, 3.989933233868811], [-75.847936903, 3.9792832018691633], [-75.859667409, 3.9668731868695684], [-75.87147790400002, 3.955983186869961], [-75.884868471, 3.9430331818703928], [-75.89014868800001, 3.9387031868704945], [-75.89174875100002, 3.9377231908705195], [-75.89728898300001, 3.9326331908706864], [-75.90171917100002, 3.9282431878708657], [-75.90408927200002, 3.9258831868709434]]}, "properties": {"OBJECTID": 1379, "AFGE_CODG_FGE": 30676, "APST_TIPO_FALLA": 100000, "APST_ACTV_FALLA": 0, "AFGE_ULTM_USUAR": "Jorge Gómez Tapias", "AFGE_ULTM_FECHA": 1184889600000, "EDA_CODG_EDAD": null, "NFG_CODG_NOMB": 527, "CODG_DANE": "76", "DEPARTAMENTO": "VALLE DEL CAUCA", "MUNICIPIO": "TULUÁ", "SHAPE.LEN": 0.669482161483351}}, {"type": "Feature", "id": 1394, "geometry": {"type": "LineString", "coordinates": [[-75.55348243399999, 4.487125417852629], [-75.55533252499998, 4.4840454048527345], [-75.55623256899997, 4.482515397852743], [-75.558742698, 4.477685373852903], [-75.56006276599999, 4.475155361853015], [-75.56434300199999, 4.464965301853339], [-75.56836324599999, 4.453055223853757], [-75.56876326999998, 4.45184521585375], [-75.57255350100002, 4.440495140854123], [-75.57438361800001, 4.434315097854348], [-75.57966389699999, 4.423215037854727], [-75.583584094, 4.416035004854961], [-75.58389410900003, 4.41554500285493], [-75.58622422100001, 4.411854987855091], [-75.58894435000002, 4.407764972855192], [-75.59137446199998, 4.404474963855289], [-75.59631468999999, 4.39776494385555], [-75.60183494500001, 4.39028492085576], [-75.60595513200002, 4.384944906855925], [-75.61240543299999, 4.3757648768562465], [-75.617045652, 4.368954852856462], [-75.62014580300001, 4.363814831856643], [-75.622235908, 4.359944812856791], [-75.62614610600002, 4.3526747788569855], [-75.62987629100002, 4.346124748857234], [-75.63169638599999, 4.342304728857319], [-75.633516488, 4.337764701857504], [-75.63661666299998, 4.329934654857736], [-75.63862677999998, 4.324484620857936], [-75.64044688400003, 4.319654590858093], [-75.64180696599999, 4.3156545648581925], [-75.64418711899998, 4.3074645078584854], [-75.64764732600003, 4.29728444185879], [-75.65065750299999, 4.288914388859098], [-75.65239761499998, 4.28290434785926], [-75.65475774499998, 4.277264314859485], [-75.657767912, 4.2698142708596745], [-75.66031805300003, 4.2637142358599], [-75.662048142, 4.260254217860018], [-75.66486828500001, 4.254894191860184], [-75.66621834900002, 4.252874184860251], [-75.66758841299998, 4.250804177860336], [-75.67150859999998, 4.244714154860517], [-75.67331869100002, 4.24134413886061], [-75.675518796, 4.237944125860747], [-75.67649884500003, 4.2362041178607885], [-75.67822892800001, 4.233354105860871], [-75.68098905, 4.230204100861023], [-75.691049481, 4.220134093861329], [-75.69805977800002, 4.213444092861562], [-75.70951026699998, 4.202114085861903], [-75.719660713, 4.190584066862267], [-75.73061120099999, 4.177354037862699], [-75.738121541, 4.167624011863013], [-75.746091917, 4.155573967863428], [-75.75457234200002, 4.139903894863913], [-75.761512702, 4.125633820864417], [-75.769473113, 4.1095137388649565], [-75.78053365400001, 4.090473656865571], [-75.79252424100002, 4.069673565866242], [-75.80102465700003, 4.054963502866722], [-75.81283523000002, 4.035083418867351], [-75.82423577999998, 4.0162833418679895], [-75.82478580600002, 4.015343337867989], [-75.82526582999998, 4.014543334868018], [-75.83292619999997, 4.001753281868432], [-75.84016654700002, 3.989933233868811], [-75.847936903, 3.9792832018691633], [-75.859667409, 3.9668731868695684], [-75.87147790400002, 3.955983186869961], [-75.884868471, 3.9430331818703928], [-75.89014868800001, 3.9387031868704945], [-75.89174875100002, 3.9377231908705195], [-75.89728898300001, 3.9326331908706864], [-75.90171917100002, 3.9282431878708657], [-75.90408927200002, 3.9258831868709434]]}, "properties": {"OBJECTID": 1394, "AFGE_CODG_FGE": 30676, "APST_TIPO_FALLA": 100000, "APST_ACTV_FALLA": 0, "AFGE_ULTM_USUAR": "Jorge Gómez Tapias", "AFGE_ULTM_FECHA": 1184889600000, "EDA_CODG_EDAD": null, "NFG_CODG_NOMB": 527, "CODG_DANE": "73", "DEPARTAMENTO": "TOLIMA", "MUNICIPIO": "SALENTO", "SHAPE.LEN": 0.669482161483351}}, {"type": "Feature", "id": 1373, "geometry": {"type": "LineString", "coordinates": [[-75.55348243399999, 4.487125417852629], [-75.55533252499998, 4.4840454048527345], [-75.55623256899997, 4.482515397852743], [-75.558742698, 4.477685373852903], [-75.56006276599999, 4.475155361853015], [-75.56434300199999, 4.464965301853339], [-75.56836324599999, 4.453055223853757], [-75.56876326999998, 4.45184521585375], [-75.57255350100002, 4.440495140854123], [-75.57438361800001, 4.434315097854348], [-75.57966389699999, 4.423215037854727], [-75.583584094, 4.416035004854961], [-75.58389410900003, 4.41554500285493], [-75.58622422100001, 4.411854987855091], [-75.58894435000002, 4.407764972855192], [-75.59137446199998, 4.404474963855289], [-75.59631468999999, 4.39776494385555], [-75.60183494500001, 4.39028492085576], [-75.60595513200002, 4.384944906855925], [-75.61240543299999, 4.3757648768562465], [-75.617045652, 4.368954852856462], [-75.62014580300001, 4.363814831856643], [-75.622235908, 4.359944812856791], [-75.62614610600002, 4.3526747788569855], [-75.62987629100002, 4.346124748857234], [-75.63169638599999, 4.342304728857319], [-75.633516488, 4.337764701857504], [-75.63661666299998, 4.329934654857736], [-75.63862677999998, 4.324484620857936], [-75.64044688400003, 4.319654590858093], [-75.64180696599999, 4.3156545648581925], [-75.64418711899998, 4.3074645078584854], [-75.64764732600003, 4.29728444185879], [-75.65065750299999, 4.288914388859098], [-75.65239761499998, 4.28290434785926], [-75.65475774499998, 4.277264314859485], [-75.657767912, 4.2698142708596745], [-75.66031805300003, 4.2637142358599], [-75.662048142, 4.260254217860018], [-75.66486828500001, 4.254894191860184], [-75.66621834900002, 4.252874184860251], [-75.66758841299998, 4.250804177860336], [-75.67150859999998, 4.244714154860517], [-75.67331869100002, 4.24134413886061], [-75.675518796, 4.237944125860747], [-75.67649884500003, 4.2362041178607885], [-75.67822892800001, 4.233354105860871], [-75.68098905, 4.230204100861023], [-75.691049481, 4.220134093861329], [-75.69805977800002, 4.213444092861562], [-75.70951026699998, 4.202114085861903], [-75.719660713, 4.190584066862267], [-75.73061120099999, 4.177354037862699], [-75.738121541, 4.167624011863013], [-75.746091917, 4.155573967863428], [-75.75457234200002, 4.139903894863913], [-75.761512702, 4.125633820864417], [-75.769473113, 4.1095137388649565], [-75.78053365400001, 4.090473656865571], [-75.79252424100002, 4.069673565866242], [-75.80102465700003, 4.054963502866722], [-75.81283523000002, 4.035083418867351], [-75.82423577999998, 4.0162833418679895], [-75.82478580600002, 4.015343337867989], [-75.82526582999998, 4.014543334868018], [-75.83292619999997, 4.001753281868432], [-75.84016654700002, 3.989933233868811], [-75.847936903, 3.9792832018691633], [-75.859667409, 3.9668731868695684], [-75.87147790400002, 3.955983186869961], [-75.884868471, 3.9430331818703928], [-75.89014868800001, 3.9387031868704945], [-75.89174875100002, 3.9377231908705195], [-75.89728898300001, 3.9326331908706864], [-75.90171917100002, 3.9282431878708657], [-75.90408927200002, 3.9258831868709434]]}, "properties": {"OBJECTID": 1373, "AFGE_CODG_FGE": 30676, "APST_TIPO_FALLA": 100000, "APST_ACTV_FALLA": 0, "AFGE_ULTM_USUAR": "Jorge Gómez Tapias", "AFGE_ULTM_FECHA": 1184889600000, "EDA_CODG_EDAD": null, "NFG_CODG_NOMB": 527, "CODG_DANE": "63", "DEPARTAMENTO": "QUINDÍO", "MUNICIPIO": "PIJAO", "SHAPE.LEN": 0.669482161483351}}, {"type": "Feature", "id": 1383, "geometry": {"type": "LineString", "coordinates": [[-75.55348243399999, 4.487125417852629], [-75.55533252499998, 4.4840454048527345], [-75.55623256899997, 4.482515397852743], [-75.558742698, 4.477685373852903], [-75.56006276599999, 4.475155361853015], [-75.56434300199999, 4.464965301853339], [-75.56836324599999, 4.453055223853757], [-75.56876326999998, 4.45184521585375], [-75.57255350100002, 4.440495140854123], [-75.57438361800001, 4.434315097854348], [-75.57966389699999, 4.423215037854727], [-75.583584094, 4.416035004854961], [-75.58389410900003, 4.41554500285493], [-75.58622422100001, 4.411854987855091], [-75.58894435000002, 4.407764972855192], [-75.59137446199998, 4.404474963855289], [-75.59631468999999, 4.39776494385555], [-75.60183494500001, 4.39028492085576], [-75.60595513200002, 4.384944906855925], [-75.61240543299999, 4.3757648768562465], [-75.617045652, 4.368954852856462], [-75.62014580300001, 4.363814831856643], [-75.622235908, 4.359944812856791], [-75.62614610600002, 4.3526747788569855], [-75.62987629100002, 4.346124748857234], [-75.63169638599999, 4.342304728857319], [-75.633516488, 4.337764701857504], [-75.63661666299998, 4.329934654857736], [-75.63862677999998, 4.324484620857936], [-75.64044688400003, 4.319654590858093], [-75.64180696599999, 4.3156545648581925], [-75.64418711899998, 4.3074645078584854], [-75.64764732600003, 4.29728444185879], [-75.65065750299999, 4.288914388859098], [-75.65239761499998, 4.28290434785926], [-75.65475774499998, 4.277264314859485], [-75.657767912, 4.2698142708596745], [-75.66031805300003, 4.2637142358599], [-75.662048142, 4.260254217860018], [-75.66486828500001, 4.254894191860184], [-75.66621834900002, 4.252874184860251], [-75.66758841299998, 4.250804177860336], [-75.67150859999998, 4.244714154860517], [-75.67331869100002, 4.24134413886061], [-75.675518796, 4.237944125860747], [-75.67649884500003, 4.2362041178607885], [-75.67822892800001, 4.233354105860871], [-75.68098905, 4.230204100861023], [-75.691049481, 4.220134093861329], [-75.69805977800002, 4.213444092861562], [-75.70951026699998, 4.202114085861903], [-75.719660713, 4.190584066862267], [-75.73061120099999, 4.177354037862699], [-75.738121541, 4.167624011863013], [-75.746091917, 4.155573967863428], [-75.75457234200002, 4.139903894863913], [-75.761512702, 4.125633820864417], [-75.769473113, 4.1095137388649565], [-75.78053365400001, 4.090473656865571], [-75.79252424100002, 4.069673565866242], [-75.80102465700003, 4.054963502866722], [-75.81283523000002, 4.035083418867351], [-75.82423577999998, 4.0162833418679895], [-75.82478580600002, 4.015343337867989], [-75.82526582999998, 4.014543334868018], [-75.83292619999997, 4.001753281868432], [-75.84016654700002, 3.989933233868811], [-75.847936903, 3.9792832018691633], [-75.859667409, 3.9668731868695684], [-75.87147790400002, 3.955983186869961], [-75.884868471, 3.9430331818703928], [-75.89014868800001, 3.9387031868704945], [-75.89174875100002, 3.9377231908705195], [-75.89728898300001, 3.9326331908706864], [-75.90171917100002, 3.9282431878708657], [-75.90408927200002, 3.9258831868709434]]}, "properties": {"OBJECTID": 1383, "AFGE_CODG_FGE": 30676, "APST_TIPO_FALLA": 100000, "APST_ACTV_FALLA": 0, "AFGE_ULTM_USUAR": "Jorge Gómez Tapias", "AFGE_ULTM_FECHA": 1184889600000, "EDA_CODG_EDAD": null, "NFG_CODG_NOMB": 527, "CODG_DANE": "76", "DEPARTAMENTO": "VALLE DEL CAUCA", "MUNICIPIO": "CÓRDOBA", "SHAPE.LEN": 0.669482161483351}}, {"type": "Feature", "id": 1386, "geometry": {"type": "LineString", "coordinates": [[-75.55348243399999, 4.487125417852629], [-75.55533252499998, 4.4840454048527345], [-75.55623256899997, 4.482515397852743], [-75.558742698, 4.477685373852903], [-75.56006276599999, 4.475155361853015], [-75.56434300199999, 4.464965301853339], [-75.56836324599999, 4.453055223853757], [-75.56876326999998, 4.45184521585375], [-75.57255350100002, 4.440495140854123], [-75.57438361800001, 4.434315097854348], [-75.57966389699999, 4.423215037854727], [-75.583584094, 4.416035004854961], [-75.58389410900003, 4.41554500285493], [-75.58622422100001, 4.411854987855091], [-75.58894435000002, 4.407764972855192], [-75.59137446199998, 4.404474963855289], [-75.59631468999999, 4.39776494385555], [-75.60183494500001, 4.39028492085576], [-75.60595513200002, 4.384944906855925], [-75.61240543299999, 4.3757648768562465], [-75.617045652, 4.368954852856462], [-75.62014580300001, 4.363814831856643], [-75.622235908, 4.359944812856791], [-75.62614610600002, 4.3526747788569855], [-75.62987629100002, 4.346124748857234], [-75.63169638599999, 4.342304728857319], [-75.633516488, 4.337764701857504], [-75.63661666299998, 4.329934654857736], [-75.63862677999998, 4.324484620857936], [-75.64044688400003, 4.319654590858093], [-75.64180696599999, 4.3156545648581925], [-75.64418711899998, 4.3074645078584854], [-75.64764732600003, 4.29728444185879], [-75.65065750299999, 4.288914388859098], [-75.65239761499998, 4.28290434785926], [-75.65475774499998, 4.277264314859485], [-75.657767912, 4.2698142708596745], [-75.66031805300003, 4.2637142358599], [-75.662048142, 4.260254217860018], [-75.66486828500001, 4.254894191860184], [-75.66621834900002, 4.252874184860251], [-75.66758841299998, 4.250804177860336], [-75.67150859999998, 4.244714154860517], [-75.67331869100002, 4.24134413886061], [-75.675518796, 4.237944125860747], [-75.67649884500003, 4.2362041178607885], [-75.67822892800001, 4.233354105860871], [-75.68098905, 4.230204100861023], [-75.691049481, 4.220134093861329], [-75.69805977800002, 4.213444092861562], [-75.70951026699998, 4.202114085861903], [-75.719660713, 4.190584066862267], [-75.73061120099999, 4.177354037862699], [-75.738121541, 4.167624011863013], [-75.746091917, 4.155573967863428], [-75.75457234200002, 4.139903894863913], [-75.761512702, 4.125633820864417], [-75.769473113, 4.1095137388649565], [-75.78053365400001, 4.090473656865571], [-75.79252424100002, 4.069673565866242], [-75.80102465700003, 4.054963502866722], [-75.81283523000002, 4.035083418867351], [-75.82423577999998, 4.0162833418679895], [-75.82478580600002, 4.015343337867989], [-75.82526582999998, 4.014543334868018], [-75.83292619999997, 4.001753281868432], [-75.84016654700002, 3.989933233868811], [-75.847936903, 3.9792832018691633], [-75.859667409, 3.9668731868695684], [-75.87147790400002, 3.955983186869961], [-75.884868471, 3.9430331818703928], [-75.89014868800001, 3.9387031868704945], [-75.89174875100002, 3.9377231908705195], [-75.89728898300001, 3.9326331908706864], [-75.90171917100002, 3.9282431878708657], [-75.90408927200002, 3.9258831868709434]]}, "properties": {"OBJECTID": 1386, "AFGE_CODG_FGE": 30676, "APST_TIPO_FALLA": 100000, "APST_ACTV_FALLA": 0, "AFGE_ULTM_USUAR": "Jorge Gómez Tapias", "AFGE_ULTM_FECHA": 1184889600000, "EDA_CODG_EDAD": null, "NFG_CODG_NOMB": 527, "CODG_DANE": "76", "DEPARTAMENTO": "VALLE DEL CAUCA", "MUNICIPIO": "SALENTO", "SHAPE.LEN": 0.669482161483351}}, {"type": "Feature", "id": 1392, "geometry": {"type": "LineString", "coordinates": [[-75.55348243399999, 4.487125417852629], [-75.55533252499998, 4.4840454048527345], [-75.55623256899997, 4.482515397852743], [-75.558742698, 4.477685373852903], [-75.56006276599999, 4.475155361853015], [-75.56434300199999, 4.464965301853339], [-75.56836324599999, 4.453055223853757], [-75.56876326999998, 4.45184521585375], [-75.57255350100002, 4.440495140854123], [-75.57438361800001, 4.434315097854348], [-75.57966389699999, 4.423215037854727], [-75.583584094, 4.416035004854961], [-75.58389410900003, 4.41554500285493], [-75.58622422100001, 4.411854987855091], [-75.58894435000002, 4.407764972855192], [-75.59137446199998, 4.404474963855289], [-75.59631468999999, 4.39776494385555], [-75.60183494500001, 4.39028492085576], [-75.60595513200002, 4.384944906855925], [-75.61240543299999, 4.3757648768562465], [-75.617045652, 4.368954852856462], [-75.62014580300001, 4.363814831856643], [-75.622235908, 4.359944812856791], [-75.62614610600002, 4.3526747788569855], [-75.62987629100002, 4.346124748857234], [-75.63169638599999, 4.342304728857319], [-75.633516488, 4.337764701857504], [-75.63661666299998, 4.329934654857736], [-75.63862677999998, 4.324484620857936], [-75.64044688400003, 4.319654590858093], [-75.64180696599999, 4.3156545648581925], [-75.64418711899998, 4.3074645078584854], [-75.64764732600003, 4.29728444185879], [-75.65065750299999, 4.288914388859098], [-75.65239761499998, 4.28290434785926], [-75.65475774499998, 4.277264314859485], [-75.657767912, 4.2698142708596745], [-75.66031805300003, 4.2637142358599], [-75.662048142, 4.260254217860018], [-75.66486828500001, 4.254894191860184], [-75.66621834900002, 4.252874184860251], [-75.66758841299998, 4.250804177860336], [-75.67150859999998, 4.244714154860517], [-75.67331869100002, 4.24134413886061], [-75.675518796, 4.237944125860747], [-75.67649884500003, 4.2362041178607885], [-75.67822892800001, 4.233354105860871], [-75.68098905, 4.230204100861023], [-75.691049481, 4.220134093861329], [-75.69805977800002, 4.213444092861562], [-75.70951026699998, 4.202114085861903], [-75.719660713, 4.190584066862267], [-75.73061120099999, 4.177354037862699], [-75.738121541, 4.167624011863013], [-75.746091917, 4.155573967863428], [-75.75457234200002, 4.139903894863913], [-75.761512702, 4.125633820864417], [-75.769473113, 4.1095137388649565], [-75.78053365400001, 4.090473656865571], [-75.79252424100002, 4.069673565866242], [-75.80102465700003, 4.054963502866722], [-75.81283523000002, 4.035083418867351], [-75.82423577999998, 4.0162833418679895], [-75.82478580600002, 4.015343337867989], [-75.82526582999998, 4.014543334868018], [-75.83292619999997, 4.001753281868432], [-75.84016654700002, 3.989933233868811], [-75.847936903, 3.9792832018691633], [-75.859667409, 3.9668731868695684], [-75.87147790400002, 3.955983186869961], [-75.884868471, 3.9430331818703928], [-75.89014868800001, 3.9387031868704945], [-75.89174875100002, 3.9377231908705195], [-75.89728898300001, 3.9326331908706864], [-75.90171917100002, 3.9282431878708657], [-75.90408927200002, 3.9258831868709434]]}, "properties": {"OBJECTID": 1392, "AFGE_CODG_FGE": 30676, "APST_TIPO_FALLA": 100000, "APST_ACTV_FALLA": 0, "AFGE_ULTM_USUAR": "Jorge Gómez Tapias", "AFGE_ULTM_FECHA": 1184889600000, "EDA_CODG_EDAD": null, "NFG_CODG_NOMB": 527, "CODG_DANE": "73", "DEPARTAMENTO": "TOLIMA", "MUNICIPIO": "CALARCÁ", "SHAPE.LEN": 0.669482161483351}}, {"type": "Feature", "id": 8842, "geometry": {"type": "LineString", "coordinates": [[-75.82526582999998, 4.014543334868018], [-75.80183486300001, 4.034083314867374], [-75.78382415499999, 4.045063261867022], [-75.76546341300002, 4.058673229866604], [-75.75732308900001, 4.0640832098663955], [-75.748952756, 4.069643188866212], [-75.73399214599999, 4.081363167865847], [-75.70802109599998, 4.100533120865238], [-75.69644061499997, 4.110653114864885], [-75.68684021799999, 4.118733106864659], [-75.66746944699997, 4.131623057864216], [-75.65139876699999, 4.146993060863694], [-75.64527851399998, 4.152243055863515], [-75.64411846600001, 4.153223054863519], [-75.643128413, 4.155383065863447], [-75.63530812200003, 4.1582330238633665], [-75.627087819, 4.1609529778632695], [-75.62686781100001, 4.161032976863242], [-75.62188762599999, 4.1628129498631825], [-75.61600738800001, 4.16721293886308], [-75.60795707, 4.172292915862888], [-75.59983670399998, 4.182642940862532], [-75.59807661399998, 4.186142957862439], [-75.59572648199998, 4.192052992862241], [-75.59221630399998, 4.198803024862039], [-75.58819614200002, 4.20168301586193], [-75.582685911, 4.206773014861772], [-75.574985621, 4.210002977861633], [-75.57066544600002, 4.213252969861533], [-75.56346515799999, 4.218202952861385], [-75.558644948, 4.223452958861199], [-75.54875454299997, 4.2313429448609545], [-75.536794053, 4.240902928860659], [-75.53019378099998, 4.246302920860466], [-75.52164342200001, 4.25420291886023], [-75.516603143, 4.2664429888597954], [-75.51204291300002, 4.275003028859536], [-75.50415254299998, 4.286513065859161], [-75.49667222900001, 4.2933630638589415], [-75.481341579, 4.308023064858441], [-75.47317123200003, 4.315953066858203], [-75.46650096500002, 4.320533049858046], [-75.45949069199997, 4.3245530248579165], [-75.43762981600003, 4.339682971857417], [-75.40758871100002, 4.349532794857117], [-75.37612753600001, 4.36175262685669], [-75.36518711000002, 4.368062587856485], [-75.35493672500002, 4.372322535856373], [-75.34444631999997, 4.377922493856196], [-75.332715887, 4.3819724258560475], [-75.33189585500003, 4.382432422856044], [-75.32438556300002, 4.386632393855895], [-75.31481519800002, 4.391302351855766], [-75.30309475400003, 4.396592294855571], [-75.294144415, 4.400632251855419], [-75.27979387099998, 4.407182183855245], [-75.27107353500003, 4.4118221478550765], [-75.26476329600001, 4.414662117855005], [-75.25180281399997, 4.419632046854815], [-75.23879233999997, 4.423451963854672], [-75.22923199600001, 4.4257818988546305], [-75.221161709, 4.42745184185455], [-75.212441394, 4.429781783854488], [-75.198190882, 4.433151685854354], [-75.194160738, 4.434101657854327], [-75.18526042600001, 4.435441589854287], [-75.17851018699997, 4.436611538854279], [-75.17174994599998, 4.438111491854235], [-75.16548972099997, 4.439601448854176], [-75.15840946200001, 4.441931405854073], [-75.151159199, 4.443931358853999], [-75.14506898399998, 4.445091313854014], [-75.13781872599998, 4.446591261853967], [-75.13007844999998, 4.44826120685386], [-75.12381821499997, 4.450911173853795], [-75.11689796500002, 4.452741127853751], [-75.103877506, 4.455071030853652], [-75.094167159, 4.4572409618536115], [-75.084116806, 4.458900885853521], [-75.07439645800002, 4.46123081785345], [-75.06566614000002, 4.463890762853374], [-75.05743583600002, 4.46688071485328], [-75.05166562199997, 4.469040682853217], [-75.04211529600002, 4.469550599853184], [-75.03518506, 4.469890539853175], [-75.02843481399998, 4.472040497853121], [-75.01871446899997, 4.4740404268530245], [-75.00899412400003, 4.4760403558529855], [-75.000263802, 4.479190304852855], [-74.99153348300001, 4.482020250852783], [-74.97967304100001, 4.486830185852648], [-74.96896263500003, 4.491970134852435], [-74.96139235599998, 4.4946200898523925], [-74.95423209400002, 4.4970300458523145], [-74.95299204899999, 4.497440038852311], [-74.94425174499997, 4.49860996885222], [-74.93618146199998, 4.499949906852175], [-74.93542143399998, 4.50014990185217], [-74.92679112399998, 4.502439842852113], [-74.91921085299998, 4.504269789852087], [-74.91460067700001, 4.506589768851998], [-74.91015050700003, 4.508909748851909], [-74.90504031299997, 4.511389724851843], [-74.89895006699999, 4.5158697098516924], [-74.89335983000001, 4.521329708851489], [-74.88759958499998, 4.526959706851323], [-74.882319376, 4.5304396898511925], [-74.87260895999998, 4.540369691850897], [-74.867668756, 4.544519683850778], [-74.861738527, 4.547829658850647], [-74.85432824200001, 4.551809626850527], [-74.848728021, 4.55544960885039], [-74.84460786300002, 4.557609589850357], [-74.83985769399999, 4.5587195568503045]]}, "properties": {"OBJECTID": 8842, "AFGE_CODG_FGE": 32865, "APST_TIPO_FALLA": 130000, "APST_ACTV_FALLA": 0, "AFGE_ULTM_USUAR": "Jorge Gómez Tapias", "AFGE_ULTM_FECHA": 1184889600000, "EDA_CODG_EDAD": null, "NFG_CODG_NOMB": 229, "CODG_DANE": "76", "DEPARTAMENTO": "VALLE DEL CAUCA", "MUNICIPIO": "SEVILLA", "SHAPE.LEN": 1.15852971816845}}, {"type": "Feature", "id": 8848, "geometry": {"type": "LineString", "coordinates": [[-75.82526582999998, 4.014543334868018], [-75.80183486300001, 4.034083314867374], [-75.78382415499999, 4.045063261867022], [-75.76546341300002, 4.058673229866604], [-75.75732308900001, 4.0640832098663955], [-75.748952756, 4.069643188866212], [-75.73399214599999, 4.081363167865847], [-75.70802109599998, 4.100533120865238], [-75.69644061499997, 4.110653114864885], [-75.68684021799999, 4.118733106864659], [-75.66746944699997, 4.131623057864216], [-75.65139876699999, 4.146993060863694], [-75.64527851399998, 4.152243055863515], [-75.64411846600001, 4.153223054863519], [-75.643128413, 4.155383065863447], [-75.63530812200003, 4.1582330238633665], [-75.627087819, 4.1609529778632695], [-75.62686781100001, 4.161032976863242], [-75.62188762599999, 4.1628129498631825], [-75.61600738800001, 4.16721293886308], [-75.60795707, 4.172292915862888], [-75.59983670399998, 4.182642940862532], [-75.59807661399998, 4.186142957862439], [-75.59572648199998, 4.192052992862241], [-75.59221630399998, 4.198803024862039], [-75.58819614200002, 4.20168301586193], [-75.582685911, 4.206773014861772], [-75.574985621, 4.210002977861633], [-75.57066544600002, 4.213252969861533], [-75.56346515799999, 4.218202952861385], [-75.558644948, 4.223452958861199], [-75.54875454299997, 4.2313429448609545], [-75.536794053, 4.240902928860659], [-75.53019378099998, 4.246302920860466], [-75.52164342200001, 4.25420291886023], [-75.516603143, 4.2664429888597954], [-75.51204291300002, 4.275003028859536], [-75.50415254299998, 4.286513065859161], [-75.49667222900001, 4.2933630638589415], [-75.481341579, 4.308023064858441], [-75.47317123200003, 4.315953066858203], [-75.46650096500002, 4.320533049858046], [-75.45949069199997, 4.3245530248579165], [-75.43762981600003, 4.339682971857417], [-75.40758871100002, 4.349532794857117], [-75.37612753600001, 4.36175262685669], [-75.36518711000002, 4.368062587856485], [-75.35493672500002, 4.372322535856373], [-75.34444631999997, 4.377922493856196], [-75.332715887, 4.3819724258560475], [-75.33189585500003, 4.382432422856044], [-75.32438556300002, 4.386632393855895], [-75.31481519800002, 4.391302351855766], [-75.30309475400003, 4.396592294855571], [-75.294144415, 4.400632251855419], [-75.27979387099998, 4.407182183855245], [-75.27107353500003, 4.4118221478550765], [-75.26476329600001, 4.414662117855005], [-75.25180281399997, 4.419632046854815], [-75.23879233999997, 4.423451963854672], [-75.22923199600001, 4.4257818988546305], [-75.221161709, 4.42745184185455], [-75.212441394, 4.429781783854488], [-75.198190882, 4.433151685854354], [-75.194160738, 4.434101657854327], [-75.18526042600001, 4.435441589854287], [-75.17851018699997, 4.436611538854279], [-75.17174994599998, 4.438111491854235], [-75.16548972099997, 4.439601448854176], [-75.15840946200001, 4.441931405854073], [-75.151159199, 4.443931358853999], [-75.14506898399998, 4.445091313854014], [-75.13781872599998, 4.446591261853967], [-75.13007844999998, 4.44826120685386], [-75.12381821499997, 4.450911173853795], [-75.11689796500002, 4.452741127853751], [-75.103877506, 4.455071030853652], [-75.094167159, 4.4572409618536115], [-75.084116806, 4.458900885853521], [-75.07439645800002, 4.46123081785345], [-75.06566614000002, 4.463890762853374], [-75.05743583600002, 4.46688071485328], [-75.05166562199997, 4.469040682853217], [-75.04211529600002, 4.469550599853184], [-75.03518506, 4.469890539853175], [-75.02843481399998, 4.472040497853121], [-75.01871446899997, 4.4740404268530245], [-75.00899412400003, 4.4760403558529855], [-75.000263802, 4.479190304852855], [-74.99153348300001, 4.482020250852783], [-74.97967304100001, 4.486830185852648], [-74.96896263500003, 4.491970134852435], [-74.96139235599998, 4.4946200898523925], [-74.95423209400002, 4.4970300458523145], [-74.95299204899999, 4.497440038852311], [-74.94425174499997, 4.49860996885222], [-74.93618146199998, 4.499949906852175], [-74.93542143399998, 4.50014990185217], [-74.92679112399998, 4.502439842852113], [-74.91921085299998, 4.504269789852087], [-74.91460067700001, 4.506589768851998], [-74.91015050700003, 4.508909748851909], [-74.90504031299997, 4.511389724851843], [-74.89895006699999, 4.5158697098516924], [-74.89335983000001, 4.521329708851489], [-74.88759958499998, 4.526959706851323], [-74.882319376, 4.5304396898511925], [-74.87260895999998, 4.540369691850897], [-74.867668756, 4.544519683850778], [-74.861738527, 4.547829658850647], [-74.85432824200001, 4.551809626850527], [-74.848728021, 4.55544960885039], [-74.84460786300002, 4.557609589850357], [-74.83985769399999, 4.5587195568503045]]}, "properties": {"OBJECTID": 8848, "AFGE_CODG_FGE": 32865, "APST_TIPO_FALLA": 130000, "APST_ACTV_FALLA": 0, "AFGE_ULTM_USUAR": "Jorge Gómez Tapias", "AFGE_ULTM_FECHA": 1184889600000, "EDA_CODG_EDAD": null, "NFG_CODG_NOMB": 229, "CODG_DANE": "73", "DEPARTAMENTO": "TOLIMA", "MUNICIPIO": "SEVILLA", "SHAPE.LEN": 1.15852971816845}}, {"type": "Feature", "id": 8849, "geometry": {"type": "LineString", "coordinates": [[-75.82526582999998, 4.014543334868018], [-75.80183486300001, 4.034083314867374], [-75.78382415499999, 4.045063261867022], [-75.76546341300002, 4.058673229866604], [-75.75732308900001, 4.0640832098663955], [-75.748952756, 4.069643188866212], [-75.73399214599999, 4.081363167865847], [-75.70802109599998, 4.100533120865238], [-75.69644061499997, 4.110653114864885], [-75.68684021799999, 4.118733106864659], [-75.66746944699997, 4.131623057864216], [-75.65139876699999, 4.146993060863694], [-75.64527851399998, 4.152243055863515], [-75.64411846600001, 4.153223054863519], [-75.643128413, 4.155383065863447], [-75.63530812200003, 4.1582330238633665], [-75.627087819, 4.1609529778632695], [-75.62686781100001, 4.161032976863242], [-75.62188762599999, 4.1628129498631825], [-75.61600738800001, 4.16721293886308], [-75.60795707, 4.172292915862888], [-75.59983670399998, 4.182642940862532], [-75.59807661399998, 4.186142957862439], [-75.59572648199998, 4.192052992862241], [-75.59221630399998, 4.198803024862039], [-75.58819614200002, 4.20168301586193], [-75.582685911, 4.206773014861772], [-75.574985621, 4.210002977861633], [-75.57066544600002, 4.213252969861533], [-75.56346515799999, 4.218202952861385], [-75.558644948, 4.223452958861199], [-75.54875454299997, 4.2313429448609545], [-75.536794053, 4.240902928860659], [-75.53019378099998, 4.246302920860466], [-75.52164342200001, 4.25420291886023], [-75.516603143, 4.2664429888597954], [-75.51204291300002, 4.275003028859536], [-75.50415254299998, 4.286513065859161], [-75.49667222900001, 4.2933630638589415], [-75.481341579, 4.308023064858441], [-75.47317123200003, 4.315953066858203], [-75.46650096500002, 4.320533049858046], [-75.45949069199997, 4.3245530248579165], [-75.43762981600003, 4.339682971857417], [-75.40758871100002, 4.349532794857117], [-75.37612753600001, 4.36175262685669], [-75.36518711000002, 4.368062587856485], [-75.35493672500002, 4.372322535856373], [-75.34444631999997, 4.377922493856196], [-75.332715887, 4.3819724258560475], [-75.33189585500003, 4.382432422856044], [-75.32438556300002, 4.386632393855895], [-75.31481519800002, 4.391302351855766], [-75.30309475400003, 4.396592294855571], [-75.294144415, 4.400632251855419], [-75.27979387099998, 4.407182183855245], [-75.27107353500003, 4.4118221478550765], [-75.26476329600001, 4.414662117855005], [-75.25180281399997, 4.419632046854815], [-75.23879233999997, 4.423451963854672], [-75.22923199600001, 4.4257818988546305], [-75.221161709, 4.42745184185455], [-75.212441394, 4.429781783854488], [-75.198190882, 4.433151685854354], [-75.194160738, 4.434101657854327], [-75.18526042600001, 4.435441589854287], [-75.17851018699997, 4.436611538854279], [-75.17174994599998, 4.438111491854235], [-75.16548972099997, 4.439601448854176], [-75.15840946200001, 4.441931405854073], [-75.151159199, 4.443931358853999], [-75.14506898399998, 4.445091313854014], [-75.13781872599998, 4.446591261853967], [-75.13007844999998, 4.44826120685386], [-75.12381821499997, 4.450911173853795], [-75.11689796500002, 4.452741127853751], [-75.103877506, 4.455071030853652], [-75.094167159, 4.4572409618536115], [-75.084116806, 4.458900885853521], [-75.07439645800002, 4.46123081785345], [-75.06566614000002, 4.463890762853374], [-75.05743583600002, 4.46688071485328], [-75.05166562199997, 4.469040682853217], [-75.04211529600002, 4.469550599853184], [-75.03518506, 4.469890539853175], [-75.02843481399998, 4.472040497853121], [-75.01871446899997, 4.4740404268530245], [-75.00899412400003, 4.4760403558529855], [-75.000263802, 4.479190304852855], [-74.99153348300001, 4.482020250852783], [-74.97967304100001, 4.486830185852648], [-74.96896263500003, 4.491970134852435], [-74.96139235599998, 4.4946200898523925], [-74.95423209400002, 4.4970300458523145], [-74.95299204899999, 4.497440038852311], [-74.94425174499997, 4.49860996885222], [-74.93618146199998, 4.499949906852175], [-74.93542143399998, 4.50014990185217], [-74.92679112399998, 4.502439842852113], [-74.91921085299998, 4.504269789852087], [-74.91460067700001, 4.506589768851998], [-74.91015050700003, 4.508909748851909], [-74.90504031299997, 4.511389724851843], [-74.89895006699999, 4.5158697098516924], [-74.89335983000001, 4.521329708851489], [-74.88759958499998, 4.526959706851323], [-74.882319376, 4.5304396898511925], [-74.87260895999998, 4.540369691850897], [-74.867668756, 4.544519683850778], [-74.861738527, 4.547829658850647], [-74.85432824200001, 4.551809626850527], [-74.848728021, 4.55544960885039], [-74.84460786300002, 4.557609589850357], [-74.83985769399999, 4.5587195568503045]]}, "properties": {"OBJECTID": 8849, "AFGE_CODG_FGE": 32865, "APST_TIPO_FALLA": 130000, "APST_ACTV_FALLA": 0, "AFGE_ULTM_USUAR": "Jorge Gómez Tapias", "AFGE_ULTM_FECHA": 1184889600000, "EDA_CODG_EDAD": null, "NFG_CODG_NOMB": 229, "CODG_DANE": "73", "DEPARTAMENTO": "TOLIMA", "MUNICIPIO": "IBAGUÉ", "SHAPE.LEN": 1.15852971816845}}, {"type": "Feature", "id": 1374, "geometry": {"type": "LineString", "coordinates": [[-75.55348243399999, 4.487125417852629], [-75.55533252499998, 4.4840454048527345], [-75.55623256899997, 4.482515397852743], [-75.558742698, 4.477685373852903], [-75.56006276599999, 4.475155361853015], [-75.56434300199999, 4.464965301853339], [-75.56836324599999, 4.453055223853757], [-75.56876326999998, 4.45184521585375], [-75.57255350100002, 4.440495140854123], [-75.57438361800001, 4.434315097854348], [-75.57966389699999, 4.423215037854727], [-75.583584094, 4.416035004854961], [-75.58389410900003, 4.41554500285493], [-75.58622422100001, 4.411854987855091], [-75.58894435000002, 4.407764972855192], [-75.59137446199998, 4.404474963855289], [-75.59631468999999, 4.39776494385555], [-75.60183494500001, 4.39028492085576], [-75.60595513200002, 4.384944906855925], [-75.61240543299999, 4.3757648768562465], [-75.617045652, 4.368954852856462], [-75.62014580300001, 4.363814831856643], [-75.622235908, 4.359944812856791], [-75.62614610600002, 4.3526747788569855], [-75.62987629100002, 4.346124748857234], [-75.63169638599999, 4.342304728857319], [-75.633516488, 4.337764701857504], [-75.63661666299998, 4.329934654857736], [-75.63862677999998, 4.324484620857936], [-75.64044688400003, 4.319654590858093], [-75.64180696599999, 4.3156545648581925], [-75.64418711899998, 4.3074645078584854], [-75.64764732600003, 4.29728444185879], [-75.65065750299999, 4.288914388859098], [-75.65239761499998, 4.28290434785926], [-75.65475774499998, 4.277264314859485], [-75.657767912, 4.2698142708596745], [-75.66031805300003, 4.2637142358599], [-75.662048142, 4.260254217860018], [-75.66486828500001, 4.254894191860184], [-75.66621834900002, 4.252874184860251], [-75.66758841299998, 4.250804177860336], [-75.67150859999998, 4.244714154860517], [-75.67331869100002, 4.24134413886061], [-75.675518796, 4.237944125860747], [-75.67649884500003, 4.2362041178607885], [-75.67822892800001, 4.233354105860871], [-75.68098905, 4.230204100861023], [-75.691049481, 4.220134093861329], [-75.69805977800002, 4.213444092861562], [-75.70951026699998, 4.202114085861903], [-75.719660713, 4.190584066862267], [-75.73061120099999, 4.177354037862699], [-75.738121541, 4.167624011863013], [-75.746091917, 4.155573967863428], [-75.75457234200002, 4.139903894863913], [-75.761512702, 4.125633820864417], [-75.769473113, 4.1095137388649565], [-75.78053365400001, 4.090473656865571], [-75.79252424100002, 4.069673565866242], [-75.80102465700003, 4.054963502866722], [-75.81283523000002, 4.035083418867351], [-75.82423577999998, 4.0162833418679895], [-75.82478580600002, 4.015343337867989], [-75.82526582999998, 4.014543334868018], [-75.83292619999997, 4.001753281868432], [-75.84016654700002, 3.989933233868811], [-75.847936903, 3.9792832018691633], [-75.859667409, 3.9668731868695684], [-75.87147790400002, 3.955983186869961], [-75.884868471, 3.9430331818703928], [-75.89014868800001, 3.9387031868704945], [-75.89174875100002, 3.9377231908705195], [-75.89728898300001, 3.9326331908706864], [-75.90171917100002, 3.9282431878708657], [-75.90408927200002, 3.9258831868709434]]}, "properties": {"OBJECTID": 1374, "AFGE_CODG_FGE": 30676, "APST_TIPO_FALLA": 100000, "APST_ACTV_FALLA": 0, "AFGE_ULTM_USUAR": "Jorge Gómez Tapias", "AFGE_ULTM_FECHA": 1184889600000, "EDA_CODG_EDAD": null, "NFG_CODG_NOMB": 527, "CODG_DANE": "63", "DEPARTAMENTO": "QUINDÍO", "MUNICIPIO": "SEVILLA", "SHAPE.LEN": 0.669482161483351}}, {"type": "Feature", "id": 1378, "geometry": {"type": "LineString", "coordinates": [[-75.55348243399999, 4.487125417852629], [-75.55533252499998, 4.4840454048527345], [-75.55623256899997, 4.482515397852743], [-75.558742698, 4.477685373852903], [-75.56006276599999, 4.475155361853015], [-75.56434300199999, 4.464965301853339], [-75.56836324599999, 4.453055223853757], [-75.56876326999998, 4.45184521585375], [-75.57255350100002, 4.440495140854123], [-75.57438361800001, 4.434315097854348], [-75.57966389699999, 4.423215037854727], [-75.583584094, 4.416035004854961], [-75.58389410900003, 4.41554500285493], [-75.58622422100001, 4.411854987855091], [-75.58894435000002, 4.407764972855192], [-75.59137446199998, 4.404474963855289], [-75.59631468999999, 4.39776494385555], [-75.60183494500001, 4.39028492085576], [-75.60595513200002, 4.384944906855925], [-75.61240543299999, 4.3757648768562465], [-75.617045652, 4.368954852856462], [-75.62014580300001, 4.363814831856643], [-75.622235908, 4.359944812856791], [-75.62614610600002, 4.3526747788569855], [-75.62987629100002, 4.346124748857234], [-75.63169638599999, 4.342304728857319], [-75.633516488, 4.337764701857504], [-75.63661666299998, 4.329934654857736], [-75.63862677999998, 4.324484620857936], [-75.64044688400003, 4.319654590858093], [-75.64180696599999, 4.3156545648581925], [-75.64418711899998, 4.3074645078584854], [-75.64764732600003, 4.29728444185879], [-75.65065750299999, 4.288914388859098], [-75.65239761499998, 4.28290434785926], [-75.65475774499998, 4.277264314859485], [-75.657767912, 4.2698142708596745], [-75.66031805300003, 4.2637142358599], [-75.662048142, 4.260254217860018], [-75.66486828500001, 4.254894191860184], [-75.66621834900002, 4.252874184860251], [-75.66758841299998, 4.250804177860336], [-75.67150859999998, 4.244714154860517], [-75.67331869100002, 4.24134413886061], [-75.675518796, 4.237944125860747], [-75.67649884500003, 4.2362041178607885], [-75.67822892800001, 4.233354105860871], [-75.68098905, 4.230204100861023], [-75.691049481, 4.220134093861329], [-75.69805977800002, 4.213444092861562], [-75.70951026699998, 4.202114085861903], [-75.719660713, 4.190584066862267], [-75.73061120099999, 4.177354037862699], [-75.738121541, 4.167624011863013], [-75.746091917, 4.155573967863428], [-75.75457234200002, 4.139903894863913], [-75.761512702, 4.125633820864417], [-75.769473113, 4.1095137388649565], [-75.78053365400001, 4.090473656865571], [-75.79252424100002, 4.069673565866242], [-75.80102465700003, 4.054963502866722], [-75.81283523000002, 4.035083418867351], [-75.82423577999998, 4.0162833418679895], [-75.82478580600002, 4.015343337867989], [-75.82526582999998, 4.014543334868018], [-75.83292619999997, 4.001753281868432], [-75.84016654700002, 3.989933233868811], [-75.847936903, 3.9792832018691633], [-75.859667409, 3.9668731868695684], [-75.87147790400002, 3.955983186869961], [-75.884868471, 3.9430331818703928], [-75.89014868800001, 3.9387031868704945], [-75.89174875100002, 3.9377231908705195], [-75.89728898300001, 3.9326331908706864], [-75.90171917100002, 3.9282431878708657], [-75.90408927200002, 3.9258831868709434]]}, "properties": {"OBJECTID": 1378, "AFGE_CODG_FGE": 30676, "APST_TIPO_FALLA": 100000, "APST_ACTV_FALLA": 0, "AFGE_ULTM_USUAR": "Jorge Gómez Tapias", "AFGE_ULTM_FECHA": 1184889600000, "EDA_CODG_EDAD": null, "NFG_CODG_NOMB": 527, "CODG_DANE": "63", "DEPARTAMENTO": "QUINDÍO", "MUNICIPIO": "SALENTO", "SHAPE.LEN": 0.669482161483351}}, {"type": "Feature", "id": 1385, "geometry": {"type": "LineString", "coordinates": [[-75.55348243399999, 4.487125417852629], [-75.55533252499998, 4.4840454048527345], [-75.55623256899997, 4.482515397852743], [-75.558742698, 4.477685373852903], [-75.56006276599999, 4.475155361853015], [-75.56434300199999, 4.464965301853339], [-75.56836324599999, 4.453055223853757], [-75.56876326999998, 4.45184521585375], [-75.57255350100002, 4.440495140854123], [-75.57438361800001, 4.434315097854348], [-75.57966389699999, 4.423215037854727], [-75.583584094, 4.416035004854961], [-75.58389410900003, 4.41554500285493], [-75.58622422100001, 4.411854987855091], [-75.58894435000002, 4.407764972855192], [-75.59137446199998, 4.404474963855289], [-75.59631468999999, 4.39776494385555], [-75.60183494500001, 4.39028492085576], [-75.60595513200002, 4.384944906855925], [-75.61240543299999, 4.3757648768562465], [-75.617045652, 4.368954852856462], [-75.62014580300001, 4.363814831856643], [-75.622235908, 4.359944812856791], [-75.62614610600002, 4.3526747788569855], [-75.62987629100002, 4.346124748857234], [-75.63169638599999, 4.342304728857319], [-75.633516488, 4.337764701857504], [-75.63661666299998, 4.329934654857736], [-75.63862677999998, 4.324484620857936], [-75.64044688400003, 4.319654590858093], [-75.64180696599999, 4.3156545648581925], [-75.64418711899998, 4.3074645078584854], [-75.64764732600003, 4.29728444185879], [-75.65065750299999, 4.288914388859098], [-75.65239761499998, 4.28290434785926], [-75.65475774499998, 4.277264314859485], [-75.657767912, 4.2698142708596745], [-75.66031805300003, 4.2637142358599], [-75.662048142, 4.260254217860018], [-75.66486828500001, 4.254894191860184], [-75.66621834900002, 4.252874184860251], [-75.66758841299998, 4.250804177860336], [-75.67150859999998, 4.244714154860517], [-75.67331869100002, 4.24134413886061], [-75.675518796, 4.237944125860747], [-75.67649884500003, 4.2362041178607885], [-75.67822892800001, 4.233354105860871], [-75.68098905, 4.230204100861023], [-75.691049481, 4.220134093861329], [-75.69805977800002, 4.213444092861562], [-75.70951026699998, 4.202114085861903], [-75.719660713, 4.190584066862267], [-75.73061120099999, 4.177354037862699], [-75.738121541, 4.167624011863013], [-75.746091917, 4.155573967863428], [-75.75457234200002, 4.139903894863913], [-75.761512702, 4.125633820864417], [-75.769473113, 4.1095137388649565], [-75.78053365400001, 4.090473656865571], [-75.79252424100002, 4.069673565866242], [-75.80102465700003, 4.054963502866722], [-75.81283523000002, 4.035083418867351], [-75.82423577999998, 4.0162833418679895], [-75.82478580600002, 4.015343337867989], [-75.82526582999998, 4.014543334868018], [-75.83292619999997, 4.001753281868432], [-75.84016654700002, 3.989933233868811], [-75.847936903, 3.9792832018691633], [-75.859667409, 3.9668731868695684], [-75.87147790400002, 3.955983186869961], [-75.884868471, 3.9430331818703928], [-75.89014868800001, 3.9387031868704945], [-75.89174875100002, 3.9377231908705195], [-75.89728898300001, 3.9326331908706864], [-75.90171917100002, 3.9282431878708657], [-75.90408927200002, 3.9258831868709434]]}, "properties": {"OBJECTID": 1385, "AFGE_CODG_FGE": 30676, "APST_TIPO_FALLA": 100000, "APST_ACTV_FALLA": 0, "AFGE_ULTM_USUAR": "Jorge Gómez Tapias", "AFGE_ULTM_FECHA": 1184889600000, "EDA_CODG_EDAD": null, "NFG_CODG_NOMB": 527, "CODG_DANE": "76", "DEPARTAMENTO": "VALLE DEL CAUCA", "MUNICIPIO": "CAJAMARCA", "SHAPE.LEN": 0.669482161483351}}, {"type": "Feature", "id": 1389, "geometry": {"type": "LineString", "coordinates": [[-75.55348243399999, 4.487125417852629], [-75.55533252499998, 4.4840454048527345], [-75.55623256899997, 4.482515397852743], [-75.558742698, 4.477685373852903], [-75.56006276599999, 4.475155361853015], [-75.56434300199999, 4.464965301853339], [-75.56836324599999, 4.453055223853757], [-75.56876326999998, 4.45184521585375], [-75.57255350100002, 4.440495140854123], [-75.57438361800001, 4.434315097854348], [-75.57966389699999, 4.423215037854727], [-75.583584094, 4.416035004854961], [-75.58389410900003, 4.41554500285493], [-75.58622422100001, 4.411854987855091], [-75.58894435000002, 4.407764972855192], [-75.59137446199998, 4.404474963855289], [-75.59631468999999, 4.39776494385555], [-75.60183494500001, 4.39028492085576], [-75.60595513200002, 4.384944906855925], [-75.61240543299999, 4.3757648768562465], [-75.617045652, 4.368954852856462], [-75.62014580300001, 4.363814831856643], [-75.622235908, 4.359944812856791], [-75.62614610600002, 4.3526747788569855], [-75.62987629100002, 4.346124748857234], [-75.63169638599999, 4.342304728857319], [-75.633516488, 4.337764701857504], [-75.63661666299998, 4.329934654857736], [-75.63862677999998, 4.324484620857936], [-75.64044688400003, 4.319654590858093], [-75.64180696599999, 4.3156545648581925], [-75.64418711899998, 4.3074645078584854], [-75.64764732600003, 4.29728444185879], [-75.65065750299999, 4.288914388859098], [-75.65239761499998, 4.28290434785926], [-75.65475774499998, 4.277264314859485], [-75.657767912, 4.2698142708596745], [-75.66031805300003, 4.2637142358599], [-75.662048142, 4.260254217860018], [-75.66486828500001, 4.254894191860184], [-75.66621834900002, 4.252874184860251], [-75.66758841299998, 4.250804177860336], [-75.67150859999998, 4.244714154860517], [-75.67331869100002, 4.24134413886061], [-75.675518796, 4.237944125860747], [-75.67649884500003, 4.2362041178607885], [-75.67822892800001, 4.233354105860871], [-75.68098905, 4.230204100861023], [-75.691049481, 4.220134093861329], [-75.69805977800002, 4.213444092861562], [-75.70951026699998, 4.202114085861903], [-75.719660713, 4.190584066862267], [-75.73061120099999, 4.177354037862699], [-75.738121541, 4.167624011863013], [-75.746091917, 4.155573967863428], [-75.75457234200002, 4.139903894863913], [-75.761512702, 4.125633820864417], [-75.769473113, 4.1095137388649565], [-75.78053365400001, 4.090473656865571], [-75.79252424100002, 4.069673565866242], [-75.80102465700003, 4.054963502866722], [-75.81283523000002, 4.035083418867351], [-75.82423577999998, 4.0162833418679895], [-75.82478580600002, 4.015343337867989], [-75.82526582999998, 4.014543334868018], [-75.83292619999997, 4.001753281868432], [-75.84016654700002, 3.989933233868811], [-75.847936903, 3.9792832018691633], [-75.859667409, 3.9668731868695684], [-75.87147790400002, 3.955983186869961], [-75.884868471, 3.9430331818703928], [-75.89014868800001, 3.9387031868704945], [-75.89174875100002, 3.9377231908705195], [-75.89728898300001, 3.9326331908706864], [-75.90171917100002, 3.9282431878708657], [-75.90408927200002, 3.9258831868709434]]}, "properties": {"OBJECTID": 1389, "AFGE_CODG_FGE": 30676, "APST_TIPO_FALLA": 100000, "APST_ACTV_FALLA": 0, "AFGE_ULTM_USUAR": "Jorge Gómez Tapias", "AFGE_ULTM_FECHA": 1184889600000, "EDA_CODG_EDAD": null, "NFG_CODG_NOMB": 527, "CODG_DANE": "73", "DEPARTAMENTO": "TOLIMA", "MUNICIPIO": "PIJAO", "SHAPE.LEN": 0.669482161483351}}, {"type": "Feature", "id": 8843, "geometry": {"type": "LineString", "coordinates": [[-75.82526582999998, 4.014543334868018], [-75.80183486300001, 4.034083314867374], [-75.78382415499999, 4.045063261867022], [-75.76546341300002, 4.058673229866604], [-75.75732308900001, 4.0640832098663955], [-75.748952756, 4.069643188866212], [-75.73399214599999, 4.081363167865847], [-75.70802109599998, 4.100533120865238], [-75.69644061499997, 4.110653114864885], [-75.68684021799999, 4.118733106864659], [-75.66746944699997, 4.131623057864216], [-75.65139876699999, 4.146993060863694], [-75.64527851399998, 4.152243055863515], [-75.64411846600001, 4.153223054863519], [-75.643128413, 4.155383065863447], [-75.63530812200003, 4.1582330238633665], [-75.627087819, 4.1609529778632695], [-75.62686781100001, 4.161032976863242], [-75.62188762599999, 4.1628129498631825], [-75.61600738800001, 4.16721293886308], [-75.60795707, 4.172292915862888], [-75.59983670399998, 4.182642940862532], [-75.59807661399998, 4.186142957862439], [-75.59572648199998, 4.192052992862241], [-75.59221630399998, 4.198803024862039], [-75.58819614200002, 4.20168301586193], [-75.582685911, 4.206773014861772], [-75.574985621, 4.210002977861633], [-75.57066544600002, 4.213252969861533], [-75.56346515799999, 4.218202952861385], [-75.558644948, 4.223452958861199], [-75.54875454299997, 4.2313429448609545], [-75.536794053, 4.240902928860659], [-75.53019378099998, 4.246302920860466], [-75.52164342200001, 4.25420291886023], [-75.516603143, 4.2664429888597954], [-75.51204291300002, 4.275003028859536], [-75.50415254299998, 4.286513065859161], [-75.49667222900001, 4.2933630638589415], [-75.481341579, 4.308023064858441], [-75.47317123200003, 4.315953066858203], [-75.46650096500002, 4.320533049858046], [-75.45949069199997, 4.3245530248579165], [-75.43762981600003, 4.339682971857417], [-75.40758871100002, 4.349532794857117], [-75.37612753600001, 4.36175262685669], [-75.36518711000002, 4.368062587856485], [-75.35493672500002, 4.372322535856373], [-75.34444631999997, 4.377922493856196], [-75.332715887, 4.3819724258560475], [-75.33189585500003, 4.382432422856044], [-75.32438556300002, 4.386632393855895], [-75.31481519800002, 4.391302351855766], [-75.30309475400003, 4.396592294855571], [-75.294144415, 4.400632251855419], [-75.27979387099998, 4.407182183855245], [-75.27107353500003, 4.4118221478550765], [-75.26476329600001, 4.414662117855005], [-75.25180281399997, 4.419632046854815], [-75.23879233999997, 4.423451963854672], [-75.22923199600001, 4.4257818988546305], [-75.221161709, 4.42745184185455], [-75.212441394, 4.429781783854488], [-75.198190882, 4.433151685854354], [-75.194160738, 4.434101657854327], [-75.18526042600001, 4.435441589854287], [-75.17851018699997, 4.436611538854279], [-75.17174994599998, 4.438111491854235], [-75.16548972099997, 4.439601448854176], [-75.15840946200001, 4.441931405854073], [-75.151159199, 4.443931358853999], [-75.14506898399998, 4.445091313854014], [-75.13781872599998, 4.446591261853967], [-75.13007844999998, 4.44826120685386], [-75.12381821499997, 4.450911173853795], [-75.11689796500002, 4.452741127853751], [-75.103877506, 4.455071030853652], [-75.094167159, 4.4572409618536115], [-75.084116806, 4.458900885853521], [-75.07439645800002, 4.46123081785345], [-75.06566614000002, 4.463890762853374], [-75.05743583600002, 4.46688071485328], [-75.05166562199997, 4.469040682853217], [-75.04211529600002, 4.469550599853184], [-75.03518506, 4.469890539853175], [-75.02843481399998, 4.472040497853121], [-75.01871446899997, 4.4740404268530245], [-75.00899412400003, 4.4760403558529855], [-75.000263802, 4.479190304852855], [-74.99153348300001, 4.482020250852783], [-74.97967304100001, 4.486830185852648], [-74.96896263500003, 4.491970134852435], [-74.96139235599998, 4.4946200898523925], [-74.95423209400002, 4.4970300458523145], [-74.95299204899999, 4.497440038852311], [-74.94425174499997, 4.49860996885222], [-74.93618146199998, 4.499949906852175], [-74.93542143399998, 4.50014990185217], [-74.92679112399998, 4.502439842852113], [-74.91921085299998, 4.504269789852087], [-74.91460067700001, 4.506589768851998], [-74.91015050700003, 4.508909748851909], [-74.90504031299997, 4.511389724851843], [-74.89895006699999, 4.5158697098516924], [-74.89335983000001, 4.521329708851489], [-74.88759958499998, 4.526959706851323], [-74.882319376, 4.5304396898511925], [-74.87260895999998, 4.540369691850897], [-74.867668756, 4.544519683850778], [-74.861738527, 4.547829658850647], [-74.85432824200001, 4.551809626850527], [-74.848728021, 4.55544960885039], [-74.84460786300002, 4.557609589850357], [-74.83985769399999, 4.5587195568503045]]}, "properties": {"OBJECTID": 8843, "AFGE_CODG_FGE": 32865, "APST_TIPO_FALLA": 130000, "APST_ACTV_FALLA": 0, "AFGE_ULTM_USUAR": "Jorge Gómez Tapias", "AFGE_ULTM_FECHA": 1184889600000, "EDA_CODG_EDAD": null, "NFG_CODG_NOMB": 229, "CODG_DANE": "76", "DEPARTAMENTO": "VALLE DEL CAUCA", "MUNICIPIO": "IBAGUÉ", "SHAPE.LEN": 1.15852971816845}}, {"type": "Feature", "id": 8846, "geometry": {"type": "LineString", "coordinates": [[-75.82526582999998, 4.014543334868018], [-75.80183486300001, 4.034083314867374], [-75.78382415499999, 4.045063261867022], [-75.76546341300002, 4.058673229866604], [-75.75732308900001, 4.0640832098663955], [-75.748952756, 4.069643188866212], [-75.73399214599999, 4.081363167865847], [-75.70802109599998, 4.100533120865238], [-75.69644061499997, 4.110653114864885], [-75.68684021799999, 4.118733106864659], [-75.66746944699997, 4.131623057864216], [-75.65139876699999, 4.146993060863694], [-75.64527851399998, 4.152243055863515], [-75.64411846600001, 4.153223054863519], [-75.643128413, 4.155383065863447], [-75.63530812200003, 4.1582330238633665], [-75.627087819, 4.1609529778632695], [-75.62686781100001, 4.161032976863242], [-75.62188762599999, 4.1628129498631825], [-75.61600738800001, 4.16721293886308], [-75.60795707, 4.172292915862888], [-75.59983670399998, 4.182642940862532], [-75.59807661399998, 4.186142957862439], [-75.59572648199998, 4.192052992862241], [-75.59221630399998, 4.198803024862039], [-75.58819614200002, 4.20168301586193], [-75.582685911, 4.206773014861772], [-75.574985621, 4.210002977861633], [-75.57066544600002, 4.213252969861533], [-75.56346515799999, 4.218202952861385], [-75.558644948, 4.223452958861199], [-75.54875454299997, 4.2313429448609545], [-75.536794053, 4.240902928860659], [-75.53019378099998, 4.246302920860466], [-75.52164342200001, 4.25420291886023], [-75.516603143, 4.2664429888597954], [-75.51204291300002, 4.275003028859536], [-75.50415254299998, 4.286513065859161], [-75.49667222900001, 4.2933630638589415], [-75.481341579, 4.308023064858441], [-75.47317123200003, 4.315953066858203], [-75.46650096500002, 4.320533049858046], [-75.45949069199997, 4.3245530248579165], [-75.43762981600003, 4.339682971857417], [-75.40758871100002, 4.349532794857117], [-75.37612753600001, 4.36175262685669], [-75.36518711000002, 4.368062587856485], [-75.35493672500002, 4.372322535856373], [-75.34444631999997, 4.377922493856196], [-75.332715887, 4.3819724258560475], [-75.33189585500003, 4.382432422856044], [-75.32438556300002, 4.386632393855895], [-75.31481519800002, 4.391302351855766], [-75.30309475400003, 4.396592294855571], [-75.294144415, 4.400632251855419], [-75.27979387099998, 4.407182183855245], [-75.27107353500003, 4.4118221478550765], [-75.26476329600001, 4.414662117855005], [-75.25180281399997, 4.419632046854815], [-75.23879233999997, 4.423451963854672], [-75.22923199600001, 4.4257818988546305], [-75.221161709, 4.42745184185455], [-75.212441394, 4.429781783854488], [-75.198190882, 4.433151685854354], [-75.194160738, 4.434101657854327], [-75.18526042600001, 4.435441589854287], [-75.17851018699997, 4.436611538854279], [-75.17174994599998, 4.438111491854235], [-75.16548972099997, 4.439601448854176], [-75.15840946200001, 4.441931405854073], [-75.151159199, 4.443931358853999], [-75.14506898399998, 4.445091313854014], [-75.13781872599998, 4.446591261853967], [-75.13007844999998, 4.44826120685386], [-75.12381821499997, 4.450911173853795], [-75.11689796500002, 4.452741127853751], [-75.103877506, 4.455071030853652], [-75.094167159, 4.4572409618536115], [-75.084116806, 4.458900885853521], [-75.07439645800002, 4.46123081785345], [-75.06566614000002, 4.463890762853374], [-75.05743583600002, 4.46688071485328], [-75.05166562199997, 4.469040682853217], [-75.04211529600002, 4.469550599853184], [-75.03518506, 4.469890539853175], [-75.02843481399998, 4.472040497853121], [-75.01871446899997, 4.4740404268530245], [-75.00899412400003, 4.4760403558529855], [-75.000263802, 4.479190304852855], [-74.99153348300001, 4.482020250852783], [-74.97967304100001, 4.486830185852648], [-74.96896263500003, 4.491970134852435], [-74.96139235599998, 4.4946200898523925], [-74.95423209400002, 4.4970300458523145], [-74.95299204899999, 4.497440038852311], [-74.94425174499997, 4.49860996885222], [-74.93618146199998, 4.499949906852175], [-74.93542143399998, 4.50014990185217], [-74.92679112399998, 4.502439842852113], [-74.91921085299998, 4.504269789852087], [-74.91460067700001, 4.506589768851998], [-74.91015050700003, 4.508909748851909], [-74.90504031299997, 4.511389724851843], [-74.89895006699999, 4.5158697098516924], [-74.89335983000001, 4.521329708851489], [-74.88759958499998, 4.526959706851323], [-74.882319376, 4.5304396898511925], [-74.87260895999998, 4.540369691850897], [-74.867668756, 4.544519683850778], [-74.861738527, 4.547829658850647], [-74.85432824200001, 4.551809626850527], [-74.848728021, 4.55544960885039], [-74.84460786300002, 4.557609589850357], [-74.83985769399999, 4.5587195568503045]]}, "properties": {"OBJECTID": 8846, "AFGE_CODG_FGE": 32865, "APST_TIPO_FALLA": 130000, "APST_ACTV_FALLA": 0, "AFGE_ULTM_USUAR": "Jorge Gómez Tapias", "AFGE_ULTM_FECHA": 1184889600000, "EDA_CODG_EDAD": null, "NFG_CODG_NOMB": 229, "CODG_DANE": "73", "DEPARTAMENTO": "TOLIMA", "MUNICIPIO": "RONCESVALLES", "SHAPE.LEN": 1.15852971816845}}, {"type": "Feature", "id": 8850, "geometry": {"type": "LineString", "coordinates": [[-75.82526582999998, 4.014543334868018], [-75.80183486300001, 4.034083314867374], [-75.78382415499999, 4.045063261867022], [-75.76546341300002, 4.058673229866604], [-75.75732308900001, 4.0640832098663955], [-75.748952756, 4.069643188866212], [-75.73399214599999, 4.081363167865847], [-75.70802109599998, 4.100533120865238], [-75.69644061499997, 4.110653114864885], [-75.68684021799999, 4.118733106864659], [-75.66746944699997, 4.131623057864216], [-75.65139876699999, 4.146993060863694], [-75.64527851399998, 4.152243055863515], [-75.64411846600001, 4.153223054863519], [-75.643128413, 4.155383065863447], [-75.63530812200003, 4.1582330238633665], [-75.627087819, 4.1609529778632695], [-75.62686781100001, 4.161032976863242], [-75.62188762599999, 4.1628129498631825], [-75.61600738800001, 4.16721293886308], [-75.60795707, 4.172292915862888], [-75.59983670399998, 4.182642940862532], [-75.59807661399998, 4.186142957862439], [-75.59572648199998, 4.192052992862241], [-75.59221630399998, 4.198803024862039], [-75.58819614200002, 4.20168301586193], [-75.582685911, 4.206773014861772], [-75.574985621, 4.210002977861633], [-75.57066544600002, 4.213252969861533], [-75.56346515799999, 4.218202952861385], [-75.558644948, 4.223452958861199], [-75.54875454299997, 4.2313429448609545], [-75.536794053, 4.240902928860659], [-75.53019378099998, 4.246302920860466], [-75.52164342200001, 4.25420291886023], [-75.516603143, 4.2664429888597954], [-75.51204291300002, 4.275003028859536], [-75.50415254299998, 4.286513065859161], [-75.49667222900001, 4.2933630638589415], [-75.481341579, 4.308023064858441], [-75.47317123200003, 4.315953066858203], [-75.46650096500002, 4.320533049858046], [-75.45949069199997, 4.3245530248579165], [-75.43762981600003, 4.339682971857417], [-75.40758871100002, 4.349532794857117], [-75.37612753600001, 4.36175262685669], [-75.36518711000002, 4.368062587856485], [-75.35493672500002, 4.372322535856373], [-75.34444631999997, 4.377922493856196], [-75.332715887, 4.3819724258560475], [-75.33189585500003, 4.382432422856044], [-75.32438556300002, 4.386632393855895], [-75.31481519800002, 4.391302351855766], [-75.30309475400003, 4.396592294855571], [-75.294144415, 4.400632251855419], [-75.27979387099998, 4.407182183855245], [-75.27107353500003, 4.4118221478550765], [-75.26476329600001, 4.414662117855005], [-75.25180281399997, 4.419632046854815], [-75.23879233999997, 4.423451963854672], [-75.22923199600001, 4.4257818988546305], [-75.221161709, 4.42745184185455], [-75.212441394, 4.429781783854488], [-75.198190882, 4.433151685854354], [-75.194160738, 4.434101657854327], [-75.18526042600001, 4.435441589854287], [-75.17851018699997, 4.436611538854279], [-75.17174994599998, 4.438111491854235], [-75.16548972099997, 4.439601448854176], [-75.15840946200001, 4.441931405854073], [-75.151159199, 4.443931358853999], [-75.14506898399998, 4.445091313854014], [-75.13781872599998, 4.446591261853967], [-75.13007844999998, 4.44826120685386], [-75.12381821499997, 4.450911173853795], [-75.11689796500002, 4.452741127853751], [-75.103877506, 4.455071030853652], [-75.094167159, 4.4572409618536115], [-75.084116806, 4.458900885853521], [-75.07439645800002, 4.46123081785345], [-75.06566614000002, 4.463890762853374], [-75.05743583600002, 4.46688071485328], [-75.05166562199997, 4.469040682853217], [-75.04211529600002, 4.469550599853184], [-75.03518506, 4.469890539853175], [-75.02843481399998, 4.472040497853121], [-75.01871446899997, 4.4740404268530245], [-75.00899412400003, 4.4760403558529855], [-75.000263802, 4.479190304852855], [-74.99153348300001, 4.482020250852783], [-74.97967304100001, 4.486830185852648], [-74.96896263500003, 4.491970134852435], [-74.96139235599998, 4.4946200898523925], [-74.95423209400002, 4.4970300458523145], [-74.95299204899999, 4.497440038852311], [-74.94425174499997, 4.49860996885222], [-74.93618146199998, 4.499949906852175], [-74.93542143399998, 4.50014990185217], [-74.92679112399998, 4.502439842852113], [-74.91921085299998, 4.504269789852087], [-74.91460067700001, 4.506589768851998], [-74.91015050700003, 4.508909748851909], [-74.90504031299997, 4.511389724851843], [-74.89895006699999, 4.5158697098516924], [-74.89335983000001, 4.521329708851489], [-74.88759958499998, 4.526959706851323], [-74.882319376, 4.5304396898511925], [-74.87260895999998, 4.540369691850897], [-74.867668756, 4.544519683850778], [-74.861738527, 4.547829658850647], [-74.85432824200001, 4.551809626850527], [-74.848728021, 4.55544960885039], [-74.84460786300002, 4.557609589850357], [-74.83985769399999, 4.5587195568503045]]}, "properties": {"OBJECTID": 8850, "AFGE_CODG_FGE": 32865, "APST_TIPO_FALLA": 130000, "APST_ACTV_FALLA": 0, "AFGE_ULTM_USUAR": "Jorge Gómez Tapias", "AFGE_ULTM_FECHA": 1184889600000, "EDA_CODG_EDAD": null, "NFG_CODG_NOMB": 229, "CODG_DANE": "73", "DEPARTAMENTO": "TOLIMA", "MUNICIPIO": "ALVARADO", "SHAPE.LEN": 1.15852971816845}}, {"type": "Feature", "id": 8851, "geometry": {"type": "LineString", "coordinates": [[-75.36518711000002, 4.368062587856485], [-75.353756653, 4.375902558856241], [-75.351246549, 4.378052555856172], [-75.342996207, 4.385082547855959], [-75.32486544599999, 4.401562538855403], [-75.32150530500002, 4.404532535855288], [-75.31763514699998, 4.407552528855202], [-75.31363498000002, 4.411082525855074], [-75.308204751, 4.4161525248549065], [-75.30380456900002, 4.419822518854791], [-75.298624357, 4.424002511854698], [-75.29478419700001, 4.427292507854559], [-75.29117404700003, 4.430412503854473], [-75.28874394399998, 4.43269250385438], [-75.28620383600003, 4.435202503854332], [-75.283053698, 4.4386825078541925], [-75.28075359399998, 4.441572514854124], [-75.28073359299998, 4.4416025148541], [-75.28022357100002, 4.442232515854072], [-75.277633455, 4.445322521854008], [-75.27496333800002, 4.448312524853895], [-75.27320325800002, 4.450612530853804], [-75.27233321800003, 4.451752533853752], [-75.27061314100001, 4.453872537853689]]}, "properties": {"OBJECTID": 8851, "AFGE_CODG_FGE": 32866, "APST_TIPO_FALLA": 130000, "APST_ACTV_FALLA": 0, "AFGE_ULTM_USUAR": "Jorge Gómez Tapias", "AFGE_ULTM_FECHA": 1184889600000, "EDA_CODG_EDAD": null, "NFG_CODG_NOMB": 4, "CODG_DANE": "73", "DEPARTAMENTO": "TOLIMA", "MUNICIPIO": "IBAGUÉ", "SHAPE.LEN": 0.12811697150815698}}], "_consulta": {"url": "https://srvags.sgc.gov.co/arcgis/rest/services/Atlas_Geologico_Colombiano/Atlas_Geologico_Colombia/MapServer/11", "fecha": "2026-09-29"}}